correlation,rmse,generative_a,estimated_a,generative_sigmasq,estimated_sigmasq,generative_mu_x,estimated_mu_x
0.7041829521829522,0.6675547,0.9611305,0.953439,0.07085304,0.107023984,0.17737187,0.39435884
0.6466667026667027,0.56055623,0.93115824,0.94037104,0.102121845,0.120661534,0.040762052,0.25682235
0.8422224622224622,0.67294085,0.95995235,0.95354056,0.1314148,0.21120769,-0.6910442,-1.003665
0.7537850737850739,0.5901353,0.9561979,0.9472114,0.08041293,0.09599847,0.92426217,0.7736151
0.9355344235344236,0.8128347,0.9751533,0.9811873,0.20043157,0.13453428,0.8757046,0.60241205
0.7121202881202882,0.60269284,0.932136,0.95432717,0.10233722,0.088563375,-0.14911726,-0.3999543
0.8792928152928154,0.54108346,0.9683527,0.96473026,0.06369313,0.09943951,0.39510047,0.22283946
0.9356615516615517,0.8862716,0.9872458,0.9774121,0.21193163,0.24913321,-0.21406764,0.09711666
0.6717624477624479,0.6105325,0.92279685,0.9461433,0.07826912,0.102881365,-0.031697787,-0.15232117
0.7227119307119307,0.7638638,0.93256086,0.9496665,0.160125,0.12578289,-0.03551748,-0.30046844
0.8157022197022198,0.5254358,0.9558992,0.9422734,0.08348831,0.103013985,-0.46249187,-0.22555098
0.8204265884265884,0.6436423,0.9470106,0.9494701,0.12201212,0.1297231,0.33586124,0.5728799
0.9373979653979655,0.7484346,0.9865268,0.9734168,0.13874981,0.28758016,-0.06461232,-0.28539902
0.915082671082671,1.1100421,0.98462296,0.96230835,0.48608705,0.60508597,-0.8772522,-0.20732635
0.8097973617973618,0.6667936,0.9545666,0.95408887,0.13624984,0.1639415,0.24977958,0.42346367
0.8131863451863451,0.9011423,0.9604785,0.94651705,0.26784047,0.32270405,-0.5016184,-0.6477903
0.7700360300360302,0.59100777,0.95026714,0.9588523,0.093959175,0.08850211,-0.35504133,-0.3508218
0.8204973884973885,0.6231737,0.9369267,0.9373931,0.15919317,0.18030658,0.0056986813,0.052147694
0.6816173256173257,0.87404114,0.9363535,0.954553,0.22008368,0.13311706,-1.0679272,-0.79412395
0.8546948066948068,0.76249355,0.9862433,0.95881784,0.15343107,0.20263259,0.64781797,0.84052914
0.8130826530826533,0.6033797,0.95904994,0.9542808,0.07544837,0.13112025,-0.22193277,0.10140435
0.7029729189729189,0.61855793,0.9201084,0.954544,0.10583509,0.095768824,-0.34900257,-0.07656433
0.8696778296778298,0.67258596,0.9746619,0.96751606,0.13707659,0.17576474,0.5693308,0.47979137
0.8540164820164821,0.7395138,0.96692616,0.96532094,0.14736347,0.12629963,-0.0782879,-0.3325368
0.8543326583326585,0.9613085,0.9465095,0.9411442,0.40443906,0.5361564,-0.29934466,-0.31842446
0.8092808692808693,0.8859624,0.90794146,0.94460195,0.36533302,0.28172302,0.096972,0.28861013
0.8475866355866356,0.7577514,0.9924448,0.9647453,0.12993649,0.1421151,0.20584643,0.65459305
0.9403924003924004,1.0968131,0.9926659,0.9844006,0.16614152,0.29169747,0.24996307,-0.19174223
0.7545383145383145,0.60165447,0.93885636,0.93874407,0.109778896,0.12104002,0.33283105,0.36135975
0.927953787953788,1.1042742,0.9638623,0.9665542,0.55447876,0.5511279,-0.55915016,-0.33391556
0.8604813804813805,0.71632683,0.9627608,0.9482397,0.16337553,0.31553537,0.77937675,0.71628183
0.876935016935017,0.6362781,0.9660274,0.9567553,0.12645754,0.17894849,-0.47749168,-0.20652983
0.893025353025353,0.51307476,0.9824252,0.96332175,0.043929864,0.124334626,0.05832234,-0.2675042
0.8227614427614428,0.73770267,0.97038144,0.9563239,0.15734655,0.21445759,-0.094119236,-0.15103754
0.9302403422403425,0.75223505,0.97984475,0.9850311,0.10221573,0.17255026,0.6708253,0.40931222
0.694868686868687,0.5918944,0.94462013,0.94497275,0.07996757,0.07882827,-0.95995504,-0.59173
0.7762240965527689,0.7442488,0.98325396,0.96540874,0.10661639,0.08680192,0.53646,-0.18910517
0.8154469314469316,0.7168983,0.96477896,0.9533167,0.10766228,0.16160184,0.08954643,0.22632858
0.893112017112017,0.76890755,0.9502583,0.9656664,0.22584848,0.21528685,0.31756103,0.17484656
0.788878628878629,0.6579114,0.9467816,0.9515724,0.14046979,0.11869027,0.25213155,0.01373165
0.8896097056097055,0.82640505,0.97342175,0.97457546,0.21461274,0.18555449,-0.026728095,-0.34836754
0.8075170115170115,0.76080304,0.9409366,0.9463437,0.17962547,0.2264275,0.7104656,0.7555495
0.8213141213141213,1.0505562,0.9291382,0.9483159,0.42566952,0.251356,0.87132734,0.96754944
0.8463210903210903,0.63716084,0.9801898,0.974986,0.09377436,0.10338366,-0.31311,-0.23403715
0.84800648000648,0.97816795,0.99063575,0.98273224,0.21549402,0.21139264,0.45878112,1.0445597
0.8802860922860922,0.93432003,0.95602185,0.9613243,0.3077702,0.31805238,1.0125535,0.77508473
0.8414664734664735,0.7783188,0.9762438,0.95265925,0.18750179,0.20167455,-0.33626056,-0.53001565
0.8109964509964511,0.65600014,0.95583665,0.96189326,0.14912744,0.116046414,0.5541116,0.684418
0.7979998019998019,0.7893981,0.94179267,0.9443399,0.17136005,0.19326016,-0.21401866,-0.13135006
0.8547654267654269,0.610499,0.97129035,0.96315676,0.0842709,0.112070516,0.17935324,-0.05736898
0.8495745935745936,0.60513765,0.9751945,0.95852566,0.09848594,0.14537081,-0.12735234,0.0837265
0.8772639732639733,0.6005933,0.967562,0.9639053,0.07262571,0.14373685,0.052438397,0.20684569
0.8020863700863701,0.87413436,0.9228234,0.95388997,0.30023518,0.15379064,-0.6186461,-0.46146968
0.9336870576870578,0.8560992,0.9798257,0.97777057,0.2212032,0.2678224,-0.3348652,-0.22975266
0.8947882267882268,0.72681886,0.98337346,0.97270346,0.1435217,0.15163337,0.29432687,0.122236416
0.6947432507432508,0.6863268,0.9423335,0.92398,0.12162848,0.15335229,0.12173692,-0.13541794
0.8762964122964124,0.7480764,0.9668351,0.9655684,0.1836623,0.15527932,0.19334419,0.29717678
0.7261989061989063,0.65689,0.9325231,0.9631009,0.13252874,0.06974851,1.1074411,0.8209341
0.7824727104727105,0.9694415,0.9082826,0.9452441,0.42190465,0.27441877,0.94725657,0.8017923
0.8115592635592637,0.85779476,0.9531788,0.9456619,0.23937507,0.2428519,0.54861647,0.3244285
0.8648171888171888,0.8152565,0.96184295,0.9664899,0.23169358,0.20297283,-0.44201306,-0.017793078
0.7197918117918118,0.51009196,0.9624956,0.93176186,0.06131891,0.08752039,0.23539725,-0.19073558
0.7197747117747118,0.5772851,0.97623384,0.9310676,0.06348583,0.118183665,0.19282536,-0.18883964
0.6336581016581017,0.7247086,0.9614423,0.9364606,0.12122505,0.12521316,0.7366967,0.7383173
0.8315385515385516,0.68929374,0.9492084,0.9534258,0.19789046,0.15014824,0.12861249,0.22053593
0.8726947886947887,0.88731223,0.9653838,0.9709297,0.1960415,0.15721634,0.38812226,0.12534994
0.7460677340677342,0.65426946,0.9831877,0.96643937,0.06137288,0.08737763,-0.04046847,-0.08936051
0.929039453039453,0.9247665,0.9844866,0.9857607,0.14330126,0.1520548,0.33388287,0.36376885
0.9276964956964956,0.5791371,0.9864927,0.9818787,0.07056443,0.088741824,-0.016117308,0.26101407
0.8895534015534017,1.0471822,0.9711609,0.9614644,0.3100181,0.32979038,-0.4600701,-0.17233409
0.9397636117636119,0.8305639,0.99258447,0.98674774,0.18822756,0.14455907,-0.15547529,-0.17898981
0.8957008637008635,0.8059449,0.9602967,0.9720261,0.24217382,0.21386077,-0.25171316,0.052526273
0.9022119022119023,0.640961,0.9835243,0.9774317,0.12652679,0.106027134,0.11236703,-0.027792854
0.9004624684624687,0.75677025,0.98472244,0.9793948,0.13086171,0.11759143,0.04357731,0.052681938
0.7686066126066127,0.5839289,0.9516821,0.9541296,0.07031743,0.07446392,-0.29676667,-0.20962097
0.6844576564576564,0.73924303,0.9220994,0.9546592,0.15637939,0.10301188,-0.79759353,-0.63802314
0.8086406206406207,0.858594,0.96223927,0.94850343,0.19308895,0.21854918,0.048905652,-0.15149488
0.9496577296577295,1.0616006,0.99484223,0.9918236,0.20053978,0.19292387,-0.15497217,-0.038740274
0.872867816867817,0.6850241,0.9729783,0.9539133,0.099998616,0.22344932,1.0332851,0.6006948
0.8305777225777227,0.7061767,0.9652176,0.95866203,0.17301315,0.14114329,0.025700783,0.28625843
0.9331156411156412,0.80029064,0.98885226,0.98076004,0.10301653,0.14975956,1.0052458,0.41043502
0.6142826182826183,0.54136777,0.9212794,0.9430533,0.07571131,0.07506769,-0.7290641,-0.7483087
0.7904904704904705,0.52798676,0.9537906,0.9489916,0.07689827,0.09637543,0.09024412,-0.021060003
0.7997427557427558,0.68907726,0.9242814,0.9528151,0.18853274,0.15366957,1.2351696,0.8374334
0.8859441819441819,0.70588964,0.976094,0.9785818,0.127373,0.11571337,-0.7416328,-0.19110133
0.8807641247641247,0.66892153,0.9617558,0.9722494,0.15018298,0.16714564,0.17742532,0.0005962272
0.9342000582000582,0.90290534,0.98833716,0.98424983,0.23688668,0.22385667,-0.05790395,0.2063384
0.8841247521247523,0.8444077,0.98964775,0.9853516,0.1371361,0.13389759,-0.15216799,0.05877795
0.9711393951393952,1.0210998,0.9938882,0.9905868,0.14018326,0.187069,-0.0434811,0.079604
0.7412119172119173,0.9058549,0.9637971,0.94981486,0.15528537,0.18295562,0.06669989,-0.16113245
0.7772589932589934,0.648184,0.95263296,0.9537864,0.09339359,0.11569913,0.68744963,0.47860968
0.8613104973104975,0.7524281,0.9696887,0.98339486,0.13581279,0.100723565,0.26090714,-0.14994352
0.9266083466083468,0.8492477,0.98528504,0.9792498,0.12751485,0.22976066,-0.2998143,-0.35398164
0.8614118494118495,0.69495386,0.9678741,0.96307194,0.11611802,0.1555695,-0.17685096,-0.012672049
0.9056210216210216,0.77474606,0.97301656,0.9718112,0.15072517,0.23879732,0.006426793,-0.17216328
0.821939957939958,0.894579,0.9919143,0.9655695,0.18802917,0.2505416,-0.0900386,0.3168793
0.8740317700317701,0.7684501,0.960512,0.952943,0.23564398,0.23919804,0.041235764,-0.116044365
0.9157818757818758,0.9498127,0.9546793,0.9667145,0.41230172,0.29901394,0.4124723,0.31773227
0.8906111306111308,1.2005116,0.9899397,0.99245566,0.11271932,0.16344225,-1.0394526,-0.5859042
0.8748952068952071,0.93754417,0.992946,0.9690976,0.22687352,0.26141438,-0.25170434,0.3127805
0.9097866817866818,0.98124,0.9668599,0.9635798,0.51733273,0.46257156,0.14783385,-0.0068573756
0.7760667800667801,0.7813081,0.9355888,0.95942587,0.2024319,0.13326447,-0.855133,-0.38147193
0.9258729618729619,1.0963817,0.9574155,0.96565825,0.5051887,0.5375903,0.22876734,-0.10833488
0.8848998808998809,0.8163451,0.9757611,0.957841,0.2486623,0.376254,-0.17496094,-0.241373
0.8602432162432164,0.5359856,0.9722038,0.97285676,0.082109585,0.075440384,-0.28743696,-0.48634994
0.6045347445347445,0.691205,0.91685414,0.9568245,0.13776676,0.067885846,0.3961317,0.35257348
0.8802285162285164,0.5376924,0.9741541,0.976039,0.061579265,0.07984804,0.25091547,0.39023775
0.6658375618375619,0.6435202,0.9059326,0.9533733,0.13319297,0.0636073,-1.5075035,-1.3073626
0.8176547656547658,0.877858,0.91640186,0.95018244,0.35078338,0.27984098,0.43385503,0.42235625
0.8436526836526838,0.54998165,0.962257,0.96170217,0.07714125,0.081832685,-0.48110437,-0.47305617
0.8214772254772255,0.61470354,0.9670718,0.97311515,0.08607633,0.07579039,0.21402873,0.13545929
0.8515548835548836,0.7172125,0.9936069,0.97279143,0.12485739,0.13055733,-0.293068,-0.31819564
0.9146131346131348,0.75299305,0.9839941,0.9663902,0.21168295,0.26299912,-0.5086233,-0.48462635
0.7773485696806155,0.54204625,0.9564842,0.95186883,0.07654506,0.07803356,-0.09239524,0.2937754
0.8975946095946096,0.8191025,0.9683729,0.9708371,0.1765051,0.1936884,0.15304527,0.49030417
0.8744111864111864,0.7169805,0.97706157,0.97218204,0.103332385,0.10788583,0.9966512,0.24496621
0.9116868236868237,0.75067705,0.968905,0.9675422,0.21899061,0.283161,-0.29954433,0.1800311
0.9100087660087661,0.7878825,0.9901441,0.97270465,0.1784751,0.23256572,-0.28724068,-0.5104004
0.9575452535452535,0.9963026,0.9881183,0.9876627,0.18624261,0.16164254,0.24764203,0.19811
0.762933594933595,0.6458639,0.9544096,0.96269727,0.10085183,0.10269775,0.23283048,-0.27805132
0.6896572496572497,0.54140556,0.9662488,0.96463156,0.04714951,0.0698484,-0.1042536,-0.07401638
0.8771070371070372,0.7710232,0.9639701,0.9614518,0.2510646,0.22376746,0.2612861,0.15562595
0.8633358713358715,0.80165607,0.96794695,0.96277106,0.19493555,0.119630985,0.55320716,0.43711722
0.9075116715116717,0.6135091,0.9752604,0.9701936,0.07152021,0.16634358,-0.37515533,0.19906111
0.9494778854778856,0.9187092,0.9846628,0.9847992,0.18761249,0.24591762,-0.89191055,0.052146118
0.8958203358203357,1.2540998,0.97239363,0.95850736,0.5814647,0.45872444,-0.24139117,0.16294916
0.7587494547494549,0.6316046,0.9576973,0.9601782,0.09057203,0.095859654,-0.012906695,-0.20899689
0.850877770877771,0.78234553,0.9862433,0.95393544,0.15343107,0.2565443,0.64781797,0.74142253
0.9382005142005142,0.8486657,0.9771065,0.9812133,0.20822015,0.2787231,0.66491926,0.42313424
0.9278279438279438,0.8954565,0.9805708,0.9714328,0.19550592,0.41856354,0.4658105,-0.28415078
0.774013926013926,0.80948585,0.9463601,0.94945246,0.18792067,0.123404615,0.6856632,0.5471147
0.8928457848457848,1.0097798,0.9844144,0.95915663,0.37962767,0.53198564,0.2085369,0.5025414
0.48637159837159843,0.619986,0.93166804,0.944213,0.08174038,0.048587024,0.2286527,0.14609098
0.8138841698841698,0.60284615,0.94287103,0.95356613,0.1278853,0.102994956,0.27524576,0.11181394
0.9524430884430886,1.1992309,0.9801941,0.9861666,0.36133814,0.3445453,0.16170734,0.43650472
0.8376805176805177,0.5369919,0.96276027,0.9744075,0.06149307,0.07585869,-0.2737409,-0.015536211
0.8996085476085476,0.89289737,0.95688534,0.958399,0.30884805,0.28930232,0.016876932,0.047730736
0.6866325146325146,0.6520517,0.96142656,0.9550251,0.11211413,0.070596114,-0.044805065,-0.22492275
0.8667227787227788,0.7117884,0.9741127,0.97047806,0.117563106,0.10389543,0.23812303,0.07038083
0.8683512429562967,0.7102444,0.9766986,0.97448826,0.10230192,0.1146341,-0.10356689,-0.5268795
0.9335809775809777,0.9728589,0.99219245,0.9897232,0.20536174,0.15796442,-0.22361244,-0.07173214
0.8714200874200875,0.9936797,0.99444026,0.97038776,0.21082664,0.19365618,0.39242497,0.8913416
0.5295598575598576,0.5631726,0.92560136,0.9377257,0.0785479,0.060706977,-0.7214399,-0.7357819
0.8898836178836179,0.63331795,0.9889803,0.9740985,0.06614277,0.1193913,0.38816866,0.0995325
0.9214547854547857,0.7334471,0.9770351,0.9732454,0.14449869,0.18222095,-0.17023528,0.405898
0.8278962718962719,1.1183032,0.9913812,0.969427,0.25261363,0.35518774,1.0198625,1.0333389
0.6154740034740036,0.5913327,0.9159266,0.93996304,0.09900496,0.062405553,-0.27459848,-0.34017524
0.8942162342162343,0.8287266,0.9747744,0.9647594,0.16691151,0.3359823,0.68581825,0.23713593
0.851877467877468,0.7548103,0.9534089,0.96634763,0.18020009,0.18205634,-0.57802385,-0.43958735
0.8883751323751324,0.7517656,0.9721683,0.97625333,0.15917397,0.104614444,0.35079214,0.06879333
0.7764640404640406,0.5709338,0.9578268,0.95888317,0.06239267,0.09908181,0.3985665,0.043271333
0.7392219432219432,0.58474934,0.96068376,0.9645717,0.079366416,0.086261846,-0.1867169,-0.011111738
0.8702020982020983,0.7333892,0.9862433,0.9676167,0.15343107,0.15563866,0.64781797,0.78965884
0.9558276078276079,0.9331377,0.98523605,0.9838459,0.24846397,0.25719875,0.23192437,0.42690378
0.6647825567825568,0.7627356,0.9139068,0.9613388,0.17768236,0.094285816,0.8198238,0.68337077
0.9443369843369844,0.63658315,0.9911209,0.9806062,0.093482584,0.12050889,-0.27689648,-0.019437328
0.7422918462918463,0.7543388,0.94646025,0.94959176,0.17347233,0.11839834,-0.29113874,-0.51603013
0.7273222633222634,0.7669974,0.942399,0.9559897,0.1403197,0.10741085,0.28174928,0.0029529212
0.9198137238137238,0.78516936,0.97015166,0.97116184,0.20975994,0.26572126,-0.26052022,-0.27785733
0.8467783027783028,1.1096628,0.93264025,0.9428927,0.6576878,0.5612117,0.64967966,0.5199813
0.8445288285288287,0.70681363,0.9503099,0.96524876,0.13766947,0.09863613,0.17417309,0.07552623
0.8275292155292157,0.63066936,0.96994245,0.9640485,0.08898451,0.12743363,0.7624272,0.87127936
0.9243391443391443,0.9429501,0.9624287,0.9647875,0.31028652,0.48658243,0.20220414,-0.14756365
0.9194419394419396,1.0864445,0.9691477,0.9788511,0.30833167,0.33378762,0.44990575,0.103726186
0.7923764403764404,0.6215007,0.9463194,0.97149616,0.13564835,0.081640154,-0.29401287,-0.23577015
0.8696336576336576,0.9661774,0.99328065,0.9635188,0.23729329,0.38811597,0.17782271,0.6201646
0.6184486624486626,0.5768693,0.93589425,0.9452851,0.10635664,0.086219,0.0065792007,-0.09584891
0.747044967044967,0.7630118,0.9414933,0.9481275,0.20494013,0.1686912,-0.0033353423,-0.3670812
0.8666225666225668,0.5521594,0.96615106,0.9590003,0.06739162,0.09841361,0.32295263,0.104983285
0.9254168054168055,0.8206982,0.98004174,0.965663,0.20046599,0.36963874,-0.21100023,0.45809492
0.9336779256779256,0.9503056,0.9941139,0.9812022,0.22333673,0.3487637,1.004937,-0.33173537
0.9232829992829994,0.8728146,0.9705295,0.97445405,0.31205118,0.3436455,0.11251474,0.23761864
0.888885588885589,0.8038038,0.9816262,0.9733975,0.14539163,0.18933527,0.48313984,0.20372093
0.8695765015765016,0.68585366,0.95248795,0.9655646,0.15982752,0.17245881,-0.4621125,-0.18741603
0.8905457665457666,0.56369966,0.9752957,0.96658206,0.10186751,0.09319645,-0.29508644,-0.49521986
0.9566272286272288,0.60085696,0.9896813,0.9895684,0.07319443,0.08567026,-0.51685274,-0.15423389
0.882891762891763,0.86076,0.95346564,0.95627654,0.3546197,0.35133806,0.0025226304,-0.5220563
0.9040270480270481,0.78080565,0.98608893,0.9751852,0.14954743,0.22441983,0.46206132,-0.3195567
0.8706813306813307,0.75002074,0.9532557,0.9647875,0.2036987,0.18636,-0.014362459,0.23010796
0.9041952881952882,0.9488272,0.97528285,0.9761776,0.3037833,0.26876637,0.05591167,-0.19844855
0.8936026256026257,0.60415787,0.9720952,0.9665083,0.06991428,0.17000236,-0.30089015,-0.217023
0.9336486216486218,0.89265496,0.9709953,0.9686486,0.30197945,0.34194812,-0.7225736,-0.5623488
0.8392669192669194,0.8940484,0.95505154,0.9718078,0.19588485,0.1522031,-0.50803685,-0.11117319
0.8340272700272702,0.83081776,0.98954415,0.96042013,0.15279076,0.25676712,0.3049076,0.6444303
0.8875209235209236,0.91742355,0.98324466,0.98049283,0.2022303,0.16808523,-0.08970379,0.5207169
0.8746234786234786,0.7411941,0.96575296,0.96087736,0.13691962,0.18581381,-0.108002804,-0.19197318
0.8618245418245418,1.1623477,0.98057973,0.97040045,0.42869246,0.40319914,0.24440867,-0.8351042
0.6721326481326482,0.7627415,0.9447866,0.9561203,0.12585415,0.097973384,-0.67362887,-0.6657205
0.8987669747669749,1.0054208,0.97893435,0.95686936,0.37436277,0.43585965,0.07267675,0.33903593
0.7646699486699486,0.6865108,0.9542061,0.95947033,0.13740769,0.11158793,-0.466752,-0.36389455
0.7834082074082075,0.79876953,0.9389155,0.96094406,0.2021771,0.16134396,0.35107386,0.6012064
0.8115763635763636,0.7364541,0.94034374,0.95548105,0.15424922,0.092758246,-0.78464615,-0.89668
0.8709578589578589,0.8584902,0.9641285,0.9656445,0.26602525,0.16466142,-0.17974854,0.093330115
0.9561735081735082,0.98857,0.9856111,0.9789123,0.26688063,0.42218557,-0.46314543,-0.055920847
0.7263307263307264,0.91236585,0.89119494,0.95329535,0.32961366,0.14541404,0.24157827,0.2033301
0.9018389658389657,1.0751983,0.9675296,0.9600993,0.46721488,0.6252317,0.48366508,-0.12274976
0.825930273930274,1.0253847,0.9511043,0.9552551,0.43459713,0.24483708,-0.15544361,0.3002123
0.9182740862740864,0.92460877,0.9908764,0.9837571,0.08865006,0.18972668,0.19642243,0.7381417
0.8895037935037936,0.7909972,0.98945475,0.9631698,0.17639962,0.27545986,-1.2227587,-0.3450252
0.7555823515823515,0.76556855,0.96838784,0.95190936,0.11372421,0.15571927,0.08671332,-0.41214383
0.8618552858552859,1.1373464,0.978037,0.9608252,0.41688707,0.41869766,-0.84465283,-0.1304315
0.8294820734820736,0.878676,0.9693397,0.94776124,0.23287998,0.38038245,0.039396275,-0.056058362
0.9257012177012177,0.74541974,0.97073066,0.9634274,0.23720945,0.26811862,0.0046042185,0.102607906
0.8465135345135345,0.75308305,0.9862433,0.9601301,0.15343107,0.22798935,0.64781797,0.72688043
0.6577298137298138,0.55766064,0.9536461,0.95030814,0.07081899,0.080897436,-0.61118764,-0.68872535
0.7521221241221241,0.5893271,0.9615063,0.94880694,0.08008788,0.12581567,0.41481942,0.403137
0.7844887724887726,0.56309247,0.95572543,0.9501606,0.07767997,0.11254389,0.61438555,0.8267161
0.8837721044234209,0.8781546,0.9584634,0.9561964,0.27626562,0.32335335,0.0069249594,-0.14822938
0.8755403035403037,1.2343534,0.96510494,0.9478992,0.6085096,0.8014462,0.08908143,0.22735386
0.884965160965161,0.8539622,0.9906778,0.9632128,0.23881562,0.34663936,-1.0948275,-0.2284605
0.8857309297309298,0.82028806,0.95661587,0.9508761,0.24081635,0.43176973,0.53878826,0.059416406
0.7971535731535733,0.8005213,0.9360615,0.959512,0.28388178,0.12756573,-0.79711777,-0.71458584
0.8486812166812167,0.6347306,0.96775234,0.9695014,0.102102645,0.08732489,-1.0002847,-1.064349
0.5627881787881788,0.58498347,0.9366185,0.9376975,0.07340661,0.086247854,-0.20783277,-0.3621066
0.857946437946438,1.0047171,0.94465035,0.9481182,0.46546182,0.329404,-0.48407972,-0.5105601
0.7204546766160407,0.6090761,0.9476887,0.94769984,0.098020844,0.096294664,-0.12364843,-0.041393578
0.8819178299178301,0.98454165,0.99423546,0.9624206,0.24501708,0.30728182,-0.22017476,0.5929164
0.8429063069063069,0.7618292,0.9613752,0.9599305,0.15241641,0.2200219,0.18360828,0.59434104
0.9056918936918937,0.6764203,0.99384016,0.98922676,0.078169845,0.13785869,0.2823988,0.8649532
0.810856194856195,0.6056689,0.9638646,0.96190757,0.07512282,0.09455401,-0.4356734,-0.36857447
0.8092755737034005,0.64514166,0.9544161,0.9401588,0.1261487,0.14425743,0.07840323,-0.041464295
0.9012031452031452,0.6208809,0.9706446,0.9616976,0.11626817,0.1194913,0.7857349,0.8103368
0.91186085986086,0.74845487,0.98024964,0.9631652,0.13575043,0.30800247,-0.02561334,-0.1991902
0.8991451071451073,0.9784489,0.97859156,0.95864934,0.36784753,0.44518277,-0.21637136,0.19489007
0.9397418917418918,1.0782156,0.98161304,0.9852171,0.2433016,0.32828525,-0.5393636,-0.020823853
0.939984363984364,1.6007483,0.9823225,0.9856003,0.33578098,0.56844133,-0.12848623,-0.025539411
0.8511878271878273,0.6841297,0.9614144,0.95044416,0.12884748,0.17772685,0.70842344,0.15949288
0.8733688653688654,0.80571795,0.98205495,0.9814566,0.12185584,0.15688771,-0.77480143,-0.6898012
0.8881587601587603,0.8210326,0.9813614,0.9794885,0.14945634,0.11658742,-0.13451153,-0.2974663
0.7282942402942404,0.73344463,0.9180103,0.94860446,0.2124378,0.12823361,-0.3686537,-0.52152884
0.926016326016326,0.71714777,0.9658733,0.97066873,0.14094953,0.26904243,-0.17678131,-0.09663184
0.9635472035472036,0.86063147,0.9910179,0.985426,0.1443663,0.29710957,-0.5084469,-0.12837067
0.8825874545874546,0.89267665,0.96361977,0.95868814,0.2902824,0.22688144,0.5811762,0.61202264
0.8942875142875143,0.79841095,0.96727645,0.96077055,0.20586966,0.2982131,-0.43555814,-0.4665008
0.8884984804984807,0.54412353,0.97627074,0.97321564,0.06722703,0.094183005,0.28990582,0.48194125
0.8949796989796991,1.108632,0.98885936,0.9615282,0.38712856,0.65286654,-0.37044838,0.21410045
0.8846086646086646,0.73301977,0.97104055,0.97367626,0.11610332,0.14907642,-0.20279373,0.0734283
0.8164017328509382,0.83502185,0.96828043,0.9631015,0.20252527,0.12181224,0.86435413,0.31686616
0.8773557973557974,0.6362086,0.98530674,0.97545636,0.10398862,0.13668124,-0.4241475,0.13577795
0.7539754539754541,0.62856,0.9685759,0.94865435,0.09114299,0.14206916,0.58353317,0.66493356
0.8480914760914762,0.7118733,0.96808964,0.9672586,0.10519477,0.1374372,-0.06967244,-0.50148815
0.9502302502302503,0.667553,0.98062783,0.9887576,0.112798765,0.11751787,-0.527148,-0.1669577
0.7948616788616789,0.63882595,0.9520457,0.9444878,0.13675009,0.2036302,-0.46059874,-0.12781878
0.8781797181797182,0.60726887,0.97104436,0.9752988,0.08169171,0.08720786,0.3364126,0.6270281
0.9453894453894455,0.7874426,0.98387355,0.9818422,0.12982798,0.15107952,-0.37802526,-0.059590988
0.9624385464385465,1.0348096,0.9907258,0.9894197,0.24186073,0.2737772,0.7873625,0.5666327
0.9238423798423798,0.94139874,0.98239106,0.9723541,0.24526553,0.34391493,-1.3643688,-0.38298064
0.7328876408876409,0.6705865,0.97328436,0.9519644,0.08230863,0.16096121,-0.06946909,0.38494843
0.9084741084741086,0.98190784,0.97893435,0.9540932,0.37436277,0.62774014,0.07267675,0.41395456
0.8947439707439709,0.7892756,0.9860634,0.9837781,0.118218176,0.115550235,-0.7533925,-0.5952539
0.7706778746778747,0.77420545,0.9508786,0.9512798,0.17694063,0.13421875,0.027502486,-0.18200403
0.8587597147597149,0.6270678,0.9913103,0.9716907,0.05398351,0.09959973,0.73132753,0.6752313
0.7688118728118728,0.5593124,0.9737446,0.96887565,0.05967101,0.068967335,0.1174558,0.053229365
0.8734404934404935,0.79366106,0.96765125,0.9741022,0.18115665,0.15064888,0.15426166,0.69685626
0.8626438906438908,0.90633935,0.9649503,0.96388286,0.2611792,0.30120212,0.10774735,-0.29551387
0.912849096849097,0.88246447,0.9860801,0.9823267,0.19989093,0.15629536,1.039788,0.3499906
0.7836576276576277,0.5781767,0.9367777,0.95050657,0.082595065,0.11776598,-0.18824957,-0.18392819
0.5878761358761359,0.6619724,0.94978905,0.93793243,0.091549054,0.070154786,-0.29104707,0.30629689
0.8267276387276389,0.8560557,0.94540435,0.96379596,0.28345034,0.19574204,0.9554262,0.9539953
0.6317025797025797,0.71961313,0.971551,0.94151735,0.06963659,0.09464281,-0.9555676,-1.0107106
0.7731467331467332,0.67699957,0.9607832,0.9589962,0.1263802,0.09571839,0.69841814,0.5047832
0.8065378345378347,0.7957036,0.9459315,0.9528538,0.18761773,0.22822095,-0.51120025,-0.6923764
0.9222780822780822,1.7504671,0.95364994,0.9491847,0.59845686,1.9863954,0.8698783,0.27980375
0.9150068550068551,1.0500437,0.9832782,0.9764299,0.32556662,0.2950243,-1.0066881,0.13588175
0.8796007836007836,0.79383177,0.9514401,0.96119803,0.19757754,0.21722929,-0.20282115,-0.0423359
0.8801216561216563,0.74570936,0.98948956,0.9748577,0.12153916,0.11398833,0.042962443,0.022773432
0.7790059753429933,0.703011,0.98156446,0.97117233,0.08331356,0.08549429,-0.3478472,-1.0446616
0.928898608898609,0.56946355,0.9823217,0.9801442,0.10601431,0.10031787,-0.28582084,-0.2616241
0.9333265293265295,0.7775008,0.99065536,0.98192316,0.12862757,0.19539347,-0.027164547,-0.45836362
0.8652511212511212,1.00985,0.92986995,0.9514401,0.45124236,0.45921585,0.18512829,0.16258025
0.9086825126825128,0.9266741,0.9726792,0.9722992,0.34144172,0.35422486,0.25653088,0.025118995
0.9335941175941175,0.80667895,0.988141,0.9842131,0.14347559,0.1246686,0.3690898,0.20643052
0.935844635844636,0.9160233,0.98938894,0.98178244,0.22123054,0.35451594,0.33863726,-0.40631387
0.8444326604326605,0.7800568,0.9862433,0.9547663,0.15343107,0.31533593,0.64781797,0.8396511
0.8227276987276987,0.9140849,0.9424644,0.95844156,0.31941864,0.21298157,-0.30505523,-0.4399273
0.8269642669642672,0.808607,0.94526154,0.96320266,0.23139237,0.18593629,0.42702731,0.13093641
0.9423602823602826,0.8698084,0.9842015,0.9877083,0.18715099,0.16121693,-0.12342075,-0.07219453
0.7792308832308833,0.71495974,0.94980603,0.9628033,0.16793124,0.09950854,0.25390354,0.38851124
0.8927185607185608,0.739639,0.94505274,0.9445663,0.2153754,0.3016855,-0.44138378,-0.6750579
0.8762844842844844,0.8520291,0.96127445,0.9520862,0.27756873,0.4179775,0.20484623,0.34257516
0.6485886965886966,0.7274486,0.90511227,0.93887687,0.11927145,0.122945786,0.15385245,0.07324309
0.701005913005913,0.7462757,0.97654927,0.9666032,0.10688309,0.075070545,-0.31936628,-0.30419686
0.8664955944955945,0.77283627,0.98358905,0.9790385,0.08339504,0.08979085,0.24114315,0.5865971
0.8763527043527044,1.0162882,0.97893435,0.9582118,0.37436277,0.4973999,0.07267675,0.31696916
0.8927732687732687,0.6640479,0.99473214,0.98516345,0.07114704,0.08402504,0.9499038,-0.57525086
0.8474062274062275,0.8209812,0.9573183,0.95479816,0.29391307,0.1852118,-0.08744955,-0.23880419
0.9684108444108446,0.78908825,0.9933962,0.9901115,0.12374897,0.16623789,0.19355835,0.24001952
0.8517410277410278,0.590209,0.98106825,0.9726993,0.077088855,0.1109712,-0.23062582,-0.34100175
0.6797717957717959,0.64809585,0.9512632,0.9336326,0.083713494,0.15261365,-0.13678114,-0.438149
0.9560053640053642,1.0070978,0.98298705,0.98375005,0.23154609,0.395102,-0.16755891,-0.07497346
0.8815839775839777,0.7278385,0.9665139,0.9673428,0.12883127,0.16223434,-0.495077,-0.15036002
0.900863988863989,0.6302941,0.965165,0.97793365,0.13824002,0.0932405,0.07309412,-0.12257338
0.9521861201861203,0.95469093,0.9935162,0.9930924,0.12695563,0.1500617,0.19850625,0.109458216
0.9316906756906757,0.82828885,0.9841509,0.9781159,0.13729626,0.27597255,0.7819157,0.5224862
0.8421462621462622,0.7106521,0.98392195,0.9735687,0.11361295,0.15225443,-0.5726521,-1.4113199
0.626025254025254,0.6948991,0.93568456,0.952756,0.11491451,0.08542642,-0.26329896,-0.22065207
0.9214078654078655,0.7086001,0.9734882,0.9730762,0.14494912,0.20432162,0.13543464,0.45646945
0.950860286860287,0.7850518,0.9703808,0.97835135,0.19729535,0.28989014,0.76778626,0.66108924
0.9360800640800642,0.71730113,0.9893095,0.98649067,0.12951615,0.12667163,-0.37497342,-0.2069615
0.7448273648273649,1.0318313,0.9424981,0.9664494,0.35626504,0.17908657,0.80810755,0.32852498
0.6477207597207597,0.5707211,0.94721043,0.9129041,0.06926688,0.09229747,-0.9526868,-1.053658
0.8971075051075053,0.90864456,0.9744041,0.9727118,0.26658475,0.29731393,-0.649617,-0.53244096
0.902788658788659,0.6693815,0.9873854,0.98387784,0.10458064,0.11344527,0.10405915,-0.15678395
0.8543941943941945,0.8292854,0.9481106,0.96402067,0.20430057,0.16933452,-0.31414458,-0.108425654
0.46847756447756456,0.63684523,0.9278519,0.9211232,0.09997527,0.07346348,0.2607353,0.10452394
0.6560414120414121,0.6507077,0.9479291,0.9214785,0.09692404,0.17277876,-0.35728693,-0.46991324
0.9288234288234288,0.98279566,0.9922051,0.9913952,0.11432058,0.14101055,-0.45263198,-0.7845659
0.9408695328695329,1.0124745,0.97416943,0.98135024,0.25811675,0.28010496,0.8754381,0.26255044
0.9309176229176229,1.1051685,0.96147764,0.9787132,0.437713,0.22741687,0.23423132,0.2892747
0.8922482322482322,0.71520746,0.9933243,0.9915464,0.08124454,0.087230675,-1.7428838,-0.6610214
0.8478663678663679,0.6945026,0.9511826,0.9473902,0.18687534,0.20594008,-0.3554921,-0.275328
0.8733936933936935,0.6192056,0.9849024,0.9717344,0.07235534,0.11929273,0.3297403,0.54103535
0.77396450996451,0.76687765,0.96630627,0.9398092,0.13557781,0.20362772,0.89317226,1.1897337
0.8854636054636055,0.8208812,0.9573909,0.92184,0.2357167,0.52895474,-0.4678325,-0.6182324
0.8445084525084525,0.81711864,0.9862433,0.9679623,0.15343107,0.19254707,0.64781797,0.77883214
0.946950094950095,0.80671424,0.9932276,0.9897735,0.090422206,0.15260616,-0.17026426,0.20320973
0.8476595476595478,0.72521585,0.97008,0.9642151,0.1272435,0.14918168,0.008790234,-0.071590275
0.7850504450504452,0.58016473,0.964377,0.9437535,0.0770589,0.13817039,-0.027930373,0.037531547
0.93405211005211,0.8457478,0.97936636,0.9825674,0.19299471,0.17232817,-0.8546709,-0.38622114
0.8347786387786388,0.7047968,0.97092205,0.9789434,0.11394554,0.10818433,0.001415518,-0.021256799
0.7640686280686282,0.74664223,0.9477548,0.9332773,0.20404123,0.21020187,-0.2728894,0.16257942
0.868949596949597,0.96375513,0.94049007,0.95005316,0.44634488,0.41600448,-0.78186727,-0.49317116
0.8624404424404425,1.0793508,0.97893435,0.9603979,0.37436277,0.4009121,0.07267675,0.37979764
0.5554650034650035,0.7230886,0.9165171,0.9223245,0.15955628,0.10273465,-0.93646115,-0.91455865
0.931018435018435,0.7119648,0.9844422,0.9837531,0.122757845,0.16143079,0.30712906,-0.065552786
0.8152884352884354,0.640707,0.95926005,0.9481702,0.09747365,0.1690803,0.82965165,0.48063138
0.8327594927594929,0.87951696,0.9719659,0.9515779,0.2256752,0.24537882,0.32008892,0.36343393
0.6939842019842021,0.80104774,0.9387184,0.94158834,0.14830258,0.15485053,-0.33620325,-0.16681527
0.7953316593316594,0.72692823,0.954508,0.9538236,0.15884481,0.13003325,-0.060983695,0.24823454
0.851937383937384,0.8923861,0.96470535,0.9530453,0.29771394,0.18898337,-0.27946183,-0.0107265925
0.9295891495891496,1.1021171,0.97777843,0.96996146,0.43437767,0.51295877,-0.53238374,-0.1586105
0.9051946851946852,0.79449886,0.9914146,0.97016275,0.20853461,0.22700897,-0.41413462,0.29806858
0.8595036795036797,0.7365824,0.9754689,0.9372992,0.17169009,0.27308345,0.14197955,0.44324026
0.91972861972862,0.84560454,0.9737897,0.981101,0.17358863,0.17387983,-0.99233073,-0.5396439
0.7021740901740902,0.5481326,0.96512794,0.92137235,0.06900339,0.16249436,0.21425782,0.46292233
0.9294322134322135,0.8271154,0.98260874,0.97614825,0.17724665,0.22138958,0.38781476,-0.19965117
0.8661907941907944,0.9140602,0.9499794,0.96020895,0.37225547,0.33605754,-0.09897182,-0.29665363
0.5401671601671603,0.58674264,0.9038258,0.9265504,0.09264598,0.09396886,0.4156399,0.64732766
0.4608624048624049,0.5873205,0.9046579,0.91342646,0.076672494,0.12986875,-0.29389068,-0.24069081
0.853001089001089,0.8934763,0.9656068,0.9596451,0.19444326,0.22147016,-0.71122795,-0.3758807
0.8753755193755195,1.0261776,0.96382,0.9399736,0.44327655,0.50705224,0.4613528,0.64524084
0.8762967362967364,0.85581756,0.97796786,0.9822343,0.15523587,0.17593421,-0.5714418,-0.31795576
0.893917241917242,0.85128325,0.9752388,0.9769827,0.16774899,0.16089998,0.06627709,-0.25789616
0.9028605028605029,1.4131175,0.9441854,0.9635782,0.82937914,0.73492277,0.2948419,-0.21625999
0.836952176952177,0.7341221,0.9713717,0.96231824,0.098791614,0.13459094,-0.033136908,-0.11149399
0.7337459177459178,0.9154005,0.9473563,0.9404454,0.28267106,0.11807314,-0.909985,-1.087605
0.8457012657012658,0.70562994,0.9865718,0.9674047,0.14069375,0.14125873,-0.75255996,0.26941785
0.8846141486141488,0.8104132,0.98941797,0.9836796,0.105701454,0.1423501,1.1383597,1.2141865
0.9209109296736626,0.70279056,0.99367636,0.9872655,0.076256014,0.11273316,-1.050383,-0.77912456
0.8842447762447763,0.7975333,0.9562378,0.9786008,0.15685228,0.14395978,0.5380647,0.32703567
0.8789149109149109,1.1947592,0.9455621,0.95739037,0.7709623,0.41309988,0.70531183,0.054802306
0.7334276654276655,0.86445504,0.92441833,0.9436099,0.25938857,0.23372416,0.04920921,0.28567195
0.8976714576714578,0.7240615,0.9723445,0.98856497,0.10650798,0.06493641,0.28768897,0.4910287
0.9245063885063887,0.7759809,0.9888472,0.98557603,0.13286756,0.13671087,-0.62412685,-0.43160215
0.8086668406668407,0.5997993,0.96991897,0.9657004,0.073839925,0.0756241,0.7780353,0.51274246
0.8015462255462255,0.5066102,0.96191144,0.96691203,0.048752703,0.06279265,-0.15975559,-0.14308433
0.8754608994608996,0.71436024,0.985281,0.981336,0.088097066,0.07887663,-0.8172735,-0.89674187
0.7641741921741922,0.7603539,0.95739883,0.95597917,0.154216,0.14589442,0.21624823,0.42257592
0.8141854781854784,0.8542513,0.9308489,0.95013684,0.27370217,0.1775964,-0.72464585,-0.40116557
0.7387703227703227,0.6163454,0.9318905,0.94551116,0.13440792,0.15997523,-0.354215,-0.4865587
0.9192310272310271,0.8093797,0.9906691,0.97845554,0.18323122,0.18455629,0.15238497,0.12138306
0.6468993588993589,0.64788777,0.9156775,0.94647986,0.13956147,0.06183003,0.96707344,0.73168933
0.6563158883158884,0.5222387,0.94761777,0.93966144,0.06434575,0.07067719,-0.67768615,-0.5970503
0.8745338145338146,0.76658565,0.9658399,0.9663776,0.1549636,0.19211169,0.5118953,0.34544381
0.9241128001128001,0.76072866,0.9794679,0.9807921,0.17687708,0.1423413,0.43014792,-0.2764543
0.795890991890992,0.5463433,0.93761283,0.9616078,0.08011624,0.092400216,0.7178204,0.7210783
0.8051481251481252,0.6196515,0.9409127,0.9587973,0.12606071,0.107284725,-0.44211373,-0.45563856
0.9191494631494631,0.93588495,0.9808302,0.98368996,0.11924677,0.22956789,-1.0963156,-0.5865856
0.9161793161793164,0.61230624,0.97509533,0.9697229,0.0871201,0.15146895,-0.052408125,0.12856199
0.7881345081345082,0.6254033,0.94501084,0.9627686,0.09266335,0.10135949,0.67005575,0.88355565
0.8915801435801436,0.6720044,0.9767433,0.97325104,0.10940706,0.11711045,0.31717613,0.87490946
0.8193437793437794,0.50517344,0.9545331,0.961477,0.07071403,0.06667482,0.10790471,0.073206805
0.896011016011016,0.79099596,0.96057516,0.9654102,0.21008581,0.2723887,-0.5434537,-0.5288749
0.7933257733257734,0.595765,0.9412176,0.95590436,0.08951777,0.09288448,-0.7209731,-0.67453116
0.9088140088140089,0.75686485,0.9783933,0.9760062,0.13733852,0.20324987,-0.7518123,0.20601147
0.6831167271167272,0.60155326,0.93255043,0.94897455,0.08203299,0.07603992,-0.6726113,-0.6392178
0.8033192993192994,0.6745668,0.9461292,0.9457183,0.14238851,0.1263469,0.41591752,0.19569902
0.7137253257253258,0.6873886,0.9539358,0.96402776,0.1061996,0.09288256,0.8103117,0.42398176
0.9377133377133376,0.7648682,0.9820917,0.9847205,0.11441638,0.14803712,-0.5887093,-0.30797562
0.9037010557010557,0.9483315,0.9578358,0.94859356,0.4393503,0.6307219,-0.17402695,-0.15141933
0.920796908796909,0.8298022,0.9816168,0.97122097,0.24311723,0.29275742,-0.53049546,-0.5838224
0.8570696090696092,1.0839264,0.97713774,0.972867,0.32718873,0.22900337,0.44877926,0.6413319
0.8974658614658617,0.6192847,0.9601639,0.9563934,0.1525506,0.23141862,-0.24393824,-0.35810676
0.8532419172419173,0.67430836,0.9665866,0.9635615,0.13393243,0.1618024,0.047939252,0.005297251
0.8633345299245335,0.6762011,0.9396019,0.95043504,0.18535608,0.22650892,1.0712899,1.1791542
0.8512023352023352,0.7415471,0.9862433,0.9635917,0.15343107,0.19456927,0.64781797,0.8204078
0.7716085596085597,0.6427301,0.9474808,0.9621386,0.09952828,0.07368211,-0.35117736,-0.08287183
0.9228327348327349,0.85623264,0.98591495,0.9788045,0.12249849,0.2448167,-0.07916012,0.20508783
0.7950904110904112,0.60393906,0.9546845,0.9419772,0.13071845,0.149058,-0.02622,-0.16192387
0.89402115002115,0.59904486,0.97949946,0.97371376,0.07181025,0.09565709,-1.2243547,-0.967324
0.8737787377787379,0.9506042,0.98801184,0.9811062,0.16350867,0.1175259,0.25760445,-0.8457818
0.932019536019536,0.85238135,0.9933857,0.9874781,0.16650015,0.15148377,0.025229093,-0.72814155
0.8136138216138217,0.61886704,0.97428674,0.96664476,0.10194053,0.070485435,0.020500941,0.39471546
0.8853329133329133,1.0179095,0.97893435,0.96000373,0.37436277,0.43565682,0.07267675,0.40683627
0.8377004977004977,0.7960482,0.97164166,0.96217096,0.13122757,0.21855836,-0.31477767,-0.19067867
0.9323578523578524,0.83174413,0.98700196,0.98763597,0.14407298,0.10155208,-0.19160996,0.24538067
0.8958263598263599,0.75279516,0.9892221,0.97460407,0.12765914,0.15953314,0.3174468,0.015281566
0.9036437676437676,0.8614863,0.9938997,0.96329874,0.22579932,0.33439088,-0.75953174,0.2853404
0.6427380427380428,0.6359104,0.9414336,0.94970584,0.08372298,0.07449367,-0.0673238,-0.09330431
0.9087426807426808,0.8723542,0.97829735,0.9828615,0.20924409,0.15640524,0.28531793,0.15051776
0.8574001134001134,0.92116076,0.96410894,0.9702477,0.29187334,0.14800158,-0.10201391,0.076129936
0.8921501441501443,0.7905677,0.9657004,0.9614959,0.19573723,0.20389296,-0.06891277,0.02301801
0.936825648825649,0.898153,0.98447585,0.97541136,0.22898236,0.33753908,-0.2218251,-0.2977593
0.9226093186093187,0.8496442,0.9757383,0.9688454,0.30196273,0.34332123,-0.618691,-0.005976604
0.8318097398097398,0.60336614,0.96069086,0.951821,0.09535804,0.17906828,-0.41151422,0.13059965
0.8984266904266905,0.84067553,0.9520867,0.965315,0.29498824,0.30184224,0.042877715,-0.09456948
0.6443585843585844,0.8426238,0.918625,0.9432425,0.21292096,0.12463454,0.035765152,-0.18931957
0.8895146295146296,1.2077695,0.9936576,0.9875538,0.1261762,0.340385,-0.48148924,-0.2668342
0.8830855390855391,0.9812461,0.98110944,0.9607011,0.3471058,0.44448677,0.04960452,0.2723157
0.7700004500004501,0.8854578,0.9153555,0.9556775,0.40827385,0.18529285,-0.5523852,-0.41467458
0.8178198258198259,0.682604,0.9622266,0.9619026,0.09882132,0.109116934,0.024115851,-0.008320446
0.9323860523860524,0.79654545,0.98656076,0.97644347,0.1514152,0.19911498,-0.19352864,-0.045913782
0.9253613773613776,0.81853545,0.9740109,0.97486,0.20609508,0.19197544,0.19535896,-0.078456104
0.855831735831736,0.72379094,0.9862433,0.95975626,0.15343107,0.2884031,0.64781797,0.6763587
0.9396541476541478,0.96738875,0.98817736,0.9810435,0.18202618,0.316878,-0.6176839,-0.36590904
0.9040990000990001,0.6174706,0.9787202,0.9709124,0.08127748,0.1196407,0.21715647,-0.13416746
0.7896424296424297,0.64488506,0.9429081,0.9469429,0.13238417,0.17582297,0.6987619,0.6019261
0.8824811224811226,0.5969106,0.9772905,0.9700737,0.10641131,0.09777339,-0.16551894,-0.26554537
0.7718236478236479,0.55158144,0.9415353,0.9532621,0.08263473,0.093705796,0.7737234,0.55785805
0.9117988917988918,0.69224983,0.98622966,0.96894103,0.103615254,0.20382307,-0.23893672,-0.17737974
0.8856943416943418,0.82957906,0.95872074,0.95416653,0.22766122,0.38702747,0.6534999,0.38869742
0.9561930321930322,0.85969687,0.9902225,0.98506165,0.14343461,0.31562164,0.39289594,0.25140983
0.8594521754521756,0.99874586,0.96465373,0.9495531,0.3334722,0.45872355,0.13150144,-0.043131415
0.6932694812694813,0.76160973,0.9358072,0.951935,0.13681734,0.12232951,0.008829534,0.09608892
0.9296562656562658,1.1473612,0.9810185,0.9725533,0.6419332,0.53485906,0.044213086,-0.33299536
0.8367368607368608,0.7719987,0.9670278,0.96250653,0.1624079,0.16875046,-0.06999048,-0.25087962
0.8516578556578556,0.8749119,0.97170097,0.9705315,0.22751518,0.16222203,-0.043103483,0.14900687
0.9067434427434427,0.8492806,0.9870651,0.96247697,0.26908347,0.3532349,-0.62864524,0.050891705
0.876885456885457,1.0703875,0.9501022,0.97281826,0.3961908,0.20861967,0.09242602,-0.044011727
0.8529786489786492,0.67661285,0.96380657,0.9630701,0.17603706,0.13999045,-0.70473915,-0.17609745
0.8544402624402626,0.80278766,0.9924899,0.9636344,0.1432059,0.1612938,-0.1056386,0.48448735
0.8825700425700426,0.64236027,0.96069556,0.9639325,0.16446261,0.14849885,-0.28129154,-0.1826867
0.8436999516999518,0.736881,0.9687578,0.97034514,0.16285741,0.13755265,-0.95622164,-0.2944438
0.9343655743655744,0.86690104,0.9830468,0.98065215,0.13229808,0.18890846,-0.24945575,-0.26253772
0.8637864237864239,0.890049,0.9599949,0.9526836,0.29483244,0.3117883,0.1226142,0.55261403
0.8985109785109787,0.6026973,0.9849194,0.9710131,0.10526964,0.1306976,-0.7577881,-0.15197672
0.8982198342198342,0.7060167,0.97541857,0.9727238,0.1054141,0.10796341,0.41088557,-0.24095216
0.7750065670065671,0.6100028,0.9652296,0.945033,0.11556309,0.1196932,0.10738205,-0.09435642
0.7284795564795565,0.49787563,0.9531866,0.95448005,0.060087383,0.06918106,-0.5149169,-0.03199185
0.8112113592113593,0.9943148,0.98828226,0.9776342,0.15895788,0.20567143,0.16783525,0.5810732
0.8749642789642791,0.6266527,0.9663358,0.958381,0.17051706,0.12992394,-0.1053474,0.09072926
0.8251723771723771,0.7875652,0.9403407,0.95040435,0.26984957,0.20380786,-0.31292242,0.05990254
0.9383929943929946,0.9997719,0.9710248,0.97692895,0.35934716,0.33119383,0.20839006,0.24703011
0.9399023079023078,1.1140501,0.98843753,0.97056526,0.4199783,0.6587135,0.0069496143,0.24485658
0.8991192231192231,0.80020493,0.9782555,0.96207654,0.16110836,0.31458646,0.26358774,0.02834706
0.9567124287124288,1.0078639,0.9911227,0.9914582,0.19577534,0.238078,0.60855526,0.10672726
0.8809963609963611,0.7843296,0.9677651,0.963107,0.14016476,0.17278299,0.29998216,0.3370449
0.7659912939912941,0.7596527,0.9225177,0.95242435,0.20140015,0.15970923,0.31827882,0.1235946
0.8850815970815972,0.80012757,0.9716238,0.97814286,0.19802245,0.16290507,0.5885409,0.2370128
0.5302442782442782,0.5270891,0.9300039,0.93144464,0.05910297,0.0928603,0.2393137,0.18818544
0.8928067248067248,0.69823176,0.9758314,0.9725811,0.14586075,0.11139338,0.33352652,0.20182785
0.8218744378744379,0.6020525,0.95750386,0.9609833,0.08465395,0.124428354,0.120680206,0.19532841
0.9240546240546241,0.8880707,0.99252176,0.9821858,0.23841983,0.23531105,0.22210515,-0.5948644
0.8585515145515146,0.55271876,0.97637373,0.951535,0.075495474,0.14457977,-0.50294226,-0.60540104
0.8765776805776806,0.66994774,0.9794386,0.96976817,0.11669114,0.096742205,-0.06577543,-0.07194651
0.9466010386010386,1.0373497,0.9874694,0.98441976,0.26892078,0.34967506,0.8812297,-0.14806223
0.8779634419634421,0.6921962,0.960755,0.9651961,0.18087831,0.18726937,-0.84824073,-0.79495806
0.7435016275016276,0.66342205,0.95101166,0.9525689,0.11668572,0.18401249,-0.11165425,-0.057695255
0.746810018810019,0.70341384,0.94936365,0.95818985,0.13508417,0.08875721,-0.34265363,-0.5540493
0.8923048483048485,0.9667958,0.95797426,0.9488744,0.4531003,0.5419424,0.24950017,0.32628056
0.9004499284499283,0.9634759,0.9678521,0.94244254,0.4320692,0.73072404,-0.093330994,0.12942767
0.886837822837823,1.3391755,0.96044564,0.96041393,0.6769799,0.5529745,0.120066084,0.29668793
0.8312483792483792,0.8239729,0.9862433,0.9565568,0.15343107,0.26135254,0.64781797,0.6969308
0.9438088158088158,0.9508213,0.98108554,0.9844877,0.29997295,0.27009916,0.41043046,-0.03838361
0.8952156192156194,0.7828589,0.9622017,0.9656634,0.19128709,0.28093302,-0.27434453,-0.016484013
0.8882889602889604,1.0902016,0.97893435,0.95569086,0.37436277,0.6814216,0.07267675,0.27052805
0.822954858954859,0.5961467,0.974507,0.95323133,0.08666115,0.14734979,-0.09067051,0.18078354
0.9407551127551128,1.0713806,0.9794358,0.98090786,0.24461783,0.2023292,-0.0143863745,-0.10210602
0.9058504258504259,0.8622534,0.9776122,0.96366936,0.16798826,0.3922633,0.2701509,-0.36610505
0.9371612411612412,1.0308447,0.96880895,0.9724546,0.3578264,0.34445795,-0.5133288,-0.07683359
0.8665786105786106,1.1344746,0.95659304,0.9498766,0.4305743,0.4218554,-0.15942167,-0.17261437
0.7742084942084942,0.80222946,0.9310828,0.94589096,0.25887144,0.24931963,-0.016000412,0.04451842
0.7052961572961574,0.5470911,0.93447864,0.9392019,0.0685548,0.098164335,0.08271832,-0.0075775646
0.9474706794706796,0.81260824,0.99069804,0.9843333,0.13719404,0.19474624,-0.29761115,-0.062255193
0.879014259014259,0.9829553,0.9664815,0.96729046,0.36895362,0.3309432,0.40561014,-0.11105324
0.8933295293295294,0.99455976,0.9716036,0.9618842,0.3897102,0.3167926,0.2968136,0.3704576
0.6735477495477495,0.7119984,0.93585265,0.9390946,0.16289929,0.10393865,0.20384881,0.13566932
0.8565180765180767,0.70559764,0.9699414,0.9593796,0.13519964,0.13580842,-0.20683941,-0.11213385
0.7638064038064037,0.62486887,0.9581919,0.9549277,0.10812371,0.13944481,0.73384976,0.332821
0.8486111486111486,0.7527119,0.9754689,0.94869673,0.17169009,0.27398184,0.14197955,0.3321356
0.8572581172581174,0.8772777,0.9572544,0.9696737,0.28697014,0.19476618,-0.43243352,-0.29865292
0.8452108492108493,0.6832745,0.97618306,0.957682,0.13907622,0.2128087,0.15043478,-0.15927683
0.9545663225663227,0.9927101,0.9944678,0.9899687,0.19150692,0.2536583,-0.17186755,-0.19375703
0.7789196149196149,0.85656494,0.946079,0.93931335,0.26762453,0.25814822,0.3432853,0.06664333
0.8714899754899756,0.7130058,0.96825045,0.9608204,0.13285612,0.2271178,0.010200738,0.2197715
0.7324040764040765,0.62003136,0.95871156,0.95304376,0.08854181,0.09823749,0.29982567,-0.038514316
0.8273014673014675,0.8032264,0.92319083,0.95626223,0.19480005,0.154496,0.1658748,0.042314705
0.7978428778428779,0.81999844,0.9537405,0.96111155,0.2015984,0.17101029,0.035270117,0.06619063
0.8115576315576315,0.53973466,0.9569015,0.94944173,0.0874796,0.122213416,0.84819317,0.97816664
0.9424978384978385,0.9147531,0.9882657,0.9858333,0.24283865,0.26743805,0.12381381,-0.06304979
0.8895663375663377,0.87493384,0.9597887,0.95952374,0.29620096,0.3399507,-0.13148078,-0.32032758
0.7554008754008754,0.5955889,0.9748965,0.95322,0.07691945,0.14036587,0.060941476,0.4469199
0.9447185247185248,0.55996907,0.99222386,0.98895526,0.06976482,0.090341635,0.29197845,0.5290931
0.8507322107322107,0.70971096,0.9829075,0.96193266,0.0789755,0.16371235,0.15721498,0.7803953
0.8530211050211051,0.83831304,0.96564984,0.9585008,0.19406736,0.2706955,-0.23067187,0.14616074
0.8576783336783338,0.64623713,0.9757967,0.94915426,0.10347103,0.19731314,0.1089404,-0.14234778
0.8446264006264007,0.8451847,0.91937405,0.94703215,0.3175291,0.17499356,-0.09288998,-0.3560113
0.9067455667455669,0.84656775,0.9857337,0.9602492,0.2798757,0.3999919,0.11912503,0.4393534
0.7498693978693979,0.74976534,0.94279426,0.9455042,0.14619857,0.16729574,0.3487162,0.36913937
0.8927930807930808,0.95132554,0.9670613,0.9728248,0.31177837,0.3735442,0.65902126,0.5795531
0.7605546045546047,0.7940871,0.94368535,0.9557324,0.18095636,0.17522135,-0.93726605,-0.5908085
0.8817287697287698,0.7361683,0.9898099,0.970872,0.13373792,0.17063697,-0.8410519,-0.09064402
0.9516453156453157,0.69234073,0.9889686,0.9862048,0.08920941,0.14556192,-0.05325204,-0.14912114
0.7876256116256116,0.5424386,0.9843581,0.9482769,0.06748247,0.1096782,-0.6367817,-0.49669114
0.9055543735543736,1.0344778,0.9818975,0.96041435,0.4056597,0.5625077,0.25583068,0.45873275
0.7207126207126208,0.9402605,0.9447657,0.9463664,0.2899909,0.23404776,-0.75892884,-0.49130824
0.9399610719610719,0.93022406,0.9872227,0.9849429,0.1366344,0.22538139,-0.32402375,-0.16542932
0.58596426996427,0.6821237,0.9158628,0.9230733,0.12521748,0.087837584,-0.20173864,-0.25030515
0.8334017574017576,0.5942608,0.9625023,0.972268,0.08892025,0.091124654,-0.5875955,-0.46261856
0.9014370734370736,0.9292629,0.9840817,0.96037763,0.39625654,0.43205118,-0.20931123,-0.43602178
0.6271942231942232,0.6210684,0.8957179,0.9354396,0.12387681,0.08370215,-0.52382684,-0.48967054
0.882937470937471,0.9229066,0.9430323,0.9368303,0.4646059,0.46769294,0.00017424552,-0.020071058
0.9304082104082105,0.7857367,0.98192424,0.9893265,0.13542745,0.12891671,-0.23010615,-0.14780067
0.8845486645486645,0.99677,0.9634135,0.9443969,0.44776198,0.5367374,0.00538939,0.2305188
0.6928545328545328,0.6210302,0.9293003,0.93957704,0.09622883,0.12324164,-0.0065030716,0.077668555
0.7127677847677848,0.66261315,0.9604615,0.93747795,0.097249396,0.107695505,-0.015089489,0.07834529
0.8249229449229449,0.7475016,0.9595769,0.9588034,0.113010235,0.14273973,0.01374823,-0.17694545
0.8808289368289369,0.71593046,0.9794675,0.98212665,0.1217492,0.12630942,0.80674815,0.87947464
0.6787376227376228,0.5348267,0.92721623,0.9277615,0.061561577,0.13355444,0.07129996,0.009662953
0.8914410994410995,0.70475304,0.9647921,0.95889807,0.1905271,0.23305207,-0.021313602,-0.038557444
0.9321676041676041,0.9057203,0.9732851,0.9781392,0.16002712,0.27598995,0.2100846,0.4338293
0.8945911265911267,1.1066072,0.9846383,0.97981936,0.3418516,0.33546305,0.20763497,0.45319167
0.8268497028497029,0.7756808,0.9862433,0.9654521,0.15343107,0.17200345,0.64781797,0.7152565
0.8691804411804411,0.8225514,0.9626457,0.94465476,0.21286538,0.33230036,0.017590325,0.039871324
0.8954106074106074,0.9575427,0.9735469,0.97888005,0.32475883,0.24339397,-0.047040332,0.1053114
0.8113028953028953,0.56252325,0.92771125,0.9444792,0.09995766,0.17104061,-0.33557156,-0.30704024
0.8538875658875659,0.99010026,0.9836472,0.96398854,0.2524862,0.217616,0.34946772,0.4696113
0.6963345243345244,0.61070913,0.9179623,0.9417375,0.10844428,0.10097267,0.48455822,0.57075983
0.8734066654066655,0.6122378,0.97536135,0.96296537,0.107408516,0.12688974,-0.44917983,-0.29549626
0.8928672888672888,0.8425981,0.972507,0.96044135,0.28341636,0.29227936,0.16421172,0.2550145
0.7685833445833447,0.705647,0.94900346,0.9486352,0.13334408,0.10389503,-0.19546436,-0.15666337
0.8660152820152821,1.032661,0.97893435,0.9495453,0.37436277,0.56256306,0.07267675,0.370584
0.8133831453831455,0.71663123,0.9728503,0.96233004,0.11881773,0.15932706,-0.6008063,-0.92266214
0.8004825924825926,0.6664743,0.9580717,0.9506532,0.1290531,0.18938917,0.81455654,0.61921364
0.8788224028224028,0.6690698,0.96643436,0.96504086,0.12447675,0.194043,-0.49215448,-0.38697773
0.9654033534033536,0.83538777,0.9914304,0.98690933,0.15499678,0.16786374,-0.011502602,-0.051494177
0.926850986850987,0.8139292,0.9857982,0.97126216,0.1783067,0.32293457,0.69843,0.30466443
0.9426836226836227,0.86460465,0.9841116,0.98427165,0.15947217,0.17029773,0.705084,0.3354327
0.8604956484956486,0.8199208,0.960663,0.96181595,0.2063097,0.19510145,-0.04537617,0.08568982
0.8240666840666842,0.7834936,0.9754689,0.9554379,0.17169009,0.19302937,0.14197955,0.30696797
0.8309170109170109,0.7290207,0.96204066,0.96474606,0.14107251,0.14403345,0.23464607,0.33715853
0.8611809811809813,0.7064237,0.977961,0.9773271,0.11924686,0.09896789,-0.8877242,-0.6569357
0.8916631716631719,0.73114115,0.97962177,0.97450846,0.14602877,0.19572194,0.61162543,0.42543507
0.8740023580023579,0.8240567,0.9573843,0.9719432,0.18356961,0.10982966,0.6153116,0.65231735
0.8702780582780584,0.80330104,0.9464334,0.94455945,0.28698346,0.44157198,0.28874478,0.1651005
0.8812803772803772,0.56054497,0.9651223,0.9574408,0.11697756,0.12378156,0.05241391,0.22686423
0.7207250047250048,0.6873677,0.95011926,0.94102657,0.1079898,0.106988594,-0.1880042,-0.13861308
0.9206932886932887,0.83042455,0.9876585,0.98675895,0.10938966,0.102388784,-0.14720862,-0.38876772
0.8766473406473407,0.66450536,0.96337515,0.95789516,0.12669528,0.17127122,-0.49071175,-0.27173892
0.9069201669201669,0.7386842,0.97601193,0.9741967,0.25152567,0.22900227,-0.28537482,-0.026862986
0.7816711216711217,0.5743764,0.9472729,0.94913995,0.087060176,0.12529527,0.14220868,-0.098541096
0.8773009933009933,0.7973615,0.961354,0.9591534,0.2278102,0.21060765,0.14679044,0.035160776
0.8854306294306296,0.8872855,0.9942329,0.9629838,0.20747492,0.43526405,-0.115740694,0.5609799
0.9171418611418612,0.8604376,0.9748344,0.973499,0.21638277,0.26139832,-0.53036904,-0.31605744
0.8712295778432666,1.0173151,0.94930315,0.96500164,0.4272221,0.3153492,0.23137213,0.15108293
0.906024066024066,0.61436063,0.9901902,0.9838035,0.070074424,0.09307889,-0.32740396,-0.21813805
0.8210777930777932,0.6798737,0.96925503,0.94858253,0.14673695,0.13513023,0.027596457,-0.26292014
0.8766567726567728,1.0646689,0.96998984,0.9662205,0.29415715,0.26504728,0.28829035,0.37111953
0.8551815751815752,0.6500858,0.97178483,0.9614673,0.0965145,0.16763404,-0.36415073,-0.013566176
0.7580782700782701,0.5926248,0.94593406,0.9517482,0.07372085,0.08817478,-0.2705553,-0.40854904
0.858956094956095,0.69754976,0.947542,0.9626511,0.15722342,0.1394123,0.29800907,0.25028193
0.9393612393612393,1.1961955,0.98570186,0.9886775,0.1868554,0.297448,0.6384887,0.33501112
0.8855792015792017,0.9341972,0.99397004,0.96104026,0.23555732,0.38179994,-0.0688547,0.59562373
0.7857960417960418,0.7873781,0.9453405,0.9426631,0.22583279,0.25267163,0.031161333,-0.115601435
0.6236949956949956,0.57529855,0.9351614,0.94247526,0.06670816,0.06936747,0.3873239,0.34293407
0.6647332847332847,0.5677858,0.9384959,0.94115543,0.10533074,0.06840111,0.2510573,0.12178519
0.7734447174447175,0.7744021,0.94659823,0.9464693,0.23411745,0.22166386,-0.27407694,-0.6823327
0.9111394791394792,0.9898576,0.9875211,0.9645661,0.35251203,0.48260444,-0.016539311,0.31619725
0.696836628836629,0.6933366,0.9604198,0.94655144,0.13373049,0.12585112,0.47877264,0.5784865
0.7715745515745517,0.6335245,0.93542725,0.95683986,0.12834935,0.078636445,-0.27859065,-0.14921054
0.8863823743823745,1.0938133,0.9377647,0.95763,0.46420324,0.423615,0.6065515,0.13181788
0.734868914868915,0.6711858,0.9556385,0.95539594,0.100284524,0.087480344,-0.37123248,-0.63774836
0.9058684138684138,0.8044551,0.96778077,0.97538835,0.18165757,0.21724735,-0.6368321,-0.89151317
0.7792458352458353,0.6667537,0.9547027,0.97035015,0.13917728,0.07480927,-0.20269057,0.060810156
0.9015992535992535,0.51543,0.97473794,0.9640422,0.08441965,0.12178852,-0.35331267,-0.036193974
0.35974297174297176,0.5497384,0.9157441,0.93139946,0.061815917,0.049657702,0.59642947,0.6263898
0.9121974361974361,0.8389261,0.97152054,0.96268314,0.17786478,0.34931,-0.714161,-0.23357557
0.8158851958851959,0.6999114,0.94447905,0.9558576,0.14565493,0.12588061,0.03386233,0.12616052
0.8217009057009058,0.6350985,0.95439893,0.93986905,0.13274164,0.19169444,-0.30820158,-0.40318638
0.7964820164820166,0.5928892,0.95897037,0.94673723,0.09444626,0.120326124,-0.37826252,-0.2142293
0.8961964521964522,0.6632509,0.989381,0.9763371,0.08734572,0.11464894,-1.0453626,-0.31342605
0.8934200454200454,0.8883126,0.9793974,0.9856476,0.1639463,0.13697712,0.5370834,0.19006564
0.940845016845017,0.7992933,0.9920277,0.9893024,0.10257191,0.11962647,0.14434102,0.36482576
0.7507821787821788,0.558856,0.9126116,0.94724673,0.09266176,0.094150625,-0.14447117,-0.21370582
0.8549441189441191,0.67022765,0.9668455,0.9610109,0.14675942,0.17673656,0.46559352,0.23516795
0.9066459906459907,0.73666525,0.966547,0.96680325,0.17610545,0.25110158,-0.03768055,-0.074258946
0.9284060084060083,0.87043375,0.97378206,0.97672194,0.23670743,0.24665621,0.23830327,0.2500407
0.81607674007674,0.91361696,0.9418999,0.955349,0.3296861,0.23665571,-0.21182153,-0.3763731
0.7836868836868838,0.66058505,0.9420604,0.9520888,0.11555245,0.14965098,0.6206449,0.6837775
0.809908553908554,0.7572138,0.9601932,0.9647281,0.13960359,0.10505405,0.71307266,0.35276037
0.831931515931516,0.5518529,0.9667455,0.9641248,0.06413472,0.09945797,0.16296239,0.13222453
0.8182090702090702,0.6612133,0.9628866,0.9532956,0.13696204,0.13769452,-0.4962798,-0.3579435
0.634030114030114,0.73923,0.91340077,0.93543077,0.16951492,0.11619994,-0.06516769,0.22807588
0.8014827574827575,0.6266085,0.9482594,0.9560287,0.09955742,0.09125401,-0.3165732,0.06403561
0.9010260490260492,0.81846255,0.96892583,0.96624386,0.1743226,0.33199802,-0.40317965,-0.1458256
0.7473413193413193,0.5865166,0.92837036,0.9448305,0.100832276,0.06284089,-0.682614,-0.67993325
0.8797785757785759,0.92480594,0.97944957,0.9746268,0.24137236,0.13310975,-0.29730815,-0.7667952
0.8885343725343726,0.6777785,0.9725389,0.9709101,0.12170631,0.11052822,-0.74574107,-0.3644128
0.8602635322635322,0.7984453,0.95355636,0.96319026,0.21124142,0.20910205,0.47794294,0.6237322
0.9423263703263703,0.8532702,0.99415827,0.98230296,0.14850973,0.22903413,0.6083338,0.2652569
0.9090546090546091,0.85980034,0.9746876,0.96948826,0.24410188,0.26916343,0.09479188,-0.25313774
0.7236310956310956,0.6052526,0.9382842,0.9291619,0.11395483,0.14824356,0.41015175,0.30166805
0.9292216852216854,0.6832677,0.98901063,0.98606974,0.085873954,0.11151948,-0.7382262,-0.13695812
0.8662414222414223,0.7865245,0.9657592,0.97709554,0.1411114,0.12652989,0.46195665,0.17775856
0.8824863664863666,1.0691025,0.9633493,0.9561709,0.39708027,0.33410102,0.27194217,0.33108947
0.9201731961731962,0.7661025,0.9723286,0.98157495,0.12945972,0.17655984,-0.23331892,-0.12909277
0.8108467148467149,0.7673295,0.9346031,0.9514893,0.21042016,0.1607584,0.5296892,0.64723754
0.9238648078648081,0.71601874,0.9818021,0.9731248,0.15827525,0.22709344,0.4442513,0.21888304
0.8761007881007882,0.9265274,0.98616385,0.96362406,0.22494732,0.21863596,0.67235386,0.8048236
0.8653274053274054,0.69001687,0.99050504,0.96526605,0.08276512,0.1334909,-0.6015358,-0.4458675
0.7676116676116677,0.83164895,0.9636642,0.96558356,0.20189594,0.14733928,0.20916373,0.5318982
0.9003663963663966,0.7927173,0.9697037,0.97104,0.19279955,0.18348713,0.24706692,0.13043189
0.8579582459582461,0.725005,0.9746183,0.96994084,0.12540537,0.13175279,0.1737737,0.66795546
0.8242588522588523,0.825324,0.935956,0.95332813,0.20379306,0.20936485,-0.04988808,0.0107591245
0.9195940275940276,0.8806997,0.98626244,0.9805989,0.15485306,0.1964808,0.6491043,0.4191308
0.8874871194871196,0.8108718,0.9724649,0.96407056,0.15307179,0.3402434,-0.056705635,0.06766126
0.9387026427026428,0.83598435,0.98129714,0.9839296,0.20369406,0.16780925,-0.33056086,-0.61242896
0.8661178581178582,0.73988146,0.98245716,0.95297337,0.17351528,0.25749502,-0.26119438,0.17218018
0.8115328755328756,0.6933648,0.95435655,0.94653296,0.12940483,0.18784942,0.38664174,0.8918227
0.8901611781611782,0.7338907,0.97101223,0.980273,0.12040572,0.08475972,0.5758114,0.53384644
0.7652745332745333,0.70683235,0.94850457,0.9531337,0.15258056,0.11377747,-0.23285122,-0.2664547
0.8681411081411081,0.58819044,0.9561905,0.95099247,0.09251853,0.22584003,-0.23084638,-0.48939064
0.9342404742404743,0.79909116,0.9780787,0.9810851,0.13361092,0.19039062,0.28571978,0.26655605
0.939027087027087,1.0104678,0.9836802,0.98807645,0.1872246,0.11127474,-0.011422798,-0.58974564
0.8824348624348626,0.91319555,0.9652268,0.98016435,0.18965246,0.1115922,0.0776481,0.17123702
0.8827396953879145,0.7653222,0.9601728,0.96553105,0.16573839,0.2151516,-0.37346715,-0.47039795
0.783846267846268,0.6241603,0.9506385,0.9574219,0.10966432,0.10629026,0.04669601,-0.17930542
0.9127419247419247,0.9378871,0.9944837,0.9696988,0.23968084,0.22272801,-0.3325228,0.5421888
0.9076197436197437,0.9311503,0.9594088,0.96464884,0.3377733,0.2528145,-0.69441944,-0.26598543
0.9284615204615204,0.91350317,0.9814737,0.98402005,0.27123857,0.15544617,0.33364597,0.09622112
0.8127719992103153,0.6583057,0.94865423,0.95138776,0.13727917,0.1661496,-0.23816109,-0.08208493
0.7702996702996704,0.64917403,0.9459398,0.94131285,0.10309432,0.1568127,0.2842148,0.03828752
0.8231047151047153,0.61415493,0.9533518,0.9625102,0.13312204,0.12481839,-0.6281841,-0.3415445
0.7247056007056007,0.76524186,0.95557564,0.9555742,0.13890898,0.09963398,1.0445061,0.9395872
0.8041326721326723,0.6561445,0.9728245,0.95597893,0.096626215,0.11318715,-0.3667394,-0.083768494
0.807915183915184,0.6533299,0.9535563,0.95768964,0.112879366,0.12342415,0.17632613,-0.118962996
0.8612138012138014,0.6574344,0.96350837,0.95881194,0.12244409,0.19042347,-0.09958591,-0.018974468
0.9124552684552685,0.70400757,0.99257183,0.9800356,0.12792392,0.13678403,-0.42175353,-0.1278239
0.9152708792708794,1.3930403,0.9648514,0.97099966,0.8891615,0.3341378,-0.36494336,-0.27423647
0.7806095766095767,0.7680334,0.9174201,0.9420595,0.25118256,0.23787688,0.33420974,0.37305278
0.8656722376722377,0.7072584,0.9862433,0.96097356,0.15343107,0.28235328,0.64781797,0.6441302
0.8804663324663327,0.62063986,0.9767491,0.97507286,0.09399064,0.10554335,0.638641,0.5732029
0.908071268071268,2.3625028,0.98765194,0.9871653,0.13303053,0.8002261,0.2533522,0.1326794
0.8099923019923021,0.64998484,0.96711457,0.9590601,0.09922889,0.12512745,0.32125118,0.09941191
0.8986369066369068,0.57934654,0.9851797,0.98818713,0.092220105,0.07782688,-0.005900916,-0.033152323
0.8577538257538259,0.8868115,0.94745266,0.96213895,0.366391,0.245015,0.61553913,0.16127136
0.910944502944503,0.60421014,0.99044645,0.9845802,0.059877086,0.082925834,0.59080416,0.47476754
0.9005545325545325,0.6239833,0.9792113,0.9770202,0.10263737,0.13316336,-0.0050086062,0.13276401
0.8818758898758899,0.6300144,0.98043823,0.96687144,0.10956488,0.15523879,0.56532407,0.31771424
0.8804799644799646,0.99054563,0.97893435,0.95848686,0.37436277,0.42111757,0.07267675,0.33454263
0.8963289683289685,0.7014885,0.988021,0.9775629,0.12284225,0.16402003,0.3624305,0.38889167
0.908890208890209,0.8321104,0.97730696,0.98260796,0.13985485,0.10287579,0.6207308,0.54238445
0.8383686343686345,0.79874,0.96942943,0.96483386,0.21717103,0.14828616,0.3183564,0.45092562
0.8035177555177556,0.6511714,0.9641771,0.97164154,0.09005452,0.06536118,-0.90408325,-0.8519285
0.9474241794241794,0.7227379,0.98524785,0.9847615,0.15201074,0.14766634,0.5108062,-0.17594032
0.7663077223077225,0.6172366,0.9416164,0.9514928,0.13366134,0.11689477,0.51844716,0.19100791
0.7263369303369304,0.54056585,0.9423171,0.9591376,0.099376604,0.060042635,0.84694177,0.8594273
0.8328841368841369,0.93103266,0.9604503,0.963355,0.25654602,0.20237122,0.04142196,0.12643838
0.9067254907254909,0.95792973,0.9854126,0.96627146,0.32941523,0.34369636,-0.20379208,0.2354965
0.7563674486365509,0.58672774,0.9428851,0.9492121,0.11962876,0.0862972,0.4774272,0.6996851
0.8514909834909834,0.7805784,0.9786391,0.96395034,0.16961853,0.13743725,0.41098356,0.014072141
0.8617758457758458,0.76447797,0.9669508,0.9590372,0.16887495,0.17928444,-1.1189462,-0.2947922
0.9210960210960212,0.60221386,0.9725532,0.9804114,0.10387451,0.09770565,-0.12685962,0.124458686
0.8350349110349111,0.46515852,0.9669643,0.9599002,0.07094694,0.09853378,0.05736017,0.1551781
0.8607606687606688,1.0114576,0.9703495,0.97800624,0.19094922,0.14422219,-0.5116977,-0.45387024
0.849889365889366,0.6445278,0.96284175,0.97516394,0.12425549,0.080808885,-0.44410092,-0.4714084
0.9389859749859751,0.86235815,0.9893202,0.98930764,0.11335064,0.16061339,1.3629799,0.30881947
0.9055745575745577,0.68647397,0.96760833,0.97819346,0.1268948,0.12399229,-0.33935347,0.192697
0.6757640557640558,0.6505355,0.9585767,0.96182483,0.057422727,0.08356756,0.5056774,0.35939565
0.8483212883212884,0.57593405,0.96623087,0.9619301,0.11607982,0.120565705,0.3390564,0.13669233
0.9238652998653,1.038223,0.98192585,0.96960413,0.4081819,0.518849,-0.060717434,-0.34314784
0.5717468357468357,0.7164347,0.9097386,0.9457472,0.14297946,0.09933483,-0.62594336,-0.6714595
0.7832712152712153,0.66484416,0.9524083,0.9611762,0.08100448,0.07143416,0.6086753,0.17436783
0.9516641316641319,0.7193558,0.9892693,0.98594767,0.12762031,0.14017174,0.09324653,0.0744076
0.9338238698238699,0.7563724,0.99452776,0.9863693,0.11638007,0.12390013,-0.39525023,0.42656323
0.9112101832101833,0.91982424,0.9734657,0.9688537,0.20373805,0.40012625,0.08588169,-0.42817023
0.8322521082521084,0.5849475,0.9735705,0.9720935,0.0680369,0.06442386,-0.09751276,0.1990045
0.9355136155136154,0.9101879,0.98985475,0.9902399,0.099185556,0.111046165,-0.35849333,0.10431005
0.8457553977553978,0.75841284,0.9686975,0.9639843,0.17139849,0.14629665,0.12666544,-0.084856376
0.6729135369135368,0.799736,0.917614,0.9479543,0.22569332,0.1566971,-0.014430766,0.16928655
0.9015437535437536,1.0098339,0.9622186,0.9618378,0.3082242,0.5829401,-0.10876945,0.1919457
0.8920215040215039,0.9174757,0.9575268,0.9633272,0.35203743,0.3228774,-0.4516466,-0.005034309
0.8692596652596654,0.6870644,0.9734316,0.9632843,0.1250183,0.1519706,0.5448074,0.3195686
0.8520146760146761,0.8365591,0.96278554,0.96797997,0.151666,0.085437596,-0.44742787,-0.34564084
0.8152681432681433,0.99807096,0.9651674,0.9592851,0.28468105,0.35395068,-0.33585083,0.22037013
0.9390304110304112,0.906458,0.98861444,0.9786852,0.18113977,0.29577938,0.8444211,0.2111911
0.8753045153045154,0.6439466,0.9613565,0.969897,0.10731132,0.081351176,0.44098693,0.41939637
0.8416726696726696,0.82408684,0.95820564,0.95918983,0.22975329,0.2606098,-0.43516174,-0.31036666
0.9227709827709828,0.798115,0.97915196,0.97741425,0.20981269,0.22849739,0.69842553,0.019498745
0.9105360705360707,0.9105993,0.9764523,0.96469986,0.31350312,0.3558501,-0.40990093,-0.04764668
0.8952166632166633,0.8554862,0.9899734,0.96286637,0.25092804,0.39323133,-0.70828223,-0.044129495
0.8457481017481018,0.8223883,0.99005824,0.9653402,0.16958186,0.26482543,-0.34528747,0.22490266
0.7461651501651502,0.6304796,0.95711523,0.9569104,0.08205115,0.10130575,0.09497428,-0.08529962
0.8690905610905613,0.83216465,0.96123654,0.9576786,0.18962324,0.17750317,-0.7016918,-0.6631946
0.9457732177732179,1.0407517,0.9848895,0.98353374,0.2996218,0.294469,-0.12139921,-0.06435221
0.816896424896425,0.87059957,0.9401975,0.9758681,0.23120074,0.098790854,1.2063456,0.58746517
0.8275844515844516,0.6810441,0.97753835,0.97140384,0.10115522,0.11530379,-0.2059831,-0.19605054
0.8615861255861258,0.7034331,0.9693174,0.9748019,0.14549907,0.10118297,0.21989124,0.389254
0.8425629025629027,0.8013371,0.9492649,0.9657683,0.21698713,0.16859482,0.42949674,0.20862417
0.877973881973882,0.9510708,0.9669282,0.9726385,0.274369,0.14317398,0.09298901,0.43651083
0.955000579000579,0.90990645,0.990108,0.98608047,0.24600649,0.19564445,0.0500757,0.11089008
0.9387460107460107,0.9123902,0.98962677,0.9870088,0.20633559,0.20415144,-0.3932337,-0.2616393
0.884935772935773,0.72726405,0.9880421,0.9603307,0.17979197,0.27121797,-0.9442874,-0.15385261
0.6392485232485233,0.63014543,0.96879494,0.96202946,0.06482214,0.07033834,0.9640556,1.1263926
0.8640542880542881,0.82866025,0.96695065,0.9649363,0.23383236,0.16748442,0.7008814,0.36180875
0.868936708936709,0.69540316,0.9748159,0.9644858,0.1723419,0.18385755,-0.23417354,-0.1798525
0.820876720876721,0.76576096,0.9547166,0.9550238,0.15020776,0.21235342,-0.5795549,-0.54343927
0.7487739767739767,0.4356989,0.9176728,0.94912225,0.067981966,0.07650794,0.5094458,0.323872
0.946096198096198,0.9857903,0.98983824,0.9781815,0.30616453,0.31788468,0.012213156,-0.058544517
0.7395154995154997,0.7923117,0.94737744,0.95700103,0.19537225,0.16594718,0.20640793,0.2338115
0.8938147498147498,0.6307844,0.97403693,0.96742326,0.08485032,0.17725514,-0.07890808,-0.31805062
0.8326785766785767,0.76179254,0.96607316,0.9650319,0.14053732,0.20162538,-0.031612754,-0.11658282
0.9355721395721396,0.8365592,0.9760585,0.9794388,0.2213561,0.22862312,-0.19025181,-0.14173877
0.8817374337374339,1.0082198,0.93611187,0.9552433,0.39548573,0.5127758,0.31373617,0.2605653
0.9494136974136975,0.8903386,0.9738564,0.975914,0.3375767,0.34812778,-0.41182482,-0.10990078
0.9063848703848705,0.84228164,0.9620034,0.9656723,0.18543665,0.17502294,-0.59369737,-0.087310135
0.8132996012996013,0.7239045,0.9528512,0.9546484,0.20280857,0.20943898,-0.17545931,-0.12669218
0.5640479520479521,0.6149977,0.94439465,0.9376129,0.09606097,0.077997304,-0.41295195,-0.5679059
0.9011577251577253,0.9172988,0.9689932,0.9675143,0.2221452,0.3183158,0.6635501,0.27857167
0.6250141570141571,0.75333476,0.9618585,0.95252323,0.09374356,0.14934729,-0.3933033,-0.403037
0.7886098286098286,0.81258404,0.9792851,0.97345185,0.13702773,0.10822537,0.65188867,0.8178898
0.8784690624690625,0.62246233,0.9709794,0.9678026,0.068232715,0.14209595,0.07601444,0.21157289
0.7684903804903807,0.68311,0.94162834,0.94690484,0.12397314,0.13143156,-0.52042663,-0.54259354
0.8933434373434375,0.86624056,0.9716953,0.96638775,0.20008196,0.2652126,0.87893003,0.64883107
0.8445014685014685,0.7987379,0.9313582,0.9593175,0.25982103,0.20681596,-0.08362642,-0.3315691
0.8820287940287941,0.91470695,0.97520256,0.9728683,0.19805855,0.273785,0.6555285,0.4562201
0.8673601833601834,0.85149723,0.9928433,0.95825636,0.18586864,0.3354722,-0.32440537,0.3466475
0.9086204966204967,0.70906353,0.9838545,0.97758335,0.11596605,0.1456481,0.14439274,-0.006305981
0.9406479766479768,0.87386215,0.98392904,0.9841089,0.16841534,0.1945755,-1.1088687,-0.43063143
0.8686243606243608,0.67418176,0.9639231,0.9565202,0.12999704,0.16387907,0.345647,0.3560203
0.940956832956833,1.0004619,0.9798736,0.9840841,0.30904087,0.3186731,-0.5548428,-0.2229933
0.9355522435522436,0.8059039,0.98498297,0.97554934,0.13746509,0.32866183,-0.015910424,-0.23008105
0.7664405144405145,0.7479885,0.9544194,0.95813125,0.14272872,0.12381719,-0.7232645,-0.4144354
0.8585107265107266,0.57177925,0.9550504,0.966846,0.09128841,0.115186244,-0.19340625,-0.25633484
0.9352305832305833,0.9220861,0.98889244,0.98311275,0.22689883,0.15926647,0.50503343,-0.2624507
0.8742969582969584,0.58410877,0.9692004,0.9672991,0.11494983,0.12374685,0.12920189,-0.007617205
0.9128464568464569,1.007044,0.9714132,0.97214836,0.41917446,0.29770008,-0.16194925,0.039120138
0.8637782397782398,0.81478554,0.9806466,0.9692231,0.17453615,0.17801353,0.12992622,-0.21718368
0.9003594723594726,1.2791597,0.96329874,0.95756584,0.7486201,0.86160064,-0.23421873,-0.055442255
0.9530152130152131,0.7979224,0.9920258,0.9848672,0.108219214,0.13961989,0.37793332,-0.26877472
0.8923424083424084,0.8715179,0.97784567,0.97127783,0.19501592,0.24336043,-0.7984068,-0.7799004
0.8735793815793815,0.74001914,0.9642261,0.95635784,0.13214982,0.15576407,-0.22277987,-0.11460966
0.8830958437451313,0.79047465,0.97968185,0.97672313,0.12619828,0.16274513,-0.13966976,0.047588907
0.9025092265092265,1.027805,0.9692576,0.9549299,0.48803645,0.56162524,-0.16489157,0.16000544
0.6992096912096912,0.5841191,0.94574374,0.94501394,0.08803784,0.10367542,-0.46393117,-0.54067457
0.9210791010791011,0.68372154,0.98765665,0.98336273,0.05904503,0.10789009,-0.51537234,0.15214954
0.9480770160770161,0.96522623,0.9794252,0.9838191,0.26791212,0.21313019,0.07591998,0.07281717
0.7297293097293098,0.5653007,0.951036,0.9355175,0.06599158,0.1382303,0.2622143,0.23952955
0.905910821910822,0.96324635,0.9871505,0.95903414,0.28873026,0.41999787,0.15153082,0.45486185
0.9375557535557537,1.0798007,0.9850418,0.98187596,0.2892727,0.41735813,0.22140408,0.023606854
0.9256237816237817,0.6983147,0.9740643,0.96696603,0.20202917,0.24487257,-0.6031508,-0.3696777
0.9034327114327114,0.7943824,0.9735873,0.97577995,0.18077509,0.19173673,0.26618314,0.24312569
0.6365031605031606,0.53031427,0.9234954,0.9389002,0.06942444,0.09576098,0.36685604,0.33314073
0.9303864783864785,0.8815203,0.9833096,0.9870944,0.19266917,0.19496515,0.70047575,-0.04982378
0.8390343470343471,0.8175645,0.9573875,0.9583881,0.22363341,0.18508705,0.8882229,0.42763862
0.7946348546348547,0.68649334,0.96197677,0.97035116,0.11929377,0.13026471,0.5890164,0.63716054
0.9210227970227972,0.7406953,0.98103315,0.9734052,0.14931712,0.19305374,0.5770513,0.13104455
0.8948254628254628,0.68826926,0.9656813,0.97286,0.13594727,0.12775303,0.43272927,-0.0054673553
0.8996032556032557,0.95807165,0.97234845,0.969196,0.27701417,0.33469355,-0.32750118,-0.698936
0.6200694200694201,0.65056515,0.9210677,0.93990034,0.098257236,0.1566192,0.67487746,0.6444098
0.8374225414225415,0.60607916,0.946073,0.95731735,0.11642579,0.117849454,0.468226,0.24888356
0.8551383991383992,0.7458578,0.95808524,0.9650689,0.19586213,0.20268464,-0.4893728,-0.35852644
0.8312254232254233,0.69484633,0.9469212,0.95344293,0.15981479,0.12521523,-0.3368713,-0.39759785
0.9268702228702228,0.98830074,0.9881252,0.9783745,0.29861215,0.355868,-0.04693108,0.26884153
0.8758213678213679,0.65129316,0.9768017,0.9723565,0.099318236,0.15916187,0.20340161,0.269899
0.9439643959643959,0.7138845,0.98740333,0.9837241,0.092746094,0.1485774,-0.47537392,-0.36864698
0.8777810657810659,1.0040758,0.99428046,0.9618132,0.22266433,0.34181294,0.10722229,0.79981107
0.7854711534711536,0.6199274,0.95968264,0.94841594,0.12620477,0.16875969,0.6338432,0.8635974
0.9293692853692855,0.7875151,0.98386544,0.9860995,0.083828725,0.16260494,0.10194595,-0.064991795
0.8710398070398071,0.7435565,0.9587793,0.96295327,0.1513879,0.15806532,0.09227039,-0.0124679515
0.8628526068526069,0.7440979,0.9607707,0.96662194,0.1555619,0.20187525,-0.6261675,-0.32172492
0.8664841824841825,0.9761843,0.9936263,0.96624494,0.21681875,0.30095544,0.35597253,0.84057176
0.937733965733966,0.61976755,0.9882267,0.98125243,0.06935738,0.13905303,0.5601311,-0.09361787
0.9151148071148072,0.9104189,0.98630893,0.9880558,0.17824352,0.11660114,-0.014404011,-0.85001564
0.816919812919813,0.7606736,0.95842487,0.9656692,0.17802887,0.16166437,-0.3084065,0.04938872
0.9397375717375718,0.79848623,0.9880875,0.9837639,0.11493928,0.1920353,-0.2106338,-0.023515306
0.8797323277323278,0.77780837,0.9687411,0.97637415,0.14855051,0.14776127,-0.5554505,0.14299051
0.7828622548622549,0.8023672,0.9479659,0.95398235,0.1806397,0.20903106,0.3383077,0.49151638
0.7487917727917728,0.7600042,0.94977885,0.9566459,0.16348533,0.121876605,-0.17047356,-0.24750765
0.8091158931158933,0.7171688,0.94789857,0.9529637,0.16734973,0.16425034,-0.8140976,-1.0559154
0.8941602781602782,0.95634896,0.96666837,0.967147,0.2834155,0.30547693,-0.71605885,-0.83273727
0.9355315795315796,0.9424652,0.9915712,0.98996645,0.17795935,0.18892658,0.16671987,0.5131407
0.9393745833745833,0.8316989,0.98101836,0.9804079,0.19122735,0.20141579,0.41981098,0.5812553
0.9146599226599227,0.94763297,0.9547358,0.9724838,0.34267682,0.22681814,-0.035095405,0.038737092
0.5753631833631834,0.69001484,0.93845856,0.94281846,0.09828393,0.10309685,-0.4050014,-0.25754428
0.8005233805233806,0.8277808,0.92952627,0.9501437,0.26335788,0.15204935,-0.60068756,-0.5776021
0.8901596541596543,0.67462313,0.98451865,0.9703489,0.10983553,0.17813818,0.1910911,0.5279059
0.880888756888757,0.77621,0.9937902,0.964608,0.16841209,0.24329175,-1.082497,-0.003354299
0.8947617547617548,0.78529793,0.94803584,0.9571817,0.24400902,0.20099968,-0.8060579,-0.70238674
0.8797669597669598,0.6962889,0.95177287,0.9634018,0.19170201,0.18045138,-0.3123008,-0.2078997
0.7727144807144807,0.69335014,0.9690321,0.9454399,0.119769104,0.16213395,-0.86465895,-0.9388672
0.9547740667740668,0.7494816,0.98594964,0.98500836,0.14372748,0.13685817,-0.75248575,-0.17110719
0.9256214896214896,0.98292494,0.9837769,0.9893218,0.16694818,0.13573919,0.16992144,0.03783628
0.6755315675315675,0.67660785,0.940907,0.95099187,0.106473856,0.10801586,-0.25145015,-0.22656901
0.840015276015276,0.5999851,0.9686148,0.9655942,0.08320232,0.1292358,0.25236332,0.17572826
0.9063623583623585,0.62123686,0.98915535,0.9761825,0.0642009,0.11185263,0.55387473,0.5606705
0.8264701784701785,0.7208535,0.95618904,0.9510168,0.13681623,0.1444589,-0.112258,0.28130782
0.8344863784863785,0.88342035,0.9420503,0.94967157,0.38447472,0.2856078,-0.2687475,0.0490108
0.8322648282648284,0.72882706,0.9551067,0.95311993,0.1589184,0.17623115,0.12335352,-0.19272284
0.7755166035166036,0.8411438,0.92313653,0.9515259,0.2740728,0.14889288,-0.36172238,-0.48403874
0.8560276720276722,0.8224197,0.9545485,0.9626785,0.22279608,0.23454835,-0.10655743,-0.12032894
0.8403408243408244,0.99087214,0.9701577,0.9623427,0.2859086,0.3353615,-0.29779023,-1.077783
0.6980868380868381,0.5825677,0.94520336,0.9428118,0.09566869,0.086335786,0.35560498,0.565311
0.9400940440940441,0.8439483,0.9856214,0.9898256,0.13687225,0.15686677,-1.097727,-0.40763372
0.9124815124815125,0.89833635,0.9795654,0.9654352,0.19861974,0.42104226,-0.20786972,0.19359168
0.839966555966556,0.6614527,0.9804037,0.96817744,0.08620653,0.14835677,0.5598561,0.6791045
0.8485141045141046,0.7082309,0.9574076,0.9638334,0.21889807,0.14999427,-0.26456505,-0.14453416
0.8278915678915679,1.0180776,0.9699734,0.9732463,0.24012427,0.30947596,-1.407896,-0.9110731
0.8515701595701596,0.6707392,0.9762999,0.9710378,0.13688806,0.10127457,0.16780317,0.79699236
0.9130138330138332,0.50199074,0.98173094,0.96933895,0.08057095,0.123036884,0.63342005,0.4629177
0.900925860925861,0.6128948,0.97257257,0.974377,0.084865816,0.12899663,0.63374716,0.34775063
0.8631266631266632,0.59134996,0.9736035,0.97255504,0.1012896,0.10151139,0.663704,0.42866376
0.8816039936039936,0.7020694,0.96494853,0.96656,0.12518261,0.14560683,0.22765245,-0.27900702
0.9037924717924717,0.89675635,0.96638143,0.973412,0.18646584,0.2818498,-1.4154704,-1.0582936
0.944958008958009,0.77267885,0.9909093,0.98834366,0.084340714,0.14639075,-0.075081185,0.119939916
0.8213254373254373,0.5598544,0.96175635,0.9505258,0.08012522,0.14957039,-0.85198265,-0.4661395
0.8694062334062335,0.7031835,0.97388905,0.97225577,0.095754996,0.13861993,-0.17776883,-0.54206014
0.7747538947538948,0.57647616,0.9632566,0.9627863,0.04847176,0.095399395,0.2541021,0.31139484
0.905964005964006,0.79900646,0.98719877,0.98030466,0.1798543,0.14843683,-0.6079458,-0.28916255
0.738976722976723,0.5896333,0.9637,0.9643513,0.083735995,0.09374735,0.3228674,0.28835726
0.6098288738288739,0.66376275,0.9489965,0.94887906,0.07995517,0.13061334,-1.0571973,-0.94423527
0.8989879189879192,0.66866404,0.9768378,0.97961205,0.13221121,0.08824793,-0.060918227,-0.30113226
0.6387549387549388,0.7273947,0.9255279,0.9490385,0.11777663,0.12804672,0.7671642,0.78317815
0.881010845010845,0.54396653,0.971719,0.9643476,0.061152488,0.11178411,0.061532766,-0.013888068
0.909898545898546,0.6910875,0.98231757,0.97268134,0.113431945,0.21332532,-0.10139921,0.48657292
0.9185509265509265,0.96850586,0.9821721,0.96765435,0.38681504,0.47700408,-1.1002594,-0.10991372
0.8828713148713149,1.1708046,0.96607554,0.946806,0.588489,1.0847051,-0.44744772,-0.081133544
0.8306802626802628,0.97720397,0.95438313,0.9589024,0.27753535,0.24131753,-0.1342595,-0.45426935
0.8988522948522948,0.81765604,0.97386724,0.9731995,0.2015394,0.21244493,0.9582681,0.21589899
0.8913725913725913,0.616776,0.9653049,0.9714554,0.123251565,0.14347044,0.56494373,0.29485908
0.926861642861643,0.900238,0.9799566,0.9651546,0.3024421,0.46699822,-0.15627441,-0.37247023
0.8479683079683081,0.68793964,0.9656886,0.9676519,0.09225773,0.0801676,-1.3548962,-1.1993234
0.7861729621729623,0.6163252,0.96840674,0.96416974,0.122773506,0.095344044,-0.2342961,-0.71768373
0.6987725787725788,0.828088,0.9081062,0.9543672,0.23073646,0.12462621,0.1052896,0.13687284
0.7580378060378061,0.64242655,0.9544991,0.96826875,0.08266551,0.07433192,0.33628333,0.65947914
0.8553211953211953,1.186209,0.9618687,0.9620107,0.37308878,0.49342462,0.20216879,0.7508062
0.9054032214032215,0.9709371,0.99355036,0.9668807,0.26508188,0.31541413,-0.1963928,0.5919414
0.7148395748395749,0.5432859,0.9282024,0.9442195,0.08191688,0.09882965,0.5251513,0.53706896
0.7044041004041005,0.5283128,0.94456846,0.9482343,0.07761209,0.09058672,-0.36931774,0.022476422
0.8422005142005143,0.8482481,0.96269196,0.96539605,0.1851424,0.20430867,0.56545144,0.5675077
0.8960266760266762,1.2244263,0.9681136,0.95563567,0.6025416,0.7733771,-1.3908958,-0.5817213
0.8765758445758446,0.8974005,0.9596518,0.9678561,0.23791724,0.23951498,-0.7868093,-0.48744065
0.82597848997849,0.5154154,0.9649499,0.9661542,0.071275875,0.07277155,0.39663413,0.17330875
0.89992457992458,0.6826574,0.98400265,0.97149485,0.12243256,0.1793592,-0.3664808,-0.45925373
0.8521854841854841,0.9182129,0.9890701,0.98967004,0.111351006,0.26630813,1.2943487,0.8222823
0.9409811329811328,0.91682637,0.97648376,0.9843504,0.27465987,0.18354721,0.007982578,-0.2510588
0.9321396561396561,0.68517447,0.9923873,0.99027115,0.081699155,0.11219924,-0.78165823,-0.09966001
0.9653174062133584,0.8515435,0.9949172,0.9888646,0.10870934,0.24153289,0.41654205,0.19463462
0.9088975888975889,0.94784826,0.98369855,0.95627046,0.34154847,0.48013785,-0.17580067,0.43357545
0.847840795840796,0.804311,0.9862433,0.9566373,0.15343107,0.24752726,0.64781797,0.8967788
0.8487313407313408,0.62695473,0.95857924,0.9495887,0.12246415,0.20064536,0.23425949,0.04207208
0.7964262764262765,0.7307691,0.9645912,0.9472403,0.14171018,0.1435317,-0.17146422,0.22471991
0.9367855447855448,0.7668834,0.9800149,0.98245305,0.16227266,0.12777041,-0.122801036,-0.2373994
0.845935553935554,0.745571,0.96890265,0.96156585,0.18073405,0.18229558,0.40196347,-0.16121711
0.8145073905073905,0.7294369,0.94602716,0.94871527,0.17025712,0.1431132,-0.8771686,-0.49282393
0.8935501135501136,0.8019164,0.9815445,0.9779926,0.16548201,0.17136553,-0.29795456,-0.11758961
0.9271063111063111,0.7620812,0.98875785,0.97893304,0.107297026,0.18681003,0.52019644,0.44804224
0.8806891126891127,1.086566,0.9550885,0.9553149,0.46374628,0.58030987,-0.55794775,-0.20538375
0.709987681987682,0.6501066,0.9417173,0.93644863,0.10183133,0.10409077,-0.43307063,-0.18816508
0.7706605346605347,0.7393736,0.95665,0.9559224,0.1331891,0.09527899,0.75876886,0.6500047
0.9424478344478346,0.9485204,0.9718348,0.9766158,0.32800058,0.34581134,0.6452654,0.3186879
0.5693407733407734,0.6388751,0.9043527,0.93284976,0.08205921,0.13459304,0.28674537,0.51558304
0.8812029652029653,0.78896713,0.97140956,0.96858096,0.15754768,0.16243179,0.58916026,0.4639907
0.8271809511809514,0.8115601,0.9862433,0.9637841,0.15343107,0.15722193,0.64781797,0.79020095
0.9309640509640511,0.87121916,0.9861549,0.973294,0.28593764,0.36534917,-0.044995427,-0.22701266
0.8285974445974448,0.5938457,0.9321358,0.9482063,0.09202215,0.13437633,0.011544372,0.16645475
0.6960515640515641,0.6124014,0.9522221,0.952629,0.08741257,0.09114197,-0.5565807,-0.63924366
0.881934881934882,0.8601685,0.96900165,0.96162903,0.2515017,0.33146986,-0.38939482,-0.27770746
0.8704171024171025,0.73555815,0.950777,0.95604104,0.16980378,0.1999334,-0.3496628,-0.37702352
0.8718343038343038,0.8072894,0.97933173,0.9616103,0.15627292,0.18935683,-0.7647744,-0.5642444
0.9263569971360683,0.7142909,0.9863486,0.976666,0.12686141,0.15776956,-0.8978993,-0.30163753
0.6411075771075772,0.7806021,0.9197109,0.9294253,0.1928113,0.1460475,-0.33928707,-0.34195304
0.7845133725133725,0.53974134,0.9548122,0.9516329,0.07840475,0.08172553,-0.07378136,-0.26933646
0.8206664086664086,0.72846055,0.9576729,0.95430595,0.19404784,0.12522648,0.3320636,0.36682162
0.8697199617199618,0.8706419,0.9842716,0.9649718,0.15320916,0.265896,0.13241929,-0.14164934
0.5353462513462514,0.53814024,0.90143085,0.9369902,0.08716741,0.07154926,0.8262358,0.6427176
0.9587762747762749,0.85610396,0.9944713,0.9891467,0.14392063,0.18442957,-0.76314014,0.060747333
0.8067330747330748,0.6431718,0.92763174,0.9384298,0.15515827,0.18153043,-0.47449735,-0.30395356
0.8780926700926702,0.78201747,0.9901156,0.96561855,0.16519879,0.18157846,-0.7431488,0.1875031
0.7115051795051796,0.6776326,0.95187855,0.95444095,0.1261703,0.13102065,0.0667204,0.32419837
0.9290108450108451,1.0271558,0.98852533,0.985427,0.13834846,0.11662699,0.03069294,-0.37581605
0.8627591507591508,0.8386849,0.9617233,0.9641956,0.2667751,0.20181556,-0.54590243,-0.24422038
0.9089717369717368,0.9399336,0.9818752,0.97077155,0.2428057,0.32139426,-0.114867665,-0.088250354
0.8197920157920158,0.87383014,0.9675234,0.95375264,0.21831049,0.15742947,0.13465351,0.008068441
0.9147352827352827,0.81684446,0.9882929,0.9671816,0.21975414,0.18208921,0.36599013,0.5411162
0.8659220539220539,0.975382,0.96232307,0.9539393,0.32971478,0.41036946,-0.29506102,0.22333296
0.8975495255495256,0.93739414,0.9484414,0.95730054,0.37019837,0.441652,0.31133363,0.28895473
0.8425174105174106,0.63813066,0.9749594,0.9561818,0.09159735,0.14956446,0.7801722,0.8205324
0.857101277101277,0.9308872,0.9394905,0.9458197,0.33245283,0.49716225,-0.00074714574,-0.017793216
0.8995936795936796,0.9845063,0.97893435,0.9569151,0.37436277,0.36063984,0.07267675,0.3923805
0.7680709080709082,0.7452407,0.9489545,0.9378551,0.14001952,0.25363547,-0.072669275,-0.084739715
0.8279763839763841,0.7351836,0.9565066,0.9593972,0.12401107,0.11807438,0.124520294,-0.16701913
0.9060870060870062,0.7789217,0.9851048,0.97423106,0.15337782,0.23663507,-0.013768034,0.39540407
0.7711510351510352,0.79821503,0.915426,0.9591227,0.1951393,0.10228582,0.10501984,0.07993717
0.6932658572658573,0.6907228,0.93353266,0.94133943,0.17270306,0.09182658,-0.3647098,-0.1975376
0.9146330906330907,0.93269366,0.96727955,0.9602194,0.3978573,0.4149642,0.4107078,0.3679008
0.8181813621813622,0.71795136,0.9470892,0.9695677,0.14541706,0.10473591,-0.068610355,-0.4069644
0.8521188961188961,0.62299424,0.96738803,0.9654075,0.09383274,0.12372976,-0.06626555,0.04765488
0.7927899847899849,0.92658496,0.9336118,0.9416748,0.3241509,0.21536843,1.182497,0.74970883
0.8233647193647193,0.690617,0.9687346,0.9594508,0.14721829,0.14644141,-0.23299128,-0.17524736
0.9072863952863953,0.86297566,0.9722397,0.9802492,0.2236257,0.14159057,-0.14720924,-0.23494916
0.8594822474822476,0.75721407,0.9391147,0.96025676,0.2374064,0.1610516,-0.4108815,-0.35727468
0.7640804480804482,0.84868324,0.9319775,0.94943494,0.3011326,0.13024747,0.09442212,-0.034773193
0.7474069594069594,0.779055,0.9354975,0.93417996,0.14650072,0.21388109,0.06058521,0.069404915
0.9426625626625628,1.0490957,0.9838187,0.98332405,0.2771149,0.38728812,0.1508996,-0.10390849
0.7536995856995857,0.78558,0.9382217,0.9496638,0.15955383,0.1340468,-0.14630735,-0.19851533
0.7570900330900331,0.7360163,0.9574954,0.96179384,0.13742602,0.10988692,1.0560331,0.66677856
0.7365011325011326,0.6850052,0.938093,0.9415835,0.14385317,0.18497902,-0.10213747,-0.1773256
0.8621100221100221,0.78572667,0.9799626,0.9626675,0.16823949,0.13704704,0.35968167,-0.018793428
0.9007336927336929,0.57479125,0.9755921,0.96168953,0.07621883,0.12769315,0.9819656,0.7018029
0.839034383034383,0.67023957,0.9589498,0.95818484,0.12612072,0.11120617,0.30455914,-0.04502618
0.8744431664431664,0.7812234,0.9660068,0.9519899,0.2283214,0.33284962,-0.38734055,-0.45968434
0.8271931311931313,0.6420277,0.96786475,0.9632743,0.12440902,0.10295525,0.49430624,0.109438084
0.9227107067107067,0.70353824,0.97464657,0.96893424,0.12869637,0.16731985,-0.7285333,-0.4850765
0.8796273516273517,1.0884757,0.9790991,0.95687765,0.40860328,0.49690354,0.037358798,0.23305817
0.9418417378417379,0.91568494,0.98540026,0.9812498,0.24247555,0.24801594,0.7255633,0.13278031
0.9124816924816925,0.8248531,0.9888777,0.9878969,0.14904648,0.114427246,0.8840534,-0.05495657
0.9258133218133219,0.5126143,0.9790593,0.985805,0.07669955,0.07428368,-0.04458201,-0.19174965
0.7480736320736322,0.6094452,0.9507036,0.9492145,0.070499465,0.08949225,-0.33311424,-0.17381129
0.9062732582732582,0.73169434,0.97368246,0.9766688,0.1549402,0.14967497,-0.94197744,-0.42531884
0.9161796521796524,1.0522019,0.9793614,0.9806517,0.30537707,0.33373097,0.7562902,0.5444048
0.8760450960450962,1.142914,0.99474347,0.9645981,0.27291045,0.4207231,0.05243449,0.6087123
0.888075936075936,0.9776288,0.96261895,0.97032386,0.31883192,0.22600257,0.05176391,0.14574845
0.8841061761061761,0.94248676,0.9631695,0.97573996,0.30389154,0.22609664,0.60314506,0.50655556
0.2025633105633106,0.5101988,0.8569484,0.9292781,0.07054459,0.061965853,-0.5036562,-0.57371086
0.9046798126798127,0.97606665,0.9730761,0.9610668,0.3506671,0.2567487,0.17429723,0.38478395
0.8975360495360495,0.7276715,0.9670408,0.9700231,0.16229713,0.20367503,-0.8852152,-0.44485018
0.857112581112581,1.0051135,0.9533071,0.95743436,0.44127607,0.21551952,-0.5299974,-0.2767148
0.890042006042006,0.6475985,0.9649426,0.96264744,0.17025205,0.15071332,-0.65923774,-0.14416578
0.8025636105636106,0.6941713,0.9479888,0.95487076,0.08201502,0.08820066,-0.5797422,-0.3460356
0.7864788064788065,0.66880834,0.96627384,0.95264167,0.09667981,0.18981767,-0.3055426,-0.41636
0.7315787635787636,0.6626949,0.94642985,0.94410676,0.09145895,0.08776479,0.17453381,0.49206808
0.7598151758151758,0.7185004,0.930211,0.95406735,0.15677877,0.13137503,-0.87219733,-0.6264706
0.9464937344937344,0.8517711,0.99317,0.99018127,0.09231734,0.13673347,-0.06518321,0.12330458
0.8097082041373288,0.7107016,0.97519034,0.9583667,0.08989008,0.229805,0.9101396,0.8089177
0.9152629232629232,0.6851723,0.9701204,0.97086823,0.13626917,0.12326975,-0.22335935,0.20613447
0.8934655494655495,0.6533402,0.96657306,0.98153275,0.099683076,0.09004012,0.8795618,0.43547872
0.9109799749799751,0.90503824,0.96096385,0.9583768,0.38144708,0.34881043,-0.066903025,0.08233798
0.9240366120366121,0.8550241,0.98929685,0.9817338,0.14339052,0.15801233,0.46553802,0.021630578
0.8902195702195702,0.6898867,0.97361,0.9739589,0.14694569,0.13482003,-0.2916441,-0.39157048
0.8977507417507418,0.7387682,0.97612506,0.98057353,0.12505795,0.13291653,-0.62703377,-0.6048825
0.8655911295911297,0.73330325,0.98028547,0.9714113,0.12900975,0.13205127,0.39769056,-0.30129007
0.720849660849661,0.80319357,0.95037246,0.9541869,0.14443223,0.18759175,-0.6597276,-0.36395395
0.8406331806331807,0.7363598,0.9618814,0.9527244,0.19229878,0.17666276,-0.3024873,-0.13832474
0.8621141021141022,0.8835111,0.9612074,0.9629407,0.19342461,0.19001251,0.2190343,0.18192077
0.7417978537978539,0.78201944,0.9271919,0.9478117,0.2191349,0.109721825,-0.5871434,-0.38169485
0.7464097704097705,0.5228622,0.9698802,0.93902826,0.063122116,0.07992866,-0.26858008,-0.18711896
0.6304527904527905,0.6840658,0.9397647,0.9489501,0.11624065,0.106181294,0.3310763,0.2784558
0.8788246948246949,0.60937786,0.99209565,0.97287536,0.085549474,0.15080962,0.1618188,-0.059012875
0.9338849498849501,0.5625039,0.9903244,0.97963154,0.07798692,0.0941808,-0.7111085,-0.15879221
0.8552881198539843,0.708373,0.9659166,0.9603212,0.12173794,0.18846352,0.017728016,-0.040596087
0.8271097791097792,0.57106733,0.952923,0.9563829,0.07829784,0.11866532,0.6882313,0.53793114
0.9062580662580663,0.8307514,0.9790192,0.9754057,0.12927811,0.18944228,0.10253606,0.63828176
0.8487655767655767,0.84123766,0.9674267,0.95852757,0.18955977,0.1938312,-1.3301562,-0.9511545
0.9305667905667906,0.76151735,0.98516995,0.9773007,0.13283505,0.19406526,0.30282637,0.47208053
0.830825522825523,0.8391383,0.94737315,0.95467436,0.25187638,0.25097087,-0.8093479,-0.48070085
0.9619029019029021,0.8929969,0.9905446,0.9870285,0.19897571,0.21147099,-0.43858212,0.1801828
0.8307099747099748,0.72027636,0.9520536,0.9507632,0.17485757,0.17876504,-0.06403488,0.30018702
0.8578013578013578,0.9227372,0.9922905,0.96165854,0.18345436,0.2776294,-0.027983494,0.6160287
0.9234410514410514,0.6760013,0.98767096,0.98585814,0.0721866,0.08028981,-0.27306858,-0.050878007
0.9110627510627511,0.83346266,0.96966916,0.9685693,0.28091267,0.25923702,-0.43246633,-0.53475124
0.7641281241281241,0.8052338,0.9559518,0.9583049,0.20998006,0.19503649,-0.27448854,-0.7214067
0.9091319011319011,1.2819477,0.9574876,0.9564933,0.6356718,0.5697035,-0.031640902,-0.2668048
0.8923234003234004,0.750961,0.9799092,0.9719118,0.18122612,0.20292072,-0.22549295,0.008873179
0.6965958725958726,0.73653084,0.9391112,0.9488914,0.15870611,0.14964156,0.67355984,0.47198546
0.7585957105957106,0.6431485,0.9205503,0.95451045,0.12200931,0.08754666,-0.59900767,-0.50339425
0.6944456504456504,0.62111765,0.9431356,0.95627445,0.11286554,0.09234513,-0.8842408,-0.8664925
0.8893928653928654,1.084741,0.9784337,0.9800095,0.2711064,0.26665297,0.81383145,0.40436512
0.8483571803571804,0.8154172,0.9949574,0.9693128,0.14346458,0.16582932,-0.102146626,0.7784216
0.6747969387969388,0.6727989,0.9237468,0.9479957,0.114288785,0.13921607,0.12610734,0.109689824
0.7204709044709044,0.53349984,0.9484476,0.945029,0.05904655,0.11049483,-0.34893835,-0.2613108
0.8693310533310534,0.6293187,0.9682346,0.9506373,0.10160536,0.18864915,0.20854372,-0.15598406
0.9060012420012422,1.05739,0.9789463,0.9602953,0.4000855,0.45990816,-0.9152323,0.32049903
0.8188235668235668,0.8610221,0.9655964,0.9620049,0.22755429,0.13222945,0.24238218,0.4791389
0.9625534225534227,0.93883103,0.98944527,0.98921835,0.23548749,0.23229717,0.44070995,0.28961784
0.8857218697218697,0.8188565,0.9389047,0.96416605,0.29074955,0.19803791,0.35197046,0.26081628
0.8456267936267937,0.7527513,0.9862433,0.9635909,0.15343107,0.21619909,0.64781797,0.9065681
0.9144122664122664,0.8799041,0.9760106,0.973681,0.1830388,0.2999225,-0.3731528,-0.071561225
0.9512080112080114,0.76499546,0.9823343,0.9766531,0.15547605,0.26293,-0.0002561951,0.09014996
0.9215980295980297,0.7610753,0.99195683,0.9878782,0.07241672,0.11506922,0.34038493,0.65644544
0.7723186123186123,0.6072509,0.95053744,0.9590078,0.11279785,0.0861395,0.026992403,-0.10338321
0.8897641217641218,0.5603584,0.9825856,0.9695899,0.058344685,0.108149976,-0.5377496,-0.45373556
0.7912256512256512,0.6797505,0.9853022,0.96897364,0.12402961,0.11621155,0.124784455,0.3890943
0.920951660951661,0.96722597,0.96436894,0.9690732,0.38584104,0.40332955,0.04618313,-0.1356904
0.9186592746592745,0.87030596,0.9911982,0.9857476,0.20454228,0.2187614,-0.114644624,0.41923687
0.8837909837909839,1.0271155,0.97893435,0.96350074,0.37436277,0.37768334,0.07267675,0.23312044
0.9210725610725612,0.702938,0.9856396,0.9825098,0.12893184,0.12839755,0.052655037,0.24974306
0.8600260520260521,0.9173959,0.9328071,0.9550387,0.35566765,0.37799123,-0.84872186,-0.7674224
0.7754335994335995,0.6006988,0.9531305,0.94891155,0.10802758,0.11226665,-0.5831595,-0.25772858
0.852862476862477,0.67859966,0.96407485,0.9695356,0.09775577,0.13106985,-0.42738277,0.036602158
0.7795034035034035,0.8628674,0.9735049,0.945259,0.19698624,0.22862397,0.054839097,-0.27271456
0.7160296520296521,0.92010313,0.9601492,0.95672077,0.24202529,0.14518543,-0.85714245,-0.70517933
0.8506872946872946,0.765858,0.9486147,0.95548725,0.23497865,0.20948555,0.043258317,-0.20383637
0.7065129225129225,0.5264077,0.96425503,0.9496421,0.062105093,0.07869006,-0.36719745,-0.38305318
0.8070418110418112,0.697102,0.96272,0.9550537,0.15878628,0.14620778,-0.3856928,-0.5021184
0.9102055782055781,0.88706785,0.957612,0.9676357,0.24570613,0.36438698,-0.55080676,-0.44688705
0.8097176937176938,0.85083795,0.95815617,0.9517848,0.23109144,0.20075297,1.0005562,0.8031405
0.9164667884667885,1.0410051,0.9737956,0.981161,0.33076438,0.21631916,0.54173225,0.3812046
0.8331475011475011,0.66092896,0.97919786,0.95670944,0.1148855,0.14573157,-0.041682605,-1.0262704
0.919876867876868,0.7770325,0.9773171,0.9762275,0.20927182,0.19356216,-0.35659605,-0.32799524
0.42467400467400473,0.6059773,0.9344205,0.93889993,0.06344655,0.08742408,-0.73361236,-0.8743274
0.8075551715551718,0.8529519,0.96153545,0.9633925,0.17314099,0.17666005,0.5769961,0.51131487
0.7514836634836635,0.62514853,0.96163654,0.9628786,0.09785669,0.076987475,0.09034786,0.23247325
0.8436082836082837,0.7675006,0.99156326,0.97061986,0.13616894,0.13118158,0.29488474,0.79293555
0.9032177072177071,0.67086375,0.97030777,0.96815825,0.121088974,0.124148116,0.08692295,0.40912098
0.8320644040644042,0.8012203,0.9862433,0.9634413,0.15343107,0.176949,0.64781797,0.8681285
0.8162517722517724,0.67360795,0.9293837,0.9661077,0.16942982,0.088684104,0.21818604,0.24287222
0.8836322716322718,0.7573646,0.9652044,0.96091044,0.16584548,0.22642097,-0.01040928,-0.059380252
0.8810935730935732,1.0457476,0.97893435,0.9625153,0.37436277,0.40122554,0.07267675,0.28125924
0.9456314616314617,1.0755363,0.99167764,0.98409134,0.2909155,0.3516435,-0.3714234,-0.24808335
0.850995862995863,1.2049093,0.9663591,0.9652979,0.5193248,0.45762956,-1.1076418,-1.0889293
0.9349905109905111,0.8232198,0.9819816,0.97797185,0.28302094,0.23774669,-0.31913033,-0.429072
0.9086489486489486,0.7680933,0.9750061,0.97260463,0.20955157,0.20422651,-0.63263565,-0.03126376
0.918745806745807,0.9192379,0.9921853,0.9782712,0.1461721,0.26818162,0.41804796,0.14698768
0.7885156165156165,0.653984,0.96840715,0.9502661,0.13249932,0.14850584,-0.09164486,-0.4529764
0.8447575607575608,0.8864304,0.9670623,0.9629672,0.30499882,0.239066,0.75804377,0.4775383
0.7988754548754549,0.63142145,0.96240866,0.968165,0.09422366,0.08458931,0.18719716,-0.16904429
0.8083789483789483,0.6321491,0.9718102,0.9584201,0.10608875,0.08762019,-0.04954394,-0.18346433
0.9506100026100026,0.97987986,0.9861854,0.985275,0.17717046,0.21788108,0.2050076,0.07387438
0.8385769425769426,0.9627698,0.9904079,0.9591957,0.20136614,0.40140504,0.49766627,0.87765944
0.8841947841947844,0.9847642,0.9581155,0.97497827,0.19630222,0.24261843,0.28358305,-0.08646246
0.8301543261543263,0.7345323,0.9669355,0.9595812,0.12980564,0.12578672,-0.20349276,-0.0908114
0.6592110592110592,0.55300736,0.9744145,0.9502273,0.054885276,0.071327105,-0.75989896,-0.7706884
0.8147782907782908,0.5316283,0.98301303,0.9654253,0.04816007,0.09362296,0.13010703,-0.09038257
0.8901219141219141,0.880828,0.9640578,0.9627879,0.3183373,0.34206018,0.33039108,0.010452276
0.9313824073824074,0.7790912,0.97374636,0.9799873,0.16904394,0.14052702,0.08822209,-0.22803001
0.8000535440535441,0.7263612,0.9517568,0.9638598,0.176419,0.13578774,-0.6577025,-0.43121716
0.8400691800691802,0.81427777,0.9689729,0.9684286,0.15426946,0.18960379,0.41372097,0.4497908
0.7525592125592127,0.5973015,0.9809434,0.9600141,0.0755963,0.10441808,-0.9124341,-0.87780154
0.8445723285723286,0.7641358,0.9503025,0.957888,0.2032676,0.2375904,-0.24658214,0.1298287
0.6268111828111829,0.59460163,0.92389464,0.95333314,0.08944875,0.087885685,0.77575064,0.7580319
0.7815592215592216,0.74883366,0.94828355,0.95378596,0.15356892,0.19627216,-0.07589678,0.073026724
0.929060213060213,0.8522335,0.9798026,0.9834618,0.14240785,0.14410129,0.04559588,-0.010145802
0.7825143025143025,0.5775035,0.9593736,0.9548527,0.07345694,0.09128867,0.6467887,0.8116371
0.8484043884043885,0.75755614,0.9946413,0.97531426,0.10138726,0.12660024,-0.8745004,-1.5349127
0.8794296394296395,0.6464096,0.9718472,0.9669292,0.1277867,0.11456921,-0.068359256,-0.18922926
0.6935437415437415,0.6764054,0.91236037,0.95590144,0.122792125,0.12002553,0.538436,0.49157748
0.7195150435150436,0.7674568,0.9485043,0.95660484,0.17566337,0.16096577,-0.3018327,-0.5086691
0.9188830988830989,0.74804705,0.9847939,0.9772579,0.10003343,0.19129471,-0.33643687,-0.070783556
0.8147372867372868,0.72118944,0.98464406,0.95746404,0.13029148,0.15314737,0.5026526,0.42253402
0.867873447873448,0.7666222,0.96231145,0.95902425,0.21702161,0.20306996,0.10853408,0.311049
0.9265927105927105,0.7415258,0.96878004,0.97872746,0.18204689,0.15746863,-0.6610565,-0.6210101
0.9609981489981491,1.1357261,0.99205256,0.9821948,0.35584065,0.56549346,0.84846544,0.2226403
0.8921460641460642,0.8533811,0.9711077,0.96680486,0.1757079,0.26249817,-0.19305578,-0.73303187
0.7135794895794897,0.61701655,0.9200463,0.95082307,0.1147805,0.067627795,-0.0022135791,-0.16469896
0.8374778134778136,0.72946936,0.9704459,0.9595991,0.1192634,0.2442336,1.1933136,1.1664683
0.86200279000279,1.0221156,0.9946224,0.97846025,0.22527707,0.24875604,-0.7833518,-0.8868676
0.9291278091278091,0.6603106,0.99395823,0.9803916,0.08623645,0.1021843,-0.11150338,0.18198767
0.8022983622983624,0.7922933,0.9631962,0.9568558,0.14237554,0.1523024,0.6841308,0.3857156
0.7035780795780796,0.58813065,0.9622779,0.9621082,0.049275313,0.088711485,-0.22802016,-0.21366481
0.7962858402858403,0.94148,0.9355982,0.95851237,0.32593575,0.21999204,0.3915885,0.52275187
0.8915785715785717,0.66179043,0.98251045,0.96551543,0.10731723,0.19639781,0.4380695,0.82709616
0.8831758151758153,0.86801827,0.971568,0.97097003,0.18903534,0.16073363,-0.009166276,-0.04209652
0.8783530823530823,0.6636843,0.94327086,0.9533203,0.14218837,0.17890891,0.18554644,0.19524187
0.8945026025026026,0.87383336,0.98116964,0.96945894,0.14713496,0.3034439,0.026518105,0.033092644
0.9197060837060838,0.98678654,0.98185736,0.9563228,0.427439,0.5586981,-0.21395038,0.2596786
0.8525345405345407,0.79482937,0.9862433,0.9549175,0.15343107,0.21624559,0.64781797,0.69293875
0.7896461376461378,0.74240565,0.9328948,0.94277537,0.20113686,0.1722659,-0.22225498,-0.1517689
0.9103555183555184,1.1734176,0.9664554,0.9588594,0.586859,0.47664443,0.10425581,0.02779038
0.8794889914889915,0.65149176,0.9669864,0.96787614,0.09968732,0.21138595,-0.79836285,-0.5512439
0.8551466431466431,0.7948758,0.9413534,0.95353425,0.2747384,0.26010498,0.19958659,-0.1268275
0.885951225951226,0.86672336,0.9655251,0.9574523,0.20919581,0.32323763,0.25953975,-0.117474906
0.8161770601770603,0.65107447,0.9693602,0.9631531,0.09452004,0.12399858,0.4496189,0.6562399
0.9730288299479165,0.8943746,0.99448836,0.9921799,0.15356152,0.19433072,0.44045377,0.15939835
0.9007673887673889,0.84563947,0.9550199,0.96500957,0.27766225,0.28504223,-0.18429881,0.00498152
0.9555702195702195,0.585351,0.9908159,0.9878869,0.071304575,0.12808815,0.061039463,0.16319422
0.8605515445515446,0.84724313,0.97918206,0.96889704,0.1754951,0.22893824,0.09071692,-0.0033142911
0.9049049209049208,0.80401623,0.9729053,0.971788,0.20406272,0.20560603,0.2015261,0.0552463
0.7586353226353227,0.63689685,0.96401525,0.96137667,0.06354035,0.09094927,-0.5575985,-0.3728434
0.938928686928687,0.90622586,0.9928151,0.98455423,0.12472683,0.12317807,0.078883044,0.022154799
0.8355960435960437,0.54906046,0.9782166,0.94826895,0.08001129,0.1719032,0.42937857,0.76402014
0.86611457011457,0.7383184,0.9856483,0.95674264,0.15426663,0.2446602,0.18330161,0.49568626
0.9237020997020997,0.9743205,0.98607916,0.9691986,0.19837396,0.3966273,-0.043414064,-0.05343321
0.736925068925069,0.77931464,0.91432196,0.9476554,0.26238778,0.16152997,-0.27960083,-0.1075072
0.8953686913686915,0.99364275,0.97893435,0.9540061,0.37436277,0.5443598,0.07267675,0.32070106
0.847875727875728,0.66702455,0.9478793,0.95506537,0.18743378,0.16733317,0.21066344,0.093684405
0.9245694245694246,0.9389011,0.9733224,0.9675688,0.27167162,0.23930842,-0.61996776,-0.5253365
0.8096293496293497,0.6253967,0.96046764,0.9532271,0.08924908,0.15206751,-0.24039932,-0.20440349
0.8512078312078313,0.69114417,0.98339313,0.96580476,0.07614197,0.16286919,-0.49195123,-0.7153049
0.7495970935970937,0.79295045,0.9639939,0.95558536,0.12238855,0.16449982,0.6168261,0.45068386
0.9116935076935077,1.0444573,0.9899596,0.99053174,0.11983918,0.17344266,0.106635906,0.62534696
0.9595950835950835,1.222134,0.9921141,0.9920442,0.122641504,0.17268583,0.7905737,0.36289948
0.9246778206778206,0.7808521,0.97718954,0.97784835,0.12178799,0.114941075,0.14932133,0.14868891
0.8670098756109054,1.0288023,0.94127715,0.94749093,0.5022559,0.5960202,-0.46882176,-0.12984192
0.9144964824964824,0.72098196,0.9878587,0.96955585,0.12933524,0.22980204,-0.45794046,-0.7468852
0.8885213645213645,1.1513141,0.98668087,0.965009,0.41193038,0.50859565,-0.080491304,0.33810905
0.7695328095328097,0.724734,0.94276994,0.94649583,0.16453134,0.15497853,0.15635748,0.082434185
0.8411448731448731,0.7256353,0.95262116,0.9580489,0.1700296,0.20560332,0.2095501,0.7331524
0.8844175404175405,0.97768044,0.9698996,0.9538145,0.3399366,0.38119265,-0.3126368,-0.10244512
0.8554441234441235,1.0877728,0.9882556,0.962128,0.26167974,0.28344113,0.8853029,0.85114163
0.9150068190068191,0.7218779,0.9936605,0.97913784,0.08215321,0.13181752,-0.93420064,0.1549832
0.8659435579435579,0.72441316,0.9754689,0.9460287,0.17169009,0.25498462,0.14197955,0.38763863
0.7595146115146115,0.58187956,0.9444381,0.94601566,0.10742244,0.117910616,-0.11282592,-0.0053473734
0.92800666000666,0.6830416,0.9807282,0.97435236,0.1582565,0.20649712,-0.34289286,-0.089200474
0.7782446862446863,0.73710877,0.95267224,0.9466389,0.13462228,0.17719623,0.25503653,0.05027485
0.908996600996601,0.93605924,0.97858846,0.9700208,0.23913029,0.48664004,-0.18171714,-0.20605946
0.8223304023304024,0.8594076,0.9522021,0.9404077,0.22403306,0.24234323,-0.12233669,0.19812208
0.8032064632064633,0.73584306,0.9631602,0.9451506,0.15355156,0.22000802,-0.24705686,-0.51325536
0.8088095208095208,0.82187295,0.96116966,0.96354926,0.16471118,0.13963106,-0.00021197072,-0.15011258
0.9193056553056553,0.79041636,0.9645946,0.96281475,0.32586256,0.33973196,0.34658378,0.28440836
0.8944075504075504,0.6549,0.9893201,0.9755069,0.11282709,0.100649975,-0.42527393,-0.79968256
0.9113695913695913,0.66568565,0.9803317,0.9775609,0.09267452,0.13036564,-0.25759035,-0.19846287
0.6417482937482938,0.6419231,0.930207,0.9439854,0.10456993,0.1091999,-0.16514795,-0.4446067
0.8057030537030537,0.7499094,0.9500387,0.9451077,0.2075896,0.18669209,0.035615366,0.084636495
0.8988992268992269,0.8364417,0.9878081,0.96075875,0.22951333,0.329968,0.03363891,0.44405863
0.9122194802194802,0.59880733,0.9871643,0.9780004,0.058438905,0.07658593,0.5076446,0.41995338
0.8692814692814694,0.67600715,0.9644589,0.967187,0.13525072,0.12332896,0.24274418,0.09002369
0.9361817161817163,0.85469097,0.9927667,0.9828345,0.11541981,0.12850054,-0.27619854,0.20063987
0.7055027015027014,0.6611175,0.9356368,0.935683,0.09881029,0.11730558,-1.0598876,-0.5427309
0.9167746727746727,0.7646429,0.9634674,0.95914435,0.21083458,0.25811177,-0.047061495,-0.26749566
0.677985581985582,0.6192259,0.94350487,0.94261503,0.1026258,0.11294561,-0.29388395,-0.10941139
0.9352980952980954,0.8332476,0.9769268,0.9737352,0.23918113,0.2044596,0.28465146,0.34847224
0.7581431181431182,0.64399934,0.9844601,0.9541453,0.0993373,0.08339076,-0.10460283,-0.4277997
0.8865984705984707,0.7240579,0.98135287,0.9702475,0.18769424,0.16234387,0.538575,0.33959568
0.8445530565530566,0.78372025,0.9862433,0.95648366,0.15343107,0.22389518,0.64781797,0.8952162
0.8334507774507776,0.8832176,0.97983706,0.9600017,0.19886456,0.34953067,1.3680632,1.1673924
0.9028082428082428,0.8464301,0.9725984,0.9780544,0.2372715,0.22428806,0.7565201,0.67780054
0.7902149142149143,0.9101145,0.9516398,0.95867234,0.18434183,0.2634678,0.21371326,-0.059188213
0.9307398667398668,1.188664,0.972624,0.95810735,0.5792717,0.8254082,-0.3846919,-0.05074757
0.8106576186576187,0.8730244,0.9898116,0.9690136,0.14186734,0.1532692,-0.20194563,1.2648438
0.959001851001851,0.79604876,0.99181414,0.9807449,0.11989864,0.21699508,-0.34208357,-0.31488118
0.8633646593646594,1.0753689,0.94445145,0.95440644,0.5244078,0.37751812,-0.46285984,-0.7415528
0.8398190518190519,0.65113336,0.9503036,0.95209455,0.12666537,0.1700101,-0.19447325,-0.00066482666
0.6975264495264496,0.61176133,0.9756263,0.9455473,0.068310134,0.13540106,-1.2228657,-1.2846842
0.908908100908101,1.0088277,0.9718864,0.9511126,0.48830068,0.70554435,0.010582854,0.27411836
0.6776484776484777,0.5116118,0.9420887,0.93461406,0.056674846,0.07689573,0.4438387,0.21213318
0.849922053922054,0.7860893,0.97379863,0.97079915,0.12283522,0.17613699,0.70571935,0.86750233
0.9097872457872457,0.86578786,0.98883224,0.9658071,0.23327652,0.359919,-0.17465822,0.3308789
0.8508377268377268,0.60650843,0.9774748,0.9573839,0.08509971,0.121968396,-0.3215505,-0.21667583
0.790843690843691,0.63590896,0.954071,0.9513555,0.08616708,0.12618601,-0.2568236,-0.16856928
0.840016812016812,0.81162417,0.9539988,0.95841336,0.24222404,0.23289634,-0.37931678,0.11674804
0.8982325542325544,0.80259055,0.96864045,0.97394806,0.13221544,0.14414991,0.41789097,0.50769436
0.7495556695556697,0.7427882,0.9333581,0.94616604,0.19686493,0.18328997,-0.30550513,-0.41271463
0.8604954684954685,0.61157334,0.9642539,0.96523464,0.10163662,0.14932947,0.30850813,0.33543727
0.8715092115092115,0.8045936,0.95674413,0.9623783,0.22573999,0.19091399,-0.5646537,-0.025964666
0.9000543720543721,0.8830408,0.9862166,0.975038,0.1337308,0.22902675,0.102600455,0.50910836
0.8206768726768727,0.7420845,0.9699694,0.9682006,0.13329525,0.13159904,-0.42153877,0.005715118
0.9008202968202969,1.0195556,0.97893435,0.95841825,0.37436277,0.37691322,0.07267675,0.3026006
0.8578180138180138,0.71801704,0.9754689,0.95102763,0.17169009,0.2517447,0.14197955,0.36599568
0.89182341982342,0.82453114,0.9828263,0.9731076,0.22549611,0.23076001,-0.19778846,0.17354618
0.7663844263844264,0.8707373,0.92076045,0.9405301,0.3211215,0.19386229,-0.41179582,-0.45048952
0.902895782895783,0.63055104,0.9807668,0.97314775,0.07730524,0.124099694,-0.51248926,-0.2787784
0.8586550026550026,1.0494504,0.93230397,0.9517143,0.49913195,0.39888427,-0.649169,-0.45818576
0.9120607800607801,0.5651629,0.9764423,0.9785661,0.08587391,0.10828507,-0.05941059,0.1538227
0.8844444564444565,0.8318783,0.99079424,0.9606218,0.20728183,0.30587214,-0.3570852,0.35073313
0.8257705657705658,0.78938675,0.9370334,0.95198965,0.24012206,0.16470549,0.42947057,0.34559998
0.8038744918744918,0.9243505,0.9403851,0.94349504,0.28186056,0.41284165,-0.32235324,-0.52669936
0.8857646497646497,0.7204724,0.98883057,0.9713852,0.12670246,0.14384748,0.36319956,-0.3787494
0.8867856947856949,0.77129334,0.9742847,0.958013,0.15301818,0.24036756,0.60012233,1.0432756
0.8738671178671179,0.72560155,0.9689186,0.959749,0.13456027,0.21483617,0.07840686,-0.081749775
0.9231904911904912,0.68409216,0.9791113,0.9809189,0.13049379,0.1161575,-0.3020009,-0.3370758
0.9127505167505168,0.62180614,0.9880668,0.97349936,0.08738775,0.13736302,-0.02431203,-0.078002095
0.8781439101439102,0.7984604,0.96782565,0.97918874,0.22552103,0.13635623,0.48656213,0.15367216
0.7976718656718658,0.69593954,0.9657126,0.9654513,0.13038859,0.08963665,0.09255596,0.19372737
0.8880312840312842,0.9539566,0.97689885,0.96179485,0.34146455,0.39717534,0.17986654,0.2618993
0.9491979731979734,0.6294983,0.9909067,0.99175054,0.06250945,0.11059136,0.5964401,0.22042942
0.7926487566487567,0.7691217,0.95142514,0.96735543,0.1706034,0.11789697,0.5012551,0.16150971
0.8819157179157179,0.8675079,0.99222726,0.97197735,0.21404353,0.2708489,0.0681835,0.34140348
0.7796631956631958,0.75796217,0.97505933,0.96520954,0.1385101,0.17105955,-0.2813663,-0.29825488
0.8221655101655101,0.6785526,0.97443193,0.96855056,0.12863517,0.11620632,0.008476134,-0.033493172
0.8817381897381898,0.7331907,0.9657049,0.95970607,0.19023022,0.22401592,0.104208484,0.028110782
0.6680653640653641,0.6088054,0.9570651,0.9442394,0.07174636,0.1445034,-1.0110387,-0.6926509
0.8600185160185161,0.7993401,0.9862433,0.9645858,0.15343107,0.159882,0.64781797,0.66630816
0.9382787902787904,0.912323,0.98028636,0.985825,0.21170832,0.22464222,-0.40653363,0.023649892
0.87593135993136,0.77947825,0.9555894,0.96376884,0.20934391,0.2172856,-0.052743297,-0.10631587
0.922907494907495,0.6995378,0.9826181,0.98108906,0.10435546,0.15348649,-0.0373782,-0.1436951
0.9489195129195129,1.0314537,0.97852194,0.9821412,0.27403167,0.23092636,-0.058051057,-0.29899564
0.9136610896610898,0.8076587,0.9841513,0.9902893,0.113306575,0.09416411,-0.04644279,0.38378102
0.6906936546936547,0.6598546,0.9453355,0.9543567,0.1232441,0.080264896,-0.37447342,-0.11740757
0.9024723264723264,0.631357,0.9897623,0.97914624,0.09273111,0.121708326,-0.31378993,-0.22108534
0.9725908205908206,0.7843514,0.9921349,0.9875198,0.1030867,0.16824543,-0.6458522,0.05697115
0.8575053895053895,0.75549847,0.9614094,0.970379,0.18965079,0.1475403,-0.12281368,-0.265054
0.8928507528507529,0.76203626,0.98449314,0.96688616,0.14279673,0.2393891,0.16228773,0.11776287
0.8601318801318801,0.84359527,0.9661114,0.97354573,0.25353485,0.13880429,0.20393161,-0.24346025
0.9206917646917647,0.8734797,0.9647619,0.97300446,0.2665418,0.2752836,0.19977234,-0.19368379
0.6552013392013392,0.6676633,0.9256052,0.9453593,0.12661988,0.08010912,0.057658106,-0.07185028
0.8812835452835455,0.8936817,0.97276694,0.9687812,0.21341573,0.23064457,0.16666365,-0.1494962
0.843953823953824,0.63661367,0.96548724,0.9762706,0.10400747,0.1044327,-0.29409546,-0.09166881
0.9374405894405895,0.8362942,0.9928272,0.9766957,0.1691174,0.23645097,0.34589905,-0.024853194
0.9188108708108708,0.8933813,0.97447795,0.9710306,0.27452755,0.35035026,-0.009595,-0.2990901
0.8107898827898827,0.64951307,0.9739425,0.9718498,0.12693685,0.10074538,0.3082409,0.1372706
0.726990954990955,0.7285081,0.94370013,0.9577668,0.12647781,0.11024763,-0.4176333,-0.28832355
0.500965208965209,0.64002335,0.9350265,0.9445352,0.07680074,0.10327312,0.17609847,0.06566437
0.9512891672891672,0.76193184,0.98267907,0.98153543,0.2113303,0.20390879,0.3489771,-0.14336386
0.970841902841903,0.95367664,0.99020374,0.99081475,0.15287723,0.22167672,-0.011122265,0.10811382
0.8546032706032706,0.5925855,0.97229254,0.9780217,0.09148237,0.077294864,-0.71872616,-0.58687735
0.7756346596346597,0.7048723,0.9591314,0.96768314,0.09923225,0.09279087,0.6436673,0.5415539
0.8376895416895417,0.79068345,0.96410507,0.97422224,0.14539497,0.1425109,-0.42424127,-0.16939488
0.8804861084861085,1.1733,0.9403117,0.9602735,0.75144315,0.42634642,0.41982648,0.2101574
0.9434214674214674,0.82556206,0.979373,0.9858342,0.18363965,0.18455794,-0.78739375,0.07706455
0.8907168387168388,0.83907145,0.9570565,0.9633531,0.2853284,0.24754854,0.008598368,0.0723722
0.7553062575721764,0.6169461,0.96347404,0.965675,0.07781997,0.086132325,0.7281809,0.27822912
0.8032166272166273,0.7411906,0.9436462,0.9596938,0.1914568,0.16165163,-0.53299856,-0.27676255
0.9364278964278966,0.64511883,0.9923343,0.9848399,0.0731075,0.11513966,-0.13523124,0.19881603
0.9014384654384655,0.94954103,0.9941932,0.96992695,0.2981824,0.45421213,-0.1449839,0.49222875
0.7246533406533406,0.63771814,0.94217753,0.953324,0.10019818,0.10687564,-0.44469568,-0.2562996
0.944846876846877,0.87357444,0.9815923,0.9832531,0.24101742,0.19429885,0.57061285,0.022452772
0.890898242898243,0.8778925,0.95141846,0.96740305,0.2495327,0.28005457,0.512205,0.22146878
0.9156442236442236,0.48011386,0.984702,0.97863066,0.05499145,0.09270081,-0.44262308,0.010933916
0.7462481182481183,0.68330455,0.9361158,0.9625975,0.13459173,0.09829299,-0.4095145,-0.25670895
0.9372598812598812,1.1599452,0.97542685,0.97288054,0.58889574,0.50950813,-0.75936407,-0.3149797
0.9214077214077215,0.78824973,0.98353106,0.98746014,0.14652522,0.20327234,-0.20309855,-0.48650858
0.8228086868086868,0.5399879,0.94910455,0.9581108,0.07349037,0.100194305,0.4316606,0.41435346
0.8395330675330676,0.7263501,0.9553573,0.96803534,0.13448907,0.14972238,-1.1377709,-0.89490217
0.8788079788079788,0.6914071,0.9734834,0.96744156,0.16307701,0.1537057,0.25442126,-0.24135871
0.8036513756513757,0.70567244,0.95406425,0.9740564,0.1833757,0.14268155,0.546452,0.26804838
0.8870909390909392,1.0337815,0.98613954,0.9614063,0.37560937,0.59363836,0.1627042,0.5458192
0.8400317640317642,0.8468963,0.9646708,0.9583042,0.21550168,0.1997623,0.19322248,0.23061971
0.7783282903282904,0.69000256,0.9419551,0.9401225,0.15835686,0.20438877,0.93501365,0.7933587
0.8102655542655544,0.7242126,0.96995443,0.95580536,0.15154015,0.11335425,-0.1144552,-0.6521895
0.8444345684345685,0.6826662,0.96029544,0.96269864,0.1313333,0.14667152,-0.90193343,-1.0841529
0.8802708402708403,0.94532996,0.97594863,0.9771194,0.24449837,0.21266909,-0.34525466,-0.2752339
0.8387838827838829,0.7873172,0.976257,0.96230036,0.17856404,0.17790666,-0.44841,-0.90890735
0.8753646353646355,0.60108775,0.9730206,0.962181,0.07734418,0.16803642,-0.15892485,0.14972833
0.8413426573426575,0.7324753,0.97113097,0.96104723,0.16998611,0.20097768,0.045967218,0.2260918
0.5828336468336468,0.6454445,0.9011053,0.9363382,0.12495781,0.08233693,0.32739538,0.15032394
0.9325821205821206,1.0992891,0.98656845,0.9641683,0.34925488,0.8598206,-0.07370811,-0.6557781
0.9343735183735185,0.65329635,0.97873163,0.9756892,0.12920336,0.17409079,0.26160058,0.12470405
0.8325890325890326,1.0335938,0.9719175,0.9460519,0.29956424,0.6451773,-0.1290254,-0.44839528
0.8869527709527711,0.98938394,0.9871545,0.9601471,0.3041185,0.533626,0.25359395,0.5744804
0.9277887517887519,0.97717446,0.9810196,0.97596455,0.24542786,0.33333987,-0.535078,-0.018806715
0.7781550581550581,0.5568078,0.9608792,0.9552751,0.065744065,0.10552521,-0.60311335,-0.5780114
0.8894330774330774,0.6155745,0.9872462,0.9805674,0.08750016,0.09108062,-0.0072273137,0.42837048
0.9438913758913758,0.8849562,0.9911538,0.9902381,0.09369181,0.15493591,1.0490829,0.7270788
0.844916572916573,0.9645875,0.9433929,0.9439942,0.3774307,0.45417157,-0.5659251,-0.5388427
0.8411331371331371,0.8123061,0.9862433,0.95364153,0.15343107,0.32733503,0.64781797,0.93663347
0.9074979434979434,1.1141323,0.9861409,0.9604566,0.4264355,0.59833705,-0.4117707,0.24035582
0.6940277140277141,0.41026506,0.9357544,0.9412055,0.04160278,0.064070925,0.38763013,0.45722017
0.7868932508932509,0.6039893,0.9591393,0.9513276,0.08219267,0.12266391,-0.4508525,-0.40948933
0.8787805227805228,0.8724999,0.97874,0.97607005,0.2597512,0.17510019,-0.380514,-0.24565035
0.9076327036327038,0.82074803,0.9885136,0.9819823,0.22120367,0.18075496,-0.118738405,-0.5383799
0.9073046233046232,0.79616463,0.9774558,0.9728507,0.11854801,0.2580907,0.30627626,0.31768775
0.8801552801552803,0.7309889,0.9847335,0.9674523,0.096145235,0.17335439,-0.8401599,-1.0264813
0.9105720945720946,0.8188608,0.9778329,0.97001946,0.21416469,0.33751753,0.47315288,0.08569365
0.8768520488520489,1.0765619,0.97893435,0.94870865,0.37436277,0.8255331,0.07267675,0.39788276
0.8013179013179013,0.8001766,0.94987917,0.95162815,0.16128653,0.2812707,-0.6835063,-0.6237857
0.9328517728517729,0.77089757,0.99314207,0.9799745,0.09843441,0.15519693,0.30251056,-0.3810905
0.6991330351330353,0.62911296,0.8883874,0.95067436,0.14640938,0.09300326,-0.12030513,-0.41789243
0.9525594045594046,0.78273976,0.9846576,0.9793562,0.16037205,0.29045215,-0.45865157,-0.5512432
0.7516893436893438,0.74410504,0.9416233,0.951151,0.13994989,0.08041378,0.17243071,-0.21923885
0.9188994548994549,0.63087195,0.98449457,0.9781949,0.10898213,0.11343383,-0.052208174,0.33365545
0.9575919695919697,0.9203205,0.98293626,0.98997414,0.14404838,0.14595768,-0.4011969,-0.17979796
0.8303497103497104,0.6124606,0.97395945,0.9609399,0.09303578,0.14078407,0.116940886,0.68338645
0.887904275904276,0.9994992,0.96972704,0.9761697,0.2823201,0.20193052,0.53720015,0.32409722
0.8431497751497753,0.621848,0.96590304,0.97457206,0.075165085,0.080923155,0.13133085,0.14742514
0.8761101601101602,0.9151587,0.96742,0.965615,0.30558994,0.2893114,0.77313673,0.92877734
0.8944543984543984,0.90825814,0.9815464,0.9720015,0.18086371,0.1735582,0.46454605,0.1508218
0.9242854830583396,0.9663053,0.981377,0.97274697,0.27343324,0.22694597,-1.5599263,-0.7675994
0.9137800217800217,0.7033154,0.98361623,0.96983594,0.16018552,0.21097127,0.49693567,0.5523749
0.8952071832071833,0.6272356,0.9857043,0.9812369,0.07888421,0.082400165,-0.42093182,0.1618156
0.8216366096366097,0.6612915,0.9625368,0.95243454,0.13389042,0.17502989,-1.1510189,-1.1847106
0.8320996360996362,0.5628196,0.94556046,0.95457727,0.110185415,0.088967755,0.084447496,-0.05490466
0.9000515880515881,0.93456113,0.9775614,0.96785337,0.20685342,0.35559365,0.22166762,0.21123326
0.9000832440832442,0.6335541,0.9618206,0.9664484,0.11586183,0.12691592,0.27010888,0.05085898
0.7653389733389734,0.5914814,0.9614565,0.9452987,0.0893379,0.10244309,0.326393,0.16375135
0.9087228687228689,1.0242044,0.9913351,0.95482916,0.34995586,0.68166214,-0.68004763,0.18123052
0.648940356940357,0.6305523,0.9234871,0.93441606,0.10474647,0.1373983,0.032998927,0.22586875
0.8664537984537986,0.83343965,0.9687499,0.95486397,0.21051462,0.29809365,-0.01808211,-0.2601033
0.927960507960508,0.91813135,0.98942363,0.97552246,0.30093092,0.40086874,0.077867076,0.79452384
0.5343417903417903,0.6136557,0.91890824,0.9392532,0.08855205,0.0980472,0.26055574,0.5495879
0.8735517335517337,0.9157702,0.96877587,0.9561436,0.21547884,0.23624282,0.23722023,-0.058774456
0.7884403044403044,0.68605554,0.93720555,0.9481781,0.15169986,0.09888319,0.5004842,0.5393011
0.87383832983833,0.5795298,0.94520456,0.9542572,0.12780635,0.13696487,0.87786597,0.65134555
0.8114710994710995,0.6773808,0.94881713,0.95183915,0.119549036,0.14992698,0.45243338,0.5374667
0.9090246210246212,0.87592596,0.99383146,0.98923075,0.14650014,0.17117801,-0.45394394,0.6913894
0.800969156969157,0.8350276,0.95390624,0.95627755,0.25170782,0.1764776,0.24810006,0.32182625
0.6902117702117702,0.7499125,0.9169141,0.93510324,0.21739872,0.144026,-0.27222985,-0.39202967
0.9478240678240677,1.1539356,0.9890564,0.98505425,0.25688365,0.33654016,0.25584975,0.46717882
0.9513336273336275,0.8338321,0.9946628,0.98767745,0.14164455,0.2031772,-0.6626244,-0.56176513
0.8917986637986639,1.002789,0.9899485,0.9606918,0.30278,0.49552706,0.2595548,0.589107
0.8563324483324483,0.7511119,0.9699483,0.9617062,0.122037254,0.1873709,-0.37173453,-0.26206335
0.8692028932028932,0.894298,0.99046415,0.96057844,0.21142711,0.31837732,0.46479934,0.8134501
0.8998697998697999,0.964425,0.98073536,0.9578518,0.35537586,0.45627645,0.16346887,0.31692213
0.7775817935817936,0.6798445,0.96918225,0.94878906,0.11155851,0.12370256,0.24808872,0.34571525
0.784012732012732,0.8323247,0.9568726,0.9511304,0.15241566,0.1726905,0.1909095,0.2197727
0.9013012933012934,0.6581042,0.97144854,0.9775339,0.09430014,0.14758123,0.21887429,-0.028533591
0.841793005793006,0.81579417,0.9503096,0.95525396,0.19333592,0.23325379,-0.76285636,-0.3960025
0.735888711888712,0.8759915,0.9257075,0.95069283,0.2981866,0.15412475,1.1796274,1.2743064
0.8779808419808419,0.74153495,0.9862433,0.95209,0.15343107,0.24789518,0.64781797,0.8747452
0.8735366135366135,0.73801,0.9656979,0.95937526,0.19473033,0.22575614,-0.22517656,-0.4739318
0.7398223518223519,0.6459858,0.93883663,0.9404468,0.0997397,0.14693807,-0.19882436,-0.44524544
0.8820679140679141,0.9594513,0.9939862,0.96538764,0.258426,0.32465348,-0.024133727,0.6552428
0.7626760386760387,0.5652303,0.9579576,0.94160366,0.059585642,0.09004308,-0.2046416,-0.24053739
0.8105862305862306,0.6164352,0.93751144,0.944902,0.12734455,0.16544437,-0.34010684,-0.4920536
0.935958911958912,1.0225592,0.9691478,0.97092974,0.393819,0.47288838,0.42437223,-0.06380699
0.7471879591879592,0.5998778,0.9555193,0.95792395,0.086946316,0.104241386,0.37556103,0.35459024
0.7031702591702592,0.6090715,0.9426228,0.94897586,0.0794626,0.07410659,-1.1990457,-1.3173796
0.6548751548751549,0.69522166,0.9291002,0.93237126,0.2003512,0.090325,-0.08476524,-0.26723853
0.9219484779484781,0.81178725,0.98225063,0.97494435,0.19844255,0.25984347,-0.5694446,-0.32297137
0.8299746739746741,0.6806745,0.9477691,0.9557129,0.13476428,0.18239287,0.1774239,0.64653397
0.9467300507300507,0.9671427,0.9821048,0.9801174,0.269365,0.2560999,0.37337226,0.050085872
0.8918255198255198,1.008569,0.97893435,0.9474733,0.37436277,0.75410074,0.07267675,0.43317702
0.87996141996142,0.69065124,0.96454835,0.9650485,0.14439546,0.13927855,-0.5292164,-0.3577942
0.7805908565908566,0.6295625,0.9920864,0.95254254,0.068716206,0.15719444,-1.8634281,-0.9843942
0.8854350814350815,0.6558226,0.98096925,0.9622179,0.10511189,0.17137338,-0.30056682,-0.36167678
0.9033955953955954,1.0800227,0.98201483,0.97281647,0.17152375,0.42859077,-0.4793449,-0.086621694
0.8671574671574671,0.814303,0.96827096,0.9585634,0.26730976,0.22337693,0.27341348,0.8394317
0.8784146064146063,0.67568845,0.9696709,0.9525087,0.17115526,0.2244183,0.35429996,0.6325092
0.8071544071544071,0.69611806,0.9592544,0.95443374,0.1382299,0.16410528,-0.8661141,-0.76555914
0.8886589206589207,0.9587481,0.9551489,0.9623309,0.3329009,0.4178216,-0.45998982,-0.36208704
0.9338450618450618,0.76100016,0.9907839,0.9811509,0.11599406,0.12428611,0.1893394,0.09571264
0.8154146274146274,0.7594059,0.97798926,0.9563855,0.23646693,0.17152101,-0.22621612,-0.34589523
0.8461328101328103,0.78900814,0.95501524,0.96676993,0.2004614,0.16239494,0.22702834,0.11383175
0.8703222663222663,0.89036614,0.9490045,0.96287805,0.23127688,0.30854255,0.06907274,0.040853582
0.7455850575850576,0.556609,0.9343787,0.94888055,0.08566927,0.07777377,-0.77932006,-0.74441797
0.8619475899475901,1.0919496,0.9769152,0.9637969,0.38158438,0.23438384,-0.23982507,0.16806173
0.8214722814722815,0.59222704,0.96891403,0.95523185,0.07078937,0.10868865,0.124242134,0.125805
0.870969390969391,0.7230661,0.9862433,0.96423656,0.15343107,0.18012016,0.64781797,0.7463928
0.9710994590994592,0.75220627,0.99309164,0.9882516,0.12871905,0.19349027,-0.121163644,-0.10349116
0.8310975870975872,0.89225256,0.94259834,0.9556648,0.32200783,0.22893457,0.85475814,0.3730317
0.8194248394248396,0.70601094,0.96020085,0.9563769,0.19014263,0.12899227,0.2392147,0.26161268
0.9022068502068503,0.5649964,0.98321444,0.97268957,0.04784183,0.114959545,0.3832644,0.3082277
0.8415290415290417,0.63525057,0.96372175,0.96094847,0.14266047,0.124947384,-0.52241564,-0.029720942
0.9351838311838313,0.5775604,0.98701495,0.97850984,0.093163125,0.12630625,-0.087890156,0.25856024
0.7311644631644633,0.75606626,0.947022,0.9487713,0.17466107,0.13728309,1.0424609,0.90910196
0.7749316149316149,0.8679521,0.9284807,0.93831193,0.30160215,0.1929423,0.41639644,0.049678765
0.8515570195570197,0.5878959,0.95170087,0.9492814,0.123937964,0.18592592,-0.24632841,0.030393355
0.892955680955681,0.7301406,0.9573405,0.97515166,0.13901676,0.14085935,-0.1577489,-0.2189248
0.8935621855621857,0.89098537,0.9731451,0.9551829,0.21998028,0.43545228,-0.1368528,-0.19194426
0.7851703011703013,0.73198545,0.93715274,0.9542292,0.1643563,0.16740556,0.11600628,0.1487949
0.9077458157458158,0.7620016,0.9676077,0.96417207,0.29396987,0.2503563,-0.5391418,-0.49602875
0.8923587643587644,0.9569975,0.9778183,0.96721184,0.2707264,0.2935483,0.06379876,0.26277015
0.9205131325131325,0.6424838,0.975057,0.9775762,0.11592083,0.16201901,-0.4875532,0.02162507
0.7959508839508841,0.8228964,0.94805855,0.9528252,0.27702168,0.17932697,0.2726825,0.31154147
0.8574678414678415,1.0814816,0.95842457,0.97308224,0.34047145,0.28577247,-0.65470135,-0.7308732
0.7573533253533254,0.63004905,0.9509669,0.9527187,0.100814894,0.11156124,-0.8421508,-0.61274356
0.913858093858094,0.58830327,0.9909404,0.9664066,0.06134798,0.20019995,-0.3347035,0.015153863
0.9046811566811567,0.9370387,0.97893435,0.96324885,0.37436277,0.41094106,0.07267675,0.2777419
0.7903524103524104,0.5050912,0.9799193,0.9545246,0.04351743,0.06755395,0.7577949,0.4597482
0.8405394965394967,0.7581927,0.9702982,0.9664187,0.14720175,0.13384943,-0.28381583,0.31727046
0.8868101868101869,0.6845363,0.9821989,0.96005595,0.12793805,0.18016587,0.42433754,0.35992226
0.8321997401997402,1.125884,0.96025145,0.9762403,0.42190763,0.17083637,-0.15136462,-0.35110983
0.9217621777621777,0.6859219,0.9769756,0.9684673,0.12892778,0.24890435,-0.782273,-0.13534342
0.861017733017733,0.94637084,0.9821599,0.9565782,0.25752655,0.3286145,-0.4339679,0.03907996
0.7316897276897277,0.5601797,0.9522757,0.95226824,0.051409725,0.11302969,0.0041907947,0.15246354
0.9542624102624103,0.87731665,0.9935361,0.9906065,0.09201658,0.14378044,0.17043407,-0.049969535
0.76404128004128,0.90386873,0.93083507,0.94499797,0.26718003,0.14296314,-0.26451176,-0.48639446
0.8312641232641232,0.5616758,0.9765203,0.958481,0.0708612,0.11806324,0.19428465,0.29194468
0.9204330564330565,0.7253745,0.9864992,0.9754976,0.086579435,0.18996388,0.21677694,0.0073927897
0.9426257946257948,0.94478273,0.9870614,0.97928315,0.19075954,0.30879822,-0.23351501,0.3381312
0.8263695823695825,0.715006,0.96883,0.9649214,0.124949105,0.12047623,1.0796019,1.0428644
0.91194341994342,1.0153669,0.9728723,0.9714273,0.32797375,0.35944295,-0.5910669,-0.36231166
0.9178417978417978,0.7293865,0.98074126,0.97519505,0.13106829,0.1446218,0.27764493,0.5008231
0.8853622053622054,0.6701858,0.9736271,0.9631764,0.13672766,0.17622404,0.21344972,-0.01641433
0.9086750006750007,0.88167787,0.98603123,0.9640389,0.19109616,0.44499245,-0.4027296,-0.34260368
0.9278834438834439,1.009,0.9762897,0.9766066,0.33907005,0.32677582,0.57933813,0.40133697
0.8425600105600107,0.5608701,0.9607222,0.9527389,0.08102932,0.13509427,-0.6576646,-0.47432175
0.7643896163896164,0.62475127,0.93460506,0.9585691,0.11929398,0.09530315,-0.75629044,-0.9231614
0.9507884067884069,1.1303515,0.98853964,0.9848837,0.3610917,0.40502554,0.49618745,-0.31184748
0.8590360030360031,0.6747284,0.9490912,0.95908266,0.17288564,0.13341303,0.28959724,0.32626316
0.9324819204819206,0.77290976,0.988744,0.98220885,0.13656215,0.16004166,-0.39443234,0.082111366
0.8591454551454552,0.6548451,0.9729859,0.9665899,0.086057924,0.10239785,-0.20615114,-0.42059866
0.9146814386814388,0.8662798,0.98131007,0.9686148,0.25678396,0.30483642,0.03693691,0.3552563
0.8822612462612462,0.7372641,0.9891901,0.97873855,0.10882401,0.11924789,-0.3039102,-0.59927493
0.8384640704640706,0.9459801,0.934689,0.95716774,0.38811195,0.18929687,0.48949614,0.18634944
0.8791917271917272,0.75928533,0.9588652,0.96270984,0.16454794,0.19054769,-0.50096095,-0.025340615
0.8295487935487936,0.8155405,0.97452784,0.96855503,0.15492748,0.10562587,-0.12596138,-0.53892094
0.9026223626223627,0.6703479,0.978451,0.9766729,0.115002945,0.11413904,0.388993,-0.018490797
0.9456439536439536,1.0094588,0.98140866,0.9823726,0.33224028,0.33110312,0.94569427,0.13468155
0.8847919887919888,0.67991036,0.98162156,0.9692179,0.10114948,0.15964733,-0.4894323,-0.3125463
0.8228251148251148,0.8059879,0.9622777,0.9652388,0.12250742,0.09261603,-0.57959884,-0.69917315
0.8669308229308229,0.8352425,0.96699846,0.9689432,0.19252002,0.28576013,-0.7424943,-0.62671393
0.878953610953611,0.87484014,0.9841701,0.9777593,0.20860657,0.20707557,0.94720536,0.76086986
0.9354963114963115,0.81378174,0.9870245,0.9881022,0.15298013,0.14678173,-0.19957066,-0.31098047
0.8327506127506128,0.74477625,0.9781657,0.95166636,0.1306444,0.13916545,-0.34117863,-0.5544496
0.9552797832797832,0.898342,0.9946615,0.9911742,0.19880258,0.17284869,-0.87916654,-0.10232694
0.6902806742806743,0.71000314,0.9076033,0.9451928,0.16621457,0.11220442,0.18685219,0.0979452
0.5900440178141498,0.6073351,0.91146296,0.9372527,0.11951301,0.057061624,0.8575353,0.90409136
0.8811321291321292,1.0952082,0.9661839,0.9551941,0.38316813,0.3331581,0.73020685,0.6393437
0.9100022740022741,0.71009105,0.96611756,0.96908915,0.16413912,0.14500193,-0.31385234,-0.39871702
0.9458431298431299,0.8516345,0.9854777,0.9888654,0.13175991,0.13063791,0.47857583,0.51190484
0.9285048405048406,0.99372476,0.9905404,0.98614347,0.22159196,0.4210425,0.15528423,-0.07808284
0.8194665994665995,0.938938,0.9425392,0.96875674,0.33456764,0.15892595,0.76388735,0.5122011
0.8903080463080463,0.6777876,0.9862433,0.96467364,0.15343107,0.18653128,0.64781797,0.77509826
0.7375052215052215,0.71011055,0.9754817,0.95974946,0.09107752,0.11928956,0.5756977,0.069954716
0.81996981996982,0.71179235,0.9369512,0.96094596,0.13502866,0.12485403,0.17087132,-0.15858217
0.7645428805428806,0.65815973,0.93763584,0.9536404,0.12838374,0.12115792,-0.102891386,-0.2994316
0.8885438165438165,0.8163498,0.970379,0.9678062,0.21702519,0.21800749,-0.272172,0.032077584
0.8582600582600584,1.0708756,0.97893435,0.95088416,0.37436277,0.53131384,0.07267675,0.25654247
0.8251774531774533,0.7955871,0.9727669,0.96647453,0.13571677,0.17897326,-0.30915663,0.07760744
0.8856363696363697,0.86654955,0.9700464,0.9695929,0.2557273,0.2077047,-0.16980153,-0.5931993
0.8106277026277027,0.7567854,0.9422275,0.95136136,0.15581393,0.20415953,-0.07606953,-0.15054993
0.9012654972654974,0.94904464,0.9685846,0.9564107,0.27384874,0.41446063,0.20738043,0.014235041
0.8942873942873943,0.88730603,0.9865868,0.963894,0.26989406,0.3003036,0.02828181,0.31234074
0.9482364482364484,1.0655924,0.98662937,0.9900525,0.21183047,0.20687254,0.617291,0.17559491
0.8055357975357976,0.7157246,0.9645207,0.9626564,0.1732746,0.14213842,0.5074193,0.27670032
0.8228317748317749,0.78849494,0.9451036,0.9587691,0.14991717,0.10361112,-0.040901538,-0.13513918
0.802932010932011,0.69319046,0.96354926,0.9555544,0.11223505,0.11381389,-0.8579924,-0.65068775
0.8196711661301797,0.8046357,0.9553424,0.9633615,0.17509694,0.16596381,0.018467015,0.3894383
0.9382094302094303,1.0267155,0.96746325,0.97268033,0.47379783,0.45007777,0.6942151,0.18924661
0.8743524343524345,0.9681934,0.98126775,0.9573606,0.27401498,0.36635336,0.42326975,-0.2328994
0.8967137127137127,1.0104465,0.9690815,0.96366245,0.36739516,0.31241277,-0.76438755,-0.07928692
0.45873205473205475,0.60999423,0.9064327,0.93545634,0.10317069,0.06389698,-0.12505828,-0.15116617
0.7726791406791408,0.6194584,0.9511744,0.963174,0.110796385,0.09679944,0.65895367,0.397318
0.8584277944277945,0.62882805,0.9789002,0.97167194,0.08934945,0.11132768,-0.07872837,0.057010066
0.841985413985414,0.6158115,0.9513002,0.9651374,0.11093376,0.11735604,-0.54420006,-0.61184585
0.946917226917227,0.7078836,0.99149823,0.98379666,0.096712686,0.14353418,0.8142238,-0.39753756
0.9207497607497609,0.7195786,0.9834393,0.9746594,0.12799947,0.13479564,-0.11422531,-0.38571605
0.8567288807288808,0.5822698,0.9719118,0.95291716,0.10023311,0.15421043,0.7612153,0.444767
0.8584686784686786,0.7837658,0.92467904,0.9566975,0.34612706,0.29846063,-0.7700814,-0.5307476
0.901950025950026,0.9845508,0.9655663,0.9684202,0.33571604,0.2015852,0.35196778,0.07647933
0.7914054474054474,1.078933,0.93842417,0.95121855,0.5193954,0.23119393,-0.45499808,-0.84299606
0.7934498294498296,0.8361111,0.93982947,0.9612261,0.20358816,0.22351784,0.404904,0.3201037
0.5585932745932746,0.6409912,0.95776576,0.92541784,0.10637541,0.096721,0.28474703,0.7058802
0.8830184230184229,0.69826186,0.9870947,0.9737679,0.08400427,0.14158955,0.5218835,0.25421816
0.8147393987393988,0.6604184,0.9511726,0.93914163,0.1666401,0.19603446,0.5020207,0.42540476
0.7844913044913046,0.65651274,0.93558764,0.93822116,0.18895143,0.19798714,-0.47898945,-0.26165754
0.9253052413052413,0.7349851,0.9897769,0.9900695,0.07889221,0.06456874,0.084795326,0.0715871
0.5541227421227422,0.77433866,0.9180351,0.91318464,0.15455794,0.07527205,-0.2573089,-0.29240143
0.9432840312840315,0.5787221,0.988894,0.9857837,0.06239703,0.09111055,-0.0034190118,0.52547747
0.5353283953283954,0.52128124,0.9378212,0.9298433,0.050513502,0.08006491,0.056632023,-0.024709715
0.9037563757563758,0.8027237,0.9738527,0.97655934,0.16853519,0.1827136,0.5622769,0.7330227
0.7247693927693928,0.5641917,0.9477239,0.9403798,0.09705156,0.15556724,-0.22236598,-0.1832584
0.7194259914259914,0.8161315,0.9286118,0.9223927,0.21595763,0.19357027,0.5454667,0.70830387
0.8433731793731793,0.81384856,0.9469404,0.96203214,0.18133205,0.14397822,-0.21791106,-0.45487732
0.6722806322806323,0.5846023,0.92661744,0.9220164,0.112087406,0.07785444,0.030115463,-0.13104954
0.9182679542679544,0.7978408,0.982583,0.97719043,0.11817284,0.22848445,0.26636085,0.3187838
0.9226039093717211,0.62011236,0.9821129,0.9829029,0.072775245,0.10695026,0.35630065,0.24989974
0.6680032160032161,0.7349239,0.93054354,0.91705495,0.14409655,0.14418714,-0.029747939,0.116623975
0.8108425028425029,0.76499027,0.9780144,0.9825352,0.15143363,0.10826984,0.30541646,0.20671462
0.7472014352014352,0.56068176,0.95331264,0.9306609,0.10027333,0.10186646,-0.75192016,-0.58719885
0.8024982584982586,0.6656755,0.93221265,0.93938434,0.13960192,0.13505574,-0.31180903,-0.63081366
0.8343672303672304,1.0216882,0.93092906,0.9554373,0.51945955,0.23597243,-0.40730697,-0.47833285
0.7692483012483012,0.795738,0.9672316,0.9699435,0.14739652,0.09678264,0.5552403,0.8179896
0.7848565848565849,0.6976857,0.9304999,0.9706771,0.16603737,0.08450723,-0.43682438,-0.35530272
0.9167683367683368,1.3522243,0.9796266,0.9620616,0.35721374,0.9730984,0.122249946,0.07652657
0.9053315933315935,0.6668652,0.972291,0.9729927,0.14884807,0.16782233,0.2717371,0.25038847
0.8036901356901357,0.55708504,0.96784633,0.9551135,0.091672696,0.1020414,0.24624585,0.4045039
0.9075205155205155,0.74764115,0.97693855,0.9778265,0.16143109,0.11003696,0.46179965,0.18313059
0.9003952923952925,0.70604545,0.97145665,0.9669247,0.15916817,0.1785703,-0.23010318,-0.3795804
0.6985551505551506,0.5858662,0.96615547,0.9301901,0.05589805,0.1345873,0.40739787,0.20457365
0.9227925947925949,0.65527445,0.9608173,0.9707625,0.13736497,0.18271223,0.18772419,-0.14870834
0.8637274077274077,0.8357954,0.99309915,0.96248883,0.17782556,0.30349484,0.26338673,0.80136865
0.860909432909433,0.77308816,0.9862433,0.9593892,0.15343107,0.19592424,0.64781797,0.8930415
0.848946272946273,0.6746683,0.99425995,0.97424674,0.11585987,0.09554418,-0.14670582,0.48988038
0.8280362760362762,0.6279194,0.9520564,0.9553654,0.11519532,0.12735169,0.24136253,0.6577779
0.7886345366345366,0.56147397,0.9552019,0.9578725,0.08590176,0.076409385,0.65397406,0.6203549
0.8916299196299198,1.0120356,0.97893435,0.95387405,0.37436277,0.4684114,0.07267675,0.42016304
0.9007305487305489,0.7371146,0.9770845,0.9792648,0.13198939,0.11691753,-0.6531762,-0.24661341
0.7963563163563163,0.68098724,0.95609313,0.9808639,0.12052764,0.09258345,-1.6781871,-1.050254
0.8666633066633067,0.74238473,0.9774035,0.9710682,0.118947655,0.15510318,-0.251511,0.33311155
0.8184924504924506,0.7275538,0.96746486,0.96351784,0.10892327,0.13191125,-0.33581394,-0.3108545
0.7511172071172072,1.0167292,0.96918625,0.97399783,0.1957037,0.088117205,-0.35038206,-0.6018093
0.9358230598230599,1.0055597,0.98958534,0.9896076,0.23469004,0.19005316,-0.78212464,0.03741334
0.9295055575055576,0.7195249,0.99030614,0.9870883,0.07527452,0.11800346,0.564849,0.0041186227
0.8721843441843443,0.84815943,0.99367785,0.9672364,0.17995323,0.25767723,0.042362187,0.6247774
0.862906822906823,0.660295,0.9660086,0.97797215,0.10602347,0.07150608,-0.53516674,-0.45640454
0.7012476412476413,0.7616059,0.9499484,0.93815994,0.16255964,0.10703226,0.8643108,1.28223
0.6182590982590983,0.72552466,0.87659603,0.9227294,0.1852099,0.11357468,-0.41150352,-0.4074795
0.9447595647595648,0.61659807,0.9919533,0.98780465,0.08415588,0.103428386,0.16947404,0.7744093
0.9245643485643487,0.9411664,0.96141404,0.9695071,0.35205436,0.42557913,-1.0112224,-0.44113368
0.7971915651915652,0.70334053,0.96257836,0.9565816,0.13857625,0.16530626,0.60432875,0.3492768
0.7997014397014397,0.63849664,0.96773124,0.950652,0.105152495,0.12944129,0.4746681,0.10186228
0.8121779121779121,0.6767121,0.94418836,0.94509333,0.15932512,0.17670456,0.23161297,0.36273628
0.8215016935016936,0.6896289,0.9541215,0.95960903,0.1252479,0.11283752,0.5546273,0.48159713
0.8574373014373016,1.0672449,0.9559939,0.9266592,0.48897383,1.0519228,-0.08379976,0.073165596
0.8891315291315292,0.58187205,0.9685585,0.9521922,0.10303874,0.20127273,-0.25910622,-0.2472675
0.7852630372630374,0.7574605,0.9567904,0.93165725,0.15903561,0.3113235,-0.11410063,-0.3546456
0.9277614997614999,0.96045196,0.97734016,0.9787553,0.28409308,0.18681185,-0.65122634,-0.50119853
0.8012255132255134,0.72563064,0.9686872,0.95458674,0.13615862,0.1285712,0.3211878,0.6904431
0.8434316434316435,0.63631696,0.9760421,0.9699094,0.08918348,0.107437246,-0.8232567,-0.43601206
0.849923613923614,0.6477646,0.9605172,0.9520129,0.11987446,0.105393365,0.18553348,-0.1209249
0.9062797622797624,1.0413092,0.99246264,0.95798343,0.32929277,0.6353798,-0.34865016,0.3214146
0.7444381684381685,0.73619837,0.9539789,0.92824954,0.14283483,0.20473804,-0.5907566,-0.6074403
0.9250729450729451,0.8843077,0.9673253,0.98532736,0.2841655,0.1854906,0.071428105,0.5683054
0.8905851745851747,0.9640523,0.98659855,0.9616018,0.3039388,0.4714173,0.1769083,0.5322017
0.9116177156177157,0.9290361,0.9442866,0.9499809,0.41825095,0.5271628,0.38207075,0.27232423
0.8888546768546768,0.8580032,0.9923334,0.98540205,0.12583733,0.15989763,-0.30546927,0.1486342
0.8390796710796711,0.70595384,0.9485484,0.97141254,0.13467576,0.12577146,0.850941,0.7237256
0.7713264513264514,0.6074981,0.9324548,0.9358074,0.085634306,0.17757893,-0.17096739,-0.3254926
0.6657737217737218,0.8888407,0.94973046,0.93454885,0.16045082,0.2732521,-0.5480717,-0.45678917
0.8521037281037281,0.66961455,0.9630105,0.9437842,0.13121109,0.24762753,0.746403,0.3703195
0.9317992397992398,0.9343217,0.98775005,0.9885846,0.12997791,0.17059135,0.25597236,-0.12037919
0.8118121278121279,0.6633821,0.95108545,0.94967866,0.11443378,0.1491468,-0.199636,-0.14274573
0.9273730593730592,0.75440645,0.979488,0.981565,0.14845286,0.17199278,-0.25673786,-0.26426038
0.9175482203008651,0.7226199,0.98801446,0.9758355,0.10407064,0.1531425,0.6750659,0.17738257
0.8123132123132123,0.8089221,0.9764829,0.96272624,0.1684565,0.15663317,0.046519395,0.21870129
0.7504108744108744,0.53829604,0.92738765,0.9320409,0.09383059,0.09289096,0.10650172,0.112714574
0.7392640392640393,0.65246415,0.94228584,0.93866974,0.081981294,0.10035276,0.5199708,0.42903194
0.8313004593004593,0.76093906,0.9642975,0.95879775,0.19717826,0.14284553,-0.2571837,0.306308
0.8589044349044349,0.7647342,0.95429254,0.94584304,0.18502621,0.30979434,-0.15899684,0.028007755
0.7744118824118824,1.205252,0.87846524,0.9053597,0.9423927,0.43840763,0.68891245,0.7665888
0.9152213192213192,0.5773586,0.99127656,0.97710794,0.0783872,0.1053919,0.373839,-0.4596469
0.8018318498318499,0.55647254,0.94648486,0.9434694,0.09119275,0.11968561,-0.15380287,-0.37688938
0.8579290259290261,1.0246041,0.9435507,0.95028657,0.47376055,0.32949892,-0.44609648,-0.36353156
0.8993704313704314,0.6690853,0.9895894,0.982106,0.07895496,0.09253158,-0.022294192,-0.24154292
0.9553182793182793,1.0078588,0.99381006,0.9915176,0.14633319,0.13610865,0.62810504,0.27918184
0.7622293622293622,0.70349854,0.92139107,0.95263284,0.16317266,0.104812145,-0.17593561,-0.10379181
0.9061832101832104,0.83778757,0.9824881,0.97475016,0.14008582,0.26174018,0.2392549,-0.087267235
0.9113724953724955,0.9100648,0.98631424,0.9650367,0.2814409,0.32277456,0.7045941,0.26668423
0.8634465594465595,0.73487884,0.9862433,0.9602158,0.15343107,0.2415963,0.64781797,0.74745315
0.8663250503250504,0.68829477,0.9704202,0.9590921,0.13845636,0.14667624,0.80246437,0.13287108
0.940922020922021,0.87526774,0.9861388,0.9825238,0.16294444,0.2392634,-0.12843606,0.2240081
0.7664644184644186,0.59344935,0.95268214,0.92366946,0.079109885,0.21364754,0.8882489,1.136288
0.5814813534813535,0.6215223,0.9399819,0.918658,0.11601624,0.11933106,-0.0529613,0.28713083
0.8249259809259811,0.768033,0.9731687,0.9515779,0.1316775,0.13979778,-0.44003382,-0.41583902
0.8923864363864364,0.96035105,0.9908374,0.9632021,0.2756125,0.35575277,-0.69910854,0.090692826
0.9181102981102981,0.8430197,0.97459525,0.97076786,0.22677976,0.2240906,-0.43722963,-0.35054377
0.8737501177501178,0.606971,0.96754265,0.9763886,0.09484659,0.104797944,-0.79327685,-0.34263203
0.9308445788445789,1.1435443,0.9693574,0.9745069,0.38647363,0.36887512,-0.7242796,-0.2340176
0.8035285315285317,0.7640152,0.9716052,0.96656233,0.112250075,0.15358552,-0.45670098,-0.58356804
0.9275793995793997,0.88924724,0.9881222,0.976669,0.21150474,0.29552838,0.3437253,-0.17007488
0.6677909957909959,0.5877667,0.9418219,0.9358624,0.08864096,0.086784005,0.2951269,0.20203926
0.8375346815346815,0.9436612,0.9608894,0.95085675,0.31013504,0.4550386,-0.37811,-0.6465937
0.6630331350331351,0.50173,0.9293289,0.92206866,0.060055654,0.08465305,0.66187996,0.5494609
0.8486446166446168,0.8379836,0.97588223,0.9468272,0.20419993,0.4104518,-0.47573,-0.13770142
0.4752068712068712,0.63165706,0.91248846,0.91379106,0.103498615,0.12527215,0.48286226,0.5357704
0.7963930603930603,0.80925345,0.9485278,0.9637644,0.20423515,0.15027113,0.28000876,0.040700313
0.9161511641511642,0.6614194,0.9708459,0.9685546,0.11762751,0.20618843,-0.15336542,-0.14758055
0.8725012165012165,1.0880234,0.9736249,0.9717159,0.5080854,0.4837754,-0.47604582,-0.14187594
0.8702254262254263,0.72223103,0.961585,0.9713325,0.21250463,0.17003426,-0.01904585,-0.094397485
0.8774144894144894,0.77229756,0.9418313,0.9434876,0.25707418,0.35900667,-0.22419727,-0.00045829584
0.8521421761421762,0.6961076,0.9383122,0.9634374,0.14482494,0.15296972,-0.37600818,-0.36416414
0.8956970116970118,0.7724821,0.9711162,0.9646256,0.21267962,0.28449118,0.46703008,-0.040716898
0.8296031656031657,0.9715778,0.9676869,0.95933133,0.30097502,0.32958943,0.736703,0.5769054
0.9244231324231325,0.89377326,0.9831646,0.9871226,0.14701785,0.13987431,-0.103154644,0.0027766742
0.7503040383040384,0.66330224,0.9445249,0.9431131,0.14542581,0.10140216,-0.28915748,-0.029050997
0.7617065457065458,0.5540471,0.9621722,0.95455825,0.0609508,0.101121046,-0.17127346,-0.26067945
0.7937953937953939,0.9036369,0.9320681,0.9375242,0.3061541,0.2805686,-0.8695951,-0.85941035
0.677986517986518,0.6399529,0.942758,0.94956285,0.10243397,0.11803852,0.52228814,0.6731598
0.8736287496287497,0.610683,0.9680044,0.9681248,0.10926306,0.114919804,0.12030828,-0.19871598
0.8685187125187126,0.75362724,0.9803155,0.981096,0.13781977,0.10508594,0.521408,0.47834867
0.923846123846124,0.7775095,0.9879538,0.9862298,0.13058501,0.1457855,0.16428755,-0.06484624
0.6216941856941857,0.6114061,0.920697,0.9232917,0.11113508,0.109933116,-0.4566237,-0.4973089
0.7264490704490705,0.74679166,0.9122832,0.9459681,0.1544384,0.11143329,0.91496557,0.81116384
0.7880308640308641,0.714693,0.9583522,0.9628207,0.15690485,0.095940255,0.70345354,0.8001569
0.6388577188577189,0.5837702,0.9540295,0.9359468,0.056271754,0.0797102,-0.0005194497,0.06641702
0.8993621153621155,0.6736221,0.99438673,0.98013216,0.07511446,0.087711215,0.17664921,-0.012136115
0.8627077667077667,0.72574353,0.9725493,0.9576235,0.15871762,0.15744218,0.51789737,0.355076
0.9601624441624443,0.97971624,0.98863316,0.98972225,0.22428678,0.1735027,-0.3495529,-0.12242318
0.846223412762083,0.9313572,0.9610556,0.95056766,0.30918965,0.2947137,0.020117844,0.22212313
0.8584122064122065,0.73360276,0.9795493,0.97618437,0.11228242,0.09366675,-0.4172594,-0.09424796
0.7981963621963623,0.81705266,0.9372964,0.9552317,0.23049624,0.18406808,0.24264584,0.19745304
0.9536835776835777,0.7202073,0.9875259,0.98565143,0.109738626,0.17376725,0.41335416,0.31282952
0.9161692841692843,0.6951292,0.98257893,0.9658214,0.1515926,0.20650785,0.81922793,0.5037406
0.9058193818193818,1.0932609,0.9891227,0.96065646,0.37531883,0.47645286,-0.23194093,0.31463814
0.8386403626403628,0.7229604,0.95592904,0.9610839,0.1877539,0.10157792,0.18741047,0.115707554
0.9350689430689432,0.6316066,0.98782456,0.98055893,0.08022381,0.11602282,-0.013001602,-0.0124041615
0.9303686583686585,0.8433309,0.98957056,0.9768319,0.21754348,0.20311892,0.89901006,0.18711329
0.906980598980599,0.646852,0.99139,0.98863167,0.08270066,0.08180132,-0.22200482,-0.27393928
0.8183144063144063,0.94140714,0.9862433,0.9732819,0.15343107,0.25629663,0.64781797,0.6405618
0.9251430971430971,0.8229962,0.9811686,0.98478675,0.1294254,0.18635227,0.4000043,0.16320908
0.9031809271809272,0.75480306,0.9785049,0.9795123,0.1157525,0.091856904,-0.44467908,-0.43259197
0.9011769731769733,0.81702363,0.9713158,0.97513324,0.16091603,0.19166076,-0.03740217,-0.039284572
0.897996453996454,0.8781888,0.97857517,0.9766093,0.2402774,0.21769552,0.2066642,-0.13039511
0.9450488730488732,0.83275175,0.992665,0.9909618,0.07805688,0.13603638,-0.009519536,-0.50002587
0.9045718605718606,0.9236295,0.97893435,0.9480658,0.37436277,0.6858284,0.07267675,0.3010235
0.8621704661704661,0.6625979,0.9773337,0.96162987,0.06533464,0.16476175,-0.77341455,-0.29730165
0.8944841944841947,0.79881436,0.98435146,0.9834162,0.16167314,0.1250933,-0.20924158,-0.18085712
0.9334232374232375,0.9873526,0.9857185,0.98900735,0.19455184,0.18840022,-0.43311146,0.15345801
0.7961261441261441,0.7824415,0.93858594,0.93988764,0.2395148,0.2313162,-0.0515582,-0.16400212
0.9431068631068633,0.86329633,0.9786927,0.97600603,0.1947623,0.2875241,0.16446891,0.27198407
0.9597234597234598,0.7370905,0.98777014,0.9858576,0.15621129,0.16231118,0.019320289,-0.46262684
0.8104680184680185,0.7923935,0.96363837,0.9556946,0.16020828,0.15106846,0.09314741,-0.043164667
0.7835534195534196,0.7201629,0.94614017,0.9463001,0.1202637,0.08529221,-0.036442008,-0.1785531
0.9077659757659758,0.79223186,0.9823026,0.97994024,0.13190283,0.1467096,1.4065986,0.64888597
0.7873072633072635,0.5741643,0.95797896,0.9544704,0.09340034,0.079561114,-1.0897131,-1.0442753
0.9120810360810362,0.89788,0.9815554,0.9841898,0.17816389,0.13035531,-0.2067035,-0.18095057
0.8625156225156225,0.8247143,0.9745105,0.96884805,0.12519228,0.2030605,0.43251225,-0.521787
0.8681820881820883,0.957182,0.96459424,0.9454275,0.24720705,0.6139695,0.58965445,0.33716053
0.7717972597972598,0.6330316,0.95528996,0.96030205,0.088630244,0.09333419,-0.17996003,-0.24016984
0.921949017949018,0.6846881,0.9931899,0.98812336,0.086341016,0.0877398,0.5454548,0.7926902
0.9362401442401442,0.8634162,0.9886216,0.9818937,0.20474043,0.25194806,0.4769532,0.08242449
0.43477838677838676,0.4499065,0.9453832,0.9018368,0.035959784,0.06319203,1.0794467,1.2613536
0.5604689081503149,0.48787585,0.92912287,0.9041162,0.051285736,0.06983602,0.3095171,0.41354817
0.8328433728433728,0.8053865,0.9862433,0.9537597,0.15343107,0.25189963,0.64781797,0.7882879
0.8340057300057301,0.66274214,0.9681934,0.9683183,0.069696926,0.12863919,0.18366678,-0.26044965
0.8395219555219555,0.6734208,0.9578141,0.9713359,0.1169662,0.10224126,0.30301467,0.6788791
0.8546331266331267,0.81080353,0.956844,0.9712826,0.18261798,0.1699435,-0.44439247,-0.5185933
0.8545423105423106,0.5517819,0.9491407,0.94487965,0.097048655,0.14159738,-0.6831296,-0.55915344
0.6512549192549193,0.7490308,0.92019,0.9157122,0.1365767,0.12036337,0.24955922,0.35894752
0.9393114393114393,0.78797793,0.9862252,0.9755867,0.18039496,0.28299507,0.4341477,0.5281309
0.8666820146820148,0.615725,0.9727163,0.951398,0.10746077,0.19440064,-0.45906562,-0.3145169
0.8598860838860839,0.8756914,0.90935993,0.9493198,0.3775391,0.29304817,0.6109548,0.34127793
0.823016611016611,0.65338457,0.9632066,0.95710653,0.15732197,0.12780644,-0.4528938,-0.5243569
0.7824184704184703,0.577155,0.9565804,0.95226145,0.072753705,0.08500072,0.08201091,-0.071750425
0.8250016650016652,1.2916576,0.9215767,0.9223843,1.0343643,0.7637027,-0.24600205,0.4340859
0.774861294861295,0.642541,0.9670604,0.9581612,0.06395759,0.0894005,0.11147512,0.15874507
0.7909461853190238,0.6708188,0.9338897,0.92443436,0.1715523,0.25380567,0.37184736,0.5442613
0.9348820068820071,0.93880486,0.991974,0.98453206,0.19084582,0.27147338,0.722041,0.48275074
0.9129151689151689,1.1172241,0.97031915,0.96515995,0.42793643,0.47386715,-0.24234663,-0.06702999
0.895988911988912,0.8989612,0.9667429,0.9724602,0.34928274,0.23030546,0.41867557,0.13448323
0.9209386889386891,0.8260854,0.9828496,0.97234154,0.1870474,0.23450996,-0.3878058,-0.3673608
0.9424442824442825,0.7674727,0.99203986,0.9854527,0.14273146,0.16731966,-0.18647774,-0.05650596
0.8622779382779383,0.75969994,0.9383948,0.9518357,0.24972387,0.22256155,-0.16300629,-0.029517408
0.9403425523425523,0.7063365,0.97891235,0.9878034,0.12055546,0.11727003,-0.32129553,-0.03749092
0.8747399267399268,0.76948166,0.9723882,0.9781507,0.12685727,0.13898735,0.2413612,0.347529
0.8224757224757224,0.6814384,0.962523,0.94771844,0.092135385,0.15418115,-0.13578643,0.2610192
0.7755133275133275,0.7303719,0.97353053,0.95796627,0.12133176,0.12201353,-1.1857282,-0.94846207
0.7911591111591112,0.48436582,0.9730648,0.94877225,0.047145993,0.059706997,-0.18738104,-0.24796283
0.5246968406968407,0.5881606,0.9082111,0.92144895,0.10482829,0.0905419,0.58180463,0.6824477
0.9586277266277267,1.0338266,0.99132323,0.9910893,0.12017235,0.2116204,-0.43455306,0.17170392
0.9041336561336563,0.72561425,0.97007567,0.9606935,0.18428458,0.18542142,1.0850805,0.7549472
0.7805827205827206,0.48759365,0.9692504,0.9486804,0.06992275,0.071610585,-0.44685638,-0.09216757
0.833063513063513,0.66962594,0.97442144,0.9640152,0.07933212,0.093955636,-0.07643274,-0.22293934
0.9447227367227368,0.67800474,0.98189986,0.9873129,0.12940376,0.112248786,-0.7889884,-0.42308408
0.9028200415285016,0.7409939,0.97418916,0.9650086,0.21566255,0.22402006,0.17279957,0.14508754
0.793120837120837,0.62084395,0.9721638,0.94292086,0.09466304,0.1353725,0.19259654,0.32515174
0.7317903597903599,0.59905565,0.9452933,0.9201723,0.12316755,0.18358506,0.058518656,0.27942708
0.8279936879936879,0.7217653,0.9545857,0.96237487,0.18717484,0.12060021,-0.2388133,-0.085764885
0.873055581055581,0.8515975,0.9743938,0.9623006,0.25359467,0.20197622,0.4069075,0.015559023
0.8577782217782218,0.7447889,0.97311205,0.9605073,0.12681973,0.17957279,-0.65372545,-0.49002028
0.7027776667776668,0.5724508,0.9256283,0.94548047,0.095247604,0.09577614,0.03266099,0.19034614
0.7861870021870022,0.6244244,0.96992075,0.94655645,0.09216792,0.10484075,0.53881097,0.34077042
0.8320235200235201,0.6419005,0.973413,0.96841985,0.09463508,0.11611654,0.86740255,0.2639572
0.8606598566598567,0.94940513,0.93452215,0.95420253,0.42736888,0.28747016,0.5256162,0.15408202
0.933077613077613,0.85217625,0.9849799,0.97578907,0.17475435,0.3667211,0.62834775,0.71685696
0.8512432072432073,0.80032617,0.9483447,0.96446997,0.19021633,0.19079392,0.4931035,0.22246656
0.9258017538017538,0.74911726,0.98024243,0.9788656,0.17408046,0.3036014,-0.0036993055,0.17942454
0.8683707043707044,0.6830644,0.97724694,0.9624728,0.121172465,0.1521169,0.4235668,0.2464141
0.8941108381108382,0.6203432,0.9731075,0.9709503,0.1016744,0.10270743,0.04630287,-0.3444083
0.9144392904392903,0.8778671,0.97911525,0.97483975,0.22971608,0.31214097,0.4346885,-0.03718035
0.8508140988140989,0.823823,0.94249094,0.95566446,0.22616513,0.2454556,0.674672,0.36459494
0.9077021357021356,1.3545687,0.9884955,0.99124026,0.2581166,0.22553624,-0.3111326,-0.2557784
0.8150393630393631,0.76338404,0.9499203,0.94922405,0.15681116,0.23061858,-0.6256752,-0.742663
0.8564419870113129,0.6184322,0.9586428,0.9659467,0.14218916,0.09918322,0.5813518,0.44763753
0.8878051678051679,0.8593808,0.9902457,0.9709543,0.24059615,0.27544826,-0.58952403,0.140579
0.8683339843339843,0.770194,0.9841436,0.9720185,0.13827685,0.12972212,0.15487003,0.26741073
0.844898500898501,0.7770021,0.95880085,0.95206654,0.23628303,0.19265659,-0.20547564,-0.5407299
0.8303797823797824,0.67079866,0.96045434,0.9409185,0.18004651,0.23089875,-0.21290231,0.214733
0.7724122004122004,0.6888045,0.95997775,0.9573755,0.1268184,0.113092475,-0.30619958,-0.5080969
0.8526410526410526,0.65398836,0.9830623,0.9585268,0.105255984,0.14758514,-0.060034312,-0.21737912
0.8756229596229598,0.64016175,0.98653466,0.9682786,0.085035935,0.107965395,-0.08497608,0.03749715
0.9009507369507369,0.9442113,0.9644867,0.9758335,0.24777506,0.26765195,1.3017592,0.3860934
0.8965758445758446,0.6903518,0.9799021,0.96325374,0.15340032,0.22129862,0.17724364,-0.5927351
0.9162447162447164,0.5837631,0.97227705,0.97409296,0.11825854,0.14663413,0.24877314,0.08520147
0.6803530283530284,0.6676788,0.9372776,0.9361868,0.12949204,0.10568209,-0.6800454,-0.42516834
0.9454000054000055,0.8830231,0.9881362,0.98757994,0.14161971,0.13841169,-0.17854619,-0.15886948
0.7804421547834813,0.79254043,0.9581593,0.95427114,0.16004425,0.2048133,-0.16260755,-0.3634438
0.891034011034011,0.7488647,0.9648915,0.97045004,0.19645897,0.13890827,-0.4904018,0.033177663
0.893899721899722,0.66282153,0.97161984,0.97328633,0.09412458,0.122655734,0.35770893,0.26303753
0.899783195783196,0.8780728,0.97123617,0.9757718,0.15629415,0.1310901,-0.111928456,-0.17523627
0.8132638172638174,0.7888801,0.9432635,0.94848454,0.18214498,0.22309902,0.12251827,0.09173545
0.9186677466677466,1.0613277,0.9758711,0.9705376,0.28518805,0.46967012,-0.16258156,0.2777565
0.8590239550239551,0.77198577,0.95655805,0.9466411,0.21876514,0.3381124,-0.10303605,0.023082906
0.7704153384153385,0.7617323,0.9564595,0.9511264,0.15158284,0.21872704,-0.5991755,-0.5770761
0.864972816972817,0.8151758,0.96195954,0.96181804,0.16578533,0.16837493,0.089217745,0.15506372
0.7754233394233395,0.7943971,0.9453902,0.9362932,0.2583163,0.245202,1.0237887,0.8410928
0.7627654387654388,0.70522267,0.9288317,0.93338686,0.19498816,0.1279915,0.35531184,0.13492979
0.8551375831375833,0.702717,0.96974456,0.9630505,0.15312,0.16063933,-0.64506596,-0.81861615
0.9044864324864325,0.859344,0.95927554,0.9771087,0.2884521,0.20118992,0.21624036,0.1674304
0.7646893166893167,0.7634753,0.9194037,0.9519535,0.2105288,0.16371937,-0.48236367,-0.23266967
0.8467083547083548,0.7593063,0.958484,0.96525836,0.14648099,0.11764485,-0.5951394,-0.3454187
0.9125213765213765,0.7801932,0.98728704,0.98674953,0.1261466,0.10366956,-0.614903,-0.07168706
0.8244539484539485,0.72528523,0.9522445,0.9732348,0.1169879,0.114347436,-0.40693733,-0.47220722
0.8641086841086841,0.6887749,0.9651251,0.96926665,0.09770772,0.12942909,-0.5608731,-0.26023194
0.6335397335397336,0.5063169,0.9438462,0.93493867,0.059704125,0.07104343,0.15305169,0.11828909
0.6856312216312217,0.5476474,0.94880366,0.9340745,0.08320859,0.08548893,-0.78288114,-0.8074477
0.7931257091257092,0.68836695,0.95695513,0.9463565,0.11500235,0.10119336,0.2396113,0.26992828
0.8381569541569542,0.80210555,0.9862433,0.95337224,0.15343107,0.28475368,0.64781797,0.726757
0.950994422994423,0.87812406,0.9871046,0.9853705,0.20411672,0.20373353,1.0342388,0.19803573
0.9403853803853806,0.7341612,0.9948425,0.9898609,0.08654503,0.12939894,-0.061912972,-0.3555448
0.7944362064362064,0.7818069,0.9560117,0.9481043,0.18199638,0.15405405,0.6518394,0.79081875
0.9382700902700903,0.58879054,0.98983157,0.98202497,0.05731968,0.10559425,-1.4185961,-0.8177607
0.871468636083042,1.0529686,0.99446446,0.9732077,0.28582644,0.30087548,-0.15498565,0.55200833
0.885976593976594,0.736333,0.96962583,0.9611815,0.14545338,0.22032481,0.49035653,0.3045876
0.9435504675504677,0.9239187,0.98146546,0.9739927,0.16944209,0.4485094,-0.3417565,0.10728428
0.8121346041346043,0.6054071,0.9531494,0.95086974,0.103212915,0.14662749,-0.16597052,0.03253287
0.9255910455910457,0.77287054,0.98591816,0.9720674,0.11495175,0.21531664,0.16315842,0.39015955
0.952888144888145,1.0589265,0.989342,0.9897984,0.22150195,0.23797219,0.4745366,-0.1620384
0.858929610929611,1.271434,0.94860035,0.9487946,0.5647061,0.7899612,-0.45600647,-0.51455235
0.7342612702612703,0.62685734,0.9402993,0.9453163,0.09021927,0.14298488,0.31538108,0.055053905
0.7222305982305983,0.6628542,0.9409194,0.93119985,0.10315604,0.088629015,-0.24228697,-0.2946853
0.6382497382497383,0.7744093,0.9316939,0.9328266,0.14090805,0.1716829,0.1551287,0.33586836
0.9366960966960968,1.1472191,0.954211,0.9726867,0.53578836,0.37265158,-0.30744603,0.21917799
0.8673882273882275,0.8826315,0.95705116,0.9630774,0.29766175,0.28196666,0.05258187,0.014357572
0.8573336933336934,0.7782534,0.9556978,0.9615697,0.22775891,0.16413642,-0.32110453,-0.059363756
0.7290427410427411,0.6702771,0.94422525,0.93386346,0.17955592,0.17651978,0.20100637,0.31163976
0.8845352365352366,0.8861758,0.9691524,0.9675113,0.23458216,0.2873906,1.27574,0.6850326
0.8907468747468748,0.95383346,0.9843631,0.9748468,0.26794285,0.2469481,-1.2455617,-0.4789465
0.860949776949777,0.68418777,0.9634476,0.9547849,0.142314,0.17752202,0.23190357,0.40776423
0.9329854049854049,0.66670406,0.97488755,0.9775019,0.1662308,0.17782155,0.07665399,-0.05707359
0.9190901590901591,0.7144161,0.98394877,0.97430766,0.15575024,0.16947035,-0.2987886,-0.05909353
0.6145764745764747,0.61987305,0.94141686,0.9368675,0.08974861,0.08335621,0.21476449,0.30150485
0.8328922488922489,0.86198455,0.9416539,0.9590427,0.3026598,0.2170065,1.0951787,0.4673077
0.8553103473103474,0.7568662,0.96849364,0.9655012,0.1539545,0.16528313,-0.42707324,0.018826267
0.8677177957177957,0.54865986,0.96115285,0.96264875,0.08462066,0.11450701,-0.71955967,-0.5115984
0.9050652890652892,0.6112485,0.9879022,0.9739201,0.11852941,0.10280656,0.019630544,-0.3403265
0.8781851901851901,0.81816125,0.988027,0.9678948,0.21994336,0.2838446,-0.16113687,-0.4602036
0.8841335241335242,0.7768392,0.9494944,0.9573713,0.21363354,0.30532905,0.064951845,0.20235777
0.9252951852951853,0.7715091,0.97734034,0.98093903,0.1270544,0.16548319,0.47461113,0.254048
0.8258063378063379,0.60660446,0.96499395,0.96141446,0.066806905,0.11733598,-0.063724734,-0.03261416
0.834941706941707,0.71873814,0.94662106,0.96736145,0.13311513,0.12934941,0.19172083,0.08107204
0.8998363198363198,0.7571417,0.96795464,0.9705108,0.20460469,0.1838076,-0.058593642,0.09879809
0.7632686472686473,0.6778152,0.96649593,0.9395141,0.08616749,0.16273414,-0.2732932,0.07467029
0.8000916560916561,0.8961509,0.9567043,0.96881425,0.22461848,0.122399956,0.5849227,0.5762499
0.9316924636924638,0.7728322,0.98901653,0.98373526,0.12362046,0.17345892,0.26723817,0.088552356
0.913934245934246,0.82769835,0.9920346,0.9651319,0.20385306,0.3305411,0.38427797,0.00051345385
0.8820730980730982,0.9159051,0.9475752,0.9511193,0.3554837,0.39032918,0.2488981,0.009872089
0.586006318006318,0.7985066,0.9031659,0.9470738,0.17333181,0.10617209,-0.8457028,-0.69851613
0.8266731226731227,0.8119754,0.9862433,0.9649565,0.15343107,0.16812499,0.64781797,0.7593599
0.8387020907020908,0.70558625,0.9583881,0.9712588,0.15361762,0.109722435,0.49799004,0.22676557
0.8443003243003244,0.8221795,0.94474864,0.9630129,0.27077568,0.18386713,0.05952803,0.0612577
0.9047068367068368,0.97564363,0.9658812,0.9561384,0.47938237,0.37870982,-0.48603746,-0.44187814
0.8860922140922142,0.86559874,0.96294874,0.96237963,0.19258264,0.3469565,0.6064234,0.37970802
0.8954640314640316,0.6317816,0.98340803,0.982074,0.08716647,0.11188444,0.06302717,0.2729675
0.8885518805518806,0.9022595,0.9573368,0.96466386,0.3396122,0.33412373,-0.20302506,0.074250326
0.7854652254652256,0.7052022,0.9143255,0.94026387,0.2150461,0.21723972,-0.3056978,-0.43882313
0.8334204054204055,0.6244435,0.9693563,0.9571804,0.12966694,0.14316243,0.39348543,0.6096054
0.9228105708105708,0.6172788,0.987479,0.97511506,0.10019211,0.12525633,-0.5657681,-0.06315443
0.8430717270717272,0.7313406,0.9615273,0.9762098,0.11801038,0.0912467,-0.7739622,-0.66589934
0.8913072753072755,0.87997764,0.9908995,0.9912909,0.13127208,0.11756714,0.03631026,0.20748433
0.9227137787137789,0.8314935,0.99098504,0.98050755,0.1448247,0.23902082,-0.23983379,0.25440508
0.8685797205797207,0.7559631,0.95274466,0.97197986,0.23313981,0.13993457,0.69961303,0.09232066
0.9416805296805297,0.7485019,0.98604316,0.98169994,0.11436947,0.16314219,0.27788725,0.29361084
0.9501408621408622,0.8509595,0.9827038,0.98252785,0.19684651,0.2777909,0.11514756,0.07709459
0.8531679851679851,0.7649372,0.9353591,0.97409576,0.21650138,0.13618658,-0.4128378,-0.4414543
0.7403232803232804,0.7392565,0.95465726,0.934813,0.15692623,0.16984762,0.39184114,0.10535429
0.6281187761187762,0.95673656,0.926309,0.9311069,0.23522161,0.12013886,-0.17656834,-0.33904758
0.6815127815127816,0.49843445,0.95771235,0.9201513,0.058673378,0.09101941,-0.67357075,-0.21468396
0.7557773757773759,0.6474298,0.9554817,0.9404016,0.08648026,0.08926207,-0.16833933,-0.0627688
0.7656707976707977,0.7500581,0.9354447,0.939556,0.19942035,0.1901058,-0.5233522,-0.6847853
0.9106786906786908,0.9100533,0.9614714,0.96009094,0.28735405,0.4450713,1.0157465,0.33832476
0.8477062517062518,1.0136023,0.98830694,0.9615026,0.24113674,0.2985365,-0.038465567,0.33064002
0.860061404061404,0.82975066,0.96032524,0.97846854,0.18294047,0.11300348,0.7061622,0.12397335
0.9142168342168342,0.68871176,0.985223,0.9806162,0.08160414,0.13153742,-0.2946205,-0.06972127
0.940927012927013,0.75354403,0.99426955,0.9861142,0.101975285,0.13979685,0.2507489,0.14811707
0.8355722475722477,0.7581338,0.95955724,0.97386664,0.13766271,0.13455075,0.64584374,0.0059718937
0.5704951024951026,0.7122004,0.9234321,0.92740273,0.14794487,0.15912442,-0.23385863,-0.059185274
0.8724415044415045,0.74073946,0.9841887,0.9666978,0.1336839,0.27245906,0.24046819,0.6438263
0.7776536136536136,1.0202327,0.9343078,0.93167317,0.39605626,0.31892046,0.2655667,0.6175365
0.6508617628617629,0.5650549,0.9239503,0.8985877,0.096987076,0.18463045,-0.7506875,-0.6589286
0.9073317673317675,0.7921474,0.99471027,0.98678756,0.08501238,0.13097659,-0.28534633,-0.11876984
0.8712088272088273,0.7219333,0.9801925,0.9628909,0.14685288,0.17740752,0.036551747,-0.32541674
0.8563665043665044,0.71826136,0.9862433,0.9553875,0.15343107,0.2762737,0.64781797,0.7399711
0.8758817878817879,0.8369139,0.9898675,0.9516984,0.20224431,0.41061172,0.5196441,0.76762664
0.891870783870784,0.95159864,0.9696807,0.9694689,0.30130005,0.2638912,-0.722757,0.09054686
0.9187030507030507,0.74659103,0.977576,0.9837037,0.13853475,0.15095739,0.7381157,0.411652
0.9329063969063969,0.8102068,0.99260765,0.9762187,0.17926036,0.25896865,0.35327268,0.10067408
0.7364135444135445,0.56220555,0.963391,0.9221636,0.051712047,0.14752132,-0.11884567,-0.090172395
0.9316038676038677,1.0177184,0.97710013,0.9784676,0.3460344,0.39639193,-0.6782092,-0.07929811
0.8676248076248076,0.83849275,0.9616508,0.97327846,0.19939557,0.18654135,0.04563504,-0.015026911
0.8454545094545095,0.7408893,0.96917343,0.96218026,0.21342205,0.16443165,-0.19520877,-0.06829537
0.9360677400677402,0.7498053,0.97903395,0.9763964,0.20709217,0.25426257,0.037142906,0.22746693
0.87783148983149,0.75737303,0.9621825,0.95449275,0.17392325,0.20310824,-0.25751853,-0.3045255
0.7977756657756658,0.8366815,0.95153356,0.9517169,0.21466832,0.24863382,-0.11499499,-0.23364949
0.8986037026037026,0.9314931,0.97896224,0.9784191,0.29435584,0.23235326,0.09862453,0.48091286
0.9620604020604021,0.681424,0.9867352,0.9898476,0.12424365,0.10735143,0.11941924,-0.3146117
0.884985008985009,1.0476185,0.9854735,0.968852,0.33441228,0.3823406,-0.8126091,-0.10873897
0.844900024900025,0.7026639,0.9525473,0.95181435,0.14114344,0.22210553,-0.32809,-0.07629496
0.7842510522510523,0.7784799,0.9174994,0.93316215,0.25071925,0.25474802,-0.06782226,0.049521126
0.7665413145413147,0.76322126,0.8995497,0.9026332,0.23410964,0.32693854,-0.07080531,-0.16970588
0.8426394866394867,1.2494411,0.90465117,0.9216369,0.9577382,1.1445007,-0.46474314,-0.34610248
0.9250039450039452,0.75685143,0.98759454,0.9709987,0.2043509,0.3116547,-0.033141397,-0.439856
0.9436019836019836,0.84960604,0.9922811,0.9909684,0.076075874,0.14928077,-0.5193904,0.12782204
0.8837039237039238,0.72797906,0.9583911,0.9671556,0.2048867,0.1473465,0.11044899,0.15724833
0.7778200538200539,0.8448972,0.9170647,0.91843593,0.24072427,0.42956465,0.7333979,0.83717406
0.8059046779046779,0.7799455,0.9487044,0.9464943,0.20243523,0.13605674,-0.8333838,-0.8434521
0.8528396648396649,0.7017347,0.9490046,0.9532051,0.16318937,0.1351711,0.49445945,0.18462199
0.9291146091146093,0.86998564,0.98915696,0.9795446,0.20845993,0.22089988,0.25252235,0.4675152
0.8542985302985304,0.7773626,0.9233159,0.9567222,0.20192522,0.23389308,0.7391314,0.81028175
0.7762684042684043,0.5822822,0.9628422,0.9384002,0.08521439,0.1155832,0.37684122,0.17415528
0.6892363852363853,0.62624705,0.93559784,0.93583333,0.06621794,0.12367936,0.29399115,0.5377755
0.6337479817479817,0.6358247,0.9562112,0.93673456,0.0739812,0.11326656,-0.53775597,-0.5579888
0.9158222918222919,0.8565742,0.9843766,0.9805929,0.22727734,0.289276,0.8459512,0.23459353
0.9302283422283423,1.0141612,0.9815527,0.982691,0.25279498,0.28591633,0.42732882,0.55248463
0.5536493656493657,0.59999925,0.96575916,0.92705154,0.06214858,0.13116224,-0.19738558,-0.16768898
0.9182893022893025,1.0682358,0.97225547,0.97316056,0.45032907,0.36310425,-0.65239453,-0.5159916
0.8398326358326359,0.8096783,0.9387967,0.95105106,0.20356733,0.14062005,0.099408746,0.049821224
0.736969468969469,0.8903271,0.94675654,0.96867174,0.16062284,0.122476235,-0.07905119,-0.01226718
0.8573310773310774,0.8086673,0.98933583,0.9628538,0.14862901,0.16261932,0.40224323,0.6771473
0.902063342063342,0.6006284,0.9812265,0.9797476,0.08970722,0.09251499,0.46750337,0.2682963
0.91788350988351,0.9704343,0.9838865,0.97540635,0.33132276,0.3131471,-0.11105724,0.25560358
0.7884987324987326,0.81946164,0.9669466,0.9612297,0.15480982,0.13562025,-0.057519663,0.30060965
0.9049940809940811,0.7268463,0.9675054,0.97096014,0.13155816,0.21811171,0.32555574,0.23047177
0.795972891972892,0.7880571,0.9571224,0.9372569,0.17448032,0.15617104,-0.027818292,0.22344428
0.9214094734094735,0.99844265,0.9696209,0.9574859,0.5513386,0.54318523,0.071359426,-0.2796784
0.7896462936462938,0.6394707,0.9544009,0.95374984,0.088531405,0.14082047,-0.020838812,-0.29457498
0.9106379626379626,1.1124221,0.9570805,0.9690295,0.51361656,0.34320113,0.17113395,-0.08348209
0.8656563256563258,0.7822467,0.98353267,0.9679989,0.12310442,0.16767475,0.31307283,0.77444303
0.5857296697296698,0.50710386,0.93926597,0.90649647,0.046640985,0.11841749,0.85726106,0.7369196
0.7189406029406029,0.84905994,0.9281347,0.93926615,0.21185984,0.14421669,-0.042577736,-0.023715906
0.8797430197430198,0.58315545,0.9815621,0.96432644,0.082029805,0.13526896,0.39024323,0.7966718
0.8728633168633169,0.9403362,0.94483125,0.97226965,0.3470306,0.2159672,0.03381666,-0.20326555
0.9102984342984345,0.67941016,0.9911396,0.98352635,0.09757954,0.094148576,0.22955477,-0.6906434
0.9261712581712581,1.1029508,0.9798835,0.9801833,0.26109377,0.41264653,-0.35146192,-0.40115523
0.968869304869305,0.73083067,0.9941264,0.99138725,0.11835625,0.1348118,0.6344704,0.45676377
0.7942402462402464,0.65234506,0.9605565,0.9460223,0.14450672,0.16002607,-0.2435654,-0.05510644
0.7821438861438863,0.6679315,0.9833997,0.97622454,0.101214476,0.094466574,0.9012216,0.93416023
0.90000594000594,0.80924386,0.975447,0.96234727,0.17604212,0.33174515,0.06724381,0.21257956
0.934069138069138,0.9244303,0.9734619,0.9716017,0.3046228,0.40869573,0.6113455,0.34948692
0.871028215028215,0.7734626,0.96211547,0.95605433,0.18932895,0.31446916,-0.57366437,-0.22677141
0.8219601779601781,0.7599606,0.97894084,0.9517532,0.18235776,0.18438953,-0.03743064,0.2392669
0.9391419751419752,0.732072,0.99408275,0.98582804,0.10421312,0.14316107,-0.111735895,0.59903276
0.8830857817350392,0.84273815,0.97144276,0.9776612,0.15585852,0.21122302,-0.6815801,-0.6948137
0.9139140499140501,0.87348735,0.9746434,0.97509235,0.22586195,0.24548355,0.03855675,0.09648598
0.7476010356010356,0.7052541,0.9383234,0.9419495,0.12788798,0.18429823,-0.13934574,-0.2905196
0.9005574005574005,0.6965499,0.97289455,0.9714882,0.10698532,0.1203676,-0.7698877,-0.29356954
0.8863947943947944,0.91169083,0.9870524,0.9601723,0.265203,0.39286935,-0.8754703,-0.09549398
0.8217111777111776,1.0555439,0.9257649,0.94693506,0.55703896,0.3927352,0.2932182,0.4867165
0.7133098013098014,0.8659584,0.94357157,0.946226,0.19839089,0.16403419,-0.81122047,-1.0747869
0.8816480336480337,0.78724724,0.9756665,0.9774737,0.12840566,0.15676822,-1.0062101,-0.6470578
0.8597433197433199,0.7606311,0.9862433,0.95943546,0.15343107,0.20649266,0.64781797,0.8453693
0.8684920844920847,0.8360081,0.9850441,0.9843886,0.12085916,0.15723002,0.5315453,0.8025585
0.8988045588045588,1.0596787,0.9637569,0.94535017,0.44737643,0.66037816,-0.6087946,-0.14380752
0.9263478743478745,0.9729116,0.9778114,0.98038036,0.2504518,0.2833175,-0.28585672,-0.35493398
0.867098811098811,0.81177926,0.9668414,0.9756625,0.19580571,0.16778533,-0.66061026,-0.40588015
0.9012864492864494,0.55633074,0.9696818,0.9642854,0.08125578,0.1186782,-0.053576004,0.11724177
0.8351933231933233,0.6414672,0.96898365,0.9617291,0.12857531,0.15240662,1.0071756,0.9744329
0.8575804495804495,1.0812254,0.97893435,0.9598457,0.37436277,0.3725192,0.07267675,0.46409076
0.8495759135759137,1.1083764,0.95454645,0.96466154,0.5025889,0.27315235,-0.46845567,-0.3192512
0.8454613014613016,0.5833838,0.97578937,0.9758042,0.089215614,0.08513049,0.110623516,0.41355887
0.8845987372525336,1.0220602,0.96422076,0.96333706,0.30385062,0.31303278,0.34466618,0.32301372
0.922950730950731,0.95572335,0.98405284,0.97540385,0.28904718,0.2736587,-0.8046436,0.13193104
0.7111613191613192,0.6490218,0.9372547,0.95353085,0.12843806,0.098678,0.37035844,0.21463858
0.9344859464859467,0.68855983,0.98992604,0.98377275,0.108893625,0.20942073,-0.45046833,-0.24422991
0.8341800661800661,0.7497673,0.9571712,0.9642577,0.16459528,0.15327112,-0.086173505,0.10207752
0.707848307848308,0.66778564,0.9571345,0.9585142,0.10861229,0.08059935,0.067114756,0.12282174
0.7172075852075852,0.73422855,0.9399931,0.93907475,0.14133699,0.21730223,-0.0029902055,0.06632578
0.8663514503514503,0.63138914,0.97751516,0.9732735,0.1064716,0.11172257,-0.061822794,-0.09925028
0.8842187602187604,0.8388975,0.97951555,0.974045,0.1908104,0.171111,0.66138905,0.7416644
0.8949196989196989,1.0537093,0.98571366,0.97617894,0.31794348,0.26550856,0.12947765,-0.26771423
0.8422529687797278,0.733435,0.9503313,0.963464,0.21330127,0.15643026,-0.5723865,-0.38705835
0.7096898198188893,0.7272881,0.94343007,0.95582545,0.16625604,0.08008907,-0.3829367,-0.25779256
0.8724421164421164,0.6363623,0.9652687,0.9689195,0.12176929,0.120663255,0.63058394,0.4039045
0.9146542946542946,0.7655108,0.97219235,0.96821254,0.15620072,0.23674479,-0.4089746,-0.10789798
0.8198031878031878,0.72583824,0.96494836,0.9653339,0.13593102,0.15281536,-0.124719486,0.16654862
0.8167292887292887,0.59031796,0.97680914,0.9539903,0.10003295,0.09822463,0.45003122,0.20869692
0.860893532893533,0.7244497,0.97808754,0.9707155,0.13509293,0.112899296,-0.059472285,-0.19784392
0.9132288612288612,1.0701102,0.98904234,0.98628414,0.20656982,0.25288704,-0.6200239,0.094028614
0.8665454065454066,0.7969663,0.9851799,0.9759474,0.19401361,0.124560945,0.40405145,-0.14510009
0.9152760152760153,0.7927214,0.99183714,0.97528607,0.21197398,0.16880989,0.29668248,-0.2339197
0.8083826563826565,0.7883952,0.9361496,0.9455219,0.24572103,0.25388908,-0.6396551,-0.4503477
0.8022275982275983,0.6001578,0.96344954,0.96489626,0.07794336,0.08154258,-0.28221932,-0.13618186
0.88994464994465,1.1556214,0.98632294,0.9669944,0.38935512,0.37637264,0.16736065,0.233941
0.8252555732555733,0.6815237,0.9467334,0.9527943,0.109005705,0.18556923,-0.30609885,-0.06272737
0.9583909183909185,0.7235262,0.99130654,0.98725015,0.10782849,0.21007118,-0.033041526,0.26221487
0.8127084927084927,0.67107046,0.96072346,0.96102273,0.09958793,0.09785947,0.58418816,0.4402839
0.9614954294954297,1.1590161,0.99060035,0.9855086,0.2932606,0.38776156,0.5983964,0.04461445
0.8775092895092896,0.8402456,0.9640427,0.97132605,0.2848728,0.13074034,-0.27539834,-0.10709889
0.9468628788628789,0.8789319,0.99034405,0.98936075,0.17800331,0.16365069,-0.5362997,-0.25977692
0.9075333795333795,0.8710603,0.9936415,0.9840388,0.13367282,0.11384361,-1.3508878,-0.18070777
0.9700772860772863,0.7977827,0.9931981,0.9892608,0.14540002,0.22634552,0.37613773,-0.14834811
0.9275217515217518,0.79018486,0.9887917,0.98896277,0.18899132,0.1159097,-0.05571856,0.08376824
0.8855022215022217,0.86167365,0.97795576,0.97840047,0.19632022,0.13627875,0.18843506,-0.014052035
0.7747245307245307,0.54087967,0.9504951,0.9552276,0.0844611,0.08508309,-0.23824142,-0.0741259
0.6857023697023698,0.7020425,0.9318787,0.948105,0.12949945,0.13234676,0.10819621,0.18852317
0.8561219801219803,0.58625126,0.97463757,0.9736811,0.13343449,0.061456326,-0.3599227,-0.30451047
0.9218357138357138,0.76434475,0.9810315,0.98858356,0.16038969,0.14872944,0.45427537,0.22656633
0.8608991848991849,0.7722386,0.9862433,0.9614392,0.15343107,0.24433333,0.64781797,0.7274254
0.8078543198543199,0.59433544,0.9444343,0.95148903,0.11814312,0.09000676,-0.6035704,-0.31350473
0.8854858774858775,0.9795427,0.9946888,0.9750177,0.26304746,0.25854835,-0.5169983,0.25604576
0.8623350223350223,0.8956815,0.9884536,0.97747004,0.12579961,0.073393546,0.41471592,-0.2234501
0.7608636768636768,0.7673679,0.9608061,0.96771663,0.13526925,0.079183124,0.38571665,0.11982151
0.8815866535866537,0.6369776,0.9659679,0.9713565,0.1098701,0.13683933,-0.100976944,-0.052981637
0.8643417123417123,0.68327445,0.97484094,0.96857524,0.1315506,0.15427382,-0.030472826,-0.1135969
0.7005398685398685,0.7029355,0.92053294,0.9555284,0.12812899,0.0883411,-0.3218732,-0.11307001
0.7566551166551166,0.74647546,0.9744927,0.9597695,0.09459287,0.13569318,-0.9880005,-0.6741132
0.9098459018459019,0.7682357,0.98434603,0.97149795,0.20199205,0.21789837,-0.46055493,-0.008105312
0.9244901284901286,0.8604358,0.97419614,0.98156655,0.20997712,0.16277756,0.35599488,-0.000626771
0.7078124518124519,0.6442921,0.934345,0.93441457,0.113558084,0.15808542,-0.011896995,0.14353617
0.7947054987054989,0.7794592,0.9675976,0.96411973,0.124978215,0.11040615,0.7849045,0.5821554
0.8064761904761906,0.8766355,0.9434289,0.9397141,0.3036706,0.24540414,-0.07968484,-0.51458937
0.8995785955785957,0.87718666,0.9785073,0.96909344,0.27750468,0.23580208,-0.8527589,-0.5945988
0.836868908868909,0.78812236,0.9862433,0.96440864,0.15343107,0.20436284,0.64781797,0.69883376
0.901035733035733,0.81791794,0.9804733,0.97557855,0.17607757,0.20246136,0.46622157,0.35297826
0.9173834213834214,1.0473069,0.98496443,0.98591447,0.25022614,0.31879973,0.31742594,0.42584172
0.9499118659118658,0.85994536,0.99108326,0.9920723,0.110750295,0.13748972,1.2635003,0.53642887
0.6356268716268717,0.645607,0.9171677,0.9454245,0.11330341,0.105544046,0.78359073,0.72103816
0.8748526788526788,0.7174113,0.98336977,0.9715788,0.12105347,0.1623681,-0.060259752,0.12723283
0.731861495861496,0.59276116,0.9173844,0.9236479,0.14577721,0.10950392,-0.325537,-0.2020099
0.8748551268551268,0.8319405,0.9428854,0.9580723,0.30729765,0.25862947,-0.84652466,-0.3508362
0.8235603435603437,0.7956153,0.9796256,0.97199744,0.17852251,0.10755166,-0.060729023,0.07078622
0.7022613422613424,0.6186184,0.9676319,0.932112,0.08963474,0.09620359,0.17430183,-0.26478982
0.7257835377835379,0.67698586,0.90865225,0.9424842,0.15300582,0.19451883,0.43178207,0.33311495
0.8928940128940129,0.9248851,0.96300614,0.97311,0.2615475,0.3038497,0.4552426,0.18626581
0.828907896907897,0.6483018,0.96314013,0.94889235,0.105950765,0.13256246,0.17258547,0.0062328284
0.8473885993885993,0.6956296,0.93489224,0.94900846,0.17799921,0.16074613,-0.027908526,0.014897966
0.7291121491121492,0.6412689,0.94412374,0.94667447,0.11551893,0.10676341,-0.8325872,-1.064675
0.7768625848625849,0.6953112,0.9576217,0.95909524,0.12873426,0.12439793,0.10286352,-0.4100189
0.93598385998386,1.0563751,0.97337604,0.9787254,0.45848164,0.3500237,-0.4043407,0.2244758
0.9430527790527792,0.6638544,0.9898757,0.98552704,0.082462914,0.16526054,-0.37061945,-0.21567884
0.8603812523812524,0.98375684,0.9445048,0.95584697,0.33634302,0.2694527,0.011385213,-0.034981005
0.8896460776460776,0.72133857,0.96536237,0.9637246,0.1594004,0.2070514,0.08349498,0.18573248
0.9488442848442848,0.9070435,0.985025,0.9885135,0.23646702,0.18844111,0.9433401,-0.12264548
0.9126840966840968,0.6796062,0.97998726,0.98114604,0.1124,0.10159869,-0.61952394,0.037398163
0.8336643656643656,0.67775047,0.97301656,0.96425456,0.11361038,0.108281754,0.9368779,1.081911
0.9460778380778382,0.9736433,0.9790936,0.98764354,0.22215174,0.19440146,-0.032134946,0.110684976
0.8726725766725766,0.8173218,0.96392363,0.9733247,0.17355514,0.20301512,-0.8576052,-0.37886885
0.864968556968557,0.7009986,0.9883115,0.9733313,0.100906804,0.12566704,0.24744529,0.22476938
0.9173874413874414,0.82792616,0.98233104,0.9756701,0.1850894,0.24259627,0.5681595,0.5596409
0.8935436935436936,1.0168331,0.97893435,0.96194804,0.37436277,0.43694022,0.07267675,0.22748803
0.9032013152013153,0.85659915,0.9834215,0.97480786,0.18333977,0.21403606,0.6598413,0.27862307
0.8448188808188809,0.74460465,0.9600626,0.9618631,0.11818924,0.18594721,-0.37364075,-0.32930002
0.8581752061752062,0.571236,0.9708501,0.9688261,0.07966291,0.10608416,0.60395986,0.45322075
0.9032838512838515,0.8444373,0.98181593,0.9769118,0.23886116,0.13280576,-0.8349677,-0.23330282
0.7344999624999625,0.6678422,0.9589844,0.9434134,0.09146251,0.13917312,-0.2421094,-0.024430227
0.9007439047439049,0.95527405,0.9930193,0.96454877,0.25629154,0.3869553,-0.8218933,0.11208902
0.9116542316542317,0.63938564,0.9866114,0.97836435,0.09496656,0.14830315,-0.062333804,0.26705375
0.8306527586527587,0.6504016,0.95949745,0.9468733,0.15762882,0.20738234,-0.27389136,0.10036449
0.9058810258810261,0.9141551,0.9898219,0.9644812,0.22212867,0.19335298,-0.76698893,0.06494107
0.9165442005442005,0.7810175,0.9925328,0.9869793,0.07771814,0.124913886,-0.6339485,-0.37590775
0.8733802413802413,0.70503455,0.97724265,0.9681021,0.13549303,0.14000233,0.35985273,0.024979487
0.9390157710157712,0.62917924,0.9854244,0.97827387,0.08094328,0.14870654,-0.27823737,-0.21296583
0.9251218931218933,0.84443456,0.9873134,0.98679984,0.1661233,0.14527565,-0.48669973,0.064321294
0.9267214707214708,0.74063015,0.9659604,0.98292583,0.17000535,0.20513149,-0.8002551,-0.47312447
0.8934196254196255,1.0121968,0.97808063,0.96260977,0.41303748,0.4328478,0.83203036,0.7304084
0.9242162162162162,1.0062152,0.9904908,0.9884365,0.19517176,0.16717318,0.79676735,0.5145263
0.9404742044742046,0.82068646,0.9699135,0.98810357,0.1573631,0.119145386,-1.1160247,-0.5260115
0.9106039546039548,0.9846461,0.97903466,0.9748601,0.25496557,0.20520219,-0.1561326,0.11552291
0.8831565071565072,0.80003506,0.94927484,0.9652581,0.30813715,0.18073845,0.79021615,0.33021256
0.8634893874893874,0.5573278,0.9834184,0.96873206,0.06314643,0.13219178,1.0727853,0.34528852
0.8748110988110989,0.89479744,0.9614116,0.96554923,0.25741544,0.30880162,-0.24891259,-0.53114116
0.7618211218211219,0.70479786,0.95839345,0.96166766,0.17107071,0.08257006,0.4387959,0.38277155
0.694924774924775,0.62610143,0.935271,0.9550817,0.09976835,0.0816436,0.7272695,0.6662187
0.9113956673956676,0.71257675,0.97088885,0.9725999,0.13232155,0.22102855,0.6086443,0.009500452
0.9002764082764083,0.88606894,0.9761505,0.9830655,0.20707819,0.13527158,0.216294,-0.087558664
0.8983581583581584,0.6417941,0.98145616,0.97190243,0.12560561,0.15384687,-0.0021539654,-0.19005074
0.9244010524010524,0.76710165,0.98996043,0.974805,0.2614368,0.22467703,0.48715934,0.4798946
0.919070959070959,0.976386,0.97130793,0.97582823,0.33322838,0.3175002,0.5505567,-0.015545461
0.8820365580365582,0.941325,0.9646281,0.9730628,0.2690834,0.24117713,-0.010200066,-0.16413072
0.8076133116133116,0.8875297,0.9440313,0.967658,0.25914952,0.12144813,0.2878175,0.19728696
0.8256055296055296,0.8964188,0.9466797,0.96716136,0.2428163,0.16688076,-0.2634948,-0.11855075
0.8924019164019165,0.5977588,0.97936547,0.9707997,0.07420576,0.12125911,0.16493423,0.24640657
0.8878021078021078,0.8870897,0.98973054,0.98081475,0.12232731,0.17400855,0.3753277,0.8072627
0.9218117738117738,0.9375972,0.9762505,0.9789137,0.26656047,0.23685509,-0.9361506,-0.9717518
0.8944324504324506,0.84752405,0.9689245,0.9778096,0.208788,0.13953044,-0.5091184,-0.06811896
0.9545231465231465,0.75464064,0.98139745,0.9825206,0.18895486,0.17266774,0.2633143,-0.52023095
0.873849357849358,0.7381025,0.97434247,0.97447944,0.12399638,0.13999164,-0.055054568,-0.13530688
0.9523401043401044,1.0565133,0.9884207,0.98825705,0.24571843,0.22897212,-0.13405599,0.35538658
0.9491097611097612,0.9504805,0.99076444,0.98073477,0.18451299,0.33760542,0.1873709,0.019373773
0.8587192387192387,0.7204109,0.9630829,0.9687411,0.13859312,0.1950034,0.625462,0.35377413
0.8446514806514807,0.6732636,0.9629,0.96941996,0.13606614,0.1284611,0.358608,0.45440573
0.572854004854005,0.6377435,0.9252909,0.9619832,0.08089219,0.08656241,0.6994278,0.5043361
0.9004641604641607,0.63225436,0.9643826,0.9732183,0.11939129,0.1494736,-0.29207563,0.039537434
0.9203074643074644,0.9945289,0.98360956,0.97843766,0.27065217,0.312602,-0.19660568,-0.33154517
0.8828778068778069,0.51160425,0.9798885,0.96598876,0.07034165,0.111516654,0.49898243,-0.19830911
0.7667150747150748,0.81251645,0.97122043,0.9702654,0.115711845,0.105289996,1.1016455,1.0342852
0.9177352497352497,0.6685081,0.9810264,0.976419,0.11853236,0.12809978,0.5082722,-0.1106728
0.9021718341718342,0.9232635,0.9759135,0.9707452,0.3127329,0.32140493,0.2203418,0.33126312
0.848866604866605,0.6780359,0.9786859,0.9678017,0.101127826,0.14114745,-0.07211879,-0.07493367
0.7512819672819673,0.73826426,0.96018463,0.96032405,0.13713811,0.12922886,0.23645787,-0.11823756
0.7497094497094496,0.5350939,0.9469142,0.95671123,0.059149127,0.0970441,-1.2434607,-1.1768392
0.8403289083289083,0.77441514,0.9441923,0.96541226,0.14605018,0.15246256,0.5331556,0.3899989
0.923935763935764,0.84112763,0.9637051,0.9750508,0.3390601,0.22129698,0.44379035,0.21763037
0.8856335616335618,0.93851376,0.9686127,0.9707962,0.2290318,0.15745457,-1.0565543,-0.84675884
0.872917052917053,0.57473576,0.948106,0.9723307,0.106997065,0.11165258,0.18021773,0.05216125
0.9476010836010837,0.97783613,0.99037284,0.9841408,0.31257218,0.19461453,-0.010841014,0.13133432
0.925996525996526,0.7062032,0.9909704,0.98166496,0.06960277,0.16205077,0.5123118,0.16576274
0.9000350160350161,0.8350668,0.9708391,0.97330403,0.24294582,0.14503501,-0.23507406,-0.604368
0.8938373818373819,0.88865536,0.9745741,0.9702954,0.18041699,0.18100008,-0.9456902,-0.40884385
0.7302773382773383,0.7526336,0.93909127,0.962204,0.12956084,0.09696066,-0.028791144,-0.10861582
0.9294242214242213,0.77033967,0.97525173,0.97530204,0.17841753,0.20524842,0.08882642,0.20074086
0.7244254004254005,0.87961835,0.9105217,0.9553028,0.33888978,0.16653498,0.37115383,0.33700556
0.8575937335937337,0.72863346,0.9726025,0.9721672,0.09964928,0.14550437,-0.46826988,-0.7987689
0.654946350946351,0.6951213,0.9387031,0.95591664,0.14831418,0.10924804,-0.59408766,-0.49527714
0.8101864141864142,0.79309183,0.95718044,0.9657255,0.21184334,0.14286378,0.08359907,-0.16121367
0.8263291423291425,0.7805378,0.9692267,0.9660274,0.22666945,0.14242542,-0.6758196,-1.1107835
0.9062476142476142,0.91611564,0.9689522,0.97148657,0.3368615,0.28848743,0.019730425,-0.0046198266
0.8106992586992589,0.8589088,0.943063,0.9631256,0.286149,0.18620577,-0.78406423,-0.3363743
0.7902618822618823,0.7181231,0.950048,0.9480913,0.1632512,0.118656844,-0.36609292,-0.23802465
0.7179740739740741,0.71014875,0.9721541,0.9462184,0.11191627,0.10881134,0.24188492,0.869935
0.9174944334944335,0.71288925,0.9857903,0.97566116,0.1026675,0.13471231,-0.45326596,-0.3758469
0.7951530151530152,0.7742082,0.9403833,0.9378578,0.19728775,0.1788085,-0.27545467,0.028194863
0.905025821025821,0.6564226,0.97727627,0.9834201,0.087480746,0.097653136,0.8167768,0.4307645
0.8773562533562533,0.8539332,0.9933526,0.9676794,0.18651724,0.20761979,0.025704525,0.607917
0.7354536874536876,0.5854959,0.925188,0.9311758,0.1114994,0.13112804,-0.7926332,-0.8731701
0.894955854955855,0.74346775,0.94367635,0.9544441,0.26629257,0.22205448,-0.24117562,-0.18289545
0.8987831387831388,0.5465439,0.98776585,0.97756416,0.080394834,0.11252605,0.14088121,-0.24320912
0.9247240327240328,0.61115986,0.9822158,0.979316,0.05771101,0.11034834,0.57375425,0.24939705
0.7330546210546212,0.73331255,0.9404613,0.9513068,0.17685188,0.10552352,-1.0769508,-0.915513
0.845947325947326,0.7902172,0.9862433,0.95877403,0.15343107,0.18332621,0.64781797,0.76287407
0.8876677556677557,0.8682849,0.976028,0.9738572,0.21932487,0.23312856,-0.42813888,0.10203661
0.8467731907731908,0.85619485,0.96922153,0.9730731,0.17865936,0.1330467,-0.48334396,-0.5928576
0.8241297681297681,0.5615742,0.9647505,0.9669283,0.07191099,0.10838618,0.436548,0.16473402
0.9331108171108172,1.0123433,0.9849325,0.9838332,0.2393179,0.1677716,-0.23881935,0.061806463
0.695032943032943,0.6887022,0.9633398,0.92901254,0.12362397,0.17893596,0.076275624,0.34193018
0.8535388935388935,0.7989931,0.9703151,0.96295726,0.14660728,0.14665338,-1.3531139,-0.81334245
0.8482746562746564,0.8642493,0.95172215,0.95363677,0.2346183,0.14509156,-0.6506859,-0.104094155
0.9184595344595347,0.7267809,0.9807442,0.9718669,0.16146374,0.2157244,0.4683694,0.235303
0.6953897873897874,0.60974264,0.94240946,0.917825,0.10720525,0.1295627,-0.48953706,-0.32310078
0.9152471192471194,0.8585564,0.9923616,0.99122053,0.1676943,0.15949026,-0.4168462,-0.3636994
0.6782292902292902,0.79295474,0.9027064,0.9343194,0.20125836,0.11601018,0.16528136,-0.1023203
0.5852617052617053,0.56959987,0.95319855,0.91927564,0.05275008,0.12582296,-0.4374136,-0.38243613
0.8672258912258912,1.1146426,0.97893435,0.97090137,0.37436277,0.31578425,0.07267675,0.36428842
0.8469999069999071,0.79678655,0.9754689,0.9507091,0.17169009,0.26783738,0.14197955,0.40130225
0.8016482856482857,0.6917054,0.96071094,0.9516761,0.16292277,0.16714214,0.36225063,0.033890557
0.9557845757845759,0.8022482,0.98609775,0.99088186,0.12548266,0.09569195,-0.17619695,0.09989997
0.8903703743703746,0.6060372,0.97518766,0.97511923,0.09800358,0.15978928,-0.38932827,-0.17318422
0.7565903525903527,0.75215894,0.95736176,0.95326483,0.10667886,0.1863868,-0.89650166,-1.138603
0.8534346014346016,0.6390933,0.9673948,0.961887,0.0878299,0.11326782,-0.03447551,0.26129138
0.9242524562524563,1.0232552,0.977303,0.9845285,0.24038331,0.20419376,-0.7491925,-0.13770653
0.8422587502587503,0.6371264,0.94553894,0.96061224,0.10804965,0.12418391,0.03338225,0.058653817
0.8667010947010947,0.9338588,0.9441643,0.9412669,0.3944912,0.42793292,-0.07140615,-0.2997061
0.9484685164685166,1.0610266,0.9819876,0.9874071,0.25324807,0.28759912,-0.046672076,-0.29547548
0.765979833979834,0.6853768,0.92466545,0.93812275,0.18918827,0.14418013,-0.5657519,-0.6385999
0.8944520584520586,0.84645075,0.96056634,0.96670306,0.22308184,0.26405427,-0.21962984,0.040545646
0.9185591105591107,0.84912235,0.99293536,0.977784,0.15745361,0.19269066,0.7605153,-0.24732743
0.9198151038151039,0.7575971,0.9923863,0.9892722,0.11293722,0.12432381,-0.30554077,-0.42317888
0.89201482001482,0.8857455,0.9687326,0.96516,0.22662683,0.17731413,0.123757884,0.35813192
0.9493256533256534,1.451313,0.9939387,0.99289167,0.1563966,0.18111427,-1.1402117,-0.13252313
0.8905262065262066,0.70898014,0.984461,0.9784266,0.106855065,0.09925597,-0.37750214,0.40011472
0.6682664842664843,0.565927,0.92259896,0.94022703,0.076959915,0.09717049,0.06788899,0.18201397
0.699941907941908,0.6421175,0.9328313,0.9157712,0.11912231,0.1744661,0.21110713,0.25345904
0.8772368772368773,0.80422395,0.9654824,0.96796423,0.19959985,0.19582942,-0.32216236,-0.31190792
0.8652554292554294,0.69678,0.9516223,0.9633388,0.18327127,0.17485364,0.057736766,-0.24740912
0.565033225033225,0.55046237,0.9046579,0.91164833,0.076672494,0.13610666,-0.29389068,-0.28311047
0.8446674526674527,0.841611,0.970687,0.9505525,0.21640067,0.2509138,0.45841438,0.52162075
0.9467546747546748,1.0169212,0.9948318,0.98358047,0.2817744,0.32534498,0.83627874,0.44859606
0.871011619011619,0.99127007,0.9945364,0.96669394,0.18797258,0.20795308,0.63476425,1.0002775
0.9165600525600526,0.79977715,0.98494214,0.9796714,0.13444592,0.16493846,-0.038262375,0.0916901
0.8923445563445563,0.69859,0.9657793,0.9771176,0.13190845,0.1231561,-0.07753068,0.03007152
0.9359992559992559,0.79219174,0.973358,0.9776953,0.2008011,0.2979413,0.6595426,-0.07840108
0.5343604623604624,0.56437826,0.91504836,0.9020856,0.061135285,0.10899804,-0.49439642,-0.44451007
0.9221161448824934,0.7332703,0.98058933,0.9808547,0.12314916,0.14469543,0.2609152,-0.062188704
0.8353852873852874,0.62159246,0.96357226,0.9616116,0.119309396,0.107058726,0.38038436,-0.026054023
0.9050128970128971,1.0181674,0.99126023,0.9881212,0.16415882,0.2328815,0.3967217,0.062699795
0.8111634791634793,0.8144068,0.96482646,0.9590894,0.18389653,0.15028703,-0.7442866,-0.4192367
0.9191477231477232,0.6822072,0.97925407,0.97322065,0.12557143,0.16333511,-0.027542962,0.11336749
0.93406093006093,0.7331567,0.98654646,0.98863256,0.08278185,0.12615143,1.0270807,0.44170076
0.855921963921964,0.7794217,0.9407287,0.94360733,0.27868214,0.36423835,1.1630675,0.85580766
0.8420497820497821,0.82627195,0.9665894,0.9470789,0.1857397,0.35854805,0.6128184,0.6467993
0.8108370188370188,0.81717193,0.944025,0.96894366,0.16409019,0.15936147,-0.46171215,-0.42231783
0.9526276486276488,0.8606091,0.98636407,0.98880595,0.15748632,0.1886764,0.08245766,-0.011819383
0.9241516081516082,0.7639617,0.9768274,0.97596383,0.22370622,0.18723552,-0.46930337,0.42606023
0.7855173655173655,0.64727265,0.9553721,0.93802375,0.10817167,0.13376157,-0.32557562,-0.32044178
0.8539996459996461,0.87906146,0.9569092,0.951573,0.21990462,0.3687755,0.72167885,0.52239627
0.7897464697464698,0.65646,0.93906957,0.94780546,0.15228625,0.16345921,0.43521792,0.23596142
0.7651179931179932,0.6229933,0.94127923,0.9456077,0.11160526,0.12727563,0.04403655,0.39172018
0.7530257130257131,0.7107593,0.9610092,0.9644102,0.11531959,0.08997829,-0.019002043,0.087696746
0.7470622350622351,0.64417595,0.95093334,0.948315,0.13960657,0.083836734,-0.32834038,-0.27530587
0.8902929982929983,0.7088273,0.9827376,0.9681325,0.11004446,0.17174323,-0.024727132,-0.38368228
0.6393130833130833,0.7846578,0.9031271,0.9331562,0.19797006,0.12203298,0.15536669,0.07501567
0.8054621174621175,0.81858575,0.9651142,0.95469457,0.15413883,0.24177001,0.13077636,0.22934198
0.923979671979672,1.1048204,0.9803516,0.98121566,0.39463207,0.2789798,0.2955261,0.37319973
0.7904140904140905,0.6301304,0.9221286,0.9365588,0.14519766,0.1347533,-0.25324968,-0.23661745
0.6944472584472584,0.7237784,0.9450519,0.93320054,0.1594296,0.13117069,0.0015912212,-0.07158554
0.8247139647139647,0.68607044,0.9709374,0.9625307,0.11504601,0.16246879,0.9258265,0.72693604
0.8226986106986108,0.8039742,0.9862433,0.9571001,0.15343107,0.21077986,0.64781797,0.8129183
0.8945081705081707,0.70034957,0.9892117,0.9751296,0.12333533,0.16609012,-0.6127777,-0.60405433
0.7215042375042376,0.5612872,0.9177109,0.92520535,0.11295666,0.13169928,-0.11625639,0.0066702995
0.8401250161250161,0.98281395,0.9371238,0.9413449,0.5173068,0.41953075,-0.13616084,-0.24105674
0.891933123933124,1.1221408,0.99356496,0.96475786,0.31355676,0.43254337,-0.18089303,0.52615434
0.8744073944073945,0.8356902,0.96956295,0.9527243,0.34716654,0.31471175,0.3623367,0.11950335
0.8755008235008236,1.0322167,0.9524478,0.95832527,0.4575327,0.30457366,-0.55103,-0.62605375
0.9198928158928159,0.77718735,0.9714246,0.9781374,0.18703918,0.16291218,-0.34351218,-0.02897611
0.9157562797562798,0.7290803,0.9736805,0.9754524,0.14910078,0.24485195,0.504531,0.22023024
0.9186589026589026,0.8113643,0.9790593,0.9753197,0.1460779,0.18987252,-0.13427746,-0.44075754
0.9115413955413957,1.0372427,0.94694984,0.9673094,0.5116144,0.44765404,0.03419179,0.101170704
0.5574452574452574,0.53175044,0.91908926,0.9266187,0.07890613,0.07959115,-0.22818579,-0.058412366
0.9350964230964233,1.0087998,0.9797589,0.98273665,0.3022422,0.28867835,-0.63438433,-0.52176386
0.9049685689685689,0.81702447,0.9844129,0.97937524,0.1849941,0.21485397,-0.49042937,-0.5857798
0.9316911196911197,1.7516997,0.9910504,0.98929864,0.2163498,0.57934815,-0.9710921,-0.3560124
0.6135115935115936,0.5753312,0.923836,0.91414833,0.09158898,0.101630725,-0.5897504,-0.4467743
0.8933099573099574,0.85036844,0.9713883,0.9692357,0.22284654,0.19311386,0.38781318,0.17560469
0.8006130446130446,0.7711648,0.95146996,0.94830805,0.19194597,0.13796833,0.09968627,-0.08075868
0.861018189018189,0.8639103,0.9409636,0.9567409,0.31041166,0.24099803,0.038839675,-0.28259632
0.9023163023163024,0.9185971,0.99162376,0.9651208,0.25221434,0.3691664,-0.043076035,-0.32800645
0.9279622239622239,0.8552505,0.9817487,0.97482973,0.23407759,0.31072792,-0.38656026,-0.23192862
0.852975456975457,0.68277353,0.97229147,0.9761967,0.08566447,0.08289075,0.3499358,-0.20166425
0.9470524190524192,1.2334268,0.99364984,0.99216413,0.17001277,0.17062394,-0.720718,-0.6477459
0.9223351183351184,0.6555198,0.98653674,0.97906834,0.107096754,0.13148724,0.059351075,0.26405534
0.937059025059025,0.6716872,0.9733628,0.9768865,0.14807704,0.12100203,-1.1953769,-0.10303351
0.915030867030867,0.6160516,0.96225953,0.9731488,0.115215704,0.14291334,-0.18634081,0.030099856
0.8917188397188398,0.7301641,0.9676389,0.98420644,0.12695166,0.0927944,0.008112578,0.2250127
0.9102073302073302,0.8883639,0.9687983,0.9676938,0.28385517,0.2667683,-0.58635366,-0.37159377
0.8870991950991952,0.9553846,0.95024943,0.9484182,0.36327887,0.43792975,-0.26010484,-0.21546842
0.607870867870868,0.53486574,0.9219131,0.918508,0.09479487,0.07921121,-0.17800438,-0.20702739
0.8606279246279248,0.83912206,0.9862433,0.95888746,0.15343107,0.150989,0.64781797,0.71291715
0.6422532782532783,0.7447102,0.95011854,0.93046033,0.12174542,0.1875643,0.58309066,0.63131344
0.9036722916722917,0.69678795,0.9644933,0.95670134,0.15792993,0.19884266,-0.19183555,-0.119558275
0.854936318936319,0.83376104,0.97312534,0.96463054,0.12917718,0.23796977,-0.7132981,-0.94323087
0.9159613599613601,1.0634161,0.96962595,0.9746508,0.36800957,0.4274974,0.20510478,-0.39083344
0.7841534321534323,0.77641726,0.94740987,0.94091094,0.19500759,0.24998231,-0.37683135,-0.5195283
0.7749546189546189,1.0381181,0.9174875,0.917035,0.63350433,0.5223013,0.47908515,-0.025528828
0.8444683844683846,0.8021578,0.9665804,0.97573215,0.17246696,0.14437269,0.6974337,0.3634546
0.8241238641238643,0.8894944,0.97771776,0.9409777,0.289219,0.32915312,-0.1131924,0.012947816
0.8943154983154983,1.0586919,0.98485625,0.96960527,0.3504686,0.40385303,-0.7188879,0.114735454
0.8948198855043453,0.8952158,0.9587604,0.9754113,0.22276558,0.18292713,-0.40845394,-0.34859553
0.8912659472659472,0.65872407,0.98257625,0.9810388,0.11203389,0.11192199,-0.18133573,0.36938587
0.9399460719460719,0.952609,0.99424964,0.9865316,0.2747251,0.26015124,-0.048691805,0.008642781
0.7896413256413256,0.8693151,0.9078725,0.9196662,0.37922943,0.3409119,0.115865394,-0.09689786
0.8757737877737878,0.89779335,0.95499915,0.9716365,0.34984857,0.17993595,-0.1872482,0.0039726775
0.8973411933411934,0.6471173,0.9754097,0.97045124,0.11407669,0.122107625,0.30092016,-0.26679695
0.7777325257325258,0.79170483,0.94068015,0.95031804,0.21263152,0.10505367,0.25307003,0.47112343
0.9512367512367512,0.9309988,0.9935145,0.9893302,0.15119374,0.14557251,-0.012959455,0.28821954
0.7627890187890188,0.52716875,0.9589364,0.9401975,0.07486883,0.115971625,0.92498404,1.0159006
0.7710272790272791,0.9004866,0.9298332,0.94076616,0.32651874,0.21398078,-0.5201011,-0.2965473
0.8522203922203923,0.9012717,0.95197654,0.97179776,0.21537453,0.16074237,-0.12259302,-0.11072005
0.8674174714174714,0.64475566,0.9473237,0.9499119,0.16428438,0.21494557,-0.3732825,-0.46003708
0.9447470607470609,0.96343976,0.9949413,0.9893565,0.19059779,0.16132972,-0.49037957,-0.12773824
0.9454292522655401,0.811234,0.9922621,0.98519224,0.14175689,0.17252152,0.8640647,0.39450136
0.9324173364173364,0.7684295,0.9843033,0.990831,0.10564243,0.11706958,-0.514545,-0.48989752
0.8227717267717269,0.7330613,0.96383816,0.96121687,0.14188933,0.1614673,-0.53880525,-0.4239476
0.7080762720762721,0.75959134,0.95880586,0.928055,0.1500192,0.14437087,-0.2747147,-0.12268862
0.8661765861765863,0.8341609,0.9651793,0.97626597,0.18211333,0.17215529,-0.43603387,-0.21117875
0.9159450999451,0.8643752,0.97042084,0.96851313,0.20660703,0.32976532,-0.16545738,-0.05142667
0.8618878418878421,0.6425389,0.9642671,0.9424578,0.16066314,0.23321974,-0.5244511,-0.21265315
0.8792129672129673,0.6007225,0.97193265,0.96221316,0.093214706,0.15264732,0.24648099,0.068400994
0.8333730533730535,0.6424856,0.9356421,0.9641501,0.09967254,0.11653537,0.67092156,0.5182992
0.9413285453285454,1.0257555,0.9700667,0.9804214,0.32417366,0.37259388,-0.14049098,-0.11950627
0.9335102855102856,1.3497045,0.9779444,0.9777858,0.18428865,0.5984889,0.4714979,0.33186203
0.8815344055344057,1.0067711,0.97893435,0.9544528,0.37436277,0.4968641,0.07267675,0.25307196
0.8146073506073507,0.62517,0.9639075,0.9551191,0.08963729,0.13102764,0.7529963,0.78978944
0.9456847056847058,1.1388004,0.9874104,0.9864293,0.23993626,0.34550864,0.8007257,0.2694162
0.8161056001056002,0.5508785,0.9649902,0.9394233,0.081885345,0.17358647,0.066935204,0.13752365
0.8732142452142453,0.9641902,0.98636574,0.95834893,0.28870666,0.4940499,-0.51049423,0.13002743
0.7970440250440252,0.7044347,0.9444683,0.96322674,0.13141079,0.120721176,-1.1011325,-0.5466877
0.8842512202512203,0.910414,0.9744078,0.96795344,0.3247829,0.2466811,0.6028201,-0.035019793
0.9612521412521413,1.0397981,0.9931988,0.98909515,0.2669705,0.25289926,0.7814705,0.35175663
0.8929102129102131,0.6457273,0.95192957,0.97962004,0.14169724,0.09710787,-0.012922688,0.2339763
0.8388484668484669,0.8772525,0.93085366,0.9646164,0.36867505,0.19020543,0.8462508,0.9717911
0.917082137082137,1.0033454,0.9727399,0.9785473,0.37134534,0.35483468,0.23646422,0.2752065
0.772871476871477,0.5925959,0.97336537,0.9685822,0.055477828,0.048925873,-1.3959556,-1.3329895
0.9388299508299509,0.7276201,0.99172556,0.9880889,0.13321823,0.12907307,-0.33589798,-0.17321111
0.7550092310092311,0.6566132,0.9273942,0.9571203,0.11871041,0.099688455,0.8439172,0.6426152
0.8660233700233702,0.68280625,0.99008286,0.98078215,0.08135119,0.114889316,-0.081086196,-0.28434417
0.8194199794199793,0.6049739,0.94999146,0.96337456,0.11831549,0.068088986,0.3315975,0.050492443
0.9256678696678697,1.1675584,0.9784655,0.9854936,0.513019,0.27002802,-0.28382424,0.0011418
0.9456379896379896,0.9695175,0.97760266,0.98966485,0.17248432,0.13411713,-0.23463428,-0.35178253
0.8731683211683213,1.1410867,0.9406946,0.9384122,0.67289406,0.5408819,0.102905795,0.27550673
0.9443325323325324,0.74083894,0.9831334,0.98718476,0.14737426,0.1359524,-0.22160967,0.16220896
0.9426572226572227,1.4802442,0.9806481,0.97921723,0.29088253,0.7270099,0.5446197,0.04111828
0.9546507786507787,0.6732945,0.99339586,0.9894893,0.10270596,0.13160455,0.3467732,0.32213095
0.8992759792759795,0.72326034,0.9642002,0.9559606,0.19010875,0.29833832,-0.005685756,-0.019772021
0.8816796656796658,1.0466781,0.989164,0.9637195,0.31280237,0.38902798,0.42550766,0.7034247
0.9322802842802844,1.0802608,0.9839825,0.9813148,0.2232779,0.38465485,1.0018451,0.13078354
0.9426074106074106,0.7617453,0.9897478,0.9885147,0.13693644,0.12086989,0.50173765,-0.30400965
0.8495505695505697,0.6463259,0.9451837,0.9588562,0.15419054,0.11971438,-0.7964322,-0.48329383
0.575826803826804,0.5515442,0.93285483,0.9293987,0.07849956,0.06980244,0.96268266,0.8971067
0.860868248868249,0.86091495,0.96200883,0.9632827,0.29800224,0.20419541,-0.18699712,0.025618784
0.8684106884106885,0.5790231,0.9558414,0.9682803,0.09879253,0.06428977,0.36858052,-0.05097529
0.8504246624246625,0.7995503,0.96159333,0.97376716,0.18339023,0.14672916,0.090678334,0.56027275
0.9015040695040696,0.6934552,0.9703018,0.96997637,0.12730296,0.10259012,-0.11790409,-0.29807106
0.8597291477291479,0.5991345,0.9802907,0.97557276,0.06297911,0.07980337,-0.03633026,-0.17184071
0.7867056187056187,0.7141251,0.9437011,0.96569395,0.12300984,0.11115381,-0.7924826,-0.6317351
0.8092569652569652,0.77239907,0.95240104,0.95865273,0.19124334,0.14761838,-0.11302271,0.17471962
0.9072904392904394,1.0224739,0.9671339,0.97383803,0.39486215,0.3378934,-1.0075866,-0.79058343
0.8104334944334946,0.86566114,0.93781704,0.96585554,0.23234373,0.10114288,0.27262008,0.17438282
0.9106211506211507,0.83817595,0.9814828,0.97118884,0.18472278,0.21446534,-0.886331,-0.92943
0.8366322086322087,0.68927693,0.9447251,0.9536297,0.1619898,0.15278599,-0.054634605,0.19080439
0.6255554895554896,0.72896594,0.91364044,0.9592493,0.14193232,0.10572515,-0.38307494,-0.39224777
0.9492673212673215,0.79174834,0.9721058,0.98155606,0.22868289,0.19667432,-0.122370854,-0.045928903
0.7122650442650442,0.78238004,0.91918874,0.9456399,0.20058082,0.1846088,0.20008068,0.6577769
0.6677199197199197,0.69263744,0.9373198,0.9425236,0.14485814,0.14441752,-0.86509913,-0.86913145
0.9200818640818641,1.142807,0.97333443,0.97785276,0.3365947,0.41283426,-0.31184572,0.09409276
0.6501491901491901,0.7223327,0.9581477,0.9415542,0.07484764,0.10611812,-0.33101702,-0.3976867
0.8232760632760634,0.75170535,0.9468525,0.9681613,0.17312443,0.092043795,0.41119787,0.1771493
0.8485676965676967,0.5887896,0.97162217,0.97989225,0.09604585,0.047509987,-0.4603321,-0.049140222
0.7294385134385135,0.55150694,0.93812466,0.9539296,0.073803514,0.06673545,-0.38621348,-0.50013083
0.862884790884791,0.5569807,0.96236795,0.9633979,0.08142627,0.11872222,-0.39817426,-0.38797694
0.7867783147783147,0.56194156,0.9661944,0.94987947,0.07665818,0.13606445,1.1017811,0.8421702
0.8188420708420708,1.1365765,0.922346,0.9687876,0.5676442,0.23621467,-0.275181,-0.26895487
0.7871035511035512,0.67782044,0.9492452,0.94480586,0.1450936,0.21989301,0.30959618,0.21027814
0.9151801231801232,0.61112374,0.99413615,0.98607755,0.051630545,0.057982303,-0.66015244,-0.77854633
0.6221311181311182,0.62427485,0.9117145,0.93753654,0.10547024,0.09891005,0.66495544,0.53019315
0.8840823080823081,0.64956653,0.9791786,0.97077495,0.10329467,0.13814712,0.4716939,0.061952587
0.9049644409644411,0.6042759,0.97290736,0.97825795,0.08395109,0.12304626,-0.67384034,-0.2656338
0.9372294372294373,0.6419738,0.98169553,0.98572737,0.08330401,0.10329102,-0.09828095,0.247808
0.882008106008106,1.2991778,0.9352372,0.962473,0.4689585,0.6421275,-0.8579084,-0.77696544
0.9095442815442816,0.7979201,0.9926257,0.98288494,0.11934015,0.1725093,0.073060594,0.34155083
0.7249905289905291,0.60015976,0.9358866,0.946908,0.09646462,0.08272409,0.1796466,0.09293874
0.8558732318732318,0.9182766,0.9746011,0.9716831,0.19092125,0.19355495,-0.24220316,-0.28553692
0.8826070626070627,0.9456735,0.99189556,0.96127456,0.25680402,0.41077846,-0.15404364,0.47415888
0.9024618864618865,1.0690583,0.96939975,0.96954423,0.42986393,0.39498883,-0.025906118,-0.24035406
0.8942751422751424,1.3415082,0.94679296,0.95515996,0.73253644,0.61877614,0.051629774,0.07778157
0.8379434859434859,0.6315759,0.9637613,0.9683568,0.09660859,0.10278236,-0.2168599,0.11247557
0.8491490011490012,0.631382,0.95402557,0.9591594,0.14384143,0.17382054,0.42511013,0.45104438
0.9123153843153843,0.97324353,0.97624284,0.97671676,0.21867757,0.27451774,-0.48063296,-0.28944272
0.8332423612423613,0.77536917,0.9722004,0.9603436,0.17180596,0.17438905,0.3864486,1.0647928
0.8132889932889934,0.5567679,0.97304696,0.97008437,0.06360082,0.06682587,-0.285579,0.31486872
0.8528846048846049,1.1853287,0.96015304,0.95912796,0.4829295,0.29277986,-0.38527364,0.23546208
0.9286312606312607,0.718963,0.98932534,0.98009366,0.12691316,0.17394978,-0.2473025,-0.23282556
0.8507434187434187,0.7536556,0.9672054,0.97772247,0.20890598,0.11743711,-0.013573882,0.26166588
0.8120647160647162,0.6562215,0.95649636,0.9401749,0.11012698,0.13628983,0.8908079,0.93481416
0.7960371520371521,0.91546756,0.93007267,0.9517065,0.3603824,0.21334358,0.066303015,0.30576137
0.7184673104673105,0.68260574,0.96401584,0.9470897,0.11434798,0.105478704,0.42543,0.58376473
0.7608073608073609,0.74020225,0.94474685,0.9579147,0.14887431,0.10855704,-0.11254516,-0.37947905
0.8453011133011133,0.6343863,0.9655315,0.97351664,0.14202082,0.12753992,-1.354474,-0.9117892
0.9525977205977206,0.9657321,0.99448204,0.99160004,0.17055623,0.20407557,-0.033264335,-0.05611648
0.9112493152493153,0.8504386,0.9937677,0.96552837,0.24880216,0.32741988,-0.5099883,0.42016932
0.8676717396717397,0.868354,0.946716,0.9509913,0.32057378,0.38061914,-0.51244134,-0.27982473
0.6793383073383074,0.7706105,0.9234174,0.95522946,0.17435388,0.14964588,-0.58609724,-0.3622787
0.8607485487485489,0.67675763,0.97798294,0.97360134,0.091912165,0.09959615,-0.01699705,-0.4504021
0.8095035175035176,0.65847063,0.976633,0.96139497,0.092077196,0.08519264,0.8996585,0.5476674
0.8233960753960754,0.76182455,0.98283654,0.9562394,0.114196554,0.11262775,0.076888315,-0.1858373
0.9206877806877809,0.62806714,0.9871606,0.98149455,0.09559099,0.13158393,0.59119356,0.5296547
0.8230758430758431,0.63421553,0.9557471,0.96704304,0.09607157,0.10350436,0.6417596,0.51892626
0.7643335883335883,0.62100285,0.943956,0.95139337,0.12861998,0.09249229,0.3818515,0.3796742
0.8961577761577763,0.822426,0.9614635,0.9630748,0.22377044,0.30833018,1.1358621,0.86739624
0.6622536742536743,0.649591,0.8955729,0.93307877,0.14684188,0.086846076,0.15544587,-0.0871709
0.9572533892533893,0.94283366,0.99028325,0.9904926,0.11338162,0.15791588,0.054434035,-0.0014223977
0.849902145902146,0.68566966,0.9669543,0.971778,0.09454916,0.11246964,0.50856906,0.27420694
0.8195976155976157,0.6730787,0.9554379,0.95914114,0.13159955,0.12113432,-0.3024242,-0.26424006
0.8847615207615209,0.6899047,0.9862433,0.95582134,0.15343107,0.26909137,0.64781797,0.7511373
0.8217926937926938,0.8351836,0.9681715,0.96870464,0.18225439,0.1877424,-0.54741144,-0.6714732
0.852002556002556,0.564542,0.95160794,0.96876264,0.081873186,0.07277428,0.11246234,-0.16344588
0.8743951543951545,0.6782233,0.97631216,0.95984733,0.13643992,0.24094193,0.38885513,-0.12866774
0.8334388494388496,0.6699032,0.982157,0.9706382,0.105514,0.09592326,-0.6631795,-0.22914426
0.9063145263145265,1.0546561,0.9909675,0.9594455,0.37294534,0.6394779,-0.6716926,0.0677942
0.8271044151044151,0.7799553,0.9739763,0.95033395,0.20215823,0.2037917,0.15003353,-0.27116555
0.8794305994305995,0.74955875,0.9837247,0.9754673,0.13194512,0.10799179,-1.5884105,-0.7747272
0.9715568875568876,0.8995914,0.9853586,0.98928034,0.17714806,0.21298724,0.13201346,-0.14341053
0.5836180156180156,0.6611451,0.94097227,0.93870974,0.0943916,0.127435,0.32855165,0.30663952
0.8724145164145165,1.0728929,0.97893435,0.9490645,0.37436277,0.709966,0.07267675,0.3368204
0.840800724800725,0.533026,0.96206045,0.9567775,0.06846166,0.113723025,-0.72708344,-0.39035034
0.7551308391308392,0.7348953,0.92070353,0.94040835,0.24281667,0.14937253,-0.59531236,-0.6349478
0.8844882684882684,0.8430164,0.98155415,0.9536336,0.25008225,0.48860592,-1.0690615,-0.40103507
0.9195823155823156,0.8089486,0.98685324,0.97957164,0.17489818,0.21656558,-0.25750184,0.06361913
0.9244229404229405,0.7520133,0.9888708,0.9858984,0.12943757,0.13438332,-0.24946776,-0.6534637
0.8758255558255558,0.748389,0.9574781,0.9592908,0.13639528,0.21634926,0.34790894,0.16249143
0.859941403941404,0.89216053,0.97998446,0.9711709,0.19914001,0.1747393,-0.09560667,0.29420486
0.9181231261231262,1.0969905,0.97438645,0.98446566,0.30450866,0.16762689,0.73527807,0.4347408
0.8524942444942445,0.74365306,0.9896421,0.9572919,0.13567215,0.2558042,-0.9752071,-0.2093928
0.7214208254208255,0.6408553,0.9478983,0.91270983,0.110243276,0.23874769,0.80210924,0.75826
0.8780325620325622,0.8480524,0.9694656,0.95358056,0.2254872,0.3192785,0.24785775,0.6424108
0.7870116070116071,0.6239942,0.9488165,0.9352667,0.1131653,0.11393593,0.52236885,0.39628762
0.8775066615066617,1.2725207,0.9345886,0.9541966,0.77044404,0.70178986,0.029178381,0.5554645
0.8827153627153628,0.89414513,0.97874683,0.975237,0.24213819,0.22655791,-0.53504807,-0.3448644
0.7851360771360771,0.6594674,0.94497365,0.9437565,0.14925364,0.15316074,0.121969335,-0.05047907
0.8483318603318604,0.8464814,0.96052855,0.9740704,0.21189067,0.14103074,-0.4568282,-0.33023334
0.9336206856206856,0.74895686,0.96944535,0.98414594,0.14014748,0.14999522,0.23243725,-0.08064164
0.8433376353376353,0.87259305,0.9483108,0.9376957,0.33841836,0.33668026,0.3457878,0.10236085
0.9157430677430678,1.3517109,0.9794603,0.97883713,0.5152053,0.36391103,-0.026010245,0.15289512
0.8376421416421417,0.823031,0.92134976,0.91455257,0.28466898,0.35907978,-0.905492,-0.6560151
0.9059511899511898,0.7850343,0.9833724,0.9814959,0.11403049,0.15125713,-0.30154613,0.30396485
0.9066597186597187,1.0598881,0.92369425,0.9441386,0.6305504,0.5365979,-0.041453525,0.076931514
0.957890313890314,1.0598222,0.98506993,0.9894445,0.33756608,0.25759593,0.6114376,0.071239434
0.7406199206199207,0.5762262,0.9539568,0.91817385,0.10587726,0.22871086,0.5504771,0.68776894
0.8763003483003483,0.7142016,0.9703986,0.97293437,0.11357056,0.12213367,1.2232481,0.8659644
0.9480754800754801,0.9085467,0.9903112,0.985294,0.2505015,0.2158477,0.51731265,0.28355753
0.9228235908235909,0.6612507,0.9859225,0.9819248,0.09224218,0.11138834,-0.08071956,-0.18351232
0.8660264660264662,0.7107139,0.97071207,0.9433753,0.13645834,0.3215897,0.026069263,0.31054258
0.8315089715089716,1.052097,0.9368427,0.9461114,0.41555932,0.2871371,-0.5420503,-0.4423854
0.9300553288454948,0.88969785,0.98815376,0.9767833,0.19676769,0.32141432,0.5645858,0.23863906
0.9609884769884769,0.9261823,0.9888025,0.9857801,0.25609088,0.33847293,0.99162877,0.16148958
0.884901908901909,0.86264884,0.94917166,0.9381164,0.28195578,0.5110271,0.46485212,0.15920457
0.9455253575253577,1.0239444,0.98522216,0.98540425,0.16849312,0.28393778,-0.07657863,0.02194163
0.8543752223752225,0.688228,0.9827208,0.96883386,0.113968894,0.17219599,0.32451022,0.07500862
0.8205269805269807,0.7866346,0.9156739,0.9274046,0.27070004,0.20933008,-0.06264249,-9.200466e-05
0.8475996315996317,0.7332382,0.9531197,0.9303983,0.18853611,0.2687317,-0.5171347,-0.6876392
0.5240695880695881,0.52141255,0.9442229,0.89346296,0.058374833,0.104607254,-0.2621245,-0.15608558
0.8733368733368735,0.8083713,0.96528625,0.95870596,0.22230403,0.23747571,-0.045308813,0.22586277
0.8344715704715705,0.56179017,0.9586298,0.9368389,0.081146166,0.16746794,0.16086076,0.12958433
0.8465840225840225,0.8451259,0.9727156,0.96802604,0.14615855,0.16761974,-0.11063279,-0.62144214
0.9088014928014928,0.6333318,0.972783,0.9773339,0.10864855,0.115306154,0.5380303,0.5616497
0.8186406146406147,0.78591883,0.9642855,0.96264493,0.13585691,0.13485907,-0.17845479,0.1982584
0.5776731616731617,0.6628794,0.9278729,0.91524345,0.10030153,0.15926856,0.71919566,0.60937804
0.767966147966148,0.6349271,0.9482773,0.92200077,0.10676342,0.2749494,-0.3314366,-0.24369612
0.8152554232554233,1.0684874,0.9349958,0.9478006,0.46115923,0.34285963,-0.57697326,-0.55643374
0.8069309189309188,0.5779491,0.9711804,0.9429767,0.07711591,0.18892658,-0.029969754,-0.08135265
0.8712092832092831,0.72621876,0.9862433,0.9602967,0.15343107,0.22730193,0.64781797,0.7849715
0.8514766194766195,0.6682028,0.94999117,0.93546206,0.17154656,0.17743859,-0.24295573,0.042040095
0.916950040950041,0.7398563,0.9762601,0.97696435,0.14420666,0.19159879,1.186342,0.604991
0.8207278607278606,0.7817991,0.98011523,0.9622784,0.112876914,0.156713,0.41659638,0.46616244
0.7897229497229498,0.8318307,0.9467163,0.9326204,0.28581384,0.3184105,-0.47842035,-0.41412947
0.9384723532877703,0.62898004,0.9859271,0.98445934,0.08385791,0.124777816,0.068180926,0.1299971
0.9021859101859101,0.84426033,0.9725786,0.9682227,0.17504966,0.37888008,-0.22641508,0.043437615
0.6042282402282402,0.6422152,0.90621924,0.92350525,0.12619166,0.1548541,-0.58072007,-0.38095725
0.6285113085113087,0.69518226,0.91727555,0.89693606,0.10054682,0.10129938,-0.16382708,-0.18552995
0.8556841956841956,0.72903913,0.95627046,0.9456589,0.18389012,0.21963987,-0.3515603,0.12800546
0.8627347547347547,0.7298302,0.956279,0.96403897,0.16621216,0.10974934,-0.5164182,-0.44542345
0.8509625029625029,0.7667371,0.9862433,0.96418387,0.15343107,0.18263374,0.64781797,0.7511023
0.7544082464082464,0.7519291,0.95684505,0.94470304,0.14644244,0.2097353,-0.010676628,-0.27087915
0.7803415563415564,0.66592705,0.93832207,0.95499074,0.15067938,0.10511232,-0.8405905,-0.821817
0.7160570240570241,0.60857296,0.9460249,0.9563525,0.0873443,0.094147876,-0.346276,-0.31897372
0.9186581586581587,0.9132715,0.9813001,0.9825894,0.2194635,0.1604142,-0.0013582205,0.21036403
0.8780085860085861,1.0472188,0.97893435,0.9598126,0.37436277,0.34851283,0.07267675,0.37658575
0.7142935502935504,0.8041701,0.9590206,0.94878876,0.14812607,0.099247135,-0.19785163,0.18389775
0.7012029292029293,0.6049803,0.9255726,0.9483683,0.08856797,0.084603734,-0.94335467,-0.6471564
0.8975741102668326,1.1023842,0.9676736,0.9574347,0.53885525,0.4298524,0.32580623,0.5157073
0.9185610665610666,0.83888274,0.99218154,0.99216515,0.14216083,0.15375404,0.46614286,0.32633528
0.7648560208560209,0.75423723,0.9389782,0.9535539,0.17029198,0.12979506,-0.08479101,-0.017040193
0.7995700155700155,0.57586396,0.964042,0.94894755,0.09276071,0.09820156,-0.24080545,-0.32120508
0.7972703452703453,0.698066,0.96461827,0.94488525,0.14419074,0.19867766,0.49550152,0.3617131
0.7936526296526297,0.6795654,0.96552765,0.9583566,0.108976886,0.13852316,0.45968547,0.39304367
0.7934020334020334,0.79683924,0.944834,0.9564959,0.16897883,0.20866929,-0.26374698,-0.08010215
0.7614224214224214,0.5692097,0.94864273,0.9520015,0.076112196,0.08566849,-0.113500975,-0.019278781
0.8675104955104956,0.67922604,0.9717365,0.9661379,0.14249155,0.12237317,0.08814864,0.13016886
0.863815223815224,0.7341513,0.9754689,0.953129,0.17169009,0.2574271,0.14197955,0.25658324
0.9376816816816818,0.8531689,0.9856868,0.97418666,0.19895092,0.20645541,0.40823177,0.21116564
0.8583168663168663,0.8954261,0.95961815,0.9537893,0.2760883,0.321685,-1.0601648,-0.59603953
0.8452615252615253,0.69578344,0.9626608,0.9531247,0.13312137,0.13860291,0.45017773,0.301609
0.9007788127788128,0.7605078,0.98433626,0.98023546,0.12010043,0.14909357,-0.20326245,-0.016564481
0.9366444966444967,1.0885687,0.97809786,0.976529,0.2813592,0.36913508,-0.8283656,-0.0031457907
0.9067530427530428,0.7136782,0.9767914,0.9664178,0.16027877,0.2215268,-0.058059633,0.18270631
0.7506752946752947,0.55751604,0.9372254,0.9415374,0.08578375,0.09510972,-0.8473004,-0.744543
0.5982593022593024,0.51712173,0.9046579,0.91449887,0.076672494,0.1213532,-0.29389068,-0.28949904
0.9578444738444739,0.8631719,0.9917192,0.98978007,0.10760608,0.13158128,-0.06671972,-0.3481583
0.790002274002274,0.71498185,0.9447607,0.9462277,0.18404976,0.21431176,-0.06161549,-0.0559741
0.9114422994422994,0.9464329,0.9772432,0.9731409,0.20920779,0.2874605,-0.25813544,-0.16148178
0.592927420927421,0.66466504,0.915115,0.9380407,0.107000865,0.14810804,-0.3352677,-0.52381814
0.9539089139089141,0.7066307,0.9915346,0.98926646,0.106295645,0.10330011,-0.6768131,0.15672913
0.7983712143712144,0.639761,0.95343673,0.9659504,0.094892465,0.08956702,0.10218119,0.18481202
0.9265314385314386,0.7848309,0.98051864,0.9748246,0.16028905,0.23707676,-0.6649216,-0.20218334
0.813054957054957,0.65882313,0.96614355,0.9646442,0.10063398,0.107439406,0.5121656,0.37266752
0.7954668394668395,0.7804551,0.9310551,0.94923645,0.19026591,0.17130952,0.04686378,-0.28223547
0.7644163284163284,0.5752581,0.9569176,0.95760196,0.061423093,0.09486275,-0.340188,0.0051769116
0.8132724452724452,0.8612951,0.9224769,0.95360655,0.3129729,0.25230283,1.206148,0.81171525
0.9192640632640633,0.7079189,0.98275363,0.9784257,0.13526903,0.18938766,-0.5117443,-0.06240598
0.8086299766299766,0.85220695,0.94834125,0.9709703,0.21549566,0.13188145,-0.7670374,-0.44299564
0.8084091644091644,0.567972,0.981299,0.9527222,0.06531244,0.10312328,-0.4087473,-0.24876863
0.8708125388125388,0.8356965,0.9782572,0.9533476,0.22203848,0.2505657,-0.6033735,-0.141539
0.8892913332913334,0.9748099,0.941286,0.9514715,0.40731388,0.5160441,-0.19893852,0.13159691
0.8967330687330687,0.65807116,0.98530686,0.9808603,0.07629261,0.14635572,0.011212154,-0.09274332
0.8758265158265158,0.798279,0.9551459,0.97095394,0.20522733,0.16322573,1.2533767,0.7702336
0.7623505023505024,0.62335646,0.9379884,0.94554776,0.12113217,0.14948435,-0.9061659,-0.78112745
0.63001401001401,0.75463456,0.94884473,0.9482535,0.11714256,0.13599236,0.46663246,0.23406836
0.8455832815832817,0.8061656,0.970687,0.9483337,0.21640067,0.2868102,0.45841438,0.5293957
0.9018036738036737,0.6603611,0.9831754,0.9817013,0.10158843,0.08735942,0.17301482,0.20557874
0.8952204792204791,0.769075,0.983001,0.9773642,0.16125122,0.17092347,0.14034465,0.1234561
0.912825576825577,0.7315959,0.96145755,0.95708025,0.21111137,0.2198523,0.1849006,-0.20044011
0.7085339765339765,0.6098443,0.95836115,0.94225967,0.058948033,0.11287762,-0.9288956,-0.71207017
0.8725110925110926,0.7173294,0.9858325,0.9687698,0.11695466,0.12687893,-0.076068014,-0.6207284
0.8523103323103325,0.5686095,0.9635038,0.9585291,0.091481,0.10375883,0.01893992,-0.22348315
0.7353237993237993,0.59025913,0.95286524,0.95845,0.07046053,0.0910664,-0.23238657,-0.064261
0.8430926430926431,1.0157312,0.9203501,0.9532355,0.39874637,0.31155354,-0.3121474,-0.109382115
0.7585722625722626,0.6387837,0.95905906,0.9361736,0.08060457,0.17865117,-0.26500356,-0.38185585
0.9264128904128905,0.7905069,0.9755854,0.9802574,0.14961995,0.18155895,0.5226056,0.14957812
0.8432176232176233,0.72298026,0.96586555,0.9613317,0.16143739,0.14935595,0.40016028,0.42447853
0.9086274566274567,1.1293257,0.9668252,0.97015375,0.5362045,0.34473655,0.67705053,-0.16622885
0.7635491235491235,0.65551746,0.956757,0.9394588,0.12107902,0.17833889,0.26334795,0.23804502
0.7172912492912493,0.7922122,0.94157976,0.9270125,0.19118635,0.25144225,0.36362728,0.33166188
0.8256993696993697,0.6717504,0.9928392,0.9634918,0.05086688,0.1496919,0.88804984,-0.286486
0.828064452064452,0.88964546,0.9377715,0.95478886,0.3371003,0.22891672,-0.21304564,-0.13221425
0.7717005997005997,0.59642667,0.93913895,0.9523842,0.101536855,0.111720234,0.086375125,0.2223784
0.7118544038544039,0.7231044,0.9283115,0.95826006,0.12557828,0.09236188,-0.4633003,-0.23901998
0.8384657504657506,0.81241417,0.96611273,0.96002346,0.18156716,0.17165726,0.7400661,0.7621349
0.9377968337968339,1.0927718,0.97727734,0.9850425,0.4021607,0.2327845,-1.0893729,-0.38280416
0.780897180897181,0.8972856,0.9590204,0.9395237,0.20842122,0.3079317,0.28825775,0.3317157
0.9235877515877516,0.81066096,0.97123545,0.9804557,0.2100152,0.14930348,0.26585457,0.08743646
0.8082790482790484,0.60699266,0.9388105,0.9542053,0.12133681,0.11331205,0.0008329799,0.11232847
0.8664115224115224,0.6521887,0.9856963,0.97357756,0.080799095,0.102002986,-0.14156108,0.018345414
0.9087033807033807,0.72993076,0.9870572,0.97936827,0.11735784,0.19093254,0.2902642,-0.38154146
0.7896637656637657,0.62926626,0.9734773,0.9526956,0.110547744,0.15843205,-0.32182136,-0.27504137
0.9273709593709594,0.74557596,0.97192484,0.9755799,0.14112899,0.18712154,0.014254916,-0.08644724
0.7548506868506869,0.7355064,0.93256426,0.9514927,0.16584583,0.2137342,-0.8976574,-0.8947243
0.8180223020223022,0.71283084,0.94305944,0.9625894,0.12466169,0.12627043,0.63103527,0.48061073
0.9401066201066202,0.7674517,0.98831654,0.98363626,0.1180889,0.10497107,0.08811223,0.2623384
0.9338044418044419,1.1120927,0.9797462,0.97455305,0.45822224,0.34197345,1.291481,0.09842018
0.8892740292740292,0.8078065,0.97835714,0.9871564,0.17616719,0.081647165,0.3024795,0.34438014
0.8920244440244441,0.6860136,0.9616319,0.96742356,0.14004508,0.15340662,-0.6836162,-0.56334597
0.7869171932779448,0.7226183,0.974968,0.9555418,0.1060293,0.11063695,-0.31968844,-0.12641467
0.8615341055341056,0.7907565,0.99490845,0.9580567,0.136294,0.19053209,-0.26849863,0.52643657
0.8530048810048811,0.71821105,0.97106224,0.9479392,0.10564804,0.22874174,-0.087058626,0.2274658
0.9276527316527318,1.0531929,0.99169815,0.9907178,0.1495403,0.13186342,-0.85953885,0.10143444
0.9421687501687503,0.72549933,0.9877858,0.9874252,0.11442712,0.13372049,0.4703997,-0.053737044
0.8980952380952382,0.79279757,0.9726315,0.9878825,0.13260943,0.094543554,-0.23102407,0.18282081
0.7680784800784801,0.54642916,0.96511763,0.95468014,0.04867853,0.09635336,0.31749943,0.041813243
0.7725614085614086,0.81630373,0.93774706,0.9346361,0.21497786,0.23544191,-0.46332094,-0.4020626
0.5843576483576484,0.77213293,0.90830004,0.9279631,0.1552449,0.13073505,0.5175765,0.69675297
0.647054147054147,0.8740382,0.9448729,0.95239913,0.15874158,0.09072083,-0.85933006,-0.5459456
0.7806835086835088,0.52315956,0.93095237,0.9366251,0.09119187,0.10851892,0.06190266,-0.037126414
0.7522894762894764,0.6350166,0.95098525,0.96100885,0.10100362,0.09191664,0.54618675,0.29466432
0.812870708870709,0.64872575,0.96428645,0.96301794,0.10141661,0.14710343,0.6432272,0.6112322
0.8965915645915647,1.0125537,0.9701658,0.9801372,0.28509519,0.23921244,-0.28891927,-0.45806676
0.8324362964362965,0.81355405,0.9708101,0.98256016,0.12910065,0.09367111,-0.9416796,-0.73354554
0.8754956034956035,0.7608117,0.94171005,0.95122856,0.2354328,0.29701525,0.09719414,0.2602906
0.7607710607710608,0.68128914,0.9037098,0.9388014,0.17711313,0.13366544,0.18478128,0.31734315
0.8393243153243155,0.81606364,0.9655083,0.95588493,0.1523108,0.2770038,-0.12030745,-0.5655459
0.8558904998904998,0.63492024,0.9553153,0.95413786,0.13101868,0.17908661,0.51942617,0.29311222
0.7667247827247828,0.7120375,0.91622645,0.95083714,0.18293695,0.1733253,-0.7159339,-0.51670676
0.9330120210120211,0.97449934,0.98109,0.97099024,0.31267002,0.29529306,0.12799424,-0.15050241
0.8843902550434258,0.689067,0.98703897,0.972544,0.10707648,0.13992427,0.2858647,-0.28602332
0.6693070053070054,0.61852765,0.9311933,0.9432766,0.11220347,0.07855542,0.3789291,0.3218488
0.845910281910282,0.57580036,0.9738822,0.9645009,0.05415789,0.10515281,-0.052215233,0.15138984
0.7530039570039571,0.69319314,0.9442612,0.95021695,0.1583963,0.12913293,0.33943462,0.120382816
0.866871674871675,0.7229909,0.9505343,0.9557535,0.18636245,0.27981547,-0.75612396,-0.28553316
0.8714007194007194,0.90972424,0.9924918,0.9703609,0.18334161,0.1573024,0.5794916,0.72913486
0.849974637974638,0.802028,0.9453571,0.9547537,0.2202326,0.20110422,-0.20128329,-0.20617141
0.9490314730314732,0.7999084,0.9865545,0.98411614,0.165957,0.1420184,0.2101037,-0.034476113
0.9174578454578454,0.8564149,0.97104657,0.9691873,0.21647364,0.2376083,-0.265892,0.09434638
0.903875223875224,1.0204595,0.9917654,0.96541387,0.3271793,0.40785933,-0.9892467,0.09002815
0.8458987378987379,0.81875086,0.9862433,0.9619842,0.15343107,0.19521931,0.64781797,0.5936164
0.7520602040602041,0.57383764,0.92467546,0.9475442,0.13105136,0.13232224,0.20847283,0.13025324
0.9125020565020566,0.83059067,0.98585874,0.9710934,0.15059976,0.2450894,0.115084045,0.095894046
0.9417984057984059,0.7471698,0.98526347,0.98294526,0.20706412,0.16704822,0.25509506,0.29376826
0.8884062364062364,0.8193209,0.96609765,0.96595055,0.22504285,0.24247043,0.38127375,0.37752447
0.8916683676683678,0.74340755,0.9874229,0.9803436,0.08567548,0.13631602,-0.34476674,-0.27879745
0.8833244593244594,0.8411089,0.97957546,0.97120315,0.1603646,0.13183463,-0.2860026,-0.66475254
0.7117475677475678,0.60649735,0.9378775,0.95639575,0.11246597,0.08401834,0.0057001747,-0.24249345
0.8855788535788537,0.69390136,0.9613319,0.9638039,0.18049979,0.18219121,0.10513089,0.303138
0.9455749895749898,0.90044916,0.9795049,0.98289573,0.26235256,0.19583534,-0.8030778,-0.06114142
0.8435699795699797,0.735409,0.94707423,0.95182425,0.2083878,0.2123609,0.7067861,0.48055652
0.8863841023841025,0.9345127,0.99352616,0.965761,0.20656821,0.27706403,0.2880127,0.5557131
0.852478977036414,0.72439367,0.95218337,0.96820194,0.13158292,0.17044087,-0.70578796,-0.34416756
0.7636584316584317,0.58679354,0.9575005,0.9514723,0.09179977,0.07860579,-0.08604521,0.011931101
0.8476845916845916,0.76432985,0.9741125,0.9659568,0.14062937,0.12478545,-0.7243585,0.18128727
0.9243902643902646,0.7779886,0.977463,0.97449636,0.25015652,0.21725824,0.17847511,-0.2740884
0.912173772173772,0.78102016,0.9773669,0.9754013,0.2372427,0.19368358,-0.47944617,0.07225077
0.841906153906154,0.6676602,0.99034834,0.963463,0.11600733,0.09655176,-1.3582156,-0.00044212176
0.7915273555273556,0.83652616,0.94707644,0.9474854,0.19340909,0.12455573,-0.012370005,0.21734738
0.887845235845236,0.68418854,0.9636687,0.95401675,0.10768667,0.33303797,-0.5597751,-0.18351588
0.8287608847608847,0.6650992,0.95878106,0.9653278,0.1783187,0.14008318,0.8664555,0.5384504
0.7168859728859729,0.8102575,0.90875447,0.9471441,0.2200924,0.17969564,0.13849871,0.13299829
0.8763884610176265,0.70094305,0.9699577,0.9701463,0.1251591,0.12595905,-0.0077637453,0.06375856
0.8315592875592877,0.88438654,0.9565156,0.97031647,0.18884191,0.20302604,0.047142457,-0.25024775
0.833968625968626,0.9060168,0.9799977,0.9674469,0.17105351,0.26656887,0.023742206,-0.40789753
0.8127910287910288,0.5785613,0.94267446,0.95784974,0.082038574,0.09926796,-0.5167503,-0.38798872
0.9024906984906986,0.64993703,0.9724478,0.9686221,0.11995412,0.16520709,-0.7646397,-0.1499097
0.8933852693852695,0.84222704,0.9824654,0.9732457,0.21071157,0.19661364,-0.020613164,0.25983784
0.8818653178653179,1.0659252,0.97893435,0.9624836,0.37436277,0.30899727,0.07267675,0.2168441
0.8202338322338323,0.6813824,0.9702686,0.96081114,0.10585164,0.11994158,-0.023391983,0.06853709
0.9169052209052211,0.8344684,0.9793546,0.9768377,0.18886913,0.21708965,-0.2364192,0.011228908
0.9335314295314295,0.6627043,0.9844393,0.9844314,0.0915756,0.1220533,0.016939718,0.10770191
0.6610546090546091,0.5809401,0.94923055,0.95183426,0.06810453,0.075028755,-0.1806753,-0.07278724
0.8883634443634444,0.8270162,0.97236836,0.9773141,0.1657219,0.13222814,0.18285634,-0.16829348
0.9107687507687509,0.96891874,0.96999,0.9755892,0.28942907,0.2611959,0.0870766,0.12598512
0.8220826620826621,0.77820605,0.96340805,0.9603865,0.16481318,0.14087583,-0.20643665,-0.09413359
0.9035976155976156,0.84143686,0.9726793,0.96368986,0.23015535,0.38072103,-0.32190204,-0.34991398
0.8974559734559736,0.59355867,0.9678923,0.969101,0.117253326,0.15120444,-0.20142055,-0.09260422
0.8677573837573838,0.75431895,0.9737637,0.97562456,0.11008356,0.1459852,-0.936155,-0.25591746
0.8354291474291475,0.7406736,0.9322834,0.94046843,0.25562868,0.24364595,-0.14685823,-0.18200788
0.9048470088470089,0.8597299,0.95770293,0.9764907,0.23252593,0.18553501,-0.6401268,-0.23486955
0.8746112986112986,0.673768,0.97569543,0.9641112,0.13148557,0.18982105,-0.10849959,0.08635898
0.9011087171087171,0.9766701,0.97147334,0.95834905,0.37979248,0.3406996,0.047373872,0.002112667
0.7951575631575631,0.6844653,0.9592716,0.94268334,0.12597768,0.1303285,0.35434145,0.12328887
0.7074194754194755,0.6736175,0.9389673,0.93284965,0.15815279,0.1488799,-0.0762958,-0.29660663
0.7122247722247723,0.7386932,0.93976045,0.9438294,0.18823037,0.12394338,-0.54652977,-0.34382772
0.9046945366945369,0.70859647,0.9704087,0.96562344,0.17003219,0.22493933,0.3508957,0.26020074
0.7421719181719182,0.6277874,0.92288154,0.93355507,0.09826448,0.11639265,-0.16250153,-0.10785839
0.7358140598140598,0.7154558,0.9371067,0.9374901,0.1392817,0.11476734,0.6167104,0.43515375
0.862882774882775,0.716056,0.9856804,0.9804604,0.0803395,0.13025303,-0.7261322,-0.44164717
0.7696229896229897,0.5310842,0.95884466,0.93068415,0.060298588,0.10804539,0.049336974,0.048718013
0.8531299091299092,0.8641232,0.9399559,0.97049695,0.27116242,0.1769806,0.5899543,0.43385914
0.9494432174432175,0.9954395,0.99459696,0.9901493,0.084530406,0.18276319,-0.36310652,0.13184594
0.9525018165018165,0.77893144,0.9931346,0.9892228,0.10372653,0.18216355,0.74086183,-0.14133781
0.7507066267066268,0.5280425,0.9292752,0.9392503,0.074891716,0.12709437,-0.115162365,-0.24652082
0.9123923403923405,0.9255989,0.9587838,0.9637616,0.39004862,0.35653618,-0.4522135,0.1043021
0.9130471330471329,0.90813524,0.97312003,0.9776804,0.23595333,0.23902269,-0.31087714,-0.12752613
0.9001432561432562,0.6777013,0.97482085,0.97056484,0.11873238,0.15161066,0.19723237,0.34920847
0.9223041823041823,0.69340575,0.99221796,0.9771862,0.13043487,0.1768546,0.7703126,0.18357226
0.8207687087687089,0.8268989,0.9862433,0.9636215,0.15343107,0.21175957,0.64781797,0.6526596
0.9292804012804012,0.7240882,0.9853934,0.98151475,0.13628994,0.15601788,-0.17343532,-0.2766854
0.8333193173193174,0.886538,0.9300064,0.9373751,0.35638133,0.22247557,-0.6087836,-0.5437028
0.9238014958014957,0.9037166,0.9791455,0.97709894,0.24417669,0.20943417,0.048840206,-0.16596061
0.9070657990657991,1.0088629,0.9603938,0.9678562,0.38060716,0.33244964,-0.14603384,-0.3850271
0.8887696807696808,0.8676347,0.9739197,0.9693198,0.25268608,0.17421073,0.23456067,-0.04916649
0.9093607293607294,0.61695546,0.9867198,0.97331375,0.09847126,0.16266203,0.5122947,0.04706438
0.761961353961354,0.6487673,0.917619,0.92992884,0.1692757,0.13906735,0.3390365,0.14504938
0.9511831831831833,0.7365213,0.9888794,0.9810136,0.10788975,0.20491609,-0.6581112,-0.088985
0.9175727935727938,0.8126567,0.9857315,0.97615975,0.15454854,0.16396491,-0.46379465,0.23173313
0.9112098352098352,0.85782945,0.96684945,0.9735331,0.195284,0.31217134,-1.4050767,-0.46200582
0.8690628050628051,0.7567429,0.9566575,0.95837337,0.20021625,0.24151054,0.7320913,0.372244
0.946920346920347,0.8737258,0.98444426,0.98464596,0.25908062,0.17006655,0.19806483,-0.26182148
0.642971982971983,0.63394743,0.9549438,0.9161365,0.07815563,0.12432777,-0.5220671,-0.1497734
0.7461579621579623,0.7509692,0.948973,0.9405222,0.12830369,0.21289264,0.41876677,0.17205279
0.5975977415977416,0.5729826,0.9439637,0.9093704,0.085893996,0.13096482,0.7827749,0.7772485
0.9413454413454413,0.64954525,0.9847413,0.9809912,0.11340452,0.14749448,0.22307602,0.06263682
0.7237254277254277,0.6975165,0.9372752,0.92080766,0.16989683,0.2088379,-0.30449826,-0.26024354
0.8850963930963932,0.8439879,0.97421306,0.95440656,0.23133749,0.34534815,0.2643919,0.40977016
0.9040893640893642,0.710663,0.98272574,0.9599426,0.16681722,0.30727705,-0.20947987,-0.3877809
0.9407293487293487,0.9389583,0.979407,0.9857898,0.2228076,0.18768999,-0.4186305,0.04837207
0.9064174624174625,0.80692595,0.9750036,0.97175,0.15191524,0.18738514,-0.14446947,-0.07221801
0.8990228990228991,0.78986007,0.97809654,0.9636915,0.14359502,0.2603157,0.22529852,-0.06424428
0.9542733542733542,0.7933484,0.9944579,0.9901105,0.12572706,0.14239193,0.6677945,-0.013661638
0.89588821988822,0.6676608,0.9943856,0.98380095,0.06887827,0.11253643,0.9316355,-0.29721305
0.8811742251742253,0.96456665,0.9678687,0.98140997,0.25103045,0.18187797,-0.13503288,-0.04942705
0.6850787290787291,0.815752,0.92169386,0.9303071,0.20766997,0.15119365,-0.2394103,0.07317734
0.8266601866601867,0.6584591,0.9589023,0.9629267,0.1532668,0.12892964,-0.08061073,-0.14406057
0.8230354750354751,0.59027916,0.961837,0.9656388,0.08776867,0.109325215,-0.5646534,-0.34910756
0.7955372315372315,0.60465604,0.9550093,0.95565134,0.10757525,0.10888212,-0.029546333,0.053841785
0.8209707169707171,0.76402634,0.95932037,0.95338565,0.17458081,0.17457163,0.1693131,0.23257136
0.8746598986598987,0.8272588,0.9578188,0.9537477,0.28828377,0.37114382,0.28915,0.08941782
0.8510429750429751,0.69084066,0.99212205,0.97226727,0.081095144,0.104937576,0.06260687,-0.14006205
0.8302043302043303,0.81506014,0.9537697,0.95176816,0.2649899,0.24152584,-0.3380445,-0.8552532
0.795017871017871,0.7103119,0.9609006,0.9497759,0.20378211,0.19315933,0.48691177,-0.12351571
0.7816240576240577,0.6212895,0.9596912,0.93832684,0.10638002,0.12480167,-0.3795878,-0.5273249
0.9534156774156776,0.8223489,0.9922425,0.9889307,0.1459491,0.17524832,-0.61578923,-0.48729187
0.7894641694641694,0.89863145,0.9862433,0.959367,0.15343107,0.2554561,0.64781797,0.7903271
0.8762523602523603,0.7907414,0.97622645,0.96654814,0.15944114,0.259433,-0.49448368,-0.39722884
0.7697321777321777,0.77285284,0.95433396,0.94763374,0.16788599,0.11553902,-0.3999964,-0.18633115
0.8462202302202303,0.57057315,0.9729438,0.9623999,0.10591306,0.12043402,-0.1716463,-0.08626131
0.938949314949315,0.7160735,0.9933398,0.9877552,0.09310161,0.13594729,0.34130284,0.46585608
0.8642707442707444,0.8186583,0.99191296,0.9843405,0.10004402,0.12152846,0.5959334,0.5582096
0.5662579942579944,0.6511106,0.9040797,0.9367257,0.14499447,0.10133565,0.4291185,0.2371785
0.8297863097863099,0.67140555,0.9252492,0.93830764,0.16434184,0.1927231,0.4645962,0.44997928
0.8946605106605108,0.86929554,0.9518925,0.95922524,0.28303638,0.38445786,-0.33888954,-0.7576778
0.9043989643989644,0.8963914,0.97893435,0.9572117,0.37436277,0.5001928,0.07267675,0.30435234
0.9345574545574546,0.9264389,0.9814642,0.9748948,0.24915302,0.22387448,-1.0988843,-0.112316
0.7273129873129874,0.58200574,0.9354372,0.92726165,0.10621021,0.15961362,0.9181671,0.9726824
0.8645921645921646,0.5734073,0.9872047,0.96770597,0.07804867,0.1322168,0.47921476,0.5637879
0.9270799110799111,0.6601236,0.9815848,0.98487836,0.10764912,0.11467081,0.0816263,0.5142983
0.8682848442848443,0.7758232,0.9647206,0.97091144,0.20247628,0.1324514,0.0740133,0.26836023
0.7676253836253836,0.6024301,0.94915915,0.95149904,0.06692507,0.085472755,-0.1458385,0.030443294
0.8152909912909915,0.918591,0.947943,0.9563178,0.2871758,0.26571232,0.63643205,0.3015664
0.9145358425358425,0.74803156,0.98391896,0.9736098,0.17785428,0.2687288,0.58178765,0.11384741
0.9338982546999495,0.67575204,0.99093634,0.9897925,0.08363209,0.10904654,-0.50761724,-0.13649964
0.8424822984822985,0.8195603,0.9718544,0.9533773,0.20471391,0.23391154,0.99706763,1.1767582
0.6720177240177241,0.53457284,0.93944174,0.9219583,0.07778549,0.1109736,0.49624693,0.2767883
0.6403039603039603,0.48206612,0.91427284,0.9332331,0.07027674,0.07790092,0.70841736,0.71260023
0.726938478938479,0.613054,0.9579006,0.9355186,0.09924145,0.10250145,0.88623863,0.6328112
0.8065742905742906,0.61153215,0.9715081,0.95612013,0.13293865,0.1335459,-0.22428021,0.042308763
0.5419683019683019,0.48513606,0.93386686,0.92546254,0.053250182,0.07395374,0.40157846,0.698996
0.8951002871002871,1.1242905,0.9906461,0.9671188,0.33619472,0.31688654,0.08820995,0.49525017
0.9163310203310204,0.8358565,0.9682286,0.9688264,0.22333226,0.28689364,0.19369297,-0.27248275
0.8356248196248197,0.8606118,0.9445614,0.9436405,0.31900096,0.34351248,0.060788397,0.15257323
0.9176569376569378,1.0809897,0.97104543,0.9704391,0.49603358,0.44143808,0.14627062,-0.50723296
0.8324097644097646,0.5964352,0.95722884,0.9400455,0.09562837,0.19737136,-0.96797454,-0.46341568
0.8934051534051535,0.8366145,0.9607028,0.9568905,0.27699316,0.28923574,0.15798578,-0.14186175
0.9448639288639288,0.6678949,0.9911621,0.98202527,0.07751285,0.15576863,-0.8392803,-0.2491561
0.870995358995359,0.5815598,0.9573404,0.96039903,0.11659851,0.13385175,1.166272,0.83242136
0.9429819069819071,1.2087424,0.99359876,0.98196125,0.20213374,0.5267338,0.7840676,0.06752558
0.8902753342753343,0.9463815,0.9694749,0.9728931,0.2841623,0.20528884,-0.4082037,-0.17077385
0.8426195306195305,0.8020242,0.9754689,0.9456674,0.17169009,0.34031993,0.14197955,0.39309773
0.9144509424509424,0.8306073,0.9898505,0.971142,0.101363234,0.09956162,0.4939101,-0.16319068
0.9269694389694392,0.6099898,0.9830343,0.9824712,0.0796118,0.11967754,0.08343682,-0.2444425
0.8988273948273949,0.8207093,0.9680528,0.968589,0.22434695,0.24942283,1.0345105,0.52108085
0.8150670590670591,0.7420487,0.9791725,0.95292896,0.09693113,0.15298085,-0.89358026,0.24597374
0.8362953442953444,0.714703,0.96436256,0.9536643,0.12020126,0.212378,-0.17739327,-0.12345385
