correlation,rmse,generative_a,estimated_a,generative_sigmasq,estimated_sigmasq,generative_mu_x,estimated_mu_x
0.8185187633121579,0.6063476,0.9611305,0.9621401,0.07085304,0.10419316,0.17737187,0.31870112
0.667089850350376,0.6158308,0.93115824,0.9311812,0.102121845,0.12999107,0.040762052,0.124577
0.8468099891855982,0.6909923,0.95995235,0.9546551,0.1314148,0.16463397,-0.6910442,-0.69741845
0.774000987072158,0.5524411,0.9561979,0.9371624,0.08041293,0.12135172,0.92426217,0.90179086
0.9043420910627347,0.8084402,0.9751533,0.9747531,0.20043157,0.17168881,0.8757046,0.77290046
0.7430579917852788,0.56783015,0.932136,0.9402372,0.10233722,0.09175198,-0.14911726,-0.23348406
0.7900196824991493,0.6531345,0.9683527,0.95314324,0.06369313,0.101024576,0.39510047,0.13650104
0.9427620782659327,0.8253103,0.9872458,0.9839566,0.21193163,0.17726426,-0.21406764,0.24410045
0.6302337026293925,0.5125879,0.92279685,0.9272818,0.07826912,0.07816672,-0.031697787,-0.006643412
0.7602929098708656,0.68212515,0.93256086,0.9420711,0.160125,0.14543906,-0.03551748,-0.02386271
0.8163140360182459,0.5408727,0.9558992,0.9517146,0.08348831,0.09197523,-0.46249187,-0.44932717
0.7992533602645377,0.67858374,0.9470106,0.95808977,0.12201212,0.08149784,0.33586124,0.44090635
0.9439078891372624,0.75226605,0.9865268,0.9837189,0.13874981,0.15767494,-0.06461232,-0.09550084
0.9128591486814638,0.76693535,0.9862433,0.9710901,0.15343107,0.18975694,0.64781797,0.579745
0.7735543519926964,0.68766737,0.9545666,0.9342221,0.13624984,0.18795554,0.24977958,0.41356978
0.8415223974275837,0.8824579,0.9604785,0.955565,0.26784047,0.2546454,-0.5016184,-0.3941459
0.7291856946537111,0.6013924,0.95026714,0.9556961,0.093959175,0.08544898,-0.35504133,-0.47897807
0.7968632018021123,0.65210044,0.9369267,0.9475234,0.15919317,0.13505338,0.0056986813,0.16243356
0.7723938538870168,0.83479446,0.9363535,0.9424573,0.22008368,0.19957413,-1.0679272,-0.706735
0.9336842953094873,0.95861584,0.97893435,0.9592384,0.37436277,0.53386223,0.07267675,0.18241368
0.8338653678504591,0.54887706,0.95904994,0.95429665,0.07544837,0.10673611,-0.22193277,-0.104706764
0.6442175780145023,0.637426,0.9201084,0.93357164,0.10583509,0.08606064,-0.34900257,-0.4714658
0.9070489412878308,0.6692187,0.9746619,0.9735595,0.13707659,0.14248075,0.5693308,0.55888736
0.84501049961768,0.77904314,0.96692616,0.9686302,0.14736347,0.09474262,-0.0782879,-0.08040454
0.86632943730071,0.9669441,0.9465095,0.9524557,0.40443906,0.3407139,-0.29934466,-0.4195586
0.7848544654167146,0.8983023,0.90794146,0.90794414,0.36533302,0.42710868,0.096972,0.047205918
0.9324266067882573,0.7017615,0.9924448,0.98017806,0.12993649,0.16155271,0.20584643,0.31088525
0.9521851609896258,0.8527052,0.9926659,0.98306036,0.16614152,0.2469147,0.24996307,-0.4658136
0.771103299568528,0.63495696,0.93885636,0.940773,0.109778896,0.1257827,0.33283105,0.2610482
0.9135085764973724,1.0899156,0.9638623,0.95121306,0.55447876,0.7419822,-0.55915016,-0.31578457
0.8644183565469373,0.6821968,0.9627608,0.95517963,0.16337553,0.19743763,0.77937675,1.0596246
0.8218211506273841,0.6650933,0.9660274,0.94934344,0.12645754,0.1419807,-0.47749168,-0.26290923
0.9180204159392665,0.4722943,0.9824252,0.9818052,0.043929864,0.057434056,0.05832234,-0.22962803
0.8070737234997958,0.78486156,0.97038144,0.95703083,0.15734655,0.15655369,-0.094119236,-0.32137197
0.9270399092223855,0.70081025,0.97984475,0.9847618,0.10221573,0.11393778,0.6708253,0.52266395
0.7633049287847887,0.5931192,0.94462013,0.94701606,0.07996757,0.12306501,-0.95995504,-0.7626537
0.8823359516471609,0.714545,0.98325396,0.9789102,0.10661639,0.12152351,0.53646,-0.14738026
0.8197418079586893,0.6353527,0.96477896,0.9490054,0.10766228,0.123590626,0.08954643,0.39818966
0.862278568428571,0.80127007,0.9502583,0.9590699,0.22584848,0.22646074,0.31756103,0.42651448
0.7693965767354523,0.7200886,0.9467816,0.9441462,0.14046979,0.14005788,0.25213155,0.20127848
0.8885760722841717,0.82377046,0.97342175,0.97374845,0.21461274,0.15634385,-0.026728095,-0.2048675
0.8372917082386735,0.73364705,0.9409366,0.9404983,0.17962547,0.2788943,0.7104656,0.80197465
0.8426811191489793,0.9727929,0.9291382,0.91732913,0.42566952,0.5887621,0.87132734,0.833791
0.8972256345001016,0.65619016,0.9801898,0.9817331,0.09377436,0.076720774,-0.31311,0.047452882
0.9415134083701455,1.050434,0.99063575,0.9865406,0.21549402,0.2844452,0.45878112,0.49566853
0.9122261468521836,0.8649758,0.95602185,0.9641586,0.3077702,0.27534243,1.0125535,0.6192051
0.907235318789651,0.77183205,0.9762438,0.97197175,0.18750179,0.20200269,-0.33626056,0.010120715
0.7722874015382635,0.7437816,0.95583665,0.9464775,0.14912744,0.17949955,0.5541116,0.7425402
0.7899574637371942,0.80133885,0.94179267,0.9396214,0.17136005,0.16856037,-0.21401866,-0.21751602
0.865391224542596,0.6254244,0.97129035,0.97071373,0.0842709,0.097180106,0.17935324,0.14187111
0.9097273209803715,0.5750757,0.9751945,0.9731079,0.09848594,0.11170891,-0.12735234,-0.32106513
0.814381955837113,0.56944597,0.967562,0.96418244,0.07262571,0.073469594,0.052438397,0.32363755
0.8148729444596712,0.8433021,0.9228234,0.9475888,0.30023518,0.23141499,-0.6186461,-0.5040627
0.9152544389207103,1.0565965,0.9798257,0.97354144,0.2212032,0.40939552,-0.3348652,-0.4060107
0.8973199940671992,0.74016774,0.98337346,0.96497524,0.1435217,0.23487061,0.29432687,0.44025913
0.7018682351789177,0.6701398,0.9423335,0.91720957,0.12162848,0.16107175,0.12173692,-0.021171518
0.875246430983429,0.78283155,0.9668351,0.9558108,0.1836623,0.23272593,0.19334419,0.20023309
0.657514956274393,0.6714684,0.9325231,0.945814,0.13252874,0.079980254,1.1074411,1.081398
0.7750339426294309,0.92808646,0.9082826,0.92080915,0.42190465,0.32560155,0.94725657,1.049708
0.8553121714099474,0.8214033,0.9531788,0.942465,0.23937507,0.28598678,0.54861647,0.42243972
0.876668342506935,0.8058958,0.96184295,0.9626076,0.23169358,0.22258018,-0.44201306,-0.10240326
0.7490828145092504,0.5498643,0.9624956,0.94787884,0.06131891,0.07036677,0.23539725,-0.03309397
0.8602550639768104,0.5410446,0.97623384,0.9700396,0.06348583,0.08089958,0.19282536,-0.036892615
0.7742147015383523,0.735966,0.9614423,0.96460015,0.12122505,0.1353986,0.7366967,0.47682074
0.8399413893026225,0.7531044,0.9492084,0.94495183,0.19789046,0.24610546,0.12861249,0.052402273
0.908538267862123,0.87790155,0.9653838,0.9793428,0.1960415,0.12786087,0.38812226,0.29483128
0.8718046453447433,0.58214694,0.9831877,0.97352225,0.06137288,0.08225866,-0.04046847,0.19524153
0.9211096718575477,0.79686326,0.9844866,0.97967064,0.14330126,0.19151853,0.33388287,0.4381708
0.9116740546038489,0.5907495,0.9864927,0.98675823,0.07056443,0.085194446,-0.016117308,0.08415929
0.9229497663599627,0.95693356,0.9711609,0.96758896,0.3100181,0.42551297,-0.4600701,-0.2674155
0.974594836255174,0.91574955,0.99258447,0.99240214,0.18822756,0.18098478,-0.15547529,-0.11649465
0.882813461698154,0.8354295,0.9602967,0.95611674,0.24217382,0.3341683,-0.25171316,0.08298264
0.9222097229775558,0.69572717,0.9835243,0.9873333,0.12652679,0.10877648,0.11236703,-0.037739895
0.8986569962651195,0.8332549,0.98472244,0.9814881,0.13086171,0.13738841,0.04357731,0.024589857
0.7207754527960725,0.577463,0.9516821,0.9410381,0.07031743,0.083677135,-0.29676667,-0.2811653
0.6429763414682148,0.73958653,0.9220994,0.9433309,0.15637939,0.10977665,-0.79759353,-0.86210316
0.8673651277064205,0.8016313,0.96223927,0.97015715,0.19308895,0.17384486,0.048905652,0.043096337
0.9428839806214371,0.9365208,0.99484223,0.97735286,0.20053978,0.35721698,-0.15497217,0.14099467
0.8482742006198721,0.7121937,0.9729783,0.973091,0.099998616,0.099047646,1.0332851,0.6502967
0.8556482014157123,0.7705708,0.9652176,0.95741606,0.17301315,0.2018072,0.025700783,-0.09546818
0.9046282625005222,0.769303,0.98885226,0.97898126,0.10301653,0.13250422,1.0052458,0.6665911
0.5851343837975015,0.5691366,0.9212794,0.93220025,0.07571131,0.06358368,-0.7290641,-0.6923006
0.8511584673213548,0.5454391,0.9537906,0.9631466,0.07689827,0.06852683,0.09024412,0.17208984
0.7835792534366807,0.69458586,0.9242814,0.9403903,0.18853274,0.17654273,1.2351696,1.0843879
0.899174699003952,0.71682703,0.976094,0.98051786,0.127373,0.10985645,-0.7416328,-0.67057925
0.8574912450385992,0.72125167,0.9617558,0.96052545,0.15018298,0.21037067,0.17742532,0.027516127
0.9286572852251658,0.87407196,0.98833716,0.97218156,0.23688668,0.33061674,-0.05790395,0.11217897
0.9502693785391008,0.80206746,0.98964775,0.9889082,0.1371361,0.108791985,-0.15216799,-0.23040162
0.9645845212387237,0.93945587,0.9938882,0.9904682,0.14018326,0.20676148,-0.0434811,0.3285572
0.8314026825284293,0.7877749,0.9637971,0.94286734,0.15528537,0.32439566,0.06669989,-0.15342152
0.7886598069535692,0.59836775,0.95263296,0.9533092,0.09339359,0.09860587,0.68744963,0.4597301
0.8684351937976311,0.7548667,0.9696887,0.9734814,0.13581279,0.14782777,0.26090714,-0.38296017
0.927568824763012,0.8283622,0.98528504,0.9760286,0.12751485,0.25572157,-0.2998143,-0.736996
0.8459022445283593,0.68821156,0.9678741,0.9625734,0.11611802,0.12014303,-0.17685096,-0.33539808
0.8868842632454822,0.7553279,0.97301656,0.97830254,0.15072517,0.14291741,0.006426793,0.18577836
0.9313590052094409,0.8411721,0.9919143,0.97685677,0.18802917,0.21923786,-0.0900386,0.15773496
0.8755564419130308,0.8164996,0.960512,0.9514339,0.23564398,0.2550731,0.041235764,-0.031867635
0.903472986795678,0.9583191,0.9546793,0.966519,0.41230172,0.27485862,0.4124723,0.35486317
0.9106306242929001,0.7167336,0.9899397,0.9748539,0.11271932,0.15273905,-1.0394526,-0.58289236
0.9415949200631873,0.8414978,0.992946,0.97506744,0.22687352,0.31915513,-0.25170434,0.13069484
0.917617786498846,1.1048437,0.9668599,0.948617,0.51733273,0.8767769,0.14783385,0.17651474
0.8067640443462473,0.76889163,0.9355888,0.9570982,0.2024319,0.1441319,-0.855133,-0.45685658
0.9164592106974739,1.1174852,0.9574155,0.958205,0.5051887,0.5716808,0.22876734,0.027220208
0.8686385141501624,0.8356971,0.9757611,0.9415644,0.2486623,0.43963975,-0.17496094,-0.17551313
0.8661355879256942,0.59119064,0.9722038,0.9810108,0.082109585,0.060650814,-0.28743696,-0.53885454
0.6330231888997103,0.6362649,0.91685414,0.9444488,0.13776676,0.074192464,0.3961317,0.40114912
0.8338829995972801,0.53669286,0.9741541,0.97545993,0.061579265,0.071103,0.25091547,0.4752908
0.6555859803497569,0.65515757,0.9059326,0.9314232,0.13319297,0.123454094,-1.5075035,-1.4080733
0.7902527659284426,0.83982545,0.91640186,0.92649436,0.35078338,0.2838459,0.43385503,0.4964286
0.7969621179139389,0.52410036,0.962257,0.9532892,0.07714125,0.086850226,-0.48110437,-0.3069076
0.8712257030441125,0.56881946,0.9670718,0.96882266,0.08607633,0.08230114,0.21402873,-0.03085732
0.9288787649406024,0.72612554,0.9936069,0.9771143,0.12485739,0.1593318,-0.293068,0.027022455
0.9408970951835353,0.87404203,0.9839941,0.9830611,0.21168295,0.21692044,-0.5086233,-0.39627603
0.717452152187846,0.591195,0.9564842,0.9497906,0.07654506,0.06865091,-0.09239524,0.01389685
0.9136499852879978,0.7512467,0.9683729,0.98032624,0.1765051,0.16162424,0.15304527,0.27799827
0.868682850029256,0.6645158,0.97706157,0.9753475,0.103332385,0.11311798,0.9966512,0.47129703
0.8772771738363478,0.7788593,0.968905,0.97128546,0.21899061,0.16948609,-0.29954433,0.09772188
0.9344637394021984,0.83529955,0.9901441,0.9825728,0.1784751,0.19865112,-0.28724068,-0.4992225
0.9496520131923222,0.8694263,0.9881183,0.9856342,0.18624261,0.20113191,0.24764203,0.13178025
0.7906603474336557,0.62297314,0.9544096,0.96079564,0.10085183,0.08755959,0.23283048,-0.047324594
0.7495948157590928,0.5210845,0.9662488,0.96406645,0.04714951,0.057180323,-0.1042536,-0.041051622
0.9118010113432276,0.8205321,0.9639701,0.9692465,0.2510646,0.21207555,0.2612861,0.17913376
0.8754568008090882,0.8113537,0.96794695,0.96837467,0.19493555,0.1832724,0.55320716,0.706771
0.8722872166859547,0.6037281,0.9752604,0.9744574,0.07152021,0.104683734,-0.37515533,-0.29213881
0.9496855463816876,0.89159817,0.9846628,0.9844649,0.18761249,0.23266365,-0.89191055,-0.23115794
0.9167860400617666,1.1717043,0.97239363,0.95889336,0.5814647,0.80812716,-0.24139117,-0.076000996
0.8032713080434094,0.6130621,0.9576973,0.9498069,0.09057203,0.09769237,-0.012906695,-0.21377438
0.9162216713314675,0.75623894,0.9862433,0.96916395,0.15343107,0.22796933,0.64781797,0.5331382
0.9475416486946638,0.9980095,0.9771065,0.9815486,0.20822015,0.3511443,0.66491926,0.26743117
0.9486809476929517,1.0121078,0.9805708,0.983701,0.19550592,0.36053455,0.4658105,-0.18561076
0.7948363427258148,0.7571889,0.9463601,0.95034146,0.18792067,0.1523638,0.6856632,0.69824684
0.9332979175196668,1.0395569,0.9844144,0.96820164,0.37962767,0.478461,0.2085369,0.17719188
0.6115124155379865,0.57150304,0.93166804,0.9422613,0.08174038,0.08303307,0.2286527,0.16320696
0.8058242464358796,0.61955017,0.94287103,0.9561276,0.1278853,0.098201945,0.27524576,0.25253475
0.9435047773710702,1.0836506,0.9801941,0.98279417,0.36133814,0.34571058,0.16170734,0.45999894
0.8376737775478046,0.5507627,0.96276027,0.9654474,0.06149307,0.08962688,-0.2737409,-0.2845986
0.896897652712033,0.84313256,0.95688534,0.95688653,0.30884805,0.29466775,0.016876932,0.02411593
0.7630002531520407,0.7400917,0.96142656,0.952882,0.11211413,0.12179527,-0.044805065,-0.17238109
0.8425467175914749,0.73536587,0.9741127,0.9553307,0.117563106,0.2209147,0.23812303,0.26261586
0.9023539217018794,0.67858064,0.9766986,0.9812914,0.10230192,0.08645044,-0.10356689,-0.33398488
0.936935480213677,0.8671772,0.99219245,0.97686756,0.20536174,0.26133096,-0.22361244,0.00027001335
0.9429075551532089,0.9294234,0.99444026,0.98076576,0.21082664,0.24948628,0.39242497,0.38950917
0.5852712298993968,0.52932227,0.92560136,0.90946245,0.0785479,0.07023419,-0.7214399,-0.73445976
0.9342799370047902,0.61749375,0.9889803,0.9890416,0.06614277,0.07737838,0.38816866,-0.06028802
0.8959586971254156,0.76205456,0.9770351,0.97861725,0.14449869,0.15498945,-0.17023528,-0.1327412
0.9280823549571768,1.0166852,0.9913812,0.9788536,0.25261363,0.28067133,1.0198625,0.61069304
0.6272305041968808,0.5759177,0.9159266,0.9264734,0.09900496,0.06399865,-0.27459848,-0.27199927
0.90186544943163,0.72661173,0.9747744,0.96844923,0.16691151,0.183543,0.68581825,0.23537362
0.8678932291669168,0.74890065,0.9534089,0.96365494,0.18020009,0.18355933,-0.57802385,-0.533646
0.905531600373056,0.78474647,0.9721683,0.97463596,0.15917397,0.15082037,0.35079214,0.041141976
0.7890059123529461,0.5377318,0.9578268,0.9547888,0.06239267,0.08778205,0.3985665,0.34953102
0.8476370546619287,0.58442605,0.96068376,0.964744,0.079366416,0.09506037,-0.1867169,-0.22202693
0.90306343613815,0.80287886,0.9862433,0.968428,0.15343107,0.22824162,0.64781797,0.5920884
0.9514411977345918,0.96078724,0.98523605,0.98443294,0.24846397,0.27476954,0.23192437,0.08700593
0.7303043720806995,0.6940824,0.9139068,0.9455474,0.17768236,0.12023951,0.8198238,0.838116
0.9485367218778755,0.6791604,0.9911209,0.98368865,0.093482584,0.14246686,-0.27689648,-0.12461867
0.8035009523681524,0.7311931,0.94646025,0.94904804,0.17347233,0.22347943,-0.29113874,-0.8238194
0.7690446515788009,0.72619104,0.942399,0.9495168,0.1403197,0.13589151,0.28174928,0.24148268
0.9224342915894868,0.76398855,0.97015166,0.9644839,0.20975994,0.26359445,-0.26052022,-0.06229716
0.8806484969997597,1.0647749,0.93264025,0.9343891,0.6576878,0.71749085,0.64967966,0.52714515
0.8069711601553857,0.66334,0.9503099,0.957268,0.13766947,0.09239113,0.17417309,0.19802195
0.8233582782973246,0.6549387,0.96994245,0.9693276,0.08898451,0.10120568,0.7624272,1.0126853
0.9075636664901867,0.9228874,0.9624287,0.9648146,0.31028652,0.35566956,0.20220414,0.08643513
0.9283000230880037,0.941881,0.9691477,0.978916,0.30833167,0.27128226,0.44990575,0.08660869
0.7673541172726589,0.65334237,0.9463194,0.9541768,0.13564835,0.088388234,-0.29401287,-0.26559815
0.936847154823545,0.9693221,0.99328065,0.9743555,0.23729329,0.38632676,0.17782271,0.25613883
0.6737564946170392,0.61709106,0.93589425,0.9327769,0.10635664,0.121425495,0.0065792007,0.055944912
0.8546916296146609,0.77609557,0.9414933,0.96129596,0.20494013,0.17263441,-0.0033353423,-0.04472053
0.8476722075635533,0.55614793,0.96615106,0.9566074,0.06739162,0.10710262,0.32295263,0.1488369
0.923356142104983,0.8304746,0.98004174,0.9711575,0.20046599,0.29603878,-0.21100023,0.15593565
0.9246007631041221,1.0360713,0.9941139,0.9755464,0.22333673,0.34454817,1.004937,0.76549715
0.9147549155127868,0.98586804,0.9705295,0.9784054,0.31205118,0.25930804,0.11251474,-0.04742268
0.9151017712482836,0.79693127,0.9816262,0.975332,0.14539163,0.21248622,0.48313984,0.26302224
0.8243363633178183,0.786556,0.95248795,0.96709085,0.15982752,0.13781804,-0.4621125,-0.46098223
0.8979740475478477,0.6479082,0.9752957,0.97344774,0.10186751,0.104702294,-0.29508644,-0.446767
0.9427174422797926,0.6261035,0.9896813,0.9892997,0.07319443,0.08495757,-0.51685274,-0.095750526
0.8878197104351538,0.98789525,0.95346564,0.9588556,0.3546197,0.38867825,0.0025226304,-0.018875225
0.9440568903771025,0.75965047,0.98608893,0.98140454,0.14954743,0.23014903,0.46206132,-0.011881901
0.8552200736032117,0.8255823,0.9532557,0.9548721,0.2036987,0.27128053,-0.014362459,0.17381325
0.9320432096069136,0.9423889,0.97528285,0.9768102,0.3037833,0.2944023,0.05591167,0.023059418
0.8723225708036113,0.60667515,0.9720952,0.9707378,0.06991428,0.09904666,-0.30089015,-0.0602099
0.9082723209395713,0.9261494,0.9709953,0.9646148,0.30197945,0.3481992,-0.7225736,-0.7291958
0.830082461133194,0.8480464,0.95505154,0.9553929,0.19588485,0.1989856,-0.50803685,-0.22118326
0.9243526391604224,0.76048064,0.98954415,0.97123545,0.15279076,0.23768917,0.3049076,0.3804449
0.9086818648595654,0.8903807,0.98324466,0.9784202,0.2022303,0.21332237,-0.08970379,0.31048304
0.8692747630839621,0.6971636,0.96575296,0.9660515,0.13691962,0.13497621,-0.108002804,-0.015802171
0.9340993694238993,1.0741789,0.98057973,0.96922433,0.42869246,0.45899495,0.24440867,0.2433445
0.7035214706434354,0.70920175,0.9447866,0.9487423,0.12585415,0.13390075,-0.67362887,-0.54057336
0.930770555835289,0.9669357,0.97893435,0.9616625,0.37436277,0.561152,0.07267675,0.12241624
0.8096249423399908,0.66406983,0.9542061,0.94870377,0.13740769,0.13993552,-0.466752,-0.48448732
0.7785030736804919,0.7925249,0.9389155,0.95910966,0.2021771,0.14181125,0.35107386,0.6871797
0.7921068516251808,0.7428692,0.94034374,0.9512197,0.15424922,0.15322462,-0.78464615,-0.9130098
0.8739526318644213,0.8436021,0.9641285,0.96312886,0.26602525,0.19392222,-0.17974854,-0.36154774
0.9402077044812328,0.95112187,0.9856111,0.97895575,0.26688063,0.313105,-0.46314543,-0.39665902
0.729336265057835,0.9311326,0.89119494,0.9366216,0.32961366,0.19974893,0.24157827,0.23068258
0.8910923156307706,1.1627605,0.9675296,0.9587943,0.46721488,0.42874697,0.48366508,0.34277773
0.8786336845580872,1.0334079,0.9511043,0.9636751,0.43459713,0.31737098,-0.15544361,-0.019344943
0.9451342125334742,0.6907365,0.9908764,0.989054,0.08865006,0.10381861,0.19642243,0.33636096
0.9275428179748509,0.83874065,0.98945475,0.97701335,0.17639962,0.23308934,-1.2227587,-0.5871016
0.854293049070888,0.71269363,0.96838784,0.9758748,0.11372421,0.10280423,0.08671332,-0.18195395
0.9072324510771923,1.134625,0.978037,0.96180964,0.41688707,0.6795434,-0.84465283,-0.4960857
0.8692285110445619,0.9153572,0.9693397,0.9562621,0.23287998,0.3714621,0.039396275,-0.07995745
0.9066843862215019,0.79504204,0.97073066,0.95945156,0.23720945,0.29968184,0.0046042185,-0.08185369
0.9198502783760446,0.7241323,0.9862433,0.9667436,0.15343107,0.25370455,0.64781797,0.5502323
0.7021568693439133,0.5782448,0.9536461,0.94019645,0.07081899,0.078489184,-0.61118764,-0.69409716
0.7786151732824279,0.60837203,0.9615063,0.95251906,0.08008788,0.109329686,0.41481942,0.50653666
0.7389697266831563,0.6275479,0.95572543,0.951423,0.07767997,0.1212692,0.61438555,0.80564743
0.8775098477060576,0.8591473,0.9584634,0.9552201,0.27626562,0.31342983,0.0069249594,-0.009435924
0.9090165983066557,1.1700413,0.96510494,0.9530634,0.6085096,0.76899934,0.08908143,0.045529377
0.9396062712970035,0.92109,0.9906778,0.97735286,0.23881562,0.3014211,-1.0948275,-0.41144753
0.879520400773,0.8534048,0.95661587,0.9601742,0.24081635,0.25609443,0.53878826,0.39329085
0.8237234723397556,0.8738641,0.9360615,0.94700015,0.28388178,0.17783603,-0.79711777,-0.76765835
0.8796810787329727,0.64247984,0.96775234,0.97594327,0.102102645,0.09277628,-1.0002847,-0.87431246
0.6319221263235403,0.5484152,0.9366185,0.91794956,0.07340661,0.10858451,-0.20783277,-0.16293833
0.8645092478254797,1.0212356,0.94465035,0.9351917,0.46546182,0.55693245,-0.48407972,-0.6415096
0.7589673986365055,0.59637207,0.9476887,0.9412569,0.098020844,0.09291931,-0.12364843,-0.19270162
0.945981242172999,0.9627757,0.99423546,0.97940385,0.24501708,0.337014,-0.22017476,0.08692936
0.8726755421240868,0.7256846,0.9613752,0.9515324,0.15241641,0.21805055,0.18360828,0.25234812
0.9565629613700739,0.81142914,0.99384016,0.9917916,0.078169845,0.14515907,0.2823988,0.50886923
0.8088545406807265,0.5865348,0.9638646,0.9593727,0.07512282,0.07961249,-0.4356734,-0.41754475
0.8228555584728894,0.645728,0.9544161,0.9514677,0.1261487,0.16245042,0.07840323,-0.03099911
0.9018144244823081,0.697762,0.9706446,0.9759148,0.11626817,0.16285919,0.7857349,0.6396367
0.9094686669869868,0.72150487,0.98024964,0.97633463,0.13575043,0.13898462,-0.02561334,-0.16518885
0.9264947527831605,1.003003,0.97859156,0.96533835,0.36784753,0.4027835,-0.21637136,0.008761502
0.9483021085923374,1.0716115,0.98161304,0.9894673,0.2433016,0.21406573,-0.5393636,-0.10273757
0.9474842391494784,1.2221199,0.9823225,0.9805901,0.33578098,0.53801066,-0.12848623,-0.014732628
0.8405671104907377,0.7466064,0.9614144,0.9655135,0.12884748,0.12712944,0.70842344,0.5967346
0.9115219153155066,0.7461943,0.98205495,0.9848112,0.12185584,0.13701738,-0.77480143,-0.4855773
0.9033230777796926,0.8234468,0.9813614,0.98483855,0.14945634,0.11595488,-0.13451153,-0.33036464
0.721183137213302,0.7557101,0.9180103,0.9440708,0.2124378,0.10235174,-0.3686537,-0.31585035
0.8852732846837256,0.7011228,0.9658733,0.9719158,0.14094953,0.1341615,-0.17678131,-0.035035256
0.9592542096726736,0.80808306,0.9910179,0.9894589,0.1443663,0.14123765,-0.5084469,-0.17544326
0.8713168070586892,0.9253708,0.96361977,0.9702348,0.2902824,0.20411408,0.5811762,0.5541991
0.8959145392503264,0.7913044,0.96727645,0.9610191,0.20586966,0.28108278,-0.43555814,-0.26432648
0.8781419511907123,0.57171893,0.97627074,0.9656492,0.06722703,0.10457555,0.28990582,0.4259395
0.9382215463394475,1.0937514,0.98885936,0.97430754,0.38712856,0.5370956,-0.37044838,0.027466979
0.8985420612067299,0.69184434,0.97104055,0.9762449,0.11610332,0.1271147,-0.20279373,-0.13703173
0.8877721120915381,0.8302546,0.96828043,0.9701474,0.20252527,0.15785243,0.86435413,0.21040559
0.9119191518590645,0.67369354,0.98530674,0.98565125,0.10398862,0.09057763,-0.4241475,0.043573275
0.8567895511388317,0.5837467,0.9685759,0.96308345,0.09114299,0.0996001,0.58353317,0.5055815
0.8751172487547598,0.698909,0.96808964,0.9743531,0.10519477,0.080361836,-0.06967244,-0.017738957
0.9150541813526691,0.7365891,0.98062783,0.98551387,0.112798765,0.113361225,-0.527148,-0.21770994
0.8296669655460106,0.68593425,0.9520457,0.9547594,0.13675009,0.16997726,-0.46059874,0.03943109
0.887611430337829,0.60364795,0.97104436,0.96921664,0.08169171,0.09538081,0.3364126,0.34623462
0.9086687295789968,0.7230096,0.98387355,0.9727498,0.12982798,0.14897648,-0.37802526,-0.27757186
0.9211388543262167,0.98510456,0.9907258,0.9758438,0.24186073,0.3575005,0.7873625,0.6351947
0.8803229202436673,0.95152307,0.98239106,0.977372,0.24526553,0.18327476,-1.3643688,-0.5318108
0.8421315328850453,0.6317374,0.97328436,0.96238685,0.08230863,0.14679076,-0.06946909,0.2673191
0.9252780409084866,0.99736524,0.97893435,0.96224827,0.37436277,0.50923014,0.07267675,0.12861326
0.9024489223758276,0.7295587,0.9860634,0.98375434,0.118218176,0.11734948,-0.7533925,-0.524758
0.8184179101468656,0.7549507,0.9508786,0.947163,0.17694063,0.2098122,0.027502486,-0.1572921
0.920423024451684,0.56756634,0.9913103,0.98444766,0.05398351,0.081733085,0.73132753,0.2254986
0.8419086753773881,0.61669976,0.9737446,0.9814028,0.05967101,0.06013293,0.1174558,0.11108654
0.85146350007416,0.824644,0.96765125,0.96952766,0.18115665,0.15952805,0.15426166,0.4974822
0.8779831756133082,0.8791918,0.9649503,0.9613476,0.2611792,0.24309222,0.10774735,-0.31043062
0.9378270179443857,0.8864717,0.9860801,0.9817333,0.19989093,0.19629078,1.039788,0.4141769
0.736749643383943,0.5749357,0.9367777,0.9470774,0.082595065,0.06888712,-0.18824957,-0.1460119
0.7618949796311969,0.6148422,0.94978905,0.95435596,0.091549054,0.0908721,-0.29104707,0.050384734
0.8667457202473153,0.8090872,0.94540435,0.94198006,0.28345034,0.34217253,0.9554262,0.9984591
0.8124104317096519,0.56695706,0.971551,0.94970864,0.06963659,0.11624359,-0.9555676,-1.196191
0.8007372140699542,0.6944553,0.9607832,0.95553166,0.1263802,0.10280297,0.69841814,0.72528565
0.8198824571971933,0.77107257,0.9459315,0.9452803,0.18761773,0.27422804,-0.51120025,-0.69966626
0.9034630089380816,1.1185045,0.95364994,0.9442966,0.59845686,0.8031771,0.8698783,0.7295708
0.9122269256043083,1.0750813,0.9832782,0.9651858,0.32556662,0.5113221,-1.0066881,-0.570809
0.8731356801817088,0.7924278,0.9514401,0.96250755,0.19757754,0.1836896,-0.20282115,-0.11465989
0.8841246544839448,0.7106102,0.98948956,0.9731569,0.12153916,0.16833094,0.042962443,0.24555369
0.8757196776034247,0.6860221,0.98156446,0.9835015,0.08331356,0.078054875,-0.3478472,-0.7414451
0.9282406067584972,0.644792,0.9823217,0.9862467,0.10601431,0.1130496,-0.28582084,-0.24320109
0.949856611497058,0.7701729,0.99065536,0.98972565,0.12862757,0.16578732,-0.027164547,-0.020889053
0.8380654099944657,1.0269121,0.92986995,0.94001883,0.45124236,0.48878598,0.18512829,0.35027534
0.9071712061393932,0.94933075,0.9726792,0.964641,0.34144172,0.36604604,0.25653088,0.092820786
0.9258171324507413,0.7600878,0.988141,0.98318714,0.14347559,0.11916469,0.3690898,0.1798224
0.9373946467511437,0.82543355,0.98938894,0.97509676,0.22123054,0.27572647,0.33863726,0.34969005
0.9154165769784124,0.75395983,0.9862433,0.9619898,0.15343107,0.301601,0.64781797,0.6613101
0.8129879296300689,0.95033264,0.9424644,0.9366176,0.31941864,0.3659045,-0.30505523,-0.3814175
0.8194801961701716,0.8231923,0.94526154,0.9554656,0.23139237,0.15483895,0.42702731,0.095584735
0.9262556025085786,0.8681461,0.9842015,0.98280555,0.18715099,0.17639084,-0.12342075,-0.18900825
0.8012642472422797,0.7393869,0.94980603,0.96292,0.16793124,0.09814712,0.25390354,0.33057913
0.8540172725147638,0.7924524,0.94505274,0.947646,0.2153754,0.23531474,-0.44138378,-0.607012
0.8788238531238166,0.8852755,0.96127445,0.95855075,0.27756873,0.3182359,0.20484623,0.3539908
0.6862812026689925,0.6392983,0.90511227,0.92749816,0.11927145,0.10204663,0.15385245,0.10306618
0.8081886294333529,0.6965528,0.97654927,0.96864957,0.10688309,0.11480764,-0.31936628,-0.44949448
0.8778570845851337,0.7160026,0.98358905,0.98353064,0.08339504,0.09619333,0.24114315,0.11400155
0.9303812419809988,0.98950386,0.97893435,0.9641262,0.37436277,0.50383973,0.07267675,0.09162546
0.9528512075601933,0.7681937,0.99473214,0.99259263,0.07114704,0.06988424,0.9499038,0.2222059
0.8532312195608155,0.8613408,0.9573183,0.9537189,0.29391307,0.21162888,-0.08744955,-0.15249021
0.9617434670309548,1.0356046,0.9933962,0.99319696,0.12374897,0.166062,0.19355835,0.06514508
0.7888758192761313,0.6380793,0.98106825,0.96827495,0.077088855,0.092879534,-0.23062582,-0.47815698
0.7398284675565548,0.5933817,0.9512632,0.9192433,0.083713494,0.17160115,-0.13678114,-0.14959617
0.955033893861423,0.90291625,0.98298705,0.979093,0.23154609,0.39850864,-0.16755891,0.029512294
0.8654173019867684,0.72124046,0.9665139,0.96923965,0.12883127,0.1522166,-0.495077,-0.58107156
0.8481571358971419,0.6799941,0.965165,0.97295886,0.13824002,0.09635005,0.07309412,-0.08993484
0.9485982724797237,0.8374799,0.9935162,0.9924565,0.12695563,0.13238007,0.19850625,-0.10167318
0.9181271810123491,0.7807967,0.9841509,0.9795097,0.13729626,0.17786385,0.7819157,0.50424457
0.8659443121190901,0.7608062,0.98392195,0.98073375,0.11361295,0.12887935,-0.5726521,-1.3615003
0.7140121334419415,0.6471914,0.93568456,0.94901997,0.11491451,0.08224094,-0.26329896,-0.18203469
0.9087423838627815,0.68895966,0.9734882,0.9762224,0.14494912,0.13559088,0.13543464,0.16746348
0.9317656282505006,0.7692137,0.9703808,0.9703103,0.19729535,0.26409492,0.76778626,0.68178624
0.9575418405026946,0.8021329,0.9893095,0.9879837,0.12951615,0.18532608,-0.37497342,-0.09157888
0.8140057624969221,0.9978839,0.9424981,0.96853596,0.35626504,0.1611441,0.80810755,0.6471159
0.6672731051636969,0.56979114,0.94721043,0.9387182,0.06926688,0.08007071,-0.9526868,-1.1777341
0.9230738761250505,0.89068866,0.9744041,0.9766115,0.26658475,0.27059698,-0.649617,-0.54518116
0.9216034997765601,0.6871496,0.9873854,0.98303694,0.10458064,0.1007238,0.10405915,0.2172289
0.8395898702703793,0.8236227,0.9481106,0.9525632,0.20430057,0.20323497,-0.31414458,-0.13816938
0.6627719555155129,0.5928886,0.9278519,0.9428913,0.09997527,0.06810694,0.2607353,0.21560688
0.715974899835984,0.6054006,0.9479291,0.9344995,0.09692404,0.12840077,-0.35728693,-0.3661678
0.9367360912537747,0.8492394,0.9922051,0.99111575,0.11432058,0.12595487,-0.45263198,-0.8305767
0.9251838648934184,0.9218766,0.97416943,0.97647077,0.25811675,0.26554123,0.8754381,0.51319224
0.9195644809543171,1.054694,0.96147764,0.9756213,0.437713,0.30246493,0.23423132,0.22499785
0.8991327961492475,0.7237488,0.9933243,0.9913596,0.08124454,0.0801811,-1.7428838,-1.0059589
0.8315635201861633,0.7681539,0.9511826,0.9608085,0.18687534,0.15379603,-0.3554921,-0.2698533
0.8768745643639304,0.5783786,0.9849024,0.9725042,0.07235534,0.08852112,0.3297403,0.6980823
0.8516050872043222,0.7343707,0.96630627,0.96125823,0.13557781,0.18745157,0.89317226,1.1109706
0.8793155321784853,0.8299054,0.9573909,0.9554464,0.2357167,0.31800967,-0.4678325,-0.5328411
0.8849902751024441,0.83896154,0.9862433,0.96739495,0.15343107,0.22011848,0.64781797,0.63319606
0.9587078221292517,0.78411055,0.9932276,0.9919449,0.090422206,0.1020156,-0.17026426,0.037597045
0.8572182609309219,0.7216113,0.97008,0.97732675,0.1272435,0.09617029,0.008790234,-0.095690146
0.8311467257514761,0.61374015,0.964377,0.948282,0.0770589,0.16835448,-0.027930373,-0.19657354
0.9307290139406424,0.7880502,0.97936636,0.9790416,0.19299471,0.18322279,-0.8546709,-0.15802449
0.8824488597838176,0.71796244,0.97092205,0.9720123,0.11394554,0.15637043,0.001415518,-0.19364229
0.8199159604345537,0.7545357,0.9477548,0.9526846,0.20404123,0.18139817,-0.2728894,-0.23515502
0.8314713770674205,1.0552899,0.94049007,0.95466965,0.44634488,0.36200243,-0.78186727,-0.8982348
0.91153837432614,1.0747337,0.97893435,0.95752704,0.37436277,0.69637793,0.07267675,0.11712816
0.6475212540674007,0.7071013,0.9165171,0.9235807,0.15955628,0.07796296,-0.93646115,-0.9380579
0.9411385958941755,0.7136461,0.9844422,0.9845681,0.122757845,0.151438,0.30712906,-0.09230303
0.8013483394157344,0.6254299,0.95926005,0.9463897,0.09747365,0.1432327,0.82965165,0.5609154
0.869087718190035,0.85062736,0.9719659,0.95762104,0.2256752,0.29045585,0.32008892,0.7111712
0.8033599575295933,0.70724726,0.9387184,0.95344424,0.14830258,0.14086288,-0.33620325,-0.3790416
0.7941673593227776,0.72771734,0.954508,0.9477323,0.15884481,0.15997027,-0.060983695,0.3484097
0.8630743288496029,0.8760823,0.96470535,0.9584315,0.29771394,0.25116637,-0.27946183,-0.044060275
0.9232717166194748,1.1028253,0.97777843,0.96215016,0.43437767,0.5709478,-0.53238374,-0.25571883
0.9371142545142808,0.8434873,0.9914146,0.9791176,0.20853461,0.24476533,-0.41413462,-0.05051649
0.8792311066929771,0.7895131,0.9754689,0.95080596,0.17169009,0.30514434,0.14197955,0.1885296
0.899622780995645,0.86221504,0.9737897,0.9735578,0.17358863,0.20929305,-0.99233073,-0.5435451
0.8389577424252388,0.5649588,0.96512794,0.9570582,0.06900339,0.12799513,0.21425782,0.36118174
0.933980555964889,0.8050626,0.98260874,0.9802211,0.17724665,0.17512079,0.38781476,-0.0019953842
0.8611496573999453,0.9744389,0.9499794,0.9417559,0.37225547,0.47234973,-0.09897182,-0.018303895
0.552957806467417,0.54508156,0.9038258,0.92064655,0.09264598,0.06913003,0.4156399,0.5133022
0.5232173521947764,0.5633108,0.9046579,0.9175667,0.076672494,0.07437161,-0.29389068,-0.35502675
0.8836689293550288,0.82555157,0.9656068,0.9642388,0.19444326,0.2021788,-0.71122795,-0.45197403
0.9027602665536426,1.0048782,0.96382,0.9533771,0.44327655,0.52740836,0.4613528,0.3934855
0.9039723158995707,0.8039948,0.97796786,0.9871585,0.15523587,0.09017038,-0.5714418,-0.48767167
0.9258879251660681,0.7274277,0.9752388,0.9721205,0.16774899,0.17264584,0.06627709,0.05066428
0.8917189876030382,0.77797985,0.970687,0.95613843,0.21640067,0.2725637,0.45841438,0.4425629
0.8634565692570512,0.6829657,0.9713717,0.97588456,0.098791614,0.10186467,-0.033136908,0.047964748
0.8106269137003063,0.8469224,0.9473563,0.9365894,0.28267106,0.3012582,-0.909985,-1.1586245
0.9180394454463114,0.8111617,0.9865718,0.9829157,0.14069375,0.16127704,-0.75255996,-0.45333523
0.895508067505291,0.7792597,0.98941797,0.98765516,0.105701454,0.08377939,1.1383597,0.7346478
0.9425676872478029,0.6729167,0.99367636,0.99001306,0.076256014,0.0898814,-1.050383,-0.25069794
0.8644425992388161,0.83800924,0.9562378,0.973481,0.15685228,0.16435523,0.5380647,0.3370763
0.8868192558750809,1.234268,0.9455621,0.9630295,0.7709623,0.38489285,0.70531183,0.43699342
0.750007280833165,0.8461318,0.92441833,0.94005144,0.25938857,0.23512946,0.04920921,0.068565354
0.8675327859732458,0.6790936,0.9723445,0.97724617,0.10650798,0.09449338,0.28768897,0.3947903
0.9251521941043511,0.7190298,0.9888472,0.97772115,0.13286756,0.18343958,-0.62412685,-0.55974686
0.8032358272057324,0.6079707,0.96991897,0.9702023,0.073839925,0.059105206,0.7780353,0.768457
0.6936639640422343,0.5514202,0.96191144,0.9495423,0.048752703,0.06928856,-0.15975559,-0.21476986
0.9066250881640142,0.63370943,0.985281,0.98455215,0.088097066,0.07590369,-0.8172735,-0.90938044
0.827990837374534,0.7222278,0.95739883,0.952919,0.154216,0.17578119,0.21624823,0.1664303
0.775285455757673,0.82296866,0.9308489,0.9344319,0.27370217,0.22408551,-0.72464585,-0.6067943
0.7841936082229776,0.5798446,0.9318905,0.9344844,0.13440792,0.1352138,-0.354215,-0.57116544
0.9399571542216165,0.91530704,0.9906691,0.98547846,0.18323122,0.1777611,0.15238497,-0.05303588
0.6844793407486947,0.65294176,0.9156775,0.9332805,0.13956147,0.099229045,0.96707344,0.9845219
0.6723796731487477,0.5267368,0.94761777,0.94293106,0.06434575,0.053156648,-0.67768615,-0.7161215
0.8257073525931765,0.80685514,0.9658399,0.9583777,0.1549636,0.16844904,0.5118953,0.6297903
0.9473096195274225,0.7597299,0.9794679,0.98448443,0.17687708,0.15171282,0.43014792,0.15796733
0.7705599156735867,0.528825,0.93761283,0.94183767,0.08011624,0.094954096,0.7178204,0.7234535
0.7429450757992122,0.63286984,0.9409127,0.9428265,0.12606071,0.09360241,-0.44211373,-0.40704313
0.9005781426014139,0.72554106,0.9808302,0.9836502,0.11924677,0.119301,-1.0963156,-0.84517246
0.887258329993333,0.593204,0.97509533,0.9682374,0.0871201,0.12761956,-0.052408125,0.11387337
0.7735571237051398,0.61998373,0.94501084,0.95518804,0.09266335,0.11056142,0.67005575,0.5892652
0.8812663354346139,0.7160238,0.9767433,0.9759351,0.10940706,0.11559536,0.31717613,0.36104438
0.8181649838983975,0.52235293,0.9545331,0.9544266,0.07071403,0.09305635,0.10790471,0.21610008
0.8815321095571377,0.84940517,0.96057516,0.95616716,0.21008581,0.32529876,-0.5434537,-0.5997366
0.7432163119386099,0.59664816,0.9412176,0.948569,0.08951777,0.080838725,-0.7209731,-0.81958187
0.923261655049865,0.75410664,0.9783933,0.98137414,0.13733852,0.1272535,-0.7518123,-0.18372013
0.7125688546190168,0.55663854,0.93255043,0.93518037,0.08203299,0.08943347,-0.6726113,-0.68794435
0.8122000383040062,0.6702658,0.9461292,0.9406284,0.14238851,0.15881614,0.41591752,0.44626358
0.7179859849577577,0.6970306,0.9539358,0.95948356,0.1061996,0.10771241,0.8103117,0.5605896
0.9090562547610009,0.65177006,0.9820917,0.97409767,0.11441638,0.15246522,-0.5887093,-0.5504745
0.9084287702446033,1.0054328,0.9578358,0.957475,0.4393503,0.4108443,-0.17402695,-0.15153293
0.9041347778775646,0.8884814,0.9816168,0.96757424,0.24311723,0.2688643,-0.53049546,-0.7385271
0.9033453705192593,1.032517,0.97713774,0.9735825,0.32718873,0.352608,0.44877926,0.91663116
0.8768999751839962,0.6861106,0.9601639,0.9644289,0.1525506,0.1397716,-0.24393824,-0.4435509
0.9062560879129742,0.63041985,0.9665866,0.9760225,0.13393243,0.12600061,0.047939252,0.5384248
0.8270345678739027,0.7657839,0.9396019,0.94344413,0.18535608,0.23484825,1.0712899,1.1667554
0.9023171112827378,0.7836237,0.9862433,0.9688596,0.15343107,0.21758579,0.64781797,0.7028544
0.793144980663197,0.61454916,0.9474808,0.94833535,0.09952828,0.10098727,-0.35117736,-0.29003987
0.9623087258733962,0.70430124,0.98591495,0.9876214,0.12249849,0.1539184,-0.07916012,0.16896145
0.8417768857883018,0.6088133,0.9546845,0.9642917,0.13071845,0.11102381,-0.02622,-0.06440727
0.8977168320186932,0.64795935,0.97949946,0.98168266,0.07181025,0.09174207,-1.2243547,-0.99657756
0.9432981369757021,0.8522432,0.98801184,0.98532426,0.16350867,0.15838186,0.25760445,-0.30200619
0.9203670748747321,0.8729792,0.9933857,0.9810052,0.16650015,0.18364985,0.025229093,0.15314265
0.8656799280767886,0.6916451,0.97428674,0.97509354,0.10194053,0.08625398,0.020500941,0.4316583
0.919363549082168,1.0350924,0.97893435,0.96804416,0.37436277,0.5039728,0.07267675,0.106206976
0.8899056340969016,0.74530613,0.97164166,0.97338665,0.13122757,0.1653153,-0.31477767,-0.08048832
0.9370605666976907,0.74623954,0.98700196,0.98412555,0.14407298,0.1522162,-0.19160996,0.24838561
0.9089421660387467,0.79169834,0.9892221,0.98086584,0.12765914,0.1506651,0.3174468,-0.34166402
0.9438540807446529,0.9496051,0.9938997,0.9791125,0.22579932,0.28150076,-0.75953174,-0.11930238
0.6857332614613219,0.6079091,0.9414336,0.9380909,0.08372298,0.10992649,-0.0673238,-0.08321029
0.9321369217499077,0.8172497,0.97829735,0.9789201,0.20924409,0.22626124,0.28531793,0.36205983
0.8912613954658234,0.9526023,0.96410894,0.96977043,0.29187334,0.21584542,-0.10201391,0.10468073
0.8775079678572749,0.82745415,0.9657004,0.97124517,0.19573723,0.15149091,-0.06891277,0.3126245
0.92466756145081,0.93960613,0.98447585,0.9743891,0.22898236,0.26793975,-0.2218251,-0.30172473
0.9155473971755835,0.9158771,0.9757383,0.95877653,0.30196273,0.38584492,-0.618691,-0.3180026
0.7940110843537737,0.64207345,0.96069086,0.9558975,0.09535804,0.119745165,-0.41151422,0.16110352
0.893046286119406,0.8343141,0.9520867,0.9632373,0.29498824,0.25485474,0.042877715,-0.07741469
0.6941150251064042,0.79610157,0.918625,0.94667995,0.21292096,0.11859295,0.035765152,-0.15372048
0.9537090137774423,0.7881591,0.9936576,0.9883643,0.1261762,0.14288798,-0.48148924,-0.2758918
0.9317276153164186,0.9894656,0.98110944,0.966747,0.3471058,0.47114912,0.04960452,0.08257288
0.7473064417450308,0.9330727,0.9153555,0.94651055,0.40827385,0.23518212,-0.5523852,-0.5129373
0.78162643725223,0.6839618,0.9622266,0.9594947,0.09882132,0.13377799,0.024115851,-0.08343018
0.9434444985991199,0.809878,0.98656076,0.98513615,0.1514152,0.15437008,-0.19352864,0.025727479
0.9108877845260456,0.7970158,0.9740109,0.97236055,0.20609508,0.21434626,0.19535896,0.18309446
0.904000480000077,0.7843569,0.9862433,0.9679276,0.15343107,0.22558036,0.64781797,0.5720701
0.9454539409686307,0.9359942,0.98817736,0.98914945,0.18202618,0.20327945,-0.6176839,-0.39873788
0.9232804618368741,0.59469247,0.9787202,0.98026323,0.08127748,0.11409162,0.21715647,0.2521127
0.7863723516115764,0.6429904,0.9429081,0.94617957,0.13238417,0.14533052,0.6987619,0.80575746
0.8527510638001702,0.6556782,0.9772905,0.9669721,0.10641131,0.118769564,-0.16551894,0.091593064
0.7993002720160437,0.55850303,0.9415353,0.9513991,0.08263473,0.10747206,0.7737234,0.7297216
0.9302720146995226,0.6396446,0.98622966,0.97821116,0.103615254,0.15539804,-0.23893672,-0.2929878
0.8795946272631404,0.7747456,0.95872074,0.9515967,0.22766122,0.278291,0.6534999,0.7733071
0.9483527797044449,0.87507194,0.9902225,0.9835519,0.14343461,0.2342452,0.39289594,0.39899343
0.9042789576126334,0.94066006,0.96465373,0.96264887,0.3334722,0.36061123,0.13150144,0.12027605
0.7117329863252778,0.69470716,0.9358072,0.93314195,0.13681734,0.13299519,0.008829534,0.104259595
0.9218537457045993,1.02245,0.97893435,0.9638248,0.37436277,0.4494751,0.07267675,0.14742137
0.8542184132829461,0.7964686,0.9670278,0.9611299,0.1624079,0.21082802,-0.06999048,-0.045312107
0.8885399440223912,0.8328784,0.97170097,0.9672706,0.22751518,0.24299888,-0.043103483,-0.26965255
0.9332463578314174,0.9592626,0.9870651,0.9742962,0.26908347,0.32739663,-0.62864524,-0.2575962
0.8911395176863228,0.978725,0.9501022,0.95806956,0.3961908,0.39929098,0.09242602,-0.18702435
0.8688292508206802,0.7586842,0.96380657,0.9707272,0.17603706,0.12743528,-0.70473915,-0.5627524
0.9268624451299913,0.7737882,0.9924899,0.9792532,0.1432059,0.19475743,-0.1056386,0.030387841
0.8997279793484768,0.6819954,0.96069556,0.9716519,0.16446261,0.14527781,-0.28129154,0.0016512772
0.8693097954095674,0.71719366,0.9687578,0.96987396,0.16285741,0.13215426,-0.95622164,-0.787569
0.9464768111482899,0.7658194,0.9830468,0.986449,0.13229808,0.13564993,-0.24945575,-0.118742704
0.8961563571450173,0.9394724,0.9599949,0.96645665,0.29483244,0.29810867,0.1226142,0.423864
0.925173400123744,0.68246275,0.9849194,0.98213977,0.10526964,0.1367542,-0.7577881,-0.2616431
0.9052198913951826,0.6989399,0.97541857,0.9768068,0.1054141,0.117834106,0.41088557,0.25620416
0.8374658123305301,0.61357427,0.9652296,0.9534877,0.11556309,0.13346557,0.10738205,-0.07639016
0.7904203450912552,0.4759752,0.9531866,0.95772874,0.060087383,0.07051833,-0.5149169,-0.39543435
0.9243234298117489,0.82797974,0.98828226,0.985794,0.15895788,0.13832566,0.16783525,0.1563667
0.8899066478570637,0.72354114,0.9663358,0.9703447,0.17051706,0.1353718,-0.1053474,-0.18531786
0.8626505830800935,0.80963004,0.9403407,0.95413977,0.26984957,0.21845041,-0.31292242,-0.15967326
0.92329424974308,1.0433288,0.9710248,0.97398907,0.35934716,0.31853294,0.20839006,0.11702501
0.8919149205623873,0.74333465,0.9754689,0.9582892,0.17169009,0.26788414,0.14197955,0.18788075
0.9213081530413046,0.7651625,0.9782555,0.9760462,0.16110836,0.2061056,0.26358774,-0.33592245
0.9275096902895505,0.8851828,0.9911227,0.9739071,0.19577534,0.24990566,0.60855526,0.47946143
0.8817532444405192,0.6918293,0.9677651,0.9664877,0.14016476,0.14632903,0.29998216,0.49829453
0.7327293347726936,0.74310887,0.9225177,0.93439585,0.20140015,0.18354401,0.31827882,0.30898914
0.9002279474284717,0.7758022,0.9716238,0.97030133,0.19802245,0.21099928,0.5885409,0.4989221
0.5590834717253556,0.5290879,0.9300039,0.9267912,0.05910297,0.07724307,0.2393137,0.39603218
0.8735721830355495,0.71931565,0.9758314,0.9643177,0.14586075,0.13192779,0.33352652,0.46378952
0.7482553949848633,0.6303478,0.95750386,0.9449703,0.08465395,0.106110565,0.120680206,0.061485637
0.9378855117256821,0.9218539,0.99252176,0.9790663,0.23841983,0.26389554,0.22210515,0.278656
0.8545315522770485,0.559705,0.97637373,0.9668835,0.075495474,0.1028716,-0.50294226,-0.38220802
0.8601479748076761,0.6833835,0.9794386,0.96960354,0.11669114,0.115533985,-0.06577543,-0.22191025
0.9306020857923338,0.94358593,0.9874694,0.96913064,0.26892078,0.41302034,0.8812297,0.5167419
0.8657835143973626,0.7012136,0.960755,0.9529955,0.18087831,0.22874433,-0.84824073,-0.75750476
0.7903540344246457,0.64546937,0.95101166,0.9548339,0.11668572,0.10768149,-0.11165425,-0.1274582
0.7589370878299342,0.7209723,0.94936365,0.9705395,0.13508417,0.05076529,-0.34265363,-0.46171424
0.9046187792350048,0.9632356,0.95797426,0.9508571,0.4531003,0.53821975,0.24950017,0.36519626
0.9172082688653231,1.0085359,0.9678521,0.95437557,0.4320692,0.53500724,-0.093330994,0.047340885
0.90401799019245,1.2114352,0.96044564,0.95078045,0.6769799,0.7077824,0.120066084,0.021470046
0.9087760291801648,0.77474517,0.9862433,0.967159,0.15343107,0.22017992,0.64781797,0.495521
0.9418979729116758,0.9801743,0.98108554,0.97763234,0.29997295,0.381965,0.41043046,-0.281224
0.8716603866730207,0.7401822,0.9622017,0.9540866,0.19128709,0.27052936,-0.27434453,0.06706597
0.9199922024947526,1.0225469,0.97893435,0.9647483,0.37436277,0.5424366,0.07267675,0.0861257
0.8364004156172442,0.659682,0.974507,0.9635102,0.08666115,0.11521645,-0.09067051,0.05769404
0.9345901130544181,0.915253,0.9794358,0.9788478,0.24461783,0.18021266,-0.0143863745,-0.03225556
0.906492400014784,0.7639249,0.9776122,0.97239345,0.16798826,0.20948954,0.2701509,0.0018343822
0.9201466373354621,1.0512309,0.96880895,0.96744716,0.3578264,0.33135659,-0.5133288,-0.12747176
0.884795524863284,1.034748,0.95659304,0.9559897,0.4305743,0.3492983,-0.15942167,-0.36612415
0.8192709801073569,0.77428114,0.9310828,0.9437391,0.25887144,0.23819067,-0.016000412,0.015506257
0.655108580721373,0.5905194,0.93447864,0.9357707,0.0685548,0.06776769,0.08271832,-0.03292197
0.9499567226170758,0.81074774,0.99069804,0.9864108,0.13719404,0.16707034,-0.29761115,0.15066074
0.913581793021087,0.9979245,0.9664815,0.9703365,0.36895362,0.40425095,0.40561014,0.28651062
0.9067971309435412,1.0139935,0.9716036,0.95904076,0.3897102,0.47992134,0.2968136,0.19541578
0.7372543292886927,0.7248548,0.93585265,0.94456387,0.16289929,0.1412176,0.20384881,0.0885985
0.7888648698983793,0.7351352,0.9699414,0.96370965,0.13519964,0.094880894,-0.20683941,-0.19374333
0.782086836429894,0.67351466,0.9581919,0.953434,0.10812371,0.12690003,0.73384976,0.49278265
0.8909750135960023,0.7639617,0.9754689,0.95576185,0.17169009,0.2668851,0.14197955,0.19492336
0.8605823464611756,0.9066632,0.9572544,0.96236384,0.28697014,0.26164752,-0.43243352,-0.2999139
0.8961302389968383,0.6917151,0.97618306,0.9669246,0.13907622,0.14368974,0.15043478,0.1090537
0.9547707624273222,0.92569846,0.9944678,0.98951,0.19150692,0.18751274,-0.17186755,-0.022190781
0.813502611056418,0.8892141,0.946079,0.94523096,0.26762453,0.27986705,0.3432853,0.17851843
0.9048748197239713,0.6834611,0.96825045,0.97507256,0.13285612,0.13868879,0.010200738,0.095081545
0.8134481337357014,0.637428,0.95871156,0.95423627,0.08854181,0.09031409,0.29982567,-0.27382654
0.8380214896034385,0.7036002,0.92319083,0.94364554,0.19480005,0.16690587,0.1658748,0.09227307
0.8381841958054714,0.77563584,0.9537405,0.95965546,0.2015984,0.17320098,0.035270117,0.025241636
0.7730760223161637,0.5821886,0.9569015,0.94602394,0.0874796,0.088159785,0.84819317,0.8165141
0.9312851604616257,0.8983024,0.9882657,0.97084844,0.24283865,0.28981546,0.12381381,0.18268657
0.9155610069057611,0.93881714,0.9597887,0.9658678,0.29620096,0.37291428,-0.13148078,0.00850106
0.8274256269161004,0.60289437,0.9748965,0.9648105,0.07691945,0.099299654,0.060941476,0.25187182
0.9431424750518794,0.67790776,0.99222386,0.98977584,0.06976482,0.090625815,0.29197845,0.20426014
0.8520381169980987,0.69141287,0.9829075,0.9779942,0.0789755,0.093794666,0.15721498,0.31655
0.8773936565834446,0.81960136,0.96564984,0.96516615,0.19406736,0.22240205,-0.23067187,-0.17924057
0.8947811361889818,0.6504135,0.9757967,0.97359526,0.10347103,0.10027196,0.1089404,-0.0035706
0.7735896538863448,0.8785178,0.91937405,0.9294158,0.3175291,0.30059114,-0.09288998,-0.08231315
0.9302020813763332,0.9316793,0.9857337,0.96718735,0.2798757,0.40288356,0.11912503,0.17373422
0.8033923463987755,0.7228817,0.94279426,0.94001114,0.14619857,0.1729973,0.3487162,0.34685516
0.9007280813964931,0.9264874,0.9670613,0.97751886,0.31177837,0.23621993,0.65902126,0.47304398
0.7155650581064094,0.79658365,0.94368535,0.9399795,0.18095636,0.16526441,-0.93726605,-0.85452664
0.9331447984423316,0.7359793,0.9898099,0.9860247,0.13373792,0.15810238,-0.8410519,-0.6095358
0.9401839164454266,0.6474054,0.9889686,0.98600847,0.08920941,0.12517026,-0.05325204,0.18980762
0.9024241850918696,0.57225525,0.9843581,0.98609084,0.06748247,0.07909086,-0.6367817,-0.39124423
0.9369820079651213,1.0151851,0.9818975,0.9678944,0.4056597,0.5055967,0.25583068,0.22161523
0.8101041275686606,0.89079034,0.9447657,0.9433378,0.2899909,0.27639022,-0.75892884,-0.47079152
0.9386224554595931,0.79412687,0.9872227,0.9840684,0.1366344,0.19557099,-0.32402375,-0.45459223
0.6700069406091105,0.66456795,0.9158628,0.9289089,0.12521748,0.09154015,-0.20173864,-0.10409827
0.8871626732740278,0.548153,0.9625023,0.9729334,0.08892025,0.07653696,-0.5875955,-0.6073627
0.9331459955753593,1.1205815,0.9840817,0.9726139,0.39625654,0.43460903,-0.20931123,-0.017500333
0.655618492866959,0.6348072,0.8957179,0.93805873,0.12387681,0.07823375,-0.52382684,-0.41755623
0.8625209907393586,1.0213872,0.9430323,0.94479346,0.4646059,0.51941043,0.00017424552,-0.040323384
0.9116068645770985,0.7688209,0.98192424,0.98423505,0.13542745,0.11909637,-0.23010615,-0.062325288
0.9110568789531008,1.0196123,0.9634135,0.95072126,0.44776198,0.60222614,0.00538939,0.10618795
0.6268906777028715,0.6220455,0.9293003,0.93874747,0.09622883,0.09581915,-0.0065030716,-0.06211886
0.7449978994236639,0.66997886,0.9604615,0.9680065,0.097249396,0.06408102,-0.015089489,0.06254283
0.8464543444566951,0.66494524,0.9595769,0.97011745,0.113010235,0.081108324,0.01374823,-0.12565865
0.8993533757685402,0.76845497,0.9794675,0.98362494,0.1217492,0.091171354,0.80674815,1.0742188
0.6882371407739427,0.4935867,0.92721623,0.9253709,0.061561577,0.0907787,0.07129996,-0.060385387
0.8990320944371352,0.74290025,0.9647921,0.9716174,0.1905271,0.18389606,-0.021313602,-0.10266651
0.9207501204888033,0.75050056,0.9732851,0.9786447,0.16002712,0.1504371,0.2100846,0.21808006
0.9369914029106247,1.0189635,0.9846383,0.97565573,0.3418516,0.3714217,0.20763497,0.4184208
0.9029694690191151,0.7879209,0.9862433,0.9729444,0.15343107,0.15943131,0.64781797,0.594156
0.8842270926443349,0.78881586,0.9626457,0.95924884,0.21286538,0.23669513,0.017590325,-0.33960915
0.9162349569655932,0.95808554,0.9735469,0.97732353,0.32475883,0.30647883,-0.047040332,-0.06727656
0.7272276153644185,0.5951733,0.92771125,0.93586665,0.09995766,0.1055969,-0.33557156,-0.28035256
0.9328585308253651,0.8691535,0.9836472,0.97135776,0.2524862,0.25863215,0.34946772,0.4080703
0.6655669414347106,0.60132027,0.9179623,0.91897666,0.10844428,0.11949139,0.48455822,0.5719222
0.8954824266290535,0.6367523,0.97536135,0.97254807,0.107408516,0.1354514,-0.44917983,-0.2502687
0.9057812027169926,0.9267499,0.972507,0.9705379,0.28341636,0.23266847,0.16421172,0.16435972
0.7931696104271379,0.72042865,0.94900346,0.955373,0.13334408,0.120370336,-0.19546436,-0.27378386
0.9185386839261894,1.0393072,0.97893435,0.9634542,0.37436277,0.4894671,0.07267675,0.08452864
0.8781397585503616,0.7715017,0.9728503,0.96619993,0.11881773,0.19591875,-0.6008063,-0.36859712
0.8203199546111929,0.6993032,0.9580717,0.9566691,0.1290531,0.116447166,0.81455654,0.7678425
0.8700071064971372,0.6815174,0.96643436,0.96101195,0.12447675,0.1694843,-0.49215448,-0.39555195
0.966236474341836,0.92976844,0.9914304,0.99219054,0.15499678,0.18887569,-0.011502602,-0.031680733
0.9214985310557651,0.82056856,0.9857982,0.97117436,0.1783067,0.35504115,0.69843,0.49441096
0.9352250487080078,0.88501036,0.9841116,0.98181057,0.15947217,0.21601532,0.705084,0.6262337
0.8880655818344931,0.873356,0.960663,0.9725247,0.2063097,0.1959015,-0.04537617,0.026051823
0.8878514142482263,0.7719329,0.9754689,0.9585772,0.17169009,0.2510398,0.14197955,0.16502288
0.8464388552087332,0.7155087,0.96204066,0.95736796,0.14107251,0.1355477,0.23464607,0.22709733
0.8997001923360308,0.72464883,0.977961,0.97824043,0.11924686,0.13940836,-0.8877242,-0.9364938
0.9209250154440025,0.7339274,0.97962177,0.97697675,0.14602877,0.17890064,0.61162543,0.37533817
0.8822649083943854,0.75256413,0.9573843,0.9659454,0.18356961,0.16248856,0.6153116,0.8577975
0.8513291484366639,0.8231067,0.9464334,0.93896985,0.28698346,0.369626,0.28874478,0.21483469
0.856664030570245,0.62066734,0.9651223,0.9704793,0.11697756,0.09053652,0.05241391,0.06170034
0.7206026563627808,0.6661112,0.95011926,0.946459,0.1079898,0.079449005,-0.1880042,-0.43094876
0.9265199863730899,0.7483301,0.9876585,0.9878421,0.10938966,0.096332446,-0.14720862,-0.309761
0.8730828340932535,0.64640206,0.96337515,0.9643702,0.12669528,0.12744917,-0.49071175,-0.64269286
0.914788705214193,0.84149766,0.97601193,0.97515666,0.25152567,0.27585986,-0.28537482,0.119524725
0.7593388525022166,0.5762397,0.9472729,0.9412123,0.087060176,0.111034624,0.14220868,-0.004777614
0.8987312641810025,0.8202501,0.961354,0.9711018,0.2278102,0.17574555,0.14679044,0.17041542
0.9392753446520553,0.86653244,0.9942329,0.9795283,0.20747492,0.27116814,-0.115740694,0.104679056
0.9363858194537312,0.8525013,0.9748344,0.97934955,0.21638277,0.21417622,-0.53036904,-0.37059966
0.8647301551628531,0.95264167,0.94930315,0.9512371,0.4272221,0.3540697,0.23137213,0.22457834
0.8717519259763082,0.6799982,0.9901902,0.98629767,0.070074424,0.07604437,-0.32740396,-0.50416654
0.8564214577314333,0.7047233,0.96925503,0.9641727,0.14673695,0.1566553,0.027596457,0.23750694
0.8976478970956636,0.96252036,0.96998984,0.96609527,0.29415715,0.29188532,0.28829035,0.2730201
0.8535701589712255,0.6084894,0.97178483,0.9538086,0.0965145,0.14718446,-0.36415073,-0.06183712
0.6892567062490731,0.6598824,0.94593406,0.94922,0.07372085,0.09168906,-0.2705553,-0.4956969
0.8113662359305979,0.7017279,0.947542,0.94918793,0.15722342,0.14786969,0.29800907,0.28774992
0.944617611106818,0.9213814,0.98570186,0.9862045,0.1868554,0.19628166,0.6384887,0.405333
0.9356832890373263,1.0306094,0.99397004,0.9753428,0.23555732,0.357866,-0.0688547,0.15472966
0.8326950669912108,0.7420858,0.9453405,0.94481236,0.22583279,0.21587248,0.031161333,0.15638949
0.6090511748241881,0.53548735,0.9351614,0.91526055,0.06670816,0.074022554,0.3873239,0.3225525
0.7181825561252091,0.5805289,0.9384959,0.9244943,0.10533074,0.10242113,0.2510573,0.1988029
0.8396374806792073,0.80420655,0.94659823,0.9445405,0.23411745,0.28605258,-0.27407694,-0.34284475
0.9403401345824217,1.0458624,0.9875211,0.9754678,0.35251203,0.39677897,-0.016539311,0.15405682
0.7211619841859175,0.80068046,0.9604198,0.9611357,0.13373049,0.080771476,0.47877264,0.7535955
0.7525160523065685,0.61455375,0.93542725,0.9231287,0.12834935,0.14669052,-0.27859065,-0.14242749
0.884906174480988,1.0929741,0.9377647,0.95150447,0.46420324,0.43920046,0.6065515,0.46023756
0.7462763608122178,0.6555851,0.9556385,0.9411233,0.100284524,0.1176213,-0.37123248,-0.48328042
0.907304236816678,0.8342964,0.96778077,0.9724159,0.18165757,0.21082114,-0.6368321,-0.5661725
0.8442338303094129,0.74718827,0.9547027,0.95938855,0.13917728,0.14639477,-0.20269057,-0.03364727
0.8682079894092785,0.5875955,0.97473794,0.9602012,0.08441965,0.13918251,-0.35331267,-0.22961953
0.5134593200414913,0.5297412,0.9157441,0.91003877,0.061815917,0.069153674,0.59642947,0.54355186
0.8868852409096387,0.75339043,0.97152054,0.9610368,0.17786478,0.2469984,-0.714161,-0.47440743
0.840309774385564,0.7025451,0.94447905,0.96096754,0.14565493,0.115592964,0.03386233,0.05105826
0.8358806168453878,0.6599327,0.95439893,0.945642,0.13274164,0.14227748,-0.30820158,-0.39212012
0.786534424981508,0.6161523,0.95897037,0.9537834,0.09444626,0.106686436,-0.37826252,-0.3146962
0.9091902162544346,0.6764636,0.989381,0.98941106,0.08734572,0.06768784,-1.0453626,-0.44378728
0.8815733949397433,0.815551,0.9793974,0.985069,0.1639463,0.11107833,0.5370834,0.37424502
0.9372052172168349,0.77420014,0.9920277,0.99031097,0.10257191,0.086364046,0.14434102,0.40497395
0.6886841122374581,0.5655518,0.9126116,0.9300757,0.09266176,0.06519841,-0.14447117,-0.09665566
0.8177815442500611,0.75253737,0.9668455,0.9499429,0.14675942,0.19748227,0.46559352,0.46051273
0.9210789311166291,0.73878944,0.966547,0.96922326,0.17610545,0.23920497,-0.03768055,-0.10418043
0.929818191906911,0.84096307,0.97378206,0.9733765,0.23670743,0.30199477,0.23830327,0.050682295
0.8436896108303379,0.88998324,0.9418999,0.9408952,0.3296861,0.3435105,-0.21182153,-0.3536079
0.780628424932548,0.64035046,0.9420604,0.946559,0.11555245,0.11974001,0.6206449,0.6243012
0.8360533733205399,0.7714499,0.9601932,0.95705336,0.13960359,0.1998636,0.71307266,0.89485586
0.8177357186777151,0.57452554,0.9667455,0.96476066,0.06413472,0.07520406,0.16296239,0.39713198
0.8521621436419432,0.6990201,0.9628866,0.95844024,0.13696204,0.11807334,-0.4962798,-0.45138893
0.706279258612287,0.688331,0.91340077,0.91457474,0.16951492,0.13999493,-0.06516769,0.059935816
0.8092582593006991,0.62686455,0.9482594,0.94673437,0.09955742,0.12638873,-0.3165732,-0.32402992
0.8917702454672394,0.7390763,0.96892583,0.9596131,0.1743226,0.2402868,-0.40317965,-0.13322917
0.7094036788165886,0.611518,0.92837036,0.9268569,0.100832276,0.1110037,-0.682614,-0.643335
0.9017596338175415,0.8680521,0.97944957,0.9782885,0.24137236,0.2014629,-0.29730815,-0.6860188
0.8642248489319758,0.7550762,0.9725389,0.971233,0.12170631,0.16016681,-0.74574107,-0.45482773
0.8789614242178279,0.785497,0.95355636,0.95601726,0.21124142,0.25898865,0.47794294,0.5401254
0.9187271127563382,0.843708,0.99415827,0.98268133,0.14850973,0.14388232,0.6083338,0.50966185
0.9102761968441916,0.8727096,0.9746876,0.97423714,0.24410188,0.1995236,0.09479188,-0.16655168
0.7602455019912804,0.6590023,0.9382842,0.93546027,0.11395483,0.14117561,0.41015175,0.4111232
0.9344553497688561,0.6873444,0.98901063,0.98701054,0.085873954,0.09579536,-0.7382262,-0.0011841579
0.8587248344839736,0.7122798,0.9657592,0.9635968,0.1411114,0.12461271,0.46195665,0.30317932
0.905943599414976,0.99391866,0.9633493,0.95451206,0.39708027,0.5709948,0.27194217,0.38928145
0.9038288987886239,0.7497437,0.9723286,0.9807505,0.12945972,0.109298505,-0.23331892,-0.32357663
0.8037948283831726,0.7873739,0.9346031,0.9483463,0.21042016,0.19203043,0.5296892,0.76857936
0.9358769786683167,0.75196594,0.9818021,0.9806275,0.15827525,0.19909097,0.4442513,0.3268296
0.9166195023071204,0.90149975,0.98616385,0.9738028,0.22494732,0.26354724,0.67235386,0.43890476
0.9565378001500481,0.6458565,0.99050504,0.9876604,0.08276512,0.11285633,-0.6015358,0.14051577
0.8417726571796252,0.9206502,0.9636642,0.95632625,0.20189594,0.34225136,0.20916373,0.16855034
0.9042629609380739,0.87199295,0.9697037,0.9744321,0.19279955,0.18242091,0.24706692,0.39742702
0.8781591697534672,0.6980916,0.9746183,0.9794295,0.12540537,0.08899173,0.1737737,0.43312582
0.8206747660599626,0.8357787,0.935956,0.95251364,0.20379306,0.21064597,-0.04988808,-0.028103437
0.9391079114092661,0.8226195,0.98626244,0.98383355,0.15485306,0.20678514,0.6491043,0.123787545
0.9049235424197669,0.69031936,0.9724649,0.95948297,0.15307179,0.22854026,-0.056705635,-0.025847696
0.9275606532417048,0.87608826,0.98129714,0.98396415,0.20369406,0.1845546,-0.33056086,-0.47875032
0.9159519512243123,0.74934226,0.98245716,0.9663627,0.17351528,0.2278977,-0.26119438,-0.053995434
0.8223555665848907,0.6695766,0.95435655,0.9540585,0.12940483,0.14394291,0.38664174,0.45981812
0.8708759511801523,0.70460314,0.97101223,0.9632937,0.12040572,0.13536933,0.5758114,0.7253048
0.7967478796716608,0.6859981,0.94850457,0.94937134,0.15258056,0.14460997,-0.23285122,-0.12968884
0.8067221338115416,0.5995211,0.9561905,0.94127536,0.09251853,0.17453209,-0.23084638,-0.27333075
0.9211724958035994,0.72394943,0.9780787,0.97686774,0.13361092,0.15940464,0.28571978,0.1432468
0.9399274650763946,0.86428785,0.9836802,0.98620754,0.1872246,0.14976849,-0.011422798,-0.15854679
0.884053035954224,0.807253,0.9652268,0.968425,0.18965246,0.18024622,0.0776481,0.42084888
0.8432250772859117,0.75662106,0.9601728,0.95832247,0.16573839,0.17692198,-0.37346715,-0.60626733
0.7862919834707174,0.6253573,0.9506385,0.9527078,0.10966432,0.11448317,0.04669601,-0.057368934
0.9440074711051956,0.9572268,0.9944837,0.9799652,0.23968084,0.2851369,-0.3325228,0.057800174
0.8909402516064404,0.9414747,0.9594088,0.9595347,0.3377733,0.41751036,-0.69441944,-0.36473972
0.9352051498248241,0.90190774,0.9814737,0.9792844,0.27123857,0.23875038,0.33364597,0.24730259
0.8180701256722895,0.6834364,0.94865423,0.9505772,0.13727917,0.12905958,-0.23816109,0.00013364435
0.7977301387728224,0.6085868,0.9459398,0.9352243,0.10309432,0.13760453,0.2842148,0.021038845
0.7537847792935647,0.6847146,0.9533518,0.92710173,0.13312204,0.18019438,-0.6281841,-0.59509635
0.8446934875989581,0.72420645,0.95557564,0.9562802,0.13890898,0.18125318,1.0445061,0.95193994
0.8380628456420555,0.6191717,0.9728245,0.95878667,0.096626215,0.14526214,-0.3667394,-0.136915
0.8161651399944224,0.6623482,0.9535563,0.940875,0.112879366,0.19004188,0.17632613,0.05741115
0.8290110218577635,0.6965913,0.96350837,0.95690155,0.12244409,0.1675493,-0.09958591,0.17299321
0.9252828316932533,0.73653084,0.99257183,0.9726547,0.12792392,0.20284382,-0.42175353,-0.12930317
0.9151065343850456,0.74731535,0.9862433,0.97588503,0.15343107,0.1482461,0.64781797,0.49818552
0.792455573832892,0.7862996,0.9174201,0.9453233,0.25118256,0.20985131,0.33420974,0.32061303
0.9213239154758267,1.0134654,0.97893435,0.96683955,0.37436277,0.4694833,0.07267675,0.16881193
0.8812118220178916,0.5793629,0.9767491,0.96235675,0.09399064,0.1325216,0.638641,0.5513677
0.930348704887793,0.87318355,0.98765194,0.98718965,0.13303053,0.19158436,0.2533522,0.45715582
0.8807241672838668,0.66550773,0.96711457,0.97240335,0.09922889,0.12532617,0.32125118,0.14323713
0.9091195917311348,0.59433186,0.9851797,0.9844052,0.092220105,0.07932863,-0.005900916,-0.07693117
0.8835446131751382,0.84902835,0.94745266,0.9420325,0.366391,0.35318145,0.61553913,0.3285127
0.9575407000225121,0.67979354,0.99044645,0.992296,0.059877086,0.088457264,0.59080416,0.26352158
0.8967972755195642,0.68276876,0.9792113,0.9789555,0.10263737,0.117426775,-0.0050086062,0.26018313
0.8940169768347164,0.64478517,0.98043823,0.9717627,0.10956488,0.1419045,0.56532407,0.37897852
0.8795194131711063,0.78629696,0.9754689,0.9633146,0.17169009,0.21631345,0.14197955,0.15546784
0.9411031488485039,0.7442491,0.988021,0.9798805,0.12284225,0.17710978,0.3624305,0.21073264
0.9114905837734997,0.76631534,0.97730696,0.9756384,0.13985485,0.1400893,0.6207308,0.42224842
0.881832780837245,0.81549054,0.96942943,0.9674661,0.21717103,0.20566377,0.3183564,0.46196598
0.7880525338964056,0.62856555,0.9641771,0.96834743,0.09005452,0.07324552,-0.90408325,-0.84550786
0.9522219504995122,0.87273806,0.98524785,0.9868501,0.15201074,0.20203897,0.5108062,0.07436383
0.7608283111725298,0.6772239,0.9416164,0.94637555,0.13366134,0.12154404,0.51844716,0.34626204
0.7295790297566448,0.58641535,0.9423171,0.95178795,0.099376604,0.06446991,0.84694177,0.8670539
0.8717230361156859,0.8551313,0.9604503,0.9572714,0.25654602,0.30807522,0.04142196,0.10851854
0.9363109609457538,1.0160439,0.9854126,0.97017646,0.32941523,0.41486642,-0.20379208,0.023233756
0.7256978283789866,0.60718864,0.9428851,0.95041794,0.11962876,0.086407706,0.4774272,0.6063988
0.9101591766654683,0.7951648,0.9786391,0.97582906,0.16961853,0.16787705,0.41098356,0.3314266
0.9077248167239709,0.7767451,0.9669508,0.9736303,0.16887495,0.17138545,-1.1189462,-0.8462899
0.9080158065945292,0.65899026,0.9725532,0.9720428,0.10387451,0.14359333,-0.12685962,0.1908729
0.819886993773919,0.560225,0.9669643,0.9670773,0.07094694,0.0818097,0.05736017,0.30231062
0.8783096340335416,0.82688916,0.9703495,0.9689783,0.19094922,0.17076199,-0.5116977,-0.3028944
0.8185626359300219,0.7068055,0.96284175,0.9576132,0.12425549,0.1449908,-0.44410092,-0.59701985
0.9649891353902618,0.82597274,0.9893202,0.9913246,0.11335064,0.128672,1.3629799,0.22235069
0.8719241523078646,0.70619476,0.96760833,0.97223246,0.1268948,0.1295313,-0.33935347,-0.12528035
0.7089603607296578,0.5650413,0.9585767,0.96030396,0.057422727,0.05635821,0.5056774,0.49081212
0.846835799365728,0.6378363,0.96623087,0.9629705,0.11607982,0.12693492,0.3390564,0.32872072
0.9328278284844526,1.0698557,0.98192585,0.9752642,0.4081819,0.45586374,-0.060717434,-0.5010193
0.665329949652792,0.7125119,0.9097386,0.9451565,0.14297946,0.1270399,-0.62594336,-0.47359568
0.7644566317530613,0.5671093,0.9524083,0.95843667,0.08100448,0.082364425,0.6086753,0.52502024
0.9188358851741582,0.68679875,0.9892693,0.9722736,0.12762031,0.18671516,0.09324653,0.19889058
0.959550630840101,0.8231126,0.99452776,0.9910634,0.11638007,0.13738306,-0.39525023,0.043285705
0.9102773849403816,0.8484221,0.9734657,0.9760256,0.20373805,0.21976519,0.08588169,0.21977791
0.8728904853904776,0.53642726,0.9735705,0.9709231,0.0680369,0.082027316,-0.09751276,-0.26137987
0.9458010601281698,0.81197,0.98985475,0.9899584,0.099185556,0.099065855,-0.35849333,0.09126485
0.8761738823080466,0.7406957,0.9686975,0.9621972,0.17139849,0.20445484,0.12666544,-0.02874042
0.7122445335431254,0.8074656,0.917614,0.9368091,0.22569332,0.20510773,-0.014430766,0.12381976
0.906320724339316,0.88611376,0.9622186,0.96893114,0.3082242,0.29364672,-0.10876945,0.06419358
0.895239849394262,0.91743976,0.9575268,0.9627477,0.35203743,0.3361083,-0.4516466,-0.32302326
0.9188598001375681,0.710909,0.9734316,0.9820101,0.1250183,0.11494236,0.5448074,0.053416774
0.8722073216331716,0.7479658,0.96278554,0.9648666,0.151666,0.14776407,-0.44742787,-0.5801804
0.8756955036952807,1.0059489,0.9651674,0.9637601,0.28468105,0.39356822,-0.33585083,0.082047276
0.9487072202091553,0.7971262,0.98861444,0.98419636,0.18113977,0.18504943,0.8444211,0.15160841
0.8319503988717984,0.6710156,0.9613565,0.9647166,0.10731132,0.098586105,0.44098693,0.4865705
0.8651685037389606,0.8754523,0.95820564,0.95506436,0.22975329,0.312006,-0.43516174,-0.4291352
0.9135709020113445,0.9181265,0.97915196,0.9759636,0.20981269,0.24443847,0.69842553,0.21782768
0.9227689606990338,1.0180113,0.9764523,0.96629715,0.31350312,0.521846,-0.40990093,-0.12936893
0.9356799966207996,0.894062,0.9899734,0.973246,0.25092804,0.36902004,-0.70828223,-0.26435983
0.9170616706978675,0.858954,0.99005824,0.974034,0.16958186,0.22753602,-0.34528747,-0.11060228
0.8113831488293038,0.6768969,0.95711523,0.9654417,0.08205115,0.11046119,0.09497428,0.1157262
0.8421093645614985,0.78806895,0.96123654,0.96168154,0.18962324,0.13880722,-0.7016918,-0.6855375
0.9333379541340728,0.9755179,0.9848895,0.9720669,0.2996218,0.37914053,-0.12139921,0.0010212641
0.8285307982929278,0.7933396,0.9401975,0.9595418,0.23120074,0.12226792,1.2063456,1.089949
0.8757311335249814,0.6267808,0.97753835,0.96636516,0.10115522,0.14251842,-0.2059831,-0.19376011
0.8642717276594766,0.67748535,0.9693174,0.96631795,0.14549907,0.1070212,0.21989124,0.5773305
0.821121561041105,0.7691914,0.9492649,0.95937175,0.21698713,0.16751087,0.42949674,0.4370856
0.8755108918257427,0.87993175,0.9669282,0.9624128,0.274369,0.21047395,0.09298901,0.47236714
0.9320865962378555,0.91203815,0.990108,0.97780854,0.24600649,0.30503884,0.0500757,0.06529057
0.9161354510296723,0.9283321,0.98962677,0.9736316,0.20633559,0.3115317,-0.3932337,-0.18999045
0.9255980903676946,0.80398476,0.9880421,0.9724576,0.17979197,0.26410523,-0.9442874,-0.49555972
0.7466373408379746,0.58382094,0.96879494,0.9664697,0.06482214,0.07285168,0.9640556,1.070969
0.8713230103629758,0.85756457,0.96695065,0.958283,0.23383236,0.21846195,0.7008814,0.6692751
0.8750837071173933,0.720835,0.9748159,0.9703803,0.1723419,0.15849629,-0.23417354,-0.098097816
0.8174270840043336,0.7814606,0.9547166,0.9589826,0.15020776,0.16110092,-0.5795549,-0.48942545
0.7055518318002932,0.47112957,0.9176728,0.93532944,0.067981966,0.09168221,0.5094458,0.3468771
0.942431830533093,0.9676571,0.98983824,0.9747518,0.30616453,0.37665045,0.012213156,0.07437393
0.8058818518210965,0.7769471,0.94737744,0.95076334,0.19537225,0.1898669,0.20640793,0.36813813
0.9022782235965158,0.60319984,0.97403693,0.97633547,0.08485032,0.10951402,-0.07890808,0.18493915
0.8678017956802875,0.70127255,0.96607316,0.9645589,0.14053732,0.15699801,-0.031612754,-0.11625777
0.8957195685951311,0.8752561,0.9760585,0.97148633,0.2213561,0.2600893,-0.19025181,-0.101956874
0.8618808977464248,0.97100705,0.93611187,0.9474818,0.39548573,0.47706398,0.31373617,0.5168225
0.926688049198088,1.0438209,0.9738564,0.9748895,0.3375767,0.3478034,-0.41182482,-0.2889351
0.8809653538824568,0.79110146,0.9620034,0.962409,0.18543665,0.27503833,-0.59369737,-0.201305
0.876791462142634,0.75788957,0.9528512,0.96031046,0.20280857,0.22999275,-0.17545931,0.020177795
0.6957106882097102,0.5942076,0.94439465,0.9220853,0.09606097,0.13226368,-0.41295195,-0.42870462
0.9101306402596476,0.8079601,0.9689932,0.9629362,0.2221452,0.29819942,0.6635501,0.37282357
0.7439079252332681,0.6872769,0.9618585,0.946411,0.09374356,0.17313717,-0.3933033,-0.49557248
0.8704443343430935,0.751068,0.9792851,0.9662251,0.13702773,0.2093715,0.65188867,0.9022247
0.8697754052510618,0.6127009,0.9709794,0.96321535,0.068232715,0.14397411,0.07601444,-0.006094318
0.7649537774326045,0.6774296,0.94162834,0.93512213,0.12397314,0.16114387,-0.52042663,-0.30107734
0.8869346643621293,0.81689626,0.9716953,0.9634686,0.20008196,0.24895005,0.87893003,0.5102455
0.8519026717284276,0.7945372,0.9313582,0.94560915,0.25982103,0.2880602,-0.08362642,-0.3866657
0.9030495262933098,0.92375743,0.97520256,0.97289914,0.19805855,0.2736068,0.6555285,0.3294933
0.9395168284666927,0.8407677,0.9928433,0.9779141,0.18586864,0.25764504,-0.32440537,-0.05218735
0.9253662196105952,0.7499294,0.9838545,0.9844581,0.11596605,0.14053883,0.14439274,0.18178943
0.9511838685414191,0.7962654,0.98392904,0.97988385,0.16841534,0.2042455,-1.1088687,-0.3966373
0.8800191792670687,0.6993437,0.9639231,0.9656847,0.12999704,0.15697467,0.345647,0.3582577
0.9212613570506993,0.952153,0.9798736,0.96591806,0.30904087,0.4404105,-0.5548428,-0.23955396
0.9408513705568629,0.7501018,0.98498297,0.97890335,0.13746509,0.23119114,-0.015910424,-0.040754627
0.7763194289151087,0.73907954,0.9544194,0.9400876,0.14272872,0.19797379,-0.7232645,-0.42631948
0.844270143659223,0.58892787,0.9550504,0.9575401,0.09128841,0.13344845,-0.19340625,-0.114066966
0.9435007108321138,0.923111,0.98889244,0.9874981,0.22689883,0.14491707,0.50503343,0.177941
0.8620102706576434,0.65306103,0.9692004,0.96716964,0.11494983,0.11094179,0.12920189,-0.06397483
0.9296862871178062,1.1132139,0.9714132,0.9740562,0.41917446,0.43053028,-0.16194925,-0.11664602
0.9084738050038089,0.82221663,0.9806466,0.97701955,0.17453615,0.20281927,0.12992622,-0.026288826
0.9023194421631109,0.80168086,0.9862433,0.973272,0.15343107,0.18646018,0.64781797,0.51216495
0.9483173848827816,0.7232196,0.9920258,0.98388225,0.108219214,0.155713,0.37793332,-0.10152542
0.8812080042892808,0.88233286,0.97784567,0.9721084,0.19501592,0.19220558,-0.7984068,-0.3673573
0.8632405546304888,0.69985515,0.9642261,0.95379126,0.13214982,0.18228815,-0.22277987,-0.01725216
0.9238373548539768,0.7031385,0.97968185,0.9798351,0.12619828,0.1370653,-0.13966976,0.20704074
0.9132068430730951,1.0828353,0.9692576,0.9597615,0.48803645,0.5366741,-0.16489157,-0.04395351
0.6951572435131591,0.6246886,0.94574374,0.92982554,0.08803784,0.1587859,-0.46393117,-0.5254269
0.93862224886756,0.5999521,0.98765665,0.98674613,0.05904503,0.08056445,-0.51537234,0.09659445
0.9122110448977674,0.9221917,0.9794252,0.98043513,0.26791212,0.20358098,0.07591998,-0.018032098
0.7595914208626275,0.5446422,0.951036,0.9415531,0.06599158,0.10050603,0.2622143,0.27311432
0.9323559461689513,0.9588937,0.9871505,0.96693975,0.28873026,0.48474708,0.15153082,0.15237918
0.933367118170739,1.0460707,0.9850418,0.9807412,0.2892727,0.25235993,0.22140408,-0.0041598654
0.9064533518165363,0.76437145,0.9740643,0.9645121,0.20202917,0.21791069,-0.6031508,-0.6766317
0.8792518104402898,0.7951366,0.9735873,0.9697067,0.18077509,0.16104147,0.26618314,0.17551054
0.6328319484211118,0.5193791,0.9234954,0.9283227,0.06942444,0.07406238,0.36685604,0.32978523
0.9334496989199521,0.8300783,0.9833096,0.9839734,0.19266917,0.16979532,0.70047575,0.07454693
0.8874101037136167,0.82357013,0.9573875,0.9664723,0.22363341,0.20196468,0.8882229,0.69666684
0.8575168755067002,0.7019778,0.96197677,0.9668796,0.11929377,0.10472282,0.5890164,0.5636017
0.9259613137218103,0.71705776,0.98103315,0.97715044,0.14931712,0.18389589,0.5770513,0.31863156
0.8801158843065416,0.67741317,0.9656813,0.9726672,0.13594727,0.09754932,0.43272927,0.18269178
0.9245168352826938,0.83786386,0.97234845,0.96621466,0.27701417,0.32788154,-0.32750118,-0.53716815
0.6667727646036424,0.60570294,0.9210677,0.9279955,0.098257236,0.097472616,0.67487746,0.63296527
0.8271225763716124,0.6456787,0.946073,0.9447426,0.11642579,0.16091831,0.468226,0.41283876
0.8405902679984429,0.7654196,0.95808524,0.9593594,0.19586213,0.16410276,-0.4893728,-0.41443387
0.8499507172401147,0.68582124,0.9469212,0.9509501,0.15981479,0.13996196,-0.3368713,-0.4348032
0.9355703876432621,0.9632455,0.9881252,0.9773662,0.29861215,0.27669603,-0.04693108,0.37183222
0.8874326521972244,0.6168055,0.9768017,0.97440326,0.099318236,0.10974164,0.20340161,0.45756325
0.9405470699115314,0.6332533,0.98740333,0.9799416,0.092746094,0.15697075,-0.47537392,-0.02950068
0.9377706528793565,0.9504643,0.99428046,0.97581,0.22266433,0.378912,0.10722229,0.3069752
0.8013794825887173,0.69141597,0.95968264,0.96733296,0.12620477,0.12018599,0.6338432,0.7521489
0.9300809170689469,0.5707776,0.98386544,0.98414654,0.083828725,0.11583631,0.10194595,-0.06253833
0.8550361099257777,0.7340965,0.9587793,0.9472079,0.1513879,0.15771993,0.09227039,-0.0921097
0.7975961488633839,0.75904423,0.9607707,0.9512509,0.1555619,0.1485315,-0.6261675,-0.45015597
0.946522079945265,0.8290895,0.9936263,0.9756694,0.21681875,0.3254115,0.35597253,0.5240872
0.9294189303254774,0.62128145,0.9882267,0.9844565,0.06935738,0.10266899,0.5601311,0.47677085
0.931018230498917,0.905295,0.98630893,0.98653615,0.17824352,0.1648436,-0.014404011,-0.6513097
0.8193567411450787,0.81124616,0.95842487,0.9625084,0.17802887,0.12737733,-0.3084065,-0.3290703
0.9397401582944255,0.6804367,0.9880875,0.9804827,0.11493928,0.14888208,-0.2106338,0.23335035
0.8912060656649706,0.7299809,0.9687411,0.9831273,0.14855051,0.11069048,-0.5554505,-0.3495399
0.7965824025251844,0.77163017,0.9479659,0.94895786,0.1806397,0.19984877,0.3383077,0.36534187
0.8048462704714033,0.7018521,0.94977885,0.9505988,0.16348533,0.15043692,-0.17047356,0.09068213
0.7917776579724466,0.7457616,0.94789857,0.9446653,0.16734973,0.14231417,-0.8140976,-1.0988771
0.8823263053962089,0.9126221,0.96666837,0.95686555,0.2834155,0.40972716,-0.71605885,-1.062557
0.9325621565059452,0.8195715,0.9915712,0.9778073,0.17795935,0.19575295,0.16671987,0.30092445
0.9194378031740486,0.8327545,0.98101836,0.98502165,0.19122735,0.17016184,0.41981098,0.63878655
0.9047565384890462,0.9820067,0.9547358,0.96878713,0.34267682,0.29024732,-0.035095405,-0.046780206
0.6804667397866785,0.6305063,0.93845856,0.93816656,0.09828393,0.13646112,-0.4050014,-0.3193503
0.8350890854222537,0.81556594,0.92952627,0.9431292,0.26335788,0.19960868,-0.60068756,-0.6195512
0.9054690360110459,0.70612615,0.98451865,0.97118175,0.10983553,0.19685864,0.1910911,0.23687238
0.9379532524085206,0.82433116,0.9937902,0.9776155,0.16841209,0.24442203,-1.082497,-0.44764224
0.8859181872290063,0.7772826,0.94803584,0.9557778,0.24400902,0.20341939,-0.8060579,-0.76162565
0.8181602583936415,0.7272906,0.95177287,0.9558978,0.19170201,0.13079728,-0.3123008,0.024481874
0.7962015789122527,0.73959416,0.9690321,0.9529273,0.119769104,0.19731836,-0.86465895,-0.9671577
0.948960817689731,0.858443,0.98594964,0.98582596,0.14372748,0.17426491,-0.75248575,-0.44698018
0.9524215314594451,0.82055974,0.9837769,0.98528653,0.16694818,0.19896257,0.16992144,-0.15879238
0.7660002759040442,0.6181175,0.940907,0.94772613,0.106473856,0.13742921,-0.25145015,-0.15099841
0.8589566015610564,0.6291541,0.9686148,0.9715015,0.08320232,0.08576164,0.25236332,0.10149056
0.9077146071046184,0.6274616,0.98915535,0.98025364,0.0642009,0.08212978,0.55387473,0.021418817
0.8368302446128393,0.6888151,0.95618904,0.9413143,0.13681623,0.22764237,-0.112258,0.14041285
0.8557306731089078,1.0094295,0.9420503,0.94944966,0.38447472,0.37510476,-0.2687475,-0.16500877
0.7933697942671672,0.7466025,0.9551067,0.9533347,0.1589184,0.12339335,0.12335352,-0.14125556
0.767894155759065,0.8390176,0.92313653,0.9231381,0.2740728,0.33417395,-0.36172238,-0.14617267
0.8479013035362087,0.85295945,0.9545485,0.97365385,0.22279608,0.16764589,-0.10655743,-0.20171496
0.8883287125005941,0.98852175,0.9701577,0.96974546,0.2859086,0.32009926,-0.29779023,-0.60529554
0.7663634900421585,0.57346964,0.94520336,0.9479542,0.09566869,0.09922404,0.35560498,0.4256852
0.936155774232924,0.9563467,0.9856214,0.99179524,0.13687225,0.13603824,-1.097727,-0.4862543
0.9283689764430363,0.93793976,0.9795654,0.9748677,0.19861974,0.3471556,-0.20786972,0.23422675
0.8621862363817979,0.6133899,0.9804037,0.9771276,0.08620653,0.07394078,0.5598561,0.61508405
0.8262710387300102,0.7976552,0.9574076,0.9513364,0.21889807,0.23786853,-0.26456505,-0.057529174
0.8830215726209918,0.8318535,0.9699734,0.9644716,0.24012427,0.2756214,-1.407896,-1.2344099
0.9170594381215101,0.7035195,0.9762999,0.9740318,0.13688806,0.15474351,0.16780317,0.25602594
0.9090933084629296,0.6118408,0.98173094,0.9748418,0.08057095,0.116356336,0.63342005,0.5262605
0.879867582739748,0.6168936,0.97257257,0.9681425,0.084865816,0.10359101,0.63374716,0.31327382
0.8598003564480571,0.6238525,0.9736035,0.9567464,0.1012896,0.16914384,0.663704,0.4578278
0.8921792577566814,0.68754053,0.96494853,0.9616309,0.12518261,0.17232841,0.22765245,-0.0073216013
0.9029294631247142,0.8668236,0.96638143,0.97537845,0.18646584,0.19343208,-1.4154704,-1.1403207
0.965552693112431,0.6829407,0.9909093,0.99119043,0.084340714,0.11623372,-0.075081185,0.21089803
0.7990665772586525,0.556064,0.96175635,0.9382332,0.08012522,0.14833258,-0.85198265,-0.57453
0.868596367839419,0.64268863,0.97388905,0.9693283,0.095754996,0.11989944,-0.17776883,-0.17625593
0.785887461677994,0.51319164,0.9632566,0.9474082,0.04847176,0.07676553,0.2541021,0.14829874
0.9416435736389719,0.85486156,0.98719877,0.98946685,0.1798543,0.15761451,-0.6079458,-0.07523459
0.7605848236455719,0.60717636,0.9637,0.9544159,0.083735995,0.08755098,0.3228674,0.41201535
0.6751011952481913,0.58976007,0.9489965,0.9387395,0.07995517,0.103890166,-1.0571973,-0.92740947
0.8795304462608715,0.71626574,0.9768378,0.97921187,0.13221121,0.08794304,-0.060918227,-0.043831334
0.6790543476246956,0.63674766,0.9255279,0.9249153,0.11777663,0.116542146,0.7671642,0.64632595
0.8387503278640526,0.5704291,0.971719,0.96338546,0.061152488,0.10511045,0.061532766,0.087977804
0.9096678339948535,0.67830485,0.98231757,0.9688228,0.113431945,0.18760906,-0.10139921,0.16188014
0.9433032664485227,1.1173738,0.9821721,0.97668666,0.38681504,0.50690717,-1.1002594,-0.15600455
0.9100454982300085,1.1511327,0.96607554,0.94868565,0.588489,0.80906343,-0.44744772,-0.27886665
0.8230434381829502,0.8629146,0.95438313,0.95577735,0.27753535,0.26028058,-0.1342595,-0.2591426
0.8681299887954793,0.8129315,0.97386724,0.96401626,0.2015394,0.19464631,0.9582681,0.4379969
0.8747052965608475,0.59883386,0.9653049,0.96202195,0.123251565,0.1290961,0.56494373,0.46626166
0.9219367903258866,0.95198846,0.9799566,0.97190815,0.3024421,0.32322192,-0.15627441,-0.07309223
0.8644139551382328,0.66916984,0.9656886,0.9612956,0.09225773,0.112028584,-1.3548962,-1.1654683
0.8559149340023895,0.609564,0.96840674,0.9659058,0.122773506,0.106810555,-0.2342961,-0.39890504
0.7183705139252093,0.7954756,0.9081062,0.9186273,0.23073646,0.21660142,0.1052896,0.114969194
0.8230893937743031,0.59482366,0.9544991,0.9643766,0.08266551,0.10573563,0.33628333,0.47735286
0.8722475233676037,0.99426144,0.9618687,0.9606551,0.37308878,0.31350827,0.20216879,0.51825345
0.9433756627481062,0.972861,0.99355036,0.97762567,0.26508188,0.32828286,-0.1963928,0.12651727
0.5787500233520038,0.58881783,0.9282024,0.92039067,0.08191688,0.093289725,0.5251513,0.50953114
0.7532476983756319,0.5710236,0.94456846,0.96507543,0.07761209,0.05987815,-0.36931774,-0.3066046
0.8409934143029464,0.8403145,0.96269196,0.9570902,0.1851424,0.2972961,0.56545144,0.716595
0.9099363652378186,0.747366,0.9862433,0.9746925,0.15343107,0.16752207,0.64781797,0.6223424
0.9019913066037915,0.8707433,0.9596518,0.96291566,0.23791724,0.27876437,-0.7868093,-0.55110985
0.8150223104995697,0.60642654,0.9649499,0.9686829,0.071275875,0.0845976,0.39663413,0.44479305
0.9059090033134406,0.65921587,0.98400265,0.97157514,0.12243256,0.18122682,-0.3664808,-0.39427465
0.9583235210117634,0.8172653,0.9890701,0.9912539,0.111351006,0.15619317,1.2943487,0.59195745
0.9317519307632053,0.9823381,0.97648376,0.98257965,0.27465987,0.23356596,0.007982578,-0.42074594
0.9666171612507458,0.73284876,0.9923873,0.9911895,0.081699155,0.14044996,-0.78165823,-0.16747206
0.9482730228916838,0.94008803,0.9949172,0.99236995,0.10870934,0.1246533,0.41654205,0.32727516
0.9369257419721189,0.96002436,0.98369855,0.96942985,0.34154847,0.47040525,-0.17580067,0.014808019
0.9297663672586188,0.98431504,0.97893435,0.9685429,0.37436277,0.37786782,0.07267675,0.1964597
0.8261446272871406,0.639712,0.95857924,0.9358124,0.12246415,0.18550034,0.23425949,0.15085346
0.888768274298924,0.65729254,0.9645912,0.9622569,0.14171018,0.18509355,-0.17146422,-0.16191866
0.8730048237127719,0.80135375,0.9800149,0.97954875,0.16227266,0.11448151,-0.122801036,-0.16385266
0.8861947980471678,0.8085316,0.96890265,0.9656263,0.18073405,0.27656943,0.40196347,0.27234465
0.8356345452215272,0.73112804,0.94602716,0.9517648,0.17025712,0.16097946,-0.8771686,-0.8407785
0.9350038738886199,0.77489287,0.9815445,0.9818144,0.16548201,0.185677,-0.29795456,-0.2006583
0.9130479676556751,0.7721753,0.98875785,0.9787614,0.107297026,0.1653508,0.52019644,0.7471199
0.8970281785965087,0.9791497,0.9550885,0.9571204,0.46374628,0.4197949,-0.55794775,-0.36616522
0.7102803033408487,0.65106815,0.9417173,0.92397046,0.10183133,0.13953948,-0.43307063,-0.26289228
0.8044498226639718,0.70959914,0.95665,0.96117806,0.1331891,0.12164391,0.75876886,0.8464997
0.9300002094720337,0.9593104,0.9718348,0.9771619,0.32800058,0.3470884,0.6452654,0.48074415
0.5188947671831627,0.5829068,0.9043527,0.8923981,0.08205921,0.09337158,0.28674537,0.23732577
0.8956438460870154,0.7568859,0.97140956,0.97166103,0.15754768,0.17148952,0.58916026,0.7408797
0.8983433841829416,0.79415643,0.9862433,0.96783435,0.15343107,0.22848228,0.64781797,0.5842763
0.9294667373866782,0.95883995,0.9861549,0.9774571,0.28593764,0.2680381,-0.044995427,0.11614388
0.7552398538303766,0.6266902,0.9321358,0.93447316,0.09202215,0.18729563,0.011544372,-0.016931169
0.7643351694616272,0.62949556,0.9522221,0.94480985,0.08741257,0.1288685,-0.5565807,-0.6895115
0.9021815638690502,0.87253016,0.96900165,0.96740264,0.2515017,0.2563203,-0.38939482,-0.47568005
0.8740712878834063,0.7155403,0.950777,0.94474965,0.16980378,0.2503534,-0.3496628,-0.44151816
0.9038669624107142,0.76450145,0.97933173,0.97710454,0.15627292,0.15737638,-0.7647744,-0.41979548
0.9314760438201671,0.68615776,0.9863486,0.98230106,0.12686141,0.13049953,-0.8978993,-0.39201224
0.7239055279208846,0.69713306,0.9197109,0.9139059,0.1928113,0.22815941,-0.33928707,-0.3133187
0.7934280969964956,0.582381,0.9548122,0.9426388,0.07840475,0.1150219,-0.07378136,-0.21748185
0.8389240218438436,0.7192978,0.9576729,0.9528425,0.19404784,0.15643176,0.3320636,0.43752176
0.9087744025559045,0.7646709,0.9842716,0.9742244,0.15320916,0.20479828,0.13241929,-0.087973714
0.5417076632492261,0.5298374,0.90143085,0.90486103,0.08716741,0.07608117,0.8262358,0.6826586
0.9330845294535248,0.76046294,0.9944713,0.9808184,0.14392063,0.16692469,-0.76314014,-0.1868431
0.7778719434675111,0.6655571,0.92763174,0.92782295,0.15515827,0.21025522,-0.47449735,-0.3447831
0.9277084738594757,0.8166626,0.9901156,0.9747223,0.16519879,0.19089498,-0.7431488,-0.35634688
0.810913668818187,0.6754273,0.95187855,0.95121646,0.1261703,0.16540116,0.0667204,0.31808695
0.9409538734326199,0.7841981,0.98852533,0.9834009,0.13834846,0.19651045,0.03069294,-0.38828057
0.9110216623074661,0.8478999,0.9617233,0.97199136,0.2667751,0.21979375,-0.54590243,-0.19065765
0.9416778679164589,0.8895941,0.9818752,0.97638375,0.2428057,0.34415087,-0.114867665,0.21313609
0.8457971406395426,0.88423145,0.9675234,0.96873814,0.21831049,0.22923572,0.13465351,0.10728624
0.9540079831692775,0.837607,0.9882929,0.9809689,0.21975414,0.29842132,0.36599013,0.09687809
0.8508607459297195,1.0096898,0.96232307,0.96174854,0.32971478,0.2066581,-0.29506102,-0.032049347
0.8900543911127027,0.9155592,0.9484414,0.9510866,0.37019837,0.42789906,0.31133363,0.30610818
0.8389790313886452,0.642162,0.9749594,0.9577274,0.09159735,0.13795981,0.7801722,0.8204106
0.8189790379166463,0.93390226,0.9394905,0.92794216,0.33245283,0.43311685,-0.00074714574,-0.10253254
0.9291652740928438,0.9968398,0.97893435,0.9704692,0.37436277,0.36327064,0.07267675,0.1538383
0.8175431464869036,0.7229706,0.9489545,0.93480957,0.14001952,0.23206931,-0.072669275,-0.020236265
0.8632528449364553,0.67550606,0.9565066,0.95927054,0.12401107,0.097399324,0.124520294,-0.08208687
0.9401077001132322,0.7276146,0.9851048,0.9814573,0.15337782,0.16390793,-0.013768034,0.009174525
0.7463461789353888,0.77002954,0.915426,0.94823945,0.1951393,0.12979175,0.10501984,0.17973435
0.7873943030302681,0.70698214,0.93353266,0.9360003,0.17270306,0.19255833,-0.3647098,-0.27599174
0.8966246636519464,1.032856,0.96727955,0.9479316,0.3978573,0.6035403,0.4107078,0.43753427
0.8366561766169884,0.71325004,0.9470892,0.96108073,0.14541706,0.14014944,-0.068610355,-0.23813035
0.8160450347592056,0.683289,0.96738803,0.96102935,0.09383274,0.13079403,-0.06626555,-0.120483875
0.77439849855976,0.9771817,0.9336118,0.9215607,0.3241509,0.3745934,1.182497,1.1052183
0.8351211594113856,0.70609045,0.9687346,0.9628737,0.14721829,0.13289191,-0.23299128,-0.028819123
0.9335261610121859,0.8380943,0.9722397,0.9765078,0.2236257,0.22723378,-0.14720924,-0.3005685
0.8467795419833084,0.7884789,0.9391147,0.9399361,0.2374064,0.263044,-0.4108815,-0.35082507
0.7961137250741961,0.8300884,0.9319775,0.9394087,0.3011326,0.19710355,0.09442212,-0.050265376
0.7836948835351814,0.7043143,0.9354975,0.9390262,0.14650072,0.16865909,0.06058521,0.05459435
0.94707356106777,0.92882735,0.9838187,0.9804745,0.2771149,0.27591094,0.1508996,0.10164362
0.7654891725902676,0.73942643,0.9382217,0.94328886,0.15955383,0.12724878,-0.14630735,-0.13254048
0.7933478286956527,0.7264452,0.9574954,0.959012,0.13742602,0.09191489,1.0560331,0.9300881
0.7467440022310404,0.66089827,0.938093,0.9371985,0.14385317,0.1612964,-0.10213747,-0.083052725
0.9280112148999725,0.7741128,0.9799626,0.98003024,0.16823949,0.18974122,0.35968167,0.05123469
0.900128017556483,0.5586593,0.9755921,0.96500295,0.07621883,0.108789936,0.9819656,0.7787902
0.8217966890554704,0.70817995,0.9589498,0.9635875,0.12612072,0.142865,0.30455914,0.1542317
0.8621541309046612,0.8480025,0.9660068,0.9544364,0.2283214,0.22948472,-0.38734055,-0.25558653
0.8363845511015282,0.6672815,0.96786475,0.9593059,0.12440902,0.1121396,0.49430624,0.14671941
0.8756814661890346,0.6627658,0.97464657,0.97096175,0.12869637,0.12090589,-0.7285333,-0.69957584
0.9262260879081742,1.0789754,0.9790991,0.9666984,0.40860328,0.46097392,0.037358798,0.10291007
0.9132217530274807,0.90050715,0.98540026,0.9724251,0.24247555,0.30264243,0.7255633,0.61834526
0.9371941004150562,0.78683287,0.9888777,0.98612255,0.14904648,0.1524495,0.8840534,-0.008960095
0.8909624176259868,0.6090122,0.9790593,0.97773623,0.07669955,0.10737037,-0.04458201,-0.2207069
0.7937996723519477,0.5429698,0.9507036,0.94487965,0.070499465,0.09743044,-0.33311424,-0.22024077
0.9054335889653743,0.74645215,0.97368246,0.9755549,0.1549402,0.16414848,-0.94197744,-0.5313795
0.9442539761046364,1.0014312,0.9793614,0.9853478,0.30537707,0.22330827,0.7562902,0.3178649
0.9466350230136038,1.0300429,0.99474347,0.98057795,0.27291045,0.31323573,0.05243449,0.20596388
0.8879955609592898,0.9018894,0.96261895,0.94843745,0.31883192,0.38348848,0.05176391,0.13174246
0.8907101679856269,0.91637635,0.9631695,0.97239006,0.30389154,0.21484086,0.60314506,0.64655495
0.26699847983975683,0.47867483,0.8569484,0.91184795,0.07054459,0.049386997,-0.5036562,-0.54084533
0.919596117951379,0.9352127,0.9730761,0.96138453,0.3506671,0.38727325,0.17429723,0.20263642
0.8932016093237523,0.7308881,0.9670408,0.972868,0.16229713,0.1864351,-0.8852152,-0.60957545
0.8918719202355073,1.0227555,0.9533071,0.9655093,0.44127607,0.3459393,-0.5299974,-0.26305106
0.8556937822230053,0.74828476,0.9649426,0.959921,0.17025205,0.17829126,-0.65923774,-0.36744213
0.7355335520533683,0.6148894,0.9479888,0.95323527,0.08201502,0.072674535,-0.5797422,-0.6101937
0.8119101236336199,0.69290936,0.96627384,0.9593041,0.09667981,0.120803826,-0.3055426,-0.25320753
0.7189986992418398,0.6815872,0.94642985,0.944126,0.09145895,0.14499184,0.17453381,0.30399096
0.7162264613482339,0.68705636,0.930211,0.93818384,0.15677877,0.123344295,-0.87219733,-0.7285686
0.9506406459265034,0.75916386,0.99317,0.98866117,0.09231734,0.10919882,-0.06518321,0.28720063
0.898784211645474,0.6118828,0.97519034,0.9685938,0.08989008,0.12619191,0.9101396,0.7412659
0.8808069169931069,0.68150413,0.9701204,0.9594429,0.13626917,0.14139025,-0.22335935,0.020695044
0.8993625956100154,0.62522185,0.96657306,0.9781903,0.099683076,0.1036699,0.8795618,0.71671814
0.9101468049514888,0.9630154,0.96096385,0.9635927,0.38144708,0.4179919,-0.066903025,0.099546306
0.9599472222635557,0.7800655,0.98929685,0.9896245,0.14339052,0.16127121,0.46553802,0.27078137
0.8900279719084756,0.7452059,0.97361,0.96299726,0.14694569,0.21523564,-0.2916441,-0.5152555
0.8566752147365161,0.68820363,0.97612506,0.97764814,0.12505795,0.08157606,-0.62703377,-0.7164937
0.887025675108108,0.7492332,0.98028547,0.9720611,0.12900975,0.13150996,0.39769056,-0.04403449
0.8083192507390803,0.73600817,0.95037246,0.9475529,0.14443223,0.18405771,-0.6597276,-0.5016167
0.8681091160881355,0.7617074,0.9618814,0.95775,0.19229878,0.21887015,-0.3024873,-0.1891121
0.8811091342574615,0.7803818,0.9612074,0.9611853,0.19342461,0.18956377,0.2190343,0.3214869
0.7656551635288261,0.7597196,0.9271919,0.9452414,0.2191349,0.14305414,-0.5871434,-0.5272079
0.8243547215927556,0.5199123,0.9698802,0.9632512,0.063122116,0.071512334,-0.26858008,-0.14864497
0.6454740583478493,0.6930293,0.9397647,0.9454966,0.11624065,0.08812876,0.3310763,0.52765316
0.9476176415388228,0.7291413,0.99209565,0.9908724,0.085549474,0.10541981,0.1618188,0.28545997
0.9442588390814143,0.6439857,0.9903244,0.9853613,0.07798692,0.09748239,-0.7111085,0.0026661712
0.8328817637569955,0.6898529,0.9659166,0.96026015,0.12173794,0.16636497,0.017728016,0.054707613
0.7902097410255586,0.6087156,0.952923,0.9504548,0.07829784,0.101245515,0.6882313,0.58148247
0.90365949946552,0.7292884,0.9790192,0.97588825,0.12927811,0.16795875,0.10253606,0.28684005
0.8611315187730431,0.8255603,0.9674267,0.9682485,0.18955977,0.22314948,-1.3301562,-0.97763765
0.9305071210411395,0.7868613,0.98516995,0.9805923,0.13283505,0.19903919,0.30282637,0.5156831
0.8558123596862935,0.81475514,0.94737315,0.9454749,0.25187638,0.32964408,-0.8093479,-0.64578134
0.9555477988396479,0.8716232,0.9905446,0.9886855,0.19897571,0.21359353,-0.43858212,0.06541129
0.8210014356802299,0.7359911,0.9520536,0.94228214,0.17485757,0.19662376,-0.06403488,-0.006698543
0.9303784387805503,0.8157114,0.9922905,0.9751484,0.18345436,0.2680303,-0.027983494,0.17982335
0.9161433967589435,0.5640275,0.98767096,0.9805138,0.0721866,0.09848453,-0.27306858,-0.14427342
0.8949111463217835,0.8689434,0.96966916,0.9625169,0.28091267,0.3068169,-0.43246633,-0.29583457
0.8852107717777236,0.78540504,0.9559518,0.96401334,0.20998006,0.22926651,-0.27448854,-0.23032404
0.9140205399712864,1.1459627,0.9574876,0.95401347,0.6356718,0.62955266,-0.031640902,0.0060883346
0.9124695906031345,0.7944866,0.9799092,0.97432476,0.18122612,0.1924867,-0.22549295,0.11737091
0.7342661145385785,0.76625586,0.9391112,0.9328813,0.15870611,0.21918595,0.67355984,0.3948985
0.7538886275021806,0.63718295,0.9205503,0.93132395,0.12200931,0.13368987,-0.59900767,-0.5709202
0.6727007178104318,0.66605484,0.9431356,0.9513262,0.11286554,0.09116301,-0.8842408,-0.7978756
0.9183918161906907,0.95061326,0.9784337,0.98066086,0.2711064,0.1967566,0.81383145,0.6936585
0.9236919793427169,0.79778856,0.9949574,0.97901374,0.14346458,0.20806934,-0.102146626,0.17284763
0.6534697898031664,0.6568802,0.9237468,0.9174756,0.114288785,0.14586951,0.12610734,0.10747503
0.7491046579687454,0.5947672,0.9484476,0.94258606,0.05904655,0.1474321,-0.34893835,-0.3548327
0.8940645198823234,0.6020297,0.9682346,0.9554688,0.10160536,0.17757468,0.20854372,0.124182835
0.9321121591219454,1.0921534,0.9789463,0.9753059,0.4000855,0.3759112,-0.9152323,-0.11923556
0.8745461515753844,0.85273397,0.9655964,0.9640037,0.22755429,0.24904318,0.24238218,0.40896705
0.9623181530749046,1.0177978,0.98944527,0.9862807,0.23548749,0.36592478,0.44070995,0.14481965
0.8492659153385467,0.8239793,0.9389047,0.9520176,0.29074955,0.22431694,0.35197046,0.3038962
0.9175448633511782,0.76396316,0.9862433,0.9698621,0.15343107,0.19539118,0.64781797,0.5326327
0.8890345314935252,0.8776533,0.9760106,0.9646107,0.1830388,0.31356966,-0.3731528,-0.35569975
0.9471974056955851,0.8302913,0.9823343,0.98288506,0.15547605,0.17729154,-0.0002561951,-0.20360614
0.9653874793899968,0.76989,0.99195683,0.99091387,0.07241672,0.13143903,0.34038493,0.05601031
0.8034129464660715,0.5958685,0.95053744,0.946412,0.11279785,0.1245742,0.026992403,-0.06220858
0.8670557726489236,0.54356194,0.9825856,0.9630955,0.058344685,0.10409321,-0.5377496,-0.51559734
0.8907482909147503,0.7329714,0.9853022,0.9795827,0.12402961,0.14528665,0.124784455,0.29009005
0.9088691753070682,0.90910345,0.96436894,0.9599001,0.38584104,0.35740152,0.04618313,0.08972747
0.9397766505882642,1.0463655,0.9911982,0.9856314,0.20454228,0.32652375,-0.114644624,0.3293014
0.926999930207989,0.99435043,0.97893435,0.9657663,0.37436277,0.4398187,0.07267675,0.12746142
0.9018736795317889,0.792816,0.9856396,0.982919,0.12893184,0.12666003,0.052655037,-0.1226791
0.8456600934839819,0.8921413,0.9328071,0.9475092,0.35566765,0.298457,-0.84872186,-0.7468207
0.8113110320817654,0.6094837,0.9531305,0.9510346,0.10802758,0.10298048,-0.5831595,-0.35660493
0.88144593687135,0.6546563,0.96407485,0.96812844,0.09775577,0.1262553,-0.42738277,-0.24592985
0.8661237576518013,0.8848576,0.9735049,0.9606598,0.19698624,0.32539785,0.054839097,-0.044402532
0.8167481657517066,0.85881555,0.9601492,0.9496852,0.24202529,0.26947242,-0.85714245,-0.33101156
0.8695820483811277,0.73406124,0.9486147,0.947829,0.23497865,0.25084323,0.043258317,0.051735576
0.8118048561607771,0.5265967,0.96425503,0.96004486,0.062105093,0.0768539,-0.36719745,-0.5445287
0.8174997583199615,0.7168128,0.96272,0.94960016,0.15878628,0.20745683,-0.3856928,-0.41890153
0.8866533594005376,0.8743135,0.957612,0.9600259,0.24570613,0.31877834,-0.55080676,-0.71733224
0.8334505686800912,0.85178113,0.95815617,0.95625037,0.23109144,0.20424847,1.0005562,1.0596818
0.9146256948841113,0.99105847,0.9737956,0.9708467,0.33076438,0.3268807,0.54173225,0.7527887
0.9157917087666736,0.66241944,0.97919786,0.974289,0.1148855,0.13786656,-0.041682605,-0.20469709
0.9411823050851689,0.8459635,0.9773171,0.98165077,0.20927182,0.20411345,-0.35659605,-0.2748853
0.48984256218085975,0.627008,0.9344205,0.92307144,0.06344655,0.069865614,-0.73361236,-0.6869999
0.8483033989954182,0.88261443,0.96153545,0.95842516,0.17314099,0.2621276,0.5769961,0.50956315
0.8411127515380403,0.58231205,0.96163654,0.9549474,0.09785669,0.102654524,0.09034786,0.13775702
0.925993204926913,0.72602767,0.99156326,0.9770285,0.13616894,0.16138221,0.29488474,0.36570144
0.8988213644194184,0.6740239,0.97030777,0.9766258,0.121088974,0.103987336,0.08692295,0.14890787
0.9020649599463938,0.8038498,0.9862433,0.9767382,0.15343107,0.13987058,0.64781797,0.5080916
0.7324063753610203,0.71090674,0.9293837,0.94116056,0.16942982,0.095084555,0.21818604,0.39595205
0.8965930110830276,0.7466066,0.9652044,0.96330476,0.16584548,0.21995826,-0.01040928,-0.0984126
0.9258286877805901,0.99209654,0.97893435,0.96737516,0.37436277,0.40929976,0.07267675,0.12264742
0.938790837182534,0.98390406,0.99167764,0.9767274,0.2909155,0.3524613,-0.3714234,0.014470713
0.913915380786461,1.1235601,0.9663591,0.9685268,0.5193248,0.51879543,-1.1076418,-0.51254934
0.9268606126816981,0.95167947,0.9819816,0.9755819,0.28302094,0.3332346,-0.31913033,-0.28298214
0.9279138211702116,0.834093,0.9750061,0.9796651,0.20955157,0.1752664,-0.63263565,-0.23735106
0.9579776145244185,0.9119361,0.9921853,0.9900603,0.1461721,0.21266718,0.41804796,0.04847342
0.8408245080359213,0.6982899,0.96840715,0.96223116,0.13249932,0.118383884,-0.09164486,-0.19878186
0.8886807483969199,0.9495804,0.9670623,0.96508247,0.30499882,0.27253,0.75804377,0.4240724
0.7869889819822372,0.6196503,0.96240866,0.96420574,0.09422366,0.093295336,0.18719716,-0.0748766
0.8646332575733212,0.6278542,0.9718102,0.9612297,0.10608875,0.111921,-0.04954394,0.077789694
0.9486206281953007,0.8745871,0.9861854,0.9875164,0.17717046,0.18962128,0.2050076,0.0123326555
0.9258600122016021,0.8774263,0.9904079,0.97350496,0.20136614,0.31761217,0.49766627,0.44108412
0.8887854329576694,0.83922374,0.9581155,0.97082645,0.19630222,0.22334556,0.28358305,0.29144427
0.8358838796939104,0.71696323,0.9669355,0.9604542,0.12980564,0.14472291,-0.20349276,-0.06030293
0.8186066469450637,0.5756383,0.9744145,0.9675389,0.054885276,0.085602485,-0.75989896,-0.8440792
0.8586974222555877,0.58953565,0.98301303,0.96441233,0.04816007,0.11653013,0.13010703,0.45638654
0.908166218650595,0.8927449,0.9640578,0.9606596,0.3183373,0.38960725,0.33039108,-0.17758444
0.9225779836444774,0.72746253,0.97374636,0.9735057,0.16904394,0.18356174,0.08822209,-0.22379585
0.8450007652161226,0.73615384,0.9517568,0.9497928,0.176419,0.21796183,-0.6577025,-0.2511954
0.8358579825692772,0.7954413,0.9689729,0.96210694,0.15426946,0.18460636,0.41372097,0.41933823
0.8430658610985379,0.6482554,0.9809434,0.9754332,0.0755963,0.09303081,-0.9124341,-0.75044525
0.8624915133586423,0.79075897,0.9503025,0.95799565,0.2032676,0.20690578,-0.24658214,0.19009358
0.6679381715103515,0.5844297,0.92389464,0.94584537,0.08944875,0.06910677,0.77575064,0.7473086
0.7855691694030671,0.76930666,0.94828355,0.95695454,0.15356892,0.15085362,-0.07589678,-0.011702453
0.9111410901665745,0.7603978,0.9798026,0.9750683,0.14240785,0.22240236,0.04559588,0.17881954
0.7756873187339711,0.57561195,0.9593736,0.9542991,0.07345694,0.09719616,0.6467887,0.69530094
0.9222218888675022,0.7085235,0.9946413,0.9834777,0.10138726,0.09987091,-0.8745004,-0.2868644
0.8515536417845828,0.68833774,0.9718472,0.95913506,0.1277867,0.15087703,-0.068359256,-0.25156265
0.6567467027114725,0.60397655,0.91236037,0.94064915,0.122792125,0.08845256,0.538436,0.37837636
0.7445954074552653,0.83256483,0.9485043,0.9402924,0.17566337,0.15321049,-0.3018327,-0.29354975
0.9159926074066879,0.6612928,0.9847939,0.98056877,0.10003343,0.12286526,-0.33643687,-0.3772105
0.9015463609514179,0.74958205,0.98464406,0.9728466,0.13029148,0.12177493,0.5026526,0.96548134
0.8787312983570078,0.7731943,0.96231145,0.9591332,0.21702161,0.2227877,0.10853408,-0.1485665
0.9129252466120396,0.73800534,0.96878004,0.9742385,0.18204689,0.17945884,-0.6610565,-0.6519337
0.8889365638618503,0.7665399,0.9754689,0.9622277,0.17169009,0.23050041,0.14197955,0.22865015
0.9066341759094682,0.80406207,0.9711077,0.97148395,0.1757079,0.23768659,-0.19305578,-0.27003157
0.7546948832471814,0.5923635,0.9200463,0.94108427,0.1147805,0.103014976,-0.0022135791,0.08087877
0.8317198297151729,0.7219913,0.9704459,0.96474874,0.1192634,0.12507546,1.1933136,1.0614419
0.9325784611485539,0.9710642,0.9946224,0.9799947,0.22527707,0.26750493,-0.7833518,-0.16849752
0.9424301102128178,0.70174587,0.99395823,0.9907563,0.08623645,0.08519405,-0.11150338,-0.29408625
0.8123226794756288,0.74531513,0.9631962,0.9506945,0.14237554,0.20469226,0.6841308,0.5886569
0.7827542753846841,0.5128981,0.9622779,0.96030146,0.049275313,0.06364187,-0.22802016,-0.10059214
0.8409763647002184,0.92004883,0.9355982,0.95463264,0.32593575,0.26761723,0.3915885,0.33422393
0.8919915206819057,0.76857096,0.98251045,0.976924,0.10731723,0.1541613,0.4380695,0.72114897
0.8867860229737637,0.7953618,0.971568,0.9636411,0.18903534,0.17443529,-0.009166276,0.055220332
0.8493476136556183,0.6717044,0.94327086,0.9602835,0.14218837,0.13185199,0.18554644,0.2839876
0.9229418810959059,0.8183657,0.98116964,0.97381467,0.14713496,0.243041,0.026518105,0.19669089
0.9361418081506894,1.1063259,0.98185736,0.96934634,0.427439,0.42791483,-0.21395038,-0.053186145
0.9039462927729646,0.8012444,0.9862433,0.9633514,0.15343107,0.34177136,0.64781797,0.54283446
0.7261726151316185,0.7615488,0.9328948,0.92454636,0.20113686,0.22752975,-0.22225498,-0.276601
0.9202089265461084,1.1238325,0.9664554,0.9579892,0.586859,0.5913045,0.10425581,0.09315069
0.8614109233617478,0.65351814,0.9669864,0.97395027,0.09968732,0.10926714,-0.79836285,-0.5802045
0.8236215395234463,0.8755749,0.9413534,0.9451563,0.2747384,0.23432045,0.19958659,-0.018370522
0.8966079481292719,0.8418711,0.9655251,0.9614401,0.20919581,0.28727278,0.25953975,-0.024112038
0.8840721355635418,0.6085477,0.9693602,0.97205013,0.09452004,0.103533745,0.4496189,0.46158597
0.9298192456030795,0.79973227,0.99448836,0.97902626,0.15356152,0.19809146,0.44045377,0.44641286
0.8844584903133587,0.894196,0.9550199,0.95964295,0.27766225,0.2905324,-0.18429881,-0.13332774
0.9528353913656626,0.6121032,0.9908159,0.98954177,0.071304575,0.09784358,0.061039463,0.08793514
0.9121863045418088,0.784119,0.97918206,0.9784473,0.1754951,0.17157288,0.09071692,0.09887999
0.889152468664395,0.80864495,0.9729053,0.96606076,0.20406272,0.19364342,0.2015261,0.03234884
0.7623194634294795,0.5758976,0.96401525,0.95599955,0.06354035,0.065256074,-0.5575985,-0.53941935
0.9608968459674956,0.75218487,0.9928151,0.989031,0.12472683,0.12937088,0.078883044,0.08434343
0.8385693839631015,0.58016515,0.9782166,0.96424025,0.08001129,0.09202985,0.42937857,0.6691805
0.9145990437438472,0.77450275,0.9856483,0.96955997,0.15426663,0.22088872,0.18330161,0.22781403
0.9411212989954079,0.9847928,0.98607916,0.9797985,0.19837396,0.32561463,-0.043414064,-0.18174522
0.7326484643597543,0.8219679,0.91432196,0.93969226,0.26238778,0.18608966,-0.27960083,-0.17464638
0.9284842425094789,0.99638915,0.97893435,0.9676898,0.37436277,0.3871076,0.07267675,0.13283078
0.8385829460772714,0.73256755,0.9478793,0.96368015,0.18743378,0.1320199,0.21066344,0.02263294
0.9464734956917594,0.9351372,0.9733224,0.9774828,0.27167162,0.31613073,-0.61996776,-0.32586446
0.8076741966838716,0.5698836,0.96046764,0.9461161,0.08924908,0.10636112,-0.24039932,-0.20208009
0.8902335977973757,0.6417214,0.98339313,0.97904485,0.07614197,0.09113207,-0.49195123,-0.4108716
0.8245297841487657,0.6926075,0.9639939,0.9583747,0.12238855,0.16412042,0.6168261,0.45619673
0.9576833291653328,0.75590307,0.9899596,0.9883455,0.11983918,0.1393609,0.106635906,0.42481562
0.9659599835455975,0.84622014,0.9921141,0.992474,0.122641504,0.13450907,0.7905737,0.05269893
0.9051578838332616,0.6963039,0.97718954,0.97433025,0.12178799,0.12333315,0.14932133,0.19360624
0.8858484831538402,0.9676914,0.94127715,0.9484101,0.5022559,0.3486108,-0.46882176,-0.2811444
0.9544199875871981,0.7253483,0.9878587,0.9892799,0.12933524,0.13087137,-0.45794046,-0.43267232
0.9423890191342432,1.0720216,0.98668087,0.9718971,0.41193038,0.5465181,-0.080491304,0.021544209
0.7463581598806064,0.72562134,0.94276994,0.9497642,0.16453134,0.10087111,0.15635748,0.08562036
0.8208226237476199,0.7803291,0.95262116,0.9591927,0.1700296,0.17797728,0.2095501,0.5333961
0.8888005226240836,1.0048774,0.9698996,0.9628724,0.3399366,0.42551085,-0.3126368,-0.092004865
0.9224009457921515,0.9731275,0.9882556,0.9730562,0.26167974,0.35088137,0.8853029,0.5473592
0.9383717656274827,0.69224375,0.9936605,0.9876297,0.08215321,0.10085952,-0.93420064,-0.16283207
0.8893781372232626,0.76535374,0.9754689,0.96182936,0.17169009,0.2235145,0.14197955,0.20907053
0.8026669710507155,0.58748084,0.9444381,0.95008504,0.10742244,0.111590244,-0.11282592,0.077598274
0.9346336778613886,0.70150524,0.9807282,0.9773835,0.1582565,0.20397197,-0.34289286,-0.1393013
0.8234803657408586,0.6624082,0.95267224,0.94929034,0.13462228,0.15335386,0.25503653,0.3374045
0.9243479267116684,0.8752922,0.97858846,0.97568035,0.23913029,0.31982344,-0.18171714,-0.016272955
0.8533804091808656,0.83466065,0.9522021,0.9525626,0.22403306,0.20864552,-0.12233669,-0.16311543
0.8417482985197279,0.70306265,0.9631602,0.95705485,0.15355156,0.121184364,-0.24705686,-0.48334473
0.8705780692764912,0.7452248,0.96116966,0.9641758,0.16471118,0.16258131,-0.00021197072,-0.13442913
0.9154400476544078,0.93485945,0.9645946,0.9648415,0.32586256,0.3803833,0.34658378,0.40133438
0.9517627401860386,0.8048011,0.9893201,0.99207145,0.11282709,0.103257924,-0.42527393,-0.7033723
0.9106032496965201,0.62724113,0.9803317,0.9771515,0.09267452,0.113413475,-0.25759035,-0.24200535
0.6655548047287688,0.6484464,0.930207,0.93273795,0.10456993,0.09904137,-0.16514795,-0.41613942
0.8306393042302889,0.75102204,0.9500387,0.9403273,0.2075896,0.21482185,0.035615366,0.22164308
0.9357953832632614,0.89363927,0.9878081,0.9773341,0.22951333,0.22460847,0.03363891,0.127213
0.9356834142213464,0.60042304,0.9871643,0.9910695,0.058438905,0.0571989,0.5076446,0.17068453
0.8409267565002811,0.68585086,0.9644589,0.9636763,0.13525072,0.12478823,0.24274418,-0.039133333
0.9478243719938818,0.8187739,0.9927667,0.98823124,0.11541981,0.11781449,-0.27619854,-0.044363577
0.6703591001534561,0.6104017,0.9356368,0.9335568,0.09881029,0.08529162,-1.0598876,-0.8270409
0.9088977595036417,0.79679906,0.9634674,0.9622777,0.21083458,0.2954684,-0.047061495,-0.19418809
0.7422471934620624,0.58086944,0.94350487,0.9219356,0.1026258,0.14902568,-0.29388395,-0.20018296
0.9236727040756327,0.8625747,0.9769268,0.9844064,0.23918113,0.18342912,0.28465146,0.33306086
0.8581969158075067,0.69096977,0.9844601,0.9777194,0.0993373,0.07946263,-0.10460283,-0.26726168
0.9211960219513636,0.75002277,0.98135287,0.9779305,0.18769424,0.16830999,0.538575,0.29600674
0.9055688606670178,0.7528932,0.9862433,0.9698943,0.15343107,0.19943686,0.64781797,0.5644684
0.898737818294051,0.8246543,0.97983706,0.96562374,0.19886456,0.2641031,1.3680632,1.1368582
0.8906758721721396,0.79583406,0.9725984,0.9654339,0.2372715,0.25027496,0.7565201,0.93980837
0.7853670194827232,0.80013406,0.9516398,0.93755597,0.18434183,0.18762852,0.21371326,0.16747141
0.9289402080224334,1.179025,0.972624,0.9592829,0.5792717,0.65292674,-0.3846919,-0.18810152
0.8989376780380286,0.8516674,0.9898116,0.9870129,0.14186734,0.08624045,-0.20194563,0.48522022
0.9146067114570741,0.7908679,0.99181414,0.9858135,0.11989864,0.1256624,-0.34208357,0.095875785
0.8754489656718347,1.0668464,0.94445145,0.9504653,0.5244078,0.40553936,-0.46285984,-0.7047879
0.7710077211852355,0.6852962,0.9503036,0.9480961,0.12666537,0.0957714,-0.19447325,0.0329643
0.758112552291566,0.6430093,0.9756263,0.9567314,0.068310134,0.09903931,-1.2228657,-1.3193814
0.9274881878221102,1.0477695,0.9718864,0.9565371,0.48830068,0.6299593,0.010582854,0.09665481
0.6759709853393577,0.5227952,0.9420887,0.9298785,0.056674846,0.06929674,0.4438387,0.24640323
0.8919594254015082,0.6550588,0.97379863,0.975294,0.12283522,0.11024495,0.70571935,0.9918415
0.9235551570488253,0.84864914,0.98883224,0.97890383,0.23327652,0.24411926,-0.17465822,0.1727025
0.8432586959453915,0.65773743,0.9774748,0.9686581,0.08509971,0.09562686,-0.3215505,-0.048028115
0.7810594143135063,0.58439463,0.954071,0.95465785,0.08616708,0.07510929,-0.2568236,-0.20858411
0.8562761482681838,0.778702,0.9539988,0.9463991,0.24222404,0.22227675,-0.37931678,-0.008313286
0.8910685775149725,0.7409437,0.96864045,0.9682173,0.13221544,0.15464963,0.41789097,0.52061176
0.823141961846714,0.7584448,0.9333581,0.9234173,0.19686493,0.34686658,-0.30550513,-0.70739555
0.8395826111332179,0.6459639,0.9642539,0.96712023,0.10163662,0.122411795,0.30850813,0.2299845
0.8656246282279406,0.8350204,0.95674413,0.96218586,0.22573999,0.17259839,-0.5646537,-0.39596015
0.9456717757554842,0.7329833,0.9862166,0.9846383,0.1337308,0.1632404,0.102600455,0.3539604
0.8869780844444936,0.7232188,0.9699694,0.97426313,0.13329525,0.13747144,-0.42153877,-0.009420262
0.9335490366638459,0.96773374,0.97893435,0.96579885,0.37436277,0.48586145,0.07267675,0.17193824
0.8937220085111159,0.7352073,0.9754689,0.95769686,0.17169009,0.23577519,0.14197955,0.18462157
0.9436225840036135,0.92331976,0.9828263,0.9894411,0.22549611,0.18411507,-0.19778846,0.07246853
0.7812504912080788,0.8645988,0.92076045,0.92033416,0.3211215,0.21405327,-0.41179582,-0.4282264
0.8972826110654961,0.6344167,0.9807668,0.9790329,0.07730524,0.09253322,-0.51248926,-0.4794027
0.8153609553183022,1.0552766,0.93230397,0.92558455,0.49913195,0.34794685,-0.649169,-0.6840391
0.8930871729099478,0.60378724,0.9764423,0.9788134,0.08587391,0.08403065,-0.05941059,-0.03718336
0.9355957064829474,0.90829074,0.99079424,0.9765966,0.20728183,0.31883693,-0.3570852,-0.028622823
0.8209011993761919,0.76259094,0.9370334,0.9467294,0.24012206,0.18369724,0.42947057,0.5458448
0.8069421520227444,0.8576968,0.9403851,0.93361735,0.28186056,0.26884967,-0.32235324,-0.2309452
0.9117819081081675,0.7670041,0.98883057,0.982,0.12670246,0.13541567,0.36319956,-0.035863906
0.9231050905448146,0.7588127,0.9742847,0.9728198,0.15301818,0.19919588,0.60012233,0.3470697
0.8929302881488462,0.77531874,0.9689186,0.97342265,0.13456027,0.16277994,0.07840686,0.17977309
0.8659637018181925,0.7423125,0.9791113,0.97531486,0.13049379,0.11378105,-0.3020009,-0.673736
0.916872524555604,0.62969846,0.9880668,0.9822718,0.08738775,0.099652424,-0.02431203,0.020845862
0.8923672787787646,0.8311083,0.96782565,0.9743354,0.22552103,0.18181854,0.48656213,0.39628506
0.8226511022481765,0.6729264,0.9657126,0.96991456,0.13038859,0.09773678,0.09255596,0.13900648
0.9210727525556405,0.99625987,0.97689885,0.963519,0.34146455,0.3910379,0.17986654,0.1710058
0.9469680224908837,0.614593,0.9909067,0.9914539,0.06250945,0.07701728,0.5964401,0.27986115
0.8350455305992851,0.7174798,0.95142514,0.95720965,0.1706034,0.14292715,0.5012551,0.30096358
0.9303882755047588,0.8682258,0.99222726,0.9805903,0.21404353,0.22687443,0.0681835,0.19500987
0.881358725081396,0.6902044,0.97505933,0.9722175,0.1385101,0.117695406,-0.2813663,-0.14636321
0.882339142518263,0.7098607,0.97443193,0.97009856,0.12863517,0.14664982,0.008476134,-0.055586506
0.9073442887910863,0.79309475,0.9657049,0.9771733,0.19023022,0.114401765,0.104208484,0.012727331
0.7204863629578182,0.5833264,0.9570651,0.9370759,0.07174636,0.09627402,-1.0110387,-0.7516875
0.912064543498327,0.7648845,0.9862433,0.96779156,0.15343107,0.24577735,0.64781797,0.5758868
0.944521618003459,0.89769924,0.98028636,0.98589015,0.21170832,0.18271849,-0.40653363,-0.19681217
0.8510820835651335,0.786158,0.9555894,0.9632139,0.20934391,0.1856268,-0.052743297,-0.09533144
0.9136719341389345,0.67866087,0.9826181,0.9821065,0.10435546,0.092361994,-0.0373782,-0.021207854
0.9289621326843019,1.0310289,0.97852194,0.9792482,0.27403167,0.33962792,-0.058051057,-0.059542555
0.9497124955059995,0.6924849,0.9841513,0.99022233,0.113306575,0.074474,-0.04644279,0.20797807
0.7327976122876181,0.71289676,0.9453355,0.947079,0.1232441,0.13995884,-0.37447342,-0.14872639
0.9236719022835046,0.6147158,0.9897623,0.98450595,0.09273111,0.08264591,-0.31378993,-0.064793855
0.9507470953515353,0.86238456,0.9921349,0.99104226,0.1030867,0.12396451,-0.6458522,-0.008184313
0.8533890353582457,0.73581344,0.9614094,0.9616976,0.18965079,0.1459582,-0.12281368,-0.14035697
0.9015824869091981,0.8343477,0.98449314,0.97437507,0.14279673,0.19646522,0.16228773,0.38480586
0.8820422897347664,0.8571736,0.9661114,0.96888065,0.25353485,0.18554509,0.20393161,-0.17821883
0.8885982920637269,0.92997026,0.9647619,0.96683955,0.2665418,0.3616852,0.19977234,0.08784381
0.6241295640445632,0.6477792,0.9256052,0.9215989,0.12661988,0.09622728,0.057658106,0.00030676473
0.8916302259888363,0.9160843,0.97276694,0.97199273,0.21341573,0.23659235,0.16666365,0.021264322
0.8204609095137456,0.6465462,0.96548724,0.96559256,0.10400747,0.11242201,-0.29409546,-0.21177006
0.9371488329518134,0.8568103,0.9928272,0.9842682,0.1691174,0.18249871,0.34589905,0.039868496
0.9236404503744722,0.89677006,0.97447795,0.9697781,0.27452755,0.33240283,-0.009595,-0.02416262
0.8341715028436013,0.71487224,0.9739425,0.96805423,0.12693685,0.12512383,0.3082409,0.30872127
0.7725849423015908,0.67900395,0.94370013,0.9533899,0.12647781,0.1261149,-0.4176333,-0.2385724
0.6600023527683766,0.55108434,0.9350265,0.9334987,0.07680074,0.08863599,0.17609847,0.011921599
0.9370077643852424,0.8335844,0.98267907,0.97874904,0.2113303,0.24646665,0.3489771,-0.099552676
0.9706235199077633,1.0405233,0.99020374,0.99259245,0.15287723,0.20895779,-0.011122265,-0.02556648
0.843487510830002,0.66078305,0.97229254,0.96860963,0.09148237,0.10571192,-0.71872616,-0.732107
0.8205252825160453,0.6095874,0.9591314,0.9484801,0.09923225,0.15182662,0.6436673,0.8662464
0.8270098185935711,0.77769727,0.96410507,0.97762823,0.14539497,0.103966594,-0.42424127,-0.3734412
0.8717167976506877,1.2508024,0.9403117,0.9545618,0.75144315,0.46915317,0.41982648,0.2821854
0.9098915877586543,0.87328345,0.979373,0.979353,0.18363965,0.2497428,-0.78739375,-0.33236888
0.8979981066876972,0.8911931,0.9570565,0.96366554,0.2853284,0.29315615,0.008598368,0.2453013
0.7389771401883425,0.6395897,0.96347404,0.94519985,0.07781997,0.091169976,0.7281809,0.32898003
0.8034918282969631,0.74713814,0.9436462,0.94298345,0.1914568,0.20949288,-0.53299856,-0.35422328
0.957309267793483,0.6094902,0.9923343,0.9887196,0.0731075,0.10052085,-0.13523124,0.14730152
0.9381258771282605,1.0066774,0.9941932,0.9810992,0.2981824,0.38213694,-0.1449839,0.14864267
0.6828696232431398,0.6815582,0.94217753,0.951439,0.10019818,0.09367072,-0.44469568,-0.5155762
0.9422055254728842,0.9658869,0.9815923,0.98607355,0.24101742,0.15437058,0.57061285,-0.029645825
0.8552436427589829,0.85505223,0.95141846,0.95986545,0.2495327,0.2536148,0.512205,0.10773183
0.8660958454553354,0.5305777,0.984702,0.97567827,0.05499145,0.07802737,-0.44262308,-0.23884442
0.746852205768353,0.6401994,0.9361158,0.94009805,0.13459173,0.13470985,-0.4095145,-0.3599665
0.9077846708135474,0.75648385,0.9862433,0.97208977,0.15343107,0.16748282,0.64781797,0.63052785
0.9157587892094063,0.83496875,0.98353106,0.9890269,0.14652522,0.12088385,-0.20309855,-0.30863792
0.8081687879950061,0.5185556,0.94910455,0.9642138,0.07349037,0.06300241,0.4316606,0.34525058
0.8373012721442037,0.6961916,0.9553573,0.9448123,0.13448907,0.24081428,-1.1377709,-0.8143781
0.8995338389014144,0.7231398,0.9734834,0.97649115,0.16307701,0.11791034,0.25442126,-0.17457612
0.8362454125192662,0.742641,0.95406425,0.9590928,0.1833757,0.19300072,0.546452,0.43999606
0.9367707887313262,1.0733184,0.98613954,0.97207916,0.37560937,0.41750666,0.1627042,0.2819433
0.8656145574423293,0.8424518,0.9646708,0.965995,0.21550168,0.23676296,0.19322248,0.38454232
0.7926973441115752,0.6974699,0.9419551,0.93726885,0.15835686,0.1637453,0.93501365,0.8490251
0.8881800015648004,0.7271238,0.96995443,0.9677091,0.15154015,0.18709521,-0.1144552,-0.7039832
0.8007774969821488,0.72380614,0.96029544,0.93925786,0.1313333,0.18870568,-0.90193343,-1.3854556
0.9017735753237721,1.0052606,0.97594863,0.9788609,0.24449837,0.2278679,-0.34525466,-0.21692657
0.9017867565098812,0.8013023,0.976257,0.98212487,0.17856404,0.12314503,-0.44841,-0.85212845
0.8686195007711202,0.5508721,0.9730206,0.9646115,0.07734418,0.10791673,-0.15892485,0.029329747
0.8424266039082567,0.757839,0.97113097,0.96479833,0.16998611,0.18360108,0.045967218,0.12846729
0.6013764574362332,0.59558564,0.9011053,0.913368,0.12495781,0.07845632,0.32739538,0.20650053
0.9413335788373728,1.0003597,0.98656845,0.9725636,0.34925488,0.49310672,-0.07370811,0.09436286
0.9261509728881557,0.7280468,0.97873163,0.97427183,0.12920336,0.21539584,0.26160058,-0.014183903
0.9107224701955954,0.9241773,0.9719175,0.96576464,0.29956424,0.3622466,-0.1290254,-0.08147913
0.9363312876050061,0.9778526,0.9871545,0.97240984,0.3041185,0.4714747,0.25359395,0.31936654
0.9348957640473224,0.8622835,0.9810196,0.98234785,0.24542786,0.21372618,-0.535078,-0.37568873
0.7477207655233226,0.5211714,0.9608792,0.92900944,0.065744065,0.115658335,-0.60311335,-0.57252437
0.9381032666405227,0.6823844,0.9872462,0.98763114,0.08750016,0.10222338,-0.0072273137,0.06763459
0.951973099259696,0.75879645,0.9911538,0.9904937,0.09369181,0.11267987,1.0490829,0.6817057
0.8281305650128904,0.93695587,0.9433929,0.93119186,0.3774307,0.48598215,-0.5659251,-0.9122455
0.9247079390572703,1.0233198,0.97893435,0.9644534,0.37436277,0.41496986,0.07267675,0.18621168
0.9396071160971388,1.1539884,0.9861409,0.9734659,0.4264355,0.4894961,-0.4117707,-0.10906596
0.6858492230835588,0.4497005,0.9357544,0.9493203,0.04160278,0.055993155,0.38763013,0.3897166
0.8428165014426403,0.5733843,0.9591393,0.95969576,0.08219267,0.08378116,-0.4508525,-0.48626712
0.9040233272357325,0.9423819,0.97874,0.9746724,0.2597512,0.24941608,-0.380514,-0.4557449
0.9387373421339749,0.9076501,0.9885136,0.9886201,0.22120367,0.17061763,-0.118738405,0.13386077
0.9397556265849003,0.66168684,0.9774558,0.9832802,0.11854801,0.13936475,0.30627626,0.3748768
0.9071238888838222,0.649794,0.9847335,0.9741461,0.096145235,0.15180705,-0.8401599,-0.74777627
0.9272409969985597,0.8100124,0.9778329,0.9736917,0.21416469,0.28713912,0.47315288,-0.20447603
0.8763390194462432,0.7961293,0.9754689,0.9598365,0.17169009,0.27026582,0.14197955,0.22864528
0.7806412536066006,0.80167955,0.94987917,0.94230056,0.16128653,0.19130391,-0.6835063,-0.7852816
0.9506968666074986,0.7010237,0.99314207,0.9883381,0.09843441,0.11507122,0.30251056,0.054838352
0.6802052449608393,0.60470986,0.8883874,0.92629176,0.14640938,0.116115,-0.12030513,-0.25574818
0.9371334668053548,0.8656635,0.9846576,0.98504275,0.16037205,0.15300862,-0.45865157,-0.74663436
0.7464460074313612,0.73028916,0.9416233,0.9510656,0.13994989,0.09409531,0.17243071,-0.022753166
0.9494942905430866,0.6915979,0.98449457,0.98717445,0.10898213,0.116528034,-0.052208174,-0.1363295
0.9377262761162043,0.78164333,0.98293626,0.9857244,0.14404838,0.15905674,-0.4011969,-0.23636603
0.8900016848002696,0.66223145,0.97395945,0.9775499,0.09303578,0.11609073,0.116940886,0.3587372
0.8796957360153178,0.94579804,0.96972704,0.97072136,0.2823201,0.22945417,0.53720015,0.3371971
0.8318603007776482,0.5885044,0.96590304,0.97087085,0.075165085,0.08327071,0.13133085,0.020386482
0.9063587626174021,0.9037851,0.96742,0.9679664,0.30558994,0.2776735,0.77313673,0.9160348
0.9453196261951402,0.8516648,0.9815464,0.98648787,0.18086371,0.17929806,0.46454605,0.22995228
0.9062923436627752,0.9857684,0.981377,0.9663607,0.27343324,0.41053054,-1.5599263,-1.0118856
0.8850133512021363,0.78024954,0.98361623,0.96344715,0.16018552,0.2871003,0.49693567,0.46269023
0.9108532821205252,0.6498148,0.9857043,0.9868181,0.07888421,0.06430701,-0.42093182,-0.31950805
0.9026145262423243,0.6824982,0.9765884,0.97064704,0.120009296,0.15685375,-0.7084955,-0.24727783
0.9218768978363038,1.0672978,0.9759274,0.96443117,0.41889286,0.5262056,-0.56726754,-0.24913514
0.9283374523419925,0.76959586,0.9925161,0.98656946,0.11974015,0.15578134,0.8920804,0.13791038
0.9195025632484102,0.98770326,0.9819397,0.9673239,0.30567172,0.39016336,-0.16858552,0.040789988
0.9424704647792744,0.85509205,0.9856457,0.9838337,0.19486856,0.19037819,0.36736745,0.43152854
0.9249032860325258,0.89208496,0.9932767,0.9791467,0.19547224,0.25042394,-0.36307266,0.013765801
0.8720578979932638,0.5917375,0.96789616,0.969601,0.086499795,0.0894619,0.35647652,0.42605978
0.7885674902667985,0.76538146,0.9351887,0.9515938,0.195439,0.17008421,-0.95209086,-0.8863515
0.8987419501347121,0.62128127,0.98182994,0.9734963,0.07862937,0.12644131,0.044261236,0.10777448
0.916066849418696,0.76361823,0.9779964,0.97204703,0.16924766,0.20165244,0.5896913,0.07433609
0.8071906192624991,0.6830288,0.95929,0.9563261,0.10547675,0.16266939,-0.24307396,-0.32602108
0.930762502764707,0.6542793,0.97436327,0.97716266,0.13024902,0.13187565,-0.29002345,-0.24055524
0.9361769324320552,0.75707525,0.98724663,0.9869772,0.115615,0.1417747,0.40674376,0.5339264
0.8507856969577116,0.88898385,0.94105864,0.9594996,0.2773719,0.16188669,0.2936541,0.22805324
0.9157928914868627,0.87277955,0.99419904,0.9767785,0.16815099,0.2652325,0.0628573,0.35146618
0.9172409733825558,0.8673974,0.98314935,0.9768949,0.17653677,0.18785074,-0.46650743,-0.5499242
0.9352024334083895,0.8425818,0.98811996,0.9879936,0.10851701,0.12779225,-0.10999716,-0.21084951
0.8213030761764922,0.63537455,0.9478936,0.96487564,0.12982337,0.08755887,-0.00831169,0.04024758
0.8846792404286786,0.62921333,0.9831881,0.9751929,0.07220725,0.08754987,-0.28196442,-0.579059
0.7381397888863663,0.62597823,0.97188795,0.9536935,0.061320446,0.089570485,1.1616082,1.2321147
0.912311207648957,0.8324218,0.98176086,0.98287576,0.18400931,0.17282672,-0.10071987,-0.3724234
0.9375977190396352,0.85165226,0.98829985,0.9829983,0.12983108,0.18529178,0.033738047,-0.25079665
0.834792030654725,0.80718327,0.965186,0.96368134,0.17280799,0.17708671,0.22533128,0.2937573
0.9083566442810632,0.8010796,0.9821034,0.9778907,0.14153457,0.15143591,-0.14955388,-0.10216114
0.9222601780747025,0.8457017,0.98108727,0.98151916,0.18559638,0.20888612,-0.56708986,-0.7296718
0.9125903793584609,0.890089,0.98664206,0.9699974,0.21045253,0.28997678,0.14662884,0.2662223
0.8982067884490862,0.85365677,0.9585852,0.969835,0.25675964,0.22920986,0.7526283,0.5795233
0.9019318117650901,0.7015731,0.97570187,0.97110236,0.1380588,0.15083972,-0.28712755,0.023881966
0.8419177723388438,0.7565386,0.9558736,0.9576001,0.21332598,0.18653429,0.605413,0.5508395
0.9131790491486479,0.73470855,0.9862433,0.97240824,0.15343107,0.18100233,0.64781797,0.6038649
0.9151331025812965,0.8912098,0.9810731,0.97950053,0.22885783,0.21976319,0.39529794,-0.19913776
0.8173636733061878,0.73311514,0.93401545,0.959377,0.1799087,0.13676074,0.7588383,0.7676667
0.8555714167634267,0.7752413,0.9571558,0.95612544,0.23287101,0.21414748,-0.13441099,0.15563425
0.8296896958863514,0.9340698,0.9328428,0.94939935,0.3747978,0.30064347,0.07942179,0.0874822
0.9113525322953848,0.8697664,0.9769695,0.97215486,0.23808478,0.29324105,0.373805,0.36052927
0.8646772509243602,0.7858242,0.95381254,0.96128994,0.17959745,0.20187542,0.24868807,0.41769013
0.9296656524905045,0.76787645,0.97322166,0.97253567,0.18815465,0.22972275,0.25789642,0.18214242
0.8844137473941998,0.6236593,0.9792585,0.9734473,0.0878926,0.083003305,-0.48884454,-0.73336345
0.9069558696569391,0.8053849,0.99014544,0.9735316,0.15406007,0.20478088,0.024746353,0.23025003
0.9422269478652192,0.91990554,0.9939271,0.9764689,0.22903964,0.3625633,-0.164566,0.07326535
0.9006863958858234,0.62134945,0.9757731,0.9704552,0.10532623,0.14329289,0.4243249,0.28709933
0.8863159347065497,0.6357549,0.9861231,0.97766143,0.08128674,0.10605425,-0.2200426,-0.20535529
0.8257326704852275,0.6533787,0.9612883,0.96022284,0.13384075,0.113407604,0.054621756,0.15815891
0.9141070098731217,1.0443735,0.9686713,0.96833855,0.43527284,0.462452,-0.022702036,0.25193825
0.8404386041021769,0.7966404,0.9516229,0.9501883,0.21698721,0.21751565,0.758836,0.71324
0.9187058268649325,1.002873,0.96423405,0.96590245,0.35655004,0.3778077,0.65341455,0.49816617
0.8395119397619104,0.7188426,0.9546907,0.95264935,0.19473304,0.2429723,-0.390625,-0.17979172
0.8499033362405339,0.67927295,0.963952,0.96396327,0.11799758,0.1290744,0.23097278,0.17654602
0.8761702038032327,0.6736977,0.9715517,0.9683246,0.12494684,0.106528424,0.5671549,0.51710135
0.9272644455783114,0.88475525,0.98708797,0.9715961,0.21528593,0.2653684,0.4459402,0.45273
0.945862829610053,1.0267544,0.9922844,0.9794458,0.29921943,0.4097795,-0.22581074,0.0020008762
0.9104048729607798,0.94348943,0.9686642,0.97368044,0.31689733,0.28097636,-0.43962815,-0.30432388
0.7248142295062767,0.60429,0.9433182,0.9451516,0.09963225,0.09272372,-0.19049472,-0.09640857
0.8800426255428202,0.6856172,0.976261,0.9745894,0.10854855,0.121124335,0.4526499,0.8348289
0.798426823940292,0.6120056,0.9623341,0.9505969,0.08425355,0.12667246,0.7172146,0.799736
0.7823773163483707,0.84001595,0.95081675,0.95033956,0.20046908,0.15629794,1.0362893,0.83518595
0.9277506710641075,0.9681637,0.98742765,0.96967787,0.27626175,0.45608693,0.42853945,0.34808406
0.7919111823217893,0.7739777,0.95722,0.95533025,0.17490982,0.16199012,-0.5595828,-0.3186169
0.8337942479670799,0.69730586,0.97124857,0.9671873,0.114080064,0.106897816,-0.24038339,0.11204898
0.9205554591608736,0.9639021,0.97682077,0.9646989,0.32716006,0.34263542,-0.2413245,-0.016549725
0.8471522461363595,0.6359246,0.96789026,0.9672128,0.10193301,0.115659915,-1.002272,-0.655563
0.8017723722515796,0.6345122,0.9577238,0.9506242,0.10560413,0.1203747,-0.48837635,-0.19279176
0.9122195973471358,0.692023,0.9814287,0.978575,0.11980508,0.127547,0.3751406,0.34213048
0.8142931020628963,0.73874474,0.93367916,0.95076835,0.19436474,0.120100304,-0.33810684,-0.3432363
0.9361600274176046,0.7996872,0.98288363,0.98420197,0.16739759,0.17903043,-0.4677485,-0.06364467
0.9322848662215786,0.9038173,0.99496275,0.9797816,0.19458233,0.23644225,-0.48333275,0.04240934
0.8093149813303971,0.6309479,0.978254,0.96097976,0.06939803,0.10514063,-0.51518077,-0.4940791
0.895930654964905,0.7216264,0.96998996,0.9735342,0.122281596,0.15430021,-0.237014,-0.11430323
0.8798847915335667,0.68503225,0.9760614,0.979334,0.10167678,0.0814443,0.044536334,0.20682828
0.8151392285342767,0.73158455,0.94283164,0.9436217,0.14602631,0.22717832,0.3198786,0.19558004
0.9564625155856433,0.66197705,0.9898492,0.9912664,0.079536974,0.08900716,0.79359657,0.05601103
0.934610067233611,0.9401286,0.9843046,0.9806558,0.22307199,0.26778555,0.4847375,0.5349948
0.8745291718606676,0.7011219,0.9722403,0.96441454,0.11168288,0.16698161,-0.32778898,-0.16080268
0.9215998402559745,0.7768192,0.97650886,0.97863716,0.1515709,0.20099798,-0.14198756,-0.5291558
0.8215012578402014,0.7057405,0.96035093,0.96652925,0.13427396,0.12763536,0.6839663,0.41442126
0.7903781480925038,0.6276129,0.95135653,0.9558207,0.09622718,0.100096375,0.14493507,0.062326543
0.8455016088162575,1.0031973,0.9093663,0.92853737,0.5500321,0.5657352,0.04894709,0.27287483
0.8910732423477189,0.60630286,0.9781531,0.97327447,0.08944141,0.10870064,-0.2686189,-0.41595867
0.9088806907009106,0.71335804,0.97784775,0.98187906,0.11768297,0.089076206,-0.050984763,0.23286271
0.9130994175199069,0.8735248,0.977949,0.97488225,0.21687415,0.21083726,0.56891954,0.2737132
0.8856969204635075,0.7830583,0.9618933,0.9800916,0.17318884,0.066202745,0.010109283,-0.12830162
0.871276011660162,0.6836565,0.96681154,0.9649864,0.12701687,0.11659551,-0.077854596,-0.048519332
0.9088216015394565,0.65366143,0.9841037,0.96622413,0.10380223,0.23046197,-0.2027822,0.49147475
0.9317652104322316,0.84389603,0.99073464,0.97665864,0.20904268,0.261666,0.31969073,0.31173366
0.8918142879702862,0.7884802,0.9674388,0.9621604,0.19848089,0.20128441,-0.31874433,0.0027405089
0.928858732219738,0.7501587,0.98899424,0.97200274,0.16241919,0.2271793,0.116302215,0.19099157
0.920030318340851,0.8183739,0.97477895,0.9751054,0.18343207,0.2051625,-0.93853563,-0.32678697
0.9267606966337115,0.67889714,0.98381555,0.9762134,0.12628387,0.17375648,0.3634661,0.03386978
0.779400112416018,0.81275237,0.9168551,0.95369864,0.22869466,0.15703876,0.45770764,0.33008048
0.8082670221227236,0.58992606,0.96204513,0.95717436,0.073928796,0.09336582,-0.3366799,-0.02300107
0.945053117864499,0.887974,0.98174876,0.98275554,0.19781345,0.19005035,-1.0128107,0.048734333
0.9435760595053362,1.1053263,0.97696084,0.9838786,0.37970567,0.31357333,-0.007086857,0.15063556
0.9050241565798652,0.8359645,0.98491573,0.972223,0.14219145,0.24833964,0.79034376,0.7385093
0.8964402553024409,0.82895553,0.9862433,0.9721465,0.15343107,0.20031486,0.64781797,0.46582296
0.8643650903624145,0.69067866,0.97386825,0.95952743,0.12967022,0.18011802,-0.5875079,-0.38000232
0.905776755228281,0.7040957,0.9829694,0.98721904,0.091188684,0.07640076,-0.43753737,-0.17922087
0.7742335505653682,0.6300098,0.9407208,0.9447138,0.12786862,0.12486905,-0.68947506,-0.7114036
0.9432198195762694,0.8814441,0.9845263,0.98244476,0.22455211,0.20465465,0.14108564,-0.22835469
0.8866675213228036,0.85835177,0.96807927,0.9619295,0.23188505,0.25056764,-0.68911725,-0.36078835
0.8859152705784435,0.6737696,0.96708286,0.97600836,0.13820787,0.09631167,-0.2653287,-0.086388566
0.8270684300589489,0.81515414,0.94111013,0.9391895,0.23275903,0.2857174,0.24766535,0.34546798
0.8636821984771519,0.752763,0.9548522,0.96046257,0.17468022,0.15855773,0.39670658,0.5309933
0.8209829376292701,0.89991593,0.91994023,0.9386297,0.3701374,0.23976909,-0.3094629,-0.16572809
0.8325297618767621,0.68445224,0.9442601,0.92877096,0.18138964,0.24387029,0.07648891,0.08145636
0.950363299578128,1.1214823,0.9945704,0.97893757,0.3066882,0.37903053,-0.16594037,0.0842667
0.827429418532707,0.8151757,0.9544461,0.944961,0.19139446,0.28156832,0.46157652,0.116650075
0.9233901706544274,0.6566067,0.992439,0.97988147,0.080264695,0.1325664,-0.29757422,-0.4850389
0.846340668150507,0.6185338,0.9735095,0.96166813,0.121484324,0.12479984,0.0929352,-0.035814952
0.8333155081784813,0.84296626,0.94393015,0.9425568,0.30017793,0.2566491,-0.021623457,-0.093385875
0.6986074303051889,0.581156,0.938484,0.94871193,0.09806786,0.07914276,0.47315633,0.46712258
0.8810611803297891,0.8428894,0.96383053,0.9593672,0.21574195,0.30177936,-0.43051866,-0.10211107
0.934174361563898,0.78611815,0.98102146,0.9828367,0.17066906,0.16976002,-0.11354513,-0.23317528
0.95571331131413,0.72440255,0.99269783,0.98993534,0.112155944,0.102046855,-0.48515558,-0.09715468
0.9289638409222147,0.72061867,0.99262846,0.97658616,0.12847772,0.19101258,-0.3286424,-0.014069166
0.8248212140833943,0.8568537,0.9625068,0.95109594,0.230004,0.25824276,-0.04049485,0.33439708
0.9145022227363557,0.7423425,0.9862433,0.97033864,0.15343107,0.20514704,0.64781797,0.54366297
0.9117939140790263,0.6501651,0.9776299,0.9829039,0.08857084,0.11557249,0.07571276,-0.11077122
0.7997076384812224,0.7700241,0.95554984,0.94962,0.1868007,0.17632325,0.38530338,0.25253135
0.9258414450306315,0.6552165,0.9875354,0.9786834,0.08895636,0.12541409,-0.44239587,-0.06872651
0.9247081756013082,0.83379275,0.97954494,0.9718688,0.2358108,0.2386823,0.07760848,-0.24281406
0.6418762757562042,0.6258383,0.9123912,0.9130639,0.11681463,0.12113995,-0.93233794,-0.9038716
0.7967096486255438,0.71967113,0.95202637,0.95085853,0.14975856,0.15672429,-0.13853854,-0.16648462
0.8715337194773953,0.6352442,0.9669179,0.9708559,0.10156751,0.09753102,-0.77973866,-0.43124387
0.8753811758369883,0.73065996,0.96091235,0.9585752,0.1654759,0.18436737,-0.26407894,-0.4106712
0.9281616002818561,0.9553486,0.98502374,0.9769656,0.29544583,0.27738765,0.2365379,0.20360297
0.8499190833150534,0.8212985,0.95417136,0.9670852,0.20502806,0.16337378,0.066060655,-0.047077857
0.9194924563667932,0.75776917,0.9878765,0.97977734,0.13171336,0.15078112,-0.4285003,0.14935865
0.8953735914517748,0.6846081,0.9833129,0.9662343,0.14349222,0.19169353,0.70277405,-0.1491306
0.6583593206958963,0.6660318,0.8863067,0.912666,0.16213298,0.11874702,-0.31728694,-0.45701635
0.6021870508459282,0.50835186,0.91559243,0.92287093,0.07200056,0.093955204,-0.5417767,-0.5985967
0.9157924253107882,1.0317056,0.97625613,0.969112,0.40787202,0.3360108,0.26006043,-0.1274019
0.878495411895937,0.79985446,0.97640795,0.978843,0.15663932,0.119545095,-0.22357891,0.031407036
0.8234740343478456,0.71299535,0.9410005,0.9367997,0.21585068,0.17442589,0.42096874,0.4678493
0.958367442170791,0.93839186,0.9902137,0.9904201,0.1809227,0.20314135,-0.13533539,-0.36632
0.9304659278185486,0.6858577,0.98780304,0.9885345,0.07269065,0.094145894,0.29676762,0.29749733
0.7692793668606988,0.7311241,0.91692525,0.92148954,0.2228424,0.18110365,-0.45822182,-0.4445471
0.8608328404532547,0.8125329,0.9536078,0.9571214,0.20221865,0.24030253,0.48597237,0.43054983
0.9048647289703567,1.0628204,0.97518414,0.96474886,0.40016767,0.54921037,0.889491,0.5189164
0.9463163797626208,0.74898654,0.99438983,0.9888812,0.12238554,0.14194383,0.0041630035,-0.4345876
0.8902976582236254,0.67711663,0.9786162,0.9694609,0.12729758,0.16224341,-0.27342486,-0.06030675
0.9000392067902733,1.0662777,0.9463872,0.95629615,0.55614954,0.5104966,0.48616415,0.2939955
0.9601906170468555,0.637525,0.99316186,0.99084574,0.08650623,0.08604505,-0.029556064,0.3125121
0.8870058330569334,0.8820184,0.96479297,0.96083564,0.2656137,0.30094624,-0.17007427,-0.3631834
0.9109120627208251,0.6432419,0.9842514,0.98152643,0.09626619,0.12752892,0.1838423,0.3034001
0.9163062358249978,1.0634086,0.97893435,0.96687514,0.37436277,0.42801046,0.07267675,0.08034902
0.7293525434484069,0.527163,0.9325808,0.94092596,0.08983478,0.07450222,-0.41932902,-0.5075505
0.8390374393339903,0.669039,0.9515323,0.9575733,0.14864783,0.11092222,0.20228359,0.0010814379
0.8861363947098232,0.76894695,0.9604053,0.97157085,0.20090002,0.1503533,-0.13882996,-0.035396043
0.753362818522051,0.73770404,0.9464486,0.94630414,0.1486475,0.13674013,-0.58444476,-0.5520983
0.8554233760719815,0.6900159,0.97130746,0.96503437,0.13331439,0.13054897,-0.3394357,-0.21715745
0.9422392905982865,0.99859476,0.99273646,0.9795649,0.25845644,0.2581557,-0.09268083,0.11426014
0.8916498844879817,0.8342559,0.9628076,0.95846796,0.26578307,0.3280889,0.7212109,0.4398898
0.8222763596602176,0.7324112,0.95002455,0.93832606,0.17794415,0.24960016,-0.042919632,-0.059559032
0.8817279595724736,0.8995728,0.97035843,0.97575957,0.22083685,0.15485539,0.6800199,0.33009
0.8886700524592085,0.7583777,0.960996,0.96424884,0.17064701,0.19602937,-0.015627906,-0.020103464
0.7317295537487287,0.5741423,0.9250795,0.9350539,0.093829855,0.11526697,-0.17217807,-0.016869094
0.6535983276797325,0.5914277,0.94605494,0.92460006,0.066381685,0.14391014,-0.0849197,-0.08015639
0.9031885779181726,0.63464224,0.97780347,0.97884804,0.104821466,0.11215301,0.012771962,-0.41686538
0.8250973515995764,0.82562494,0.9786284,0.9610408,0.14267698,0.1733704,-0.57382077,-0.46848494
0.9148614457534847,0.71741766,0.97705793,0.9809056,0.14681157,0.13279422,0.07124834,-0.14084832
0.8948263015082084,0.77187026,0.9604833,0.957753,0.18860352,0.2323089,0.6851945,0.35826638
0.8890660463785675,0.83581465,0.95995283,0.96159446,0.19123065,0.3084215,-0.75745183,-0.8282569
0.8501806372769021,0.8000828,0.97232044,0.9715669,0.15700817,0.15581998,-0.38152292,-0.568076
0.9556571958491515,0.8529668,0.9826165,0.98867214,0.15552741,0.20082685,1.0200434,0.49984902
0.6084820345091256,0.57226384,0.9215157,0.89897525,0.09099899,0.13800736,0.16219719,0.20189409
0.8182079112652659,0.70513123,0.9556102,0.96583796,0.110150844,0.11419105,-0.16239649,-0.020791424
0.9430493663758986,0.8241513,0.99315315,0.97923356,0.20026451,0.24570237,-0.10092176,0.15831523
0.8794524374163901,0.8024271,0.98905694,0.9754252,0.11872432,0.1899385,0.48796213,0.44809166
0.8547840607334499,0.74063796,0.9563,0.95558095,0.18343611,0.19168596,0.033719324,0.16736692
0.8850428984708638,0.8154966,0.9666065,0.9717537,0.19230221,0.18055522,0.14768946,-0.42105728
0.8249319279874955,0.63516253,0.9668342,0.9591657,0.09957209,0.13379939,0.31175053,-0.0029145128
0.7756809950209593,0.64112085,0.9480001,0.9517796,0.120178916,0.114834845,0.67023003,0.4423941
0.950739386934302,0.84917545,0.98827624,0.9867514,0.20287253,0.20989855,0.7951827,0.13462195
0.7566260072681613,0.70020676,0.9280002,0.92117125,0.1627784,0.2373612,-0.08246046,0.07040755
0.5383459846313576,0.57645136,0.91202295,0.8967574,0.090078525,0.1019403,-0.26545274,-0.21152492
0.7113837851174057,0.79448843,0.9215006,0.94028664,0.24697325,0.13083439,-0.05274871,-0.03146152
0.919937161461946,1.0753261,0.9769298,0.9690554,0.41499448,0.4528923,-0.22541438,-0.55475456
0.8626890714062515,0.8269718,0.95585465,0.95245355,0.2419909,0.28086045,0.49936187,0.37828687
0.8984837915014067,0.86209816,0.96719533,0.97384644,0.19498609,0.1861538,-0.5064073,-0.46514925
0.8327692665550828,0.6290807,0.9596931,0.94967556,0.11077428,0.17772682,-0.38964394,-0.54873526
0.8985279399884705,0.741048,0.9635699,0.9692156,0.18075678,0.1580449,0.67731225,0.5978335
0.9313418526946965,0.9963657,0.97891974,0.96176946,0.39720464,0.5347083,-0.21736705,0.00552298
0.7056334878773581,0.74131435,0.9096857,0.92084914,0.20502888,0.1426045,0.13842808,-0.0137578035
0.8047891120622581,0.84220773,0.93653333,0.9458671,0.2620438,0.17259717,0.4803623,0.41811562
0.7705267442122792,0.54051864,0.9608259,0.94698226,0.0472009,0.11388129,-0.22681528,-0.28665143
0.9453245229639239,0.80973846,0.9830173,0.98631406,0.16226637,0.17394334,0.33130845,-0.006422661
0.8620147734423639,0.82754815,0.94142604,0.93507606,0.27595857,0.33880165,0.71787816,0.6850848
0.7017720175702631,0.7437657,0.9275645,0.9373393,0.15546618,0.14520955,-0.023499224,-0.1457737
0.8383179806588771,0.69017476,0.9633854,0.9568923,0.11291974,0.14544386,0.4371647,0.49996033
0.7728252602920417,0.8999809,0.9080682,0.9302946,0.35484216,0.25146818,1.0995901,0.91153187
0.9162009731360664,0.7251015,0.98419935,0.9807278,0.13127248,0.13022062,-0.09985385,-0.45377544
0.8619363706138193,0.83251745,0.94787264,0.95530576,0.2944301,0.22738567,0.16042012,0.28615698
0.9394974164955867,0.88853884,0.9937674,0.9798554,0.2012175,0.26046833,-0.22793245,0.10315031
0.817449466756865,0.8248997,0.9613549,0.95913225,0.17454122,0.15909423,0.3996421,0.3498839
0.6922162384985984,0.6681635,0.9116274,0.9183081,0.13489267,0.120571174,-0.00062418386,0.07090501
0.9167112921458069,0.8514617,0.98258334,0.9722227,0.23207687,0.26278523,-0.011820029,0.08061721
0.8547553974328638,0.7676867,0.96189594,0.9560852,0.1552882,0.17069776,0.4334959,0.57253176
0.8330447673991628,0.7858428,0.96238863,0.9704056,0.16782284,0.12192599,-0.064620905,0.04550741
0.9246964728154358,0.72717667,0.98028076,0.9783024,0.14113626,0.15895283,0.108338915,-0.054606903
0.7712287715886036,0.7012997,0.9596576,0.95438874,0.09060298,0.15577857,0.10761019,0.02139855
0.828261674921868,0.7474186,0.94927704,0.96278083,0.15359774,0.13907117,0.22048487,0.13733414
0.9533559034489447,0.8540336,0.991682,0.9910208,0.13737333,0.13680819,-0.01565571,-0.023487538
0.8203348952855833,0.7223989,0.95768625,0.9497027,0.16637477,0.14471006,0.57020444,0.22312233
0.9141457938793272,0.7615286,0.9862433,0.975908,0.15343107,0.18057388,0.64781797,0.5490282
0.9119918469106957,1.0092764,0.9733429,0.9737187,0.39699918,0.29331458,-0.0989773,-0.5274036
0.8766359966457596,0.8155877,0.95589656,0.95145875,0.22514415,0.36219466,0.2642084,0.36225092
0.8895569303399038,1.0009513,0.9572154,0.94914776,0.40291613,0.3744832,0.35964894,-0.20996884
0.7152949724311958,0.8124032,0.9554325,0.9469733,0.164361,0.19103587,0.1104701,0.20104402
0.8781883046061288,0.71160746,0.9653323,0.9674109,0.17291617,0.16293336,0.85105854,0.9196834
0.7893052526888404,0.80950326,0.94305474,0.93831414,0.21793191,0.19873078,-0.15535988,-0.16852736
0.9269726700436273,1.000914,0.97893435,0.9661762,0.37436277,0.43611103,0.07267675,0.11847083
0.9172332511413203,0.73773986,0.988307,0.9888318,0.098546304,0.09704902,0.46589884,0.8479113
0.8470971605595458,0.68834484,0.9570791,0.9355443,0.16519114,0.24996062,0.59712267,0.6557217
0.8960467842634857,0.75732255,0.98467463,0.982221,0.0973129,0.12797853,0.51229066,1.1872182
0.9488386281021806,0.6841704,0.98802936,0.98423636,0.09260389,0.15495872,0.32201278,0.29420692
0.833442975014918,0.5751575,0.9629068,0.95600647,0.07951445,0.09043406,0.5562142,0.51438916
0.9113786218525796,0.7880653,0.96235377,0.9537593,0.23505376,0.33981276,0.18084414,-0.10440966
0.6784302784048446,0.60444,0.96816206,0.9475333,0.06339526,0.07792501,-0.24337834,-0.33916926
0.9452036243845799,0.67772263,0.986923,0.9856692,0.1104078,0.10441372,0.049335323,-0.23103794
0.9184325033012006,0.9503912,0.9945574,0.97901666,0.1864801,0.32409638,0.732335,0.58084464
0.8526130395860865,0.6959113,0.9494428,0.96673924,0.15898615,0.097953856,0.08481064,0.14816716
0.587260906249745,0.715574,0.9066141,0.92176884,0.13614386,0.066790566,1.0831116,0.831352
0.9412987254557962,0.7785171,0.9824502,0.9873588,0.14188291,0.113482036,-0.03563117,0.11707273
0.899401448736232,0.76910824,0.9692932,0.9746503,0.15194179,0.16881225,-0.3013227,-0.14305885
0.8220985952797755,0.6380984,0.96232367,0.94863987,0.1014271,0.1302891,-0.23950598,-0.44413003
0.9350285942765753,1.0943011,0.9814031,0.96775556,0.42865905,0.5397676,-0.31457952,-0.12738994
0.9333219659075147,0.97360146,0.9811094,0.97647655,0.2543862,0.34113246,-0.18263473,-0.3363028
0.8691010022881605,0.9719262,0.9582933,0.97158563,0.31789875,0.25191396,0.36441404,-0.09391167
0.781223330883733,0.54090345,0.95215416,0.91958904,0.07550651,0.15333591,-0.0006627309,0.0035251735
0.8676835083013613,0.84860885,0.9754689,0.9639257,0.17169009,0.16930331,0.14197955,0.15095456
0.8924927438868392,0.82150495,0.97558844,0.969581,0.22551586,0.15710442,-0.7530189,0.15452717
0.939017755874841,0.9255236,0.98858994,0.9763804,0.2446379,0.290318,-0.53628397,-0.18777849
0.6977456888553103,0.6153008,0.9401846,0.9366614,0.08013713,0.08445219,-0.6253393,-0.6165883
0.9331297139727543,0.94438684,0.9884747,0.97953933,0.2727119,0.30574116,-1.4207069,-0.67027134
0.8969606759937082,0.81411636,0.9732742,0.96453214,0.2391868,0.2851053,0.10395091,0.24325171
0.7360023301123729,0.64667946,0.9415592,0.9327979,0.11614695,0.17044279,0.8716864,0.8355392
0.9480825926532148,0.6932183,0.9860787,0.987871,0.0997789,0.116681464,-0.42947477,-0.003830199
0.7827387233821959,0.77011085,0.9227669,0.90642035,0.21714158,0.4184672,-0.60611725,-0.51168877
0.907129955316793,0.80173105,0.9663502,0.96316874,0.26179823,0.25273418,0.014631729,-0.10535866
0.9488514744402361,0.80273855,0.9850208,0.98784465,0.14978905,0.14178623,-0.064607196,-0.07630371
0.9631989125118261,0.8354633,0.9919664,0.9917662,0.11866881,0.1419443,0.40759552,0.29817623
0.8632293116584301,0.89331734,0.9649283,0.9724855,0.25212017,0.17781946,0.5182318,0.15366115
0.9502938662230187,0.9309621,0.9857315,0.9890281,0.16803746,0.20556773,0.814342,0.7012384
0.9388654192104671,0.9429397,0.9757655,0.97856504,0.36914125,0.35981578,-0.41399065,-0.25271198
0.9156013891202224,0.6806886,0.98278826,0.97212905,0.11372342,0.17519747,-0.4713055,-0.52046984
0.8635541106486578,0.91187763,0.9639182,0.9778311,0.22626698,0.14485636,0.49432638,0.370193
0.8227347320855573,0.8979668,0.95067805,0.9448002,0.26470712,0.2975571,0.3196319,0.2977691
0.8877720214675235,0.6553015,0.9741272,0.9741717,0.10022393,0.11074817,-0.11346356,-0.07648992
0.9075896442686003,0.69315064,0.9947214,0.97665405,0.08546337,0.12561606,0.10852613,0.32110918
0.9000040692486511,0.7541892,0.97370034,0.9668492,0.13579285,0.21788357,-0.28816468,0.40516192
0.9329939975990398,0.89077103,0.97388375,0.9800851,0.2852262,0.286579,0.10065485,0.17699601
0.9115766360922619,0.97103125,0.9824426,0.97792226,0.2484692,0.22458348,-0.3684249,-0.030738683
0.910934974293596,0.85935396,0.9768335,0.9750645,0.21070337,0.17598462,-0.75611556,-0.13838628
0.9022848514375763,0.7437187,0.9744046,0.97198814,0.1670703,0.18742305,0.41553035,0.102881916
0.8980110812817732,0.81677943,0.9608134,0.9704783,0.2210272,0.17619473,-0.6890937,-0.21480976
0.9050879268758452,0.9025565,0.97078335,0.97924954,0.2395397,0.18299992,1.3922573,0.94261456
0.8852332426933189,0.9420816,0.9448989,0.94428575,0.43151665,0.5267731,0.4611667,0.24410531
0.9438309800689568,0.71795714,0.9862772,0.9836061,0.15829907,0.12856734,-0.10740522,0.008690473
0.8392089890574383,0.6213348,0.9560508,0.9601442,0.14421034,0.11632113,-0.057058714,0.08327326
0.9268904395024704,0.58540785,0.98718774,0.9809443,0.06464152,0.10211585,0.4689237,0.3095691
0.9304455020872805,0.8611621,0.9790969,0.9814761,0.17510322,0.18428355,-0.31580955,-0.50782645
0.8672922759827644,0.87222916,0.9488286,0.9522237,0.25363922,0.35831633,0.10849431,0.073327005
0.8288179512348723,0.63497436,0.9628065,0.9535036,0.1007285,0.14918418,0.37351266,0.3353266
0.675271892491503,0.49461114,0.9353994,0.9239949,0.067514,0.07980054,-0.48348394,-0.33443964
0.6888216165154587,0.7269988,0.9256952,0.92770964,0.15443775,0.13133396,0.2640023,0.28970718
0.8356610542817688,0.68832946,0.96739197,0.95700663,0.11642723,0.12290105,-0.38992536,-0.11249694
0.7344839762054363,0.7313901,0.9302989,0.94710577,0.15575431,0.108294524,0.551986,0.6781935
0.8604880229900838,0.67409974,0.95678365,0.9677852,0.13615109,0.12216444,0.8256261,0.6639001
0.8039988844798216,0.6634357,0.9295944,0.95258695,0.1642381,0.12639083,-0.28677928,-0.18762136
0.8855124253299881,0.6804201,0.9794213,0.97264713,0.10705327,0.1213503,-0.22956996,-0.11221073
0.7936358341177336,0.5820664,0.95157707,0.9443417,0.08311364,0.12616724,0.47663018,0.50522816
0.746000386880062,0.6383688,0.9359322,0.95433366,0.12627646,0.07081868,-0.38693124,-0.2590251
0.7947110780657726,0.7169179,0.94646597,0.9515992,0.15611233,0.1930744,-0.42243373,-0.2473776
0.8679671760587482,0.81920296,0.96512115,0.97443837,0.17602739,0.120760426,0.6086437,0.586744
0.8885464221034276,0.94766694,0.97622705,0.9833251,0.23688783,0.13262558,0.6513825,0.6600906
0.9190917561426811,0.86167175,0.9648365,0.9736911,0.25235498,0.20393752,-0.35450652,-0.22524738
0.8064850982536159,0.69402385,0.9543058,0.9528233,0.16566879,0.18736002,-0.024382487,-0.26334226
0.8171772159323546,0.80680317,0.92374796,0.9425136,0.27095205,0.24340409,0.35642198,0.49977395
0.8905838043174088,0.9263298,0.9643079,0.9565929,0.31161925,0.39895746,-0.2399974,-0.16118897
0.9545226907076307,1.066771,0.9873559,0.99129194,0.16483967,0.16696635,-0.51070386,-0.11276626
0.867508793649407,0.752356,0.9570919,0.95143646,0.2151944,0.24915488,-0.23870783,-0.03094112
0.8828565518810484,0.851367,0.9615925,0.96149784,0.22142057,0.30292565,0.14030346,-0.051490426
0.8149247906119665,0.70723546,0.949441,0.9421785,0.14935632,0.1745749,0.045018755,0.023108026
0.9157906335665014,0.7081128,0.9777406,0.98286235,0.13775918,0.09891693,0.43750903,0.26709896
0.8646552500248401,0.6783444,0.98133254,0.9743426,0.08816738,0.100343235,-0.08012217,-0.19132115
0.914431330949013,0.6906897,0.97916424,0.97534674,0.116693065,0.14729768,0.14955756,0.14588858
0.9355312334609975,0.86458325,0.97327673,0.97609335,0.19653527,0.2953325,0.86652046,0.28669143
0.8048169182747071,0.69036865,0.97301775,0.963107,0.10033518,0.10835264,-0.14480145,-0.1989495
0.9347675195468034,0.8112585,0.9829144,0.98341084,0.13827051,0.1331967,-0.67189825,0.16436726
0.8076641282022606,0.6131532,0.9668235,0.9648242,0.07797312,0.09299326,-0.6096373,-0.23386061
0.9038221280995405,0.8699494,0.9754765,0.9746827,0.17801455,0.2008917,-0.59176755,-0.24845894
0.8941721827475493,0.7645027,0.97717345,0.9769414,0.16060619,0.11582618,0.6094744,-0.020710394
0.9148346208695395,0.75492686,0.9862433,0.9701257,0.15343107,0.23746337,0.64781797,0.5921682
0.902087962318074,0.67420346,0.9778022,0.97812015,0.104348645,0.12057732,0.25604972,0.3934166
0.7676494739919159,0.6620984,0.93001026,0.941915,0.15630427,0.14293891,-0.29635,-0.26435158
0.8762041079366575,0.74405324,0.9666196,0.96691054,0.13719432,0.1658556,0.5143833,0.6497425
0.9206205487072879,1.0394571,0.97893435,0.96634513,0.37436277,0.41551182,0.07267675,0.16678867
0.9122902817744452,0.8229098,0.973719,0.9684308,0.19261144,0.30639344,-0.0959483,0.22953615
0.8547603180096509,0.70157814,0.96592104,0.9565568,0.115186825,0.21644402,-0.14443254,0.034727927
0.9098552029848326,0.6835674,0.9810211,0.98698,0.10451237,0.08599423,-0.72470814,-0.4417145
0.8780192863796656,0.7314559,0.970301,0.9779361,0.14671502,0.09126948,0.6010953,0.050589543
0.928086262541802,0.57485247,0.9904561,0.98541224,0.05940123,0.08652343,0.3235142,0.2517616
0.8522310201969634,0.8421274,0.93185276,0.9523815,0.2714493,0.25510696,-0.5476613,-0.43838564
0.7438010226881637,0.62313396,0.94555384,0.95227,0.10326899,0.08280439,-0.38518742,-0.21184641
0.8465309478609517,0.86669856,0.939767,0.94999546,0.2752696,0.29824,0.012466476,0.043316882
0.8857577735073093,0.7119975,0.9749026,0.97610456,0.099808544,0.11434937,-1.2944876,-1.1731449
0.7245460484713678,0.66496646,0.9135976,0.88905627,0.17367552,0.21279271,-0.583163,-0.52239895
0.7433733903784703,0.64701045,0.93558574,0.92318267,0.12192343,0.1713112,0.40194985,0.4421606
0.7220377854140456,0.60785323,0.9384092,0.91249603,0.1004221,0.11308813,-0.41529754,-0.297693
0.6744770331003255,0.63320833,0.90744513,0.92258745,0.14516641,0.114045486,0.19350666,0.107740864
0.7130819562691132,0.5909621,0.9197962,0.91873527,0.11385331,0.13640662,-0.56106544,-0.65470827
0.8854681790929186,0.8989547,0.95188135,0.96088815,0.33109063,0.25360295,0.09694597,-0.16684178
0.9049295911887347,0.65540946,0.9867321,0.9845975,0.08995585,0.074686065,-0.13948365,0.86445636
0.8153322584531614,0.7556789,0.9567405,0.95232534,0.1250158,0.19087005,-0.9658366,-1.0209945
0.9178710383793662,0.62285674,0.9713695,0.97885245,0.11981669,0.09824834,-0.90164614,-0.53842765
0.91404531181525,0.7907275,0.9862433,0.96963346,0.15343107,0.25125945,0.64781797,0.6331082
0.6606940113750419,0.58079356,0.9315479,0.9208503,0.094535984,0.1046607,-0.514115,-0.61546195
0.7462630544420888,0.68145674,0.9355207,0.94207096,0.14998108,0.119627796,-0.9492033,-0.86058843
0.9407670881227342,1.0137308,0.98814803,0.98891044,0.22030096,0.25665003,-0.1660182,-0.29002455
0.599295332354318,0.5797366,0.91555846,0.9283184,0.09023348,0.088884935,-0.89724964,-0.80955267
0.9553273666763787,0.84632564,0.99001807,0.9889625,0.13275848,0.18668161,-0.059029184,0.3669062
0.8253346319240054,0.65781283,0.93870217,0.9286106,0.15614106,0.20786203,-0.21567969,-0.07962547
0.8572609279457487,0.8853648,0.95700765,0.96507645,0.25607046,0.17343958,1.2562399,1.1806124
0.9328066798601677,0.8174257,0.9908693,0.9781261,0.19197223,0.2465674,-0.8032634,-0.339835
0.9097593527294966,1.0874866,0.97203165,0.95504373,0.4270108,0.646335,-1.1378763,-0.8108921
0.8337507914481267,0.5583964,0.95079786,0.9588617,0.09365802,0.10438208,-0.18696699,-0.40417245
0.9157581725053078,1.0584984,0.97893435,0.9640554,0.37436277,0.46017006,0.07267675,0.17461582
0.927109142897463,0.91754466,0.9931281,0.9808895,0.19666122,0.1815012,0.20103762,0.39839098
0.8885746115479379,0.7503464,0.9754689,0.95237124,0.17169009,0.30136263,0.14197955,0.17974408
0.9246162283225966,1.0051321,0.9765573,0.9606226,0.41217995,0.56165236,-0.3940878,-0.17542152
0.844050393480063,0.7855343,0.94967103,0.95860326,0.18755995,0.14924282,0.7604468,0.5199171
0.9073736809237891,0.99750435,0.97404134,0.97429836,0.2946524,0.30943334,0.60195357,0.20901069
0.7527402323104372,0.70502454,0.9460043,0.9336725,0.1522672,0.15773828,0.7727626,0.5920651
0.9508608346337336,0.9254552,0.9873634,0.98854667,0.18742509,0.19813153,0.34077665,0.37276447
0.8308630741220919,0.8094541,0.9539254,0.9632625,0.15514253,0.1618526,0.04937646,-0.39745986
0.8575729771476763,0.65828943,0.975584,0.9651134,0.08944259,0.13851881,0.4133893,0.13868453
0.929129574580732,0.898064,0.9861445,0.9779312,0.21377191,0.26578817,0.23392673,0.18510985
0.9268557374169181,0.8358889,0.9759481,0.9865788,0.20506966,0.12726563,0.06305278,0.67127186
0.8786906235344999,0.6639342,0.98415697,0.9748641,0.075553745,0.09526031,-0.42036542,-0.41461623
0.7837714139794263,0.90600353,0.96342164,0.96604156,0.19136101,0.17360343,-0.64613444,-0.81794304
0.8011744012119042,0.5493284,0.9684993,0.9651772,0.058815777,0.06915213,-0.2824881,-0.23560481
0.9296553207633451,0.92114455,0.9871182,0.9669064,0.27604896,0.41810316,-0.23308222,0.037773427
0.9242981633757064,0.7749751,0.97140145,0.9762234,0.1751882,0.19004166,-0.32605186,-0.3350022
0.9121329976532797,0.72397226,0.98932886,0.97786844,0.10038603,0.16361803,0.99875796,1.2635721
0.8808467546954808,0.5558471,0.97309375,0.97194415,0.06743723,0.065223776,-0.81988424,-0.5322533
0.9230678801708609,0.7709448,0.9823326,0.97900647,0.1729673,0.18629673,0.0725558,0.32207936
0.9380745342199255,0.93605196,0.9889437,0.97455716,0.27346197,0.30277318,-0.007407518,0.17923597
0.894566598426656,0.87853134,0.96317863,0.9598596,0.3026161,0.2875599,0.57712954,0.33668214
0.7961108750257402,0.7661227,0.9461964,0.95338094,0.15402049,0.15307291,0.8537332,0.71668345
0.6462559600409538,0.59161586,0.9433033,0.9299053,0.08187334,0.07639817,-0.26911992,-0.18046167
0.8971418748707001,0.68430763,0.96915454,0.9719754,0.11610213,0.13614261,0.03638456,0.0010668626
0.925754131096661,0.8174793,0.9849461,0.9839799,0.19120938,0.13854155,-0.35929635,0.17996243
0.903756978438638,0.95313215,0.96649283,0.9698742,0.37340054,0.31428945,0.25914562,0.32016453
0.9551441494950641,0.9690763,0.994002,0.99090886,0.19066998,0.23713782,-0.5414976,0.0078302985
0.9333324905555982,0.94038534,0.9785694,0.9802807,0.25335002,0.25714734,-0.2636366,-0.016668966
0.7136493195689119,0.7569843,0.9415039,0.9219043,0.1472485,0.17822447,-0.80381787,-0.58563906
0.7954018888003024,0.855,0.940749,0.9395435,0.26140326,0.23242775,0.17794877,0.13951854
0.7888617358413392,0.62500817,0.9647918,0.9633683,0.084856085,0.08772942,0.4036945,0.4180004
0.9209145061303211,0.7159206,0.9862433,0.9700976,0.15343107,0.20417015,0.64781797,0.6300457
0.8955177850108457,0.62613195,0.97705483,0.9738347,0.08511644,0.113045566,0.08897942,0.25320834
0.7863910662385706,0.66021574,0.9562035,0.93675995,0.14564818,0.17331097,0.06363925,0.3843451
0.7612399884223983,0.68426126,0.9543997,0.9188781,0.13998684,0.21668603,-0.38959068,-0.25677612
0.8819400573984093,0.70362234,0.97866994,0.971135,0.13061808,0.15031601,0.5760556,0.68595386
0.9594273391723744,0.8609066,0.98464453,0.98768306,0.2011474,0.17601706,0.19788983,0.21415162
0.9318622442019592,0.5555558,0.9864918,0.9842938,0.055489205,0.08365153,0.20171213,-0.36561832
0.7617704837392775,0.7373826,0.93027294,0.93570685,0.16458419,0.13085735,0.5998765,0.74649566
0.8489071916971508,0.8023935,0.9479493,0.93344474,0.21617216,0.351967,0.6491869,0.57364774
0.9163526575924252,0.8504907,0.9837767,0.9780854,0.21089044,0.24341556,-0.55827177,-0.45609218
0.6907026246884201,0.5174914,0.9698354,0.94013447,0.03858511,0.08317941,-0.14243948,0.0008410066
0.7512671266667403,0.62436825,0.94943005,0.94118,0.099175714,0.1381926,0.27994114,0.34663218
0.8940371829179493,0.73969436,0.9763205,0.9759301,0.11759986,0.10084983,-0.5165221,-0.42794558
0.7783860995817761,0.68439114,0.9345257,0.94717646,0.17732547,0.09895826,-0.011660716,-0.0122778285
0.6951969422075108,0.5914862,0.9116815,0.9209591,0.12624039,0.10643798,-0.38054675,-0.27768594
0.9516937576470014,0.80876786,0.9840633,0.9832449,0.18418209,0.24531917,-0.3289013,-0.056547526
0.8445886972163528,0.70654505,0.9479052,0.95077664,0.18188374,0.18507989,0.5153074,0.27433875
0.8216894670223147,0.6004285,0.9542334,0.95422685,0.099028446,0.13433427,-0.64899623,-0.5638571
0.9154209845311184,0.6522987,0.9695745,0.97356457,0.14843816,0.14908944,-0.16580288,-0.007779528
0.7025785776925725,0.61781216,0.92760074,0.94693685,0.09851853,0.083293706,-0.5703182,-0.55618435
0.9087596723135477,0.924634,0.9560498,0.9687339,0.32223743,0.3060585,-0.5179869,-0.33747977
0.8310313690610192,0.73304904,0.96271676,0.95022684,0.17094788,0.18353972,-0.121393375,-0.44977298
0.7477053018408484,0.7320036,0.89071715,0.9199726,0.24749222,0.15272182,0.34323877,0.2795664
0.7546624083619853,0.8091206,0.9141474,0.93282115,0.29028866,0.22107679,0.21908659,0.06332656
0.8998730376756862,0.73811513,0.9755095,0.9700481,0.18046331,0.19336204,0.38041392,0.027157726
0.8866965601754496,0.78294015,0.9569992,0.96605176,0.18562147,0.20453967,-1.458512,-1.2787232
0.8970917054349146,0.78121823,0.9745638,0.9723282,0.16873907,0.1837797,0.5887578,0.49998227
0.5862658046505288,0.5810847,0.9332512,0.90424085,0.07287647,0.10406475,-0.29512078,-0.18923835
0.9191210399873666,0.85463023,0.9839665,0.96767193,0.14900133,0.38609722,0.790047,0.48430815
0.8885055644968904,0.860321,0.97143525,0.96912867,0.23877712,0.20897692,-0.32582644,-0.0023606382
0.762969524699124,0.9670294,0.91026163,0.909617,0.47043368,0.37522468,0.3260869,0.060579002
0.9604871501579442,0.9225664,0.9933651,0.9884291,0.19934432,0.21839935,0.78270936,0.19696313
0.8388544379607102,0.7524158,0.9575279,0.9572917,0.15787359,0.18846875,-0.3554367,-0.17299858
0.856231542821047,0.9037082,0.947972,0.94465446,0.34199992,0.3967657,-0.15318768,-0.18531525
0.8512788451966153,0.6734958,0.95591825,0.9652803,0.15309285,0.108931124,-0.2075865,-0.25564685
0.8963890659623572,0.6530512,0.9883339,0.9849422,0.06154909,0.08489051,0.19617067,0.4528307
0.868304399536704,0.7537017,0.96520543,0.9633523,0.13566396,0.16199626,-0.064616986,0.113586694
0.927335093141615,0.7873259,0.9651648,0.9758855,0.25286704,0.2159651,-0.19017649,-0.18551157
0.8707299512847924,0.6339649,0.9697159,0.968441,0.09645436,0.100069396,-0.7081377,-0.5139022
0.9405084564013532,1.0180856,0.9849962,0.9723646,0.37663996,0.40078133,0.49385825,0.33004573
0.8210458184073309,0.594948,0.9683146,0.9572008,0.07264682,0.10417731,-0.22516003,-0.4192972
0.9215926840308296,0.6643765,0.98330337,0.9788197,0.1049771,0.10750839,0.2749779,0.5158761
0.7484023717763796,0.6058286,0.94046974,0.93835014,0.09208642,0.12162256,0.18595193,0.33454096
0.7889968745275,0.63509905,0.9555178,0.96644586,0.09965774,0.078330904,0.31993508,0.41865978
0.8238981378397021,0.76400673,0.93557733,0.9498465,0.21917301,0.18122649,-0.70765007,-0.46678263
0.7811743478358957,0.7389636,0.95636564,0.9598528,0.12189312,0.15630578,-0.10858159,-0.12390178
0.9235363024391274,0.68822,0.9846822,0.97599,0.13263567,0.18377313,0.6447226,0.053946238
0.8461940223670437,0.7933793,0.96568835,0.9709889,0.19473052,0.14557134,-0.61590123,-0.59739834
0.5545357689817231,0.54053146,0.89815503,0.91493,0.085905254,0.1003814,0.55180454,0.5835557
0.8262409580851916,0.8040556,0.9556631,0.9557341,0.17317007,0.2261703,-0.5117063,-0.8064967
0.7060929155348665,0.7024522,0.94697297,0.93167436,0.12962194,0.1334069,0.23062655,0.43188393
0.6583179318908692,0.48583725,0.9393484,0.931633,0.052738752,0.088655174,-0.09534968,-0.2144565
0.7894078621132582,0.85047406,0.94516337,0.932069,0.22283772,0.33096167,-0.32609546,-0.37625
0.7848505040720808,0.7079182,0.96570766,0.9454899,0.1207476,0.15643919,0.54430985,0.29587337
0.9174507487761199,0.8300879,0.97058994,0.97529906,0.24613656,0.23672093,-0.31682113,0.004839828
0.8337400333024054,0.72688645,0.9407055,0.9482162,0.17977852,0.17492133,-0.04342546,-0.21724091
0.719599099327856,0.67586493,0.9363523,0.9383655,0.13072819,0.14367305,0.68987143,0.56023806
0.8022543023126885,0.76565313,0.9375822,0.9561235,0.19787651,0.19537108,-0.87421983,-1.0410596
0.9498067321930772,1.0176532,0.9862428,0.98099685,0.26611245,0.4303188,0.36964568,0.46875992
0.7772540873686541,0.6951395,0.9600333,0.9554368,0.11578714,0.12192867,-0.4128763,-0.56897014
0.7085766517402644,0.53793824,0.93350035,0.94433624,0.07555735,0.08090026,-0.050315883,0.023468273
0.9029282289485168,0.7858053,0.9862433,0.9685844,0.15343107,0.24140456,0.64781797,0.6104074
0.9472048867847821,0.7747252,0.9899695,0.9848699,0.16286057,0.17562261,-0.05800984,0.27799037
0.8793396681183471,0.94244045,0.9506602,0.95139474,0.3609706,0.29906344,-0.74962753,-0.6360417
0.7786031348805017,0.7597996,0.95092505,0.93393964,0.18369736,0.20272727,0.28703776,0.22110386
0.9242873192139712,0.8788695,0.97849697,0.97348416,0.24370237,0.27202547,0.13643397,0.14320414
0.9054754465080715,0.63299376,0.98103815,0.98123246,0.07425648,0.093994536,-0.6875791,-0.44709158
0.898795824575332,1.0222056,0.9488252,0.95345813,0.453837,0.48048392,-0.46617112,-0.12550046
0.8548207542433208,0.5859072,0.9554668,0.95327145,0.117307425,0.12783508,-0.0013479113,-0.14371529
0.8078167236826758,0.5910345,0.95953757,0.9460941,0.07089129,0.113115475,0.7576484,0.62123376
0.9182839390534303,0.8357142,0.991705,0.97284967,0.16262741,0.2617663,0.38937002,0.5096592
0.8230599839775976,0.7667737,0.9664673,0.9615999,0.15418126,0.1571912,0.84452,1.0033021
0.9028074271371883,0.88427496,0.98867935,0.98948795,0.14670877,0.11137457,0.6489652,1.392978
0.9075467213354755,0.5964234,0.97876084,0.98056895,0.06616127,0.09323827,0.5237439,0.65870064
0.8441311133649781,0.9913342,0.94960314,0.9556397,0.406265,0.2931192,0.2125102,0.23448408
0.9252790289119518,0.8522857,0.96968967,0.9696993,0.2171717,0.315222,0.41847554,0.106219135
0.8839458725033397,0.617521,0.9714766,0.97752506,0.067745656,0.08505892,0.45315042,0.27878943
0.9431645984474234,0.9473874,0.98607975,0.9854841,0.2153232,0.25199735,-0.70522314,0.3478862
0.9140572642011625,1.0794771,0.96853477,0.9590323,0.4885494,0.53161323,-0.27274516,0.00786774
0.8764704066032651,1.2474034,0.9384401,0.9306144,0.8074559,0.9491429,-0.27699527,-0.21814704
0.8336790333566455,0.82388,0.9557732,0.9559607,0.22108813,0.1822827,0.46854743,0.26238856
0.9259251155720186,0.89382,0.9915525,0.9749458,0.18834202,0.24349798,0.22611906,0.33375576
0.8878963013378843,0.75551003,0.9662741,0.9662779,0.16800281,0.19721742,0.8468553,0.64958364
0.9217908403505346,1.0063367,0.97893435,0.9637906,0.37436277,0.44949886,0.07267675,0.12468853
0.7640456449353032,0.63179076,0.96101606,0.94414485,0.09631499,0.15115668,0.74802864,0.67816424
0.8196560730329718,0.7210667,0.96015567,0.95920557,0.12047128,0.15876053,0.96575403,1.2984127
0.9384305998128961,1.0420114,0.96900964,0.97607225,0.377899,0.40276936,-0.6180371,-0.3858562
0.9178437137029943,1.1700177,0.9593971,0.95566916,0.5898275,0.86073667,0.47835875,0.57249343
0.9441227156676346,0.7882284,0.99008864,0.9850895,0.12929164,0.18923536,0.6552829,0.7038591
0.9096228792823083,0.8756243,0.9827481,0.97792107,0.12673515,0.1981591,1.2531244,1.4636118
0.9324184604059782,0.70340246,0.98728955,0.98900235,0.09130045,0.091896884,-0.22862758,-0.19475935
0.8495149647223945,0.5856093,0.9675221,0.964468,0.08017968,0.11997429,-0.37810123,-0.19998966
0.8012971806235489,0.6599755,0.9512142,0.95719814,0.06918555,0.114868715,1.0930761,1.0877913
0.917402048352328,0.863492,0.9788045,0.9746355,0.22411248,0.2697446,0.30243915,0.24776655
0.879554524600724,0.98289794,0.96163434,0.9505079,0.37320063,0.417032,0.18312375,0.5104728
0.8200726547316249,0.6277206,0.9731619,0.96072197,0.07679421,0.11047695,-0.7126939,-0.8235746
0.8692320538291288,0.7598741,0.9647955,0.9719317,0.12838514,0.15516317,0.3238668,0.73617613
0.8784962096793937,0.8618972,0.9523036,0.9672371,0.24843349,0.23093541,0.0074114776,-0.12446607
0.9419220128515221,0.8542833,0.9875169,0.98373,0.18986091,0.17877378,0.8292039,0.0023750633
0.9286284091885456,0.62366474,0.97980857,0.9851368,0.07874245,0.077071846,1.073726,0.68603873
0.9209971246883714,0.6629127,0.97734874,0.9808448,0.107168935,0.11762044,-0.4016951,-0.3458571
0.8546226685796272,0.6535827,0.96525335,0.97032195,0.110372566,0.07292447,0.39041692,0.19185603
0.8214243848679017,0.73521304,0.95629454,0.9565421,0.15288597,0.12636653,0.45729434,0.53440803
0.8253822174371549,0.6532274,0.93709344,0.94705254,0.14612965,0.1812795,-0.18222432,-0.011155604
0.9479082082413135,0.8146443,0.98593986,0.98680305,0.13048984,0.18517774,0.4204151,0.12994547
0.9100840201734434,0.7262442,0.99028,0.9747527,0.11982543,0.14841688,0.92681307,0.7837666
0.9231378565020572,0.916042,0.9760231,0.972299,0.30388892,0.25960866,-0.11228942,0.1343556
0.6078341841654695,0.5820549,0.9151574,0.9205843,0.084808126,0.10022155,-0.028584175,0.011461035
0.8885078562092571,0.7809857,0.97205335,0.9738914,0.19096048,0.15922412,-0.18237695,-0.3486323
0.9370821828291492,0.92509425,0.9934159,0.9813504,0.22949775,0.26247844,0.37759146,0.3985093
0.760997824159652,0.9079999,0.94673795,0.9388481,0.2302274,0.3203928,-0.17189291,-0.12551008
0.940913237010118,0.73874074,0.98366624,0.98925555,0.12036528,0.09469494,-0.5984064,-0.39419228
0.8630568904731025,0.690202,0.96844214,0.96744835,0.13143316,0.13798554,-0.91316885,-0.46389666
0.7855341163414588,0.6248128,0.95625293,0.95245457,0.09850937,0.11948636,0.12415323,0.23703171
0.8861881110700979,0.9165766,0.9707732,0.9657194,0.22400501,0.3238857,0.021166228,-0.08898749
0.7900251953557162,0.6883784,0.9405301,0.9342123,0.14931802,0.20246686,0.93249995,1.1366888
0.8763071036651366,0.5730174,0.9794487,0.9702177,0.0829703,0.109301455,-0.2050449,-0.023422707
0.7818593985695039,0.6985944,0.9536536,0.9653506,0.11274306,0.10657473,0.19806968,0.12886062
0.8598670403627265,0.59824246,0.966088,0.9690069,0.07572651,0.08906357,-0.8430372,-0.72892326
0.7093123328819734,0.66211116,0.93728054,0.9342557,0.111692965,0.12834094,-0.19181512,-0.16749482
0.9089177336508374,0.80958307,0.95821136,0.972409,0.23802467,0.16017893,0.3777554,0.423429
0.819837905510065,0.72897434,0.9442366,0.9499909,0.16601314,0.123970665,-0.0860061,-0.33410686
0.6381516863602699,0.6270421,0.89692694,0.9186514,0.13413827,0.096798666,-0.2142209,-0.3278046
0.838785661245706,0.8256013,0.9546895,0.9624843,0.21107407,0.18670516,-0.58983666,-0.52776814
0.8385187965630077,0.7446936,0.9556832,0.94792217,0.16294816,0.2494915,-0.033089593,0.066066146
0.8987017967842876,0.7953476,0.9862433,0.97484285,0.15343107,0.18601803,0.64781797,0.57138413
0.6847203262627186,0.6353273,0.94044966,0.9249907,0.10082966,0.104100145,-0.598514,-0.43517202
0.8673995671359308,0.85902435,0.9582453,0.9559353,0.20038356,0.3012988,-1.0072979,-0.8604311
0.9420151774104285,0.56621367,0.98774076,0.98463714,0.07360273,0.09583644,-0.2954102,0.01136558
0.854065906122545,0.7680733,0.95154095,0.9429026,0.2051539,0.27075142,-0.06343494,-0.015494454
0.8171306833457985,0.78055847,0.95701504,0.95201325,0.18597484,0.1914642,0.79452825,0.9575657
0.8900013760642204,1.1453323,0.94805235,0.9409671,0.57278246,0.76130605,-0.72024506,-0.12270223
0.9576864649098344,0.8232432,0.98584175,0.987044,0.23814948,0.18649319,-0.5580358,0.06814681
0.9263191165310587,1.0588714,0.97668076,0.96646,0.43444738,0.6195448,0.26925457,-0.032818057
0.8807571336891414,1.0126909,0.973323,0.96874017,0.2927754,0.35195303,0.06841739,-0.08566587
0.931135580149693,0.95765465,0.99179226,0.9800763,0.24015372,0.246613,0.1338987,0.19516902
0.6356134275221484,0.72045594,0.9328656,0.9282572,0.11881115,0.15159379,0.7182863,0.54162246
0.8584153167752666,0.7727611,0.95689106,0.94029886,0.2215089,0.30820173,-0.52765226,-0.5282594
0.7813598313855731,0.62521124,0.93618166,0.94658977,0.11322297,0.12023542,0.36517888,0.33415458
0.8993787950366073,0.66471255,0.97935313,0.9793943,0.10281126,0.10121558,0.8079195,0.49514297
0.8471701159632187,0.7769551,0.95252806,0.965409,0.1926871,0.116604514,0.06293772,0.10050373
0.5806176990428319,0.6835032,0.92334247,0.9323456,0.13149579,0.12159743,-0.002012028,0.0059008016
0.775674343371895,0.6557494,0.936316,0.9318677,0.14808694,0.16339406,0.43837965,0.47122428
0.9048842907014866,0.7783183,0.9862433,0.9728173,0.15343107,0.19506186,0.64781797,0.5057375
0.6268728473076556,0.6620881,0.921541,0.9186012,0.12081004,0.09124968,0.75506043,0.6176521
0.8776005333760855,0.77550906,0.9635947,0.95227957,0.2108993,0.27978572,-0.48925868,-0.22342892
0.6134070795211328,0.5238683,0.91640997,0.9270362,0.076037474,0.096770376,0.6514674,0.59755594
0.9498644850343178,1.0350565,0.99106413,0.9784445,0.37053135,0.45034486,-0.48140904,-0.0700167
0.9124136003221761,0.97323924,0.9678025,0.97198224,0.35515177,0.3262088,-0.53156275,-0.7378972
0.9164500453840073,0.53842103,0.98145723,0.98123384,0.06147504,0.08163924,-0.0043589575,0.041133754
0.6522642108582739,0.6004825,0.92305493,0.9465878,0.10509768,0.049286935,-0.3132818,-0.19003826
0.8666095161935227,0.76929235,0.96906155,0.9704103,0.19525748,0.13306592,-0.5650067,-0.62521094
0.8336656210024995,0.701591,0.98173654,0.97220945,0.081513055,0.089774296,-0.4410438,-0.26118922
0.7088947259031563,0.7736192,0.92999136,0.9511575,0.17306878,0.10392066,1.6457535,1.7118216
0.5934419448067112,0.5776448,0.89567477,0.9211879,0.10870504,0.08181139,0.3069777,0.4075956
0.7293458510953362,0.6005371,0.93814206,0.93174285,0.10556727,0.11194491,-0.06033831,-0.043432515
0.7644687223789955,0.6706956,0.96410775,0.96190643,0.08369201,0.069948494,-0.021180958,0.03832493
0.9052085597271696,1.0242969,0.9666796,0.95015156,0.41810748,0.57878727,-0.11922025,0.031673837
0.8671659768265564,0.6714635,0.9613889,0.9734722,0.13345338,0.10594542,0.045793477,0.10936107
0.9152026288644207,0.78166103,0.97015125,0.9718229,0.2168184,0.23903888,-0.5458184,-0.062307153
0.884628115214347,0.5418952,0.9644045,0.96934915,0.06824521,0.08071311,0.33402404,0.42734376
0.8843567241530759,0.74170107,0.9718988,0.9784523,0.13628902,0.12975425,0.6900766,0.78178716
0.8730501841040296,0.8145106,0.9752169,0.9744535,0.15365958,0.1421979,1.1740392,1.055575
0.8816416824386694,1.0777677,0.9581018,0.9507452,0.40528727,0.5568726,0.45560136,0.32363865
0.8956924835347975,0.86487603,0.97253966,0.9660855,0.21751446,0.3374668,0.44589263,0.26314166
0.8552088032014087,0.8188838,0.95951617,0.9709576,0.2028959,0.1401168,0.14289443,0.2672147
0.9078221691875473,0.75149477,0.97010446,0.9792168,0.15341227,0.12101993,-0.55611116,-0.0650286
0.7052926440468231,0.64862776,0.9364387,0.9295761,0.12410492,0.1474179,0.09988121,0.26928127
0.841133386165342,0.907613,0.95728254,0.9574107,0.23516308,0.22931007,0.88683367,0.9916032
0.9302415005186402,0.6633323,0.9879275,0.9862393,0.08599797,0.11524421,0.614098,0.36054283
0.925377024604324,0.9983976,0.9844543,0.9737095,0.29661506,0.347159,-0.5093091,-0.12214621
0.46908593950175037,0.52349424,0.9064847,0.9134896,0.059259523,0.11089224,-0.8870819,-0.9310369
0.8888074745611961,0.6359602,0.9840254,0.96436507,0.10655499,0.15289806,-0.501215,-0.605964
0.772902867472459,0.8363428,0.929083,0.9549357,0.2323593,0.15972236,0.5159696,0.58703274
0.913245031111205,0.74133307,0.977994,0.9703246,0.1721037,0.19658738,-0.03786665,-0.5370336
0.8306449029511846,0.7924019,0.9689816,0.96489525,0.15499367,0.16390446,0.06959724,-0.39141962
0.8368949808791969,0.64100844,0.9731895,0.9667194,0.08518571,0.10772211,0.30036324,0.1532418
0.8963502218800357,0.71110106,0.97319317,0.9753753,0.13668363,0.14869414,-0.06543666,0.022679333
0.7932184782749566,0.7557482,0.93984276,0.94853336,0.20487452,0.15587232,-0.27182397,-0.008958365
0.8313567837690854,0.73263377,0.9403183,0.9569377,0.18176581,0.16052862,-0.38380626,-0.5894679
0.7514006250561001,0.6485165,0.94990176,0.94367826,0.13083863,0.10608141,0.26252565,0.10088973
0.8176674749547961,0.7347507,0.95370865,0.95302933,0.14287859,0.21015812,0.699623,0.7850357
0.9332526899924305,0.77291965,0.9911839,0.9885346,0.13921879,0.11905076,-0.016931124,0.5199551
0.9189122169139549,0.62361646,0.98076487,0.9757272,0.099801116,0.12774028,-0.022191297,-0.010209264
0.9514882761421244,0.9100042,0.9821386,0.9876125,0.24978194,0.21931529,0.15492773,0.07456525
0.8896082636813222,0.9530623,0.97638613,0.9710742,0.23590185,0.21691021,-0.9315952,-0.7841172
0.7922658762665402,0.69657385,0.94815475,0.9552701,0.1397486,0.11455405,0.30365244,0.17160971
0.6814039380166301,0.78066313,0.91293585,0.93905264,0.19936095,0.14618061,0.3136223,0.270206
0.8874759889081584,0.5519399,0.98177373,0.97441316,0.08259187,0.091904104,-0.3642709,-0.35335672
0.8924854908936786,0.8537678,0.96468157,0.96513593,0.21192695,0.2845622,-0.28146815,-0.4274814
0.9390090459854474,0.7605167,0.97835356,0.9816456,0.15674508,0.17122819,1.0789908,0.6873992
0.7281466841834695,0.594481,0.9420451,0.95022964,0.093477435,0.07820232,-0.019995604,-0.038621206
0.8861197598271617,0.6438121,0.9646723,0.95987433,0.10959195,0.15574254,0.16338944,0.08630886
0.809803305760529,0.7745981,0.94869876,0.93709266,0.19410872,0.25555983,-0.92795247,-0.7302652
0.9331079081452653,0.937474,0.98497736,0.9668133,0.3005309,0.46036062,-0.08459004,0.051882107
0.9380001518720245,0.9763654,0.9837829,0.9679946,0.32206917,0.49825704,-0.4740707,0.2665443
0.7708553607128579,1.0069817,0.9389058,0.94947344,0.34387213,0.18711928,0.12894098,0.16259186
0.7905322503891602,0.5349989,0.9612545,0.9569004,0.07296472,0.07157063,-0.43555504,-0.34296757
0.870385555453689,0.8556985,0.9612915,0.9598197,0.22212276,0.23522086,-0.47212362,-0.2913556
0.8836037791366048,0.6346734,0.97586113,0.96639067,0.09397872,0.14561994,0.5870444,0.41214997
0.8038394369023101,0.75109136,0.9307354,0.9419669,0.184611,0.2372372,0.5613338,0.46988204
0.9333679437708711,1.042134,0.9833737,0.9646711,0.38273287,0.63880605,-0.40959346,-0.14481303
0.8035033344748062,0.84638035,0.9349539,0.93855286,0.2487662,0.32023525,-0.17626435,0.1284021
0.8811356356377019,0.83466285,0.95642513,0.95494914,0.2679031,0.29997465,0.58778405,0.33275393
0.7501439034470246,0.55835706,0.96220696,0.9487349,0.066685386,0.0851708,-0.50481415,-0.25894263
0.8566380606460897,0.70833147,0.9630969,0.9594992,0.13986368,0.13088392,-0.548052,-0.33265355
0.8217128672180588,0.80431217,0.9711659,0.9431435,0.19610731,0.29348078,0.21350195,0.5100282
0.9313079508652723,0.7294718,0.97868884,0.9808543,0.12964594,0.15046999,0.41501883,0.4987015
0.8918986205277794,0.78996867,0.9607193,0.9573101,0.2550569,0.26364368,0.16067448,0.24621978
0.6749835967653756,0.6059977,0.92447037,0.9352425,0.10479031,0.13744675,0.19353579,0.02993967
0.9019197388031583,0.6855631,0.9844981,0.97428554,0.12042713,0.120046,-0.18042845,-0.058203526
0.7343970900475345,0.6505099,0.9536502,0.94594264,0.114166066,0.09663389,0.68647593,0.6084557
0.9286602589216415,0.88040566,0.9862924,0.98913324,0.17284426,0.1296084,0.12614174,0.07828287
0.9299457697833232,0.85606974,0.98547226,0.96805876,0.24146363,0.3430479,0.7577851,0.6337101
0.7485288199246114,0.7711999,0.94094646,0.9429816,0.18124755,0.15162008,0.3295893,0.227392
0.8286363453178154,0.66544896,0.94873846,0.9520553,0.16194922,0.13477167,-0.06080292,-0.29295194
0.8715916950386713,0.6507242,0.9649318,0.97172624,0.121322386,0.09982589,-0.05759621,-0.15720645
0.7962995906257135,0.6702902,0.9539798,0.96512115,0.10953756,0.075611226,-0.054884717,-0.056532152
0.7745855257896842,0.9390817,0.94263875,0.9448643,0.2803513,0.21323866,0.5200053,0.5538536
0.9252010220161637,0.8591419,0.9858159,0.9720757,0.22404729,0.27721566,-0.1758531,-0.081290945
0.8801342894294863,0.831929,0.9754708,0.96757036,0.21498102,0.24682204,-0.09570938,-0.040452447
0.8512063283210127,0.5578474,0.96115476,0.955802,0.08787596,0.11392098,-1.2190304,-1.0341009
0.6473503341040535,0.59486187,0.90530276,0.91132206,0.10242729,0.14462899,0.53520155,0.45404756
0.8099990059428805,0.96151906,0.9284931,0.9187244,0.4152784,0.5111384,1.3514891,1.4546176
0.7593785680925709,0.6455668,0.9492698,0.9384422,0.10365043,0.18558466,0.7605584,0.7828139
0.7900887449101993,0.76783633,0.9523865,0.9517642,0.16666426,0.14346363,-0.16158542,-0.0906834
0.7718252265960364,0.8191527,0.95883024,0.94354534,0.16785437,0.2958393,0.5093431,0.7476041
0.7704678416748547,0.65748334,0.9341967,0.9393771,0.13009185,0.12151441,0.23674898,0.27512538
0.9447930399988865,0.7947833,0.98773706,0.9904704,0.12299799,0.11124094,-0.047972944,0.013949035
0.6383637711302036,0.70963216,0.9241872,0.94105875,0.12490497,0.09477289,0.23733845,0.2070126
0.9331958334073335,0.7037059,0.9906773,0.98651004,0.08492994,0.123589694,-0.57239234,-0.39308554
0.8226358403236805,0.5543594,0.9633322,0.95747817,0.07590579,0.104177326,-0.6445941,-0.72110707
0.5841467010794723,0.5361639,0.9215153,0.92442364,0.06687505,0.07612783,0.04440883,0.11657264
0.8418780521404885,0.8011992,0.9671752,0.95992404,0.14779831,0.18889856,-0.3171428,-0.58719945
0.7688538226006117,0.71475095,0.95972323,0.9582028,0.13302691,0.10016034,-0.69767517,-0.75307393
0.7989182234429159,0.8158031,0.93779266,0.9393816,0.23066042,0.23552303,0.3328997,0.37915114
0.6949745885079343,0.5525965,0.94743556,0.9277728,0.078057915,0.104710914,0.7235528,0.63950443
0.8722083307853331,0.63024133,0.97633666,0.9743585,0.095834196,0.08184958,0.19339733,0.0077501615
0.6761048692647792,0.6223349,0.9395267,0.9449996,0.084946364,0.098665915,-0.16813093,-0.268687
0.6297186540989848,0.616705,0.93207985,0.9340385,0.10718434,0.07285642,0.4002566,0.43848622
0.855163899770224,0.73881525,0.9793012,0.97211343,0.1155555,0.122825384,0.4950808,0.159447
0.6110412159745946,0.45926493,0.91807634,0.92788666,0.05725155,0.057099186,-0.33502886,-0.28704247
0.8980928779028605,0.7170029,0.9620938,0.95838124,0.21975462,0.25889498,-0.02533583,0.24303624
0.8517032144165143,0.71978396,0.9565665,0.950195,0.13223808,0.21517563,0.73100203,0.92221147
0.8089082791853248,0.7109058,0.94946307,0.94910765,0.16209954,0.15843095,0.9956988,0.9794402
0.9142283108845299,0.68771183,0.97708267,0.97835296,0.12874237,0.12547982,0.5540809,0.5260664
0.832355299896848,0.59479016,0.9602029,0.95482904,0.10546428,0.1260905,-0.3038146,-0.46272397
0.8415497810175425,0.5725834,0.9696432,0.9689611,0.07492458,0.08072109,0.31821203,-0.07374178
0.9066219647075144,0.6694513,0.9700759,0.9752142,0.14773695,0.13388908,0.12898502,-0.1302985
0.8588975891996142,0.7372118,0.9776541,0.9681524,0.1411097,0.15374573,0.11819805,0.30038032
0.7162328977107805,0.559549,0.9696079,0.95145136,0.043556448,0.07899556,0.056948867,0.44325158
0.8084188711070195,0.6373452,0.9713494,0.9665739,0.08066621,0.10599056,0.77233034,0.90356416
0.9075500943920153,0.78491974,0.9862433,0.96987796,0.15343107,0.20723674,0.64781797,0.4970092
0.9157589504894322,0.9521567,0.9609971,0.9621479,0.3495089,0.4786615,0.27100813,0.38181907
0.9262768035642887,1.0190017,0.97893435,0.9642717,0.37436277,0.48731673,0.07267675,0.17055148
0.7319221090435375,0.5447591,0.93051124,0.93003815,0.09191405,0.1186195,-0.37391934,-0.25647652
0.8746115368018459,0.71970993,0.9679735,0.9667848,0.11692522,0.19495061,-0.67453486,-0.7515766
0.887770086107214,0.6625956,0.9728889,0.974088,0.11145432,0.12988411,0.7320206,0.5916282
0.930079593036735,0.75533843,0.9865107,0.96954495,0.18273139,0.25856104,-0.38520315,-0.1596329
0.7077095404335265,0.67011577,0.9464971,0.958601,0.108566575,0.0879554,-0.14924486,-0.22374703
0.6733672575627613,0.5331125,0.9234196,0.9392574,0.08067151,0.07713317,0.41534278,0.16792776
0.7635958664313388,0.703295,0.9515016,0.95947707,0.113738544,0.124008335,0.98508656,1.0278978
0.9385115961778555,0.86565393,0.99363357,0.9773168,0.18711846,0.2557996,-0.30762747,0.035477996
0.893745918103347,0.75222766,0.9754689,0.9577974,0.17169009,0.24776034,0.14197955,0.23495777
0.9116615515618482,0.8693861,0.9848694,0.9703322,0.24417679,0.3221659,-0.2744743,-0.08906264
0.8528425034308007,0.6687481,0.9729722,0.9681246,0.10107193,0.09726665,-0.4435546,-0.4370127
0.9571398108703698,0.5944123,0.98969007,0.9911109,0.06551037,0.07449106,0.08699499,0.30642587
0.8140428730308599,0.6602744,0.9603629,0.9601505,0.09425748,0.10786539,-0.98456115,-0.8983037
0.9220288574126173,0.6951772,0.9826099,0.97837776,0.103560895,0.1600473,0.078031,-0.030240055
0.8527855425614218,0.8185098,0.94529283,0.9655825,0.2200098,0.15276712,-0.20870453,-0.078978896
0.9118243844839016,0.70361894,0.97521996,0.97716314,0.11931809,0.1443247,-0.16119036,0.0940694
0.9245010183201631,0.84196573,0.990854,0.97275054,0.21086967,0.33526456,-0.11104284,0.11165001
0.7828128991380641,0.61301655,0.9421604,0.92620903,0.12591647,0.2210038,0.3394508,0.2529562
0.5866707442353192,0.53216165,0.9046579,0.91101885,0.076672494,0.096499085,-0.29389068,-0.24896833
0.9451989871998381,0.7300182,0.9834106,0.9893222,0.12676483,0.10280744,0.8959963,0.44976118
0.8935807903969265,0.65815854,0.9666861,0.9621755,0.13439445,0.17870907,-0.2412468,-0.2465036
0.8786798170047708,0.73926526,0.9579867,0.9539487,0.20616455,0.22153509,-0.107255846,0.015300611
0.8817675315468052,0.7931319,0.9630919,0.9658325,0.18412599,0.1744632,-0.4402244,-0.28702575
0.8485865278378445,0.902583,0.94157207,0.9650939,0.29182434,0.15618479,-0.739822,-0.40015236
0.8290115150730127,0.6622823,0.9553082,0.9530747,0.13153128,0.16848668,-0.1554121,-0.25324675
0.8747427227428357,0.80408925,0.9528177,0.9570442,0.19298178,0.23519123,-0.14881222,-0.28161797
0.8145721911599484,0.79162973,0.9373056,0.95133924,0.18780358,0.21670479,-0.5499095,-0.47653407
0.8230667538986807,0.87455755,0.95015085,0.9736862,0.2209998,0.110404715,-0.32059366,-0.47013724
0.6041341753814682,0.609029,0.9058912,0.9182924,0.11434989,0.07951006,0.8822569,0.8415489
0.9343345349015257,1.1382351,0.9854741,0.9720519,0.39326137,0.5182663,-0.6681794,-0.15051103
0.8002230541156887,0.82590204,0.936653,0.9371873,0.20432311,0.24568489,0.17337224,0.31172302
0.8673854720296756,0.65126336,0.9783997,0.9747327,0.080064684,0.098156,-0.015005932,0.18719554
0.8328653917544627,0.6574339,0.96690124,0.9559313,0.07891576,0.1575574,-0.04950325,-0.18147023
0.6568125479700079,0.6091797,0.93526953,0.9342636,0.100594826,0.11403338,-0.18857662,-0.16879877
0.903171843195495,0.79652864,0.9770019,0.9736543,0.2180693,0.16663773,0.6569153,0.03454944
0.8992714731634357,0.9154517,0.95224065,0.96110356,0.29577076,0.35777706,-0.1663676,-0.37438267
0.8536535378364676,0.86572754,0.9489831,0.94894683,0.30234802,0.2770918,-0.2847531,-0.2366013
0.8691770642523303,0.92187786,0.9526829,0.95856535,0.31002054,0.27841628,1.0082494,0.87690157
0.8976399327227362,0.80655503,0.9747831,0.981638,0.18056041,0.13595536,-0.26933256,-0.20249675
0.8748213889954223,0.824358,0.96354806,0.9645426,0.21830331,0.23665825,0.12580878,-0.035887923
0.9437727733396438,0.71804214,0.9842536,0.98513365,0.1165187,0.12713835,-0.33116323,-0.23903954
0.7387840411494467,0.74893606,0.92819697,0.9239287,0.18121485,0.195051,0.022718716,0.16878599
0.6684807738369238,0.64158857,0.92717314,0.91680276,0.11624522,0.12352774,0.12012636,-0.06924977
0.9126784121405461,0.94323355,0.98359025,0.9845106,0.1737566,0.15845607,-0.75595903,-1.0112677
0.7945886167587397,0.58321947,0.95769274,0.9319074,0.09476498,0.18308759,-0.37638432,-0.34374124
0.8830326212852195,0.7429558,0.9744617,0.9772426,0.1257459,0.11431299,0.42592564,0.48745337
0.8916045770887324,0.7716555,0.96902204,0.9676131,0.17843959,0.18807511,0.37922364,0.49601138
0.7022503275280525,0.639161,0.93901134,0.9308489,0.093550324,0.110553324,0.23054583,0.3849427
0.713344530903125,0.60278785,0.9235578,0.91688997,0.11224866,0.09965065,0.32395843,0.46462864
0.9252652544744409,0.8992938,0.9939097,0.97913915,0.16597669,0.2268839,0.6716391,0.5678947
0.8625629381380702,1.0925267,0.93051606,0.95049995,0.53537387,0.43083963,-0.14997907,-0.41070974
0.9344352235576359,0.8817977,0.99198276,0.97838753,0.21056946,0.2718734,0.8558016,0.50154734
0.8412124242915009,0.8644362,0.93596524,0.94173396,0.31412905,0.2843089,-0.37098196,-0.38073942
0.8707139960822394,0.62227076,0.9852137,0.9766469,0.059952065,0.09427874,-0.13260862,-0.089753725
0.9218681226668999,0.7354792,0.9862433,0.9729185,0.15343107,0.19832225,0.64781797,0.6268783
0.9001306026448964,0.7935787,0.97367436,0.9763579,0.19330439,0.16900265,-0.4376594,-0.5301165
0.8711280310924852,0.6621253,0.9631679,0.96436834,0.13987592,0.15656307,-0.2773282,-0.049502537
0.9513923475507758,0.933303,0.9816397,0.98462653,0.25319174,0.28961,0.50793815,0.46340632
0.8069580780412925,0.70150226,0.95244163,0.94571835,0.13744047,0.17785896,0.3621968,-0.022804605
0.9102467847434857,0.71726316,0.9718225,0.97733223,0.1458316,0.13871275,-0.19341946,-0.13920051
0.8901060905769745,0.7625713,0.954185,0.95456165,0.23760425,0.2883783,-0.47414303,-0.351374
0.9279460297375305,0.88386124,0.9796618,0.9785132,0.19024073,0.2610386,-0.93444216,-0.41828248
0.8814785223485637,0.6310748,0.98198694,0.9829193,0.08890974,0.07243435,1.0016716,0.64010644
0.7773764105882257,0.61008567,0.9585019,0.95052767,0.077684075,0.10654823,-0.1754455,-0.10630501
0.9328876533900247,1.1261424,0.97997683,0.9684544,0.46127862,0.49611616,-0.17914811,0.028080476
0.8220556571609052,0.6730329,0.9478336,0.94876385,0.12142766,0.17495579,0.029846646,0.018666722
0.850970024667204,0.73709303,0.9669533,0.9661586,0.10760619,0.13966969,-0.9056923,-0.38512066
0.9386882093261136,0.88052434,0.9918388,0.9772068,0.20960562,0.23758186,0.015394047,0.27228552
0.8914139840342375,1.1262453,0.9493462,0.95310235,0.6394624,0.43614742,0.7458199,0.7378299
0.913952787000446,0.66268504,0.98396933,0.981302,0.09144192,0.11058974,-0.24371478,-0.4267552
0.6801483837677416,0.61875457,0.90706813,0.9421906,0.13219993,0.102563255,0.15170509,0.06898406
0.9346884915661587,0.9042638,0.97979796,0.9830408,0.19207315,0.18567415,-0.47182015,-0.02160302
0.8052268560042971,0.7099979,0.9492478,0.95629585,0.14766876,0.10409742,-0.6771498,-0.74686
0.8124587468253996,0.6159054,0.9559067,0.95669216,0.11075762,0.09344557,0.12638299,0.17621627
0.8203001578720254,0.6175283,0.9724058,0.96648395,0.084218964,0.09945241,1.1972585,0.92810285
0.6785197081791534,0.6885944,0.8998257,0.92320865,0.19542538,0.1419947,-0.5506424,-0.5001729
0.9301803700128594,1.0079793,0.97893435,0.96894884,0.37436277,0.39251113,0.07267675,0.18731089
0.9585652144904344,1.066179,0.99468815,0.9936801,0.11200483,0.1628582,0.6199496,-0.00043384076
0.9374248575719774,0.9260239,0.99001944,0.97675276,0.26630574,0.2929578,-0.26008758,0.025612831
0.9262465128714421,0.9330825,0.9749807,0.95527303,0.3521093,0.56020087,0.2794975,0.25941858
0.9255904817619038,0.9638043,0.9879493,0.9713217,0.2531168,0.42489472,0.26431337,0.21891254
0.9362148534103766,1.0032322,0.98431134,0.97075415,0.36250463,0.50690186,-0.22812045,-0.52850956
0.8462157475545197,0.7405204,0.9552784,0.9607676,0.13636972,0.16830471,0.37696266,0.47742915
0.7252065063050411,0.5311519,0.9359232,0.9362175,0.0694462,0.085256346,-0.67407084,-0.57208633
0.9163125403380066,0.8513859,0.96879923,0.9708792,0.22646567,0.25989228,-0.34820718,-0.2947786
0.51866356228217,0.48073608,0.92820007,0.9230375,0.04794558,0.05964778,0.4305798,0.33521557
0.9146805423808869,0.802386,0.98118913,0.9793575,0.15575269,0.16460045,-0.2764044,-0.60143626
0.9175684294349489,0.7608093,0.9862433,0.96911055,0.15343107,0.23435536,0.64781797,0.59484905
0.7336866507658643,0.55054724,0.95142984,0.95029163,0.07194369,0.054413,0.12436202,0.10486246
0.9103688069070093,1.0858314,0.9721481,0.9541225,0.44865406,0.7027158,-0.42992392,-0.2598156
0.8879424376227901,0.66355443,0.9815173,0.98133135,0.078435324,0.07106786,-0.40212336,-0.40686995
0.8462700205872032,0.7916397,0.9590231,0.9565218,0.18987456,0.21464133,0.795916,0.87782586
0.9400470757195322,0.82810676,0.986452,0.98165655,0.19967338,0.20620579,-0.7173059,-0.52379763
0.7502096957135513,0.60314906,0.9635368,0.954805,0.06893056,0.08040985,0.21443109,0.29159153
0.9365997228479557,0.7439417,0.980464,0.9814834,0.15674248,0.17160763,0.25129443,-0.16135977
0.9214079446732711,1.0183887,0.97893435,0.9669657,0.37436277,0.42698035,0.07267675,0.2472419
0.8590885493581679,0.7521897,0.9659658,0.97464347,0.14218642,0.08485828,0.3400994,0.13125163
0.8135704223952677,0.55242085,0.95801675,0.97239727,0.08658392,0.051696833,0.13492092,0.28619367
0.6797560286329646,0.70065767,0.92659444,0.930787,0.13269418,0.11834218,-0.21993758,-0.13898976
0.8956657740265239,0.8317324,0.9796335,0.9704889,0.22577044,0.22792628,0.16153151,0.032725483
0.8003703926352629,0.7902049,0.9471443,0.9610458,0.19405067,0.11823788,0.10694406,-0.014272515
0.898808892865423,1.056915,0.9604667,0.9712936,0.3843351,0.35219398,0.23748127,0.286314
0.9402112457297994,0.9027713,0.9857641,0.98062235,0.24655603,0.24163733,0.27779818,-0.19204393
0.8543771658203466,0.80672556,0.96001905,0.9561695,0.17189482,0.17393863,-0.905744,-0.9333521
0.8703127306100371,0.7051796,0.96366566,0.9762746,0.13333741,0.11178162,-0.77629554,-1.0447327
0.9103489218478276,0.9498426,0.97969055,0.97035307,0.28420976,0.3664514,0.55024374,0.17319322
0.927808680417389,0.7814199,0.988241,0.9697945,0.17724493,0.2819882,0.61136186,0.5593844
0.9239902834398517,1.04797,0.9765382,0.9562517,0.40149233,0.69467163,0.6706493,0.56941354
0.6689838599974176,0.6697085,0.9200724,0.9353348,0.11502374,0.06947909,0.73521596,0.7391951
0.8371248801799809,0.6692385,0.9518633,0.9376418,0.11558146,0.2554665,-0.17204586,-0.02429142
0.8442234400357504,0.6121018,0.9520859,0.9552592,0.09544137,0.14437379,0.14377585,-0.083718784
0.936200355104057,1.0643003,0.98783493,0.97583497,0.32465363,0.40761587,-0.7252275,-0.24519682
0.8301829677732749,0.674392,0.9397241,0.95025414,0.15924148,0.18153208,0.11155783,0.1727266
0.8392362236549292,0.7246755,0.9585609,0.9554346,0.173989,0.15672496,-0.21294501,-0.091668904
0.8584979634076743,0.6318667,0.9574696,0.9525591,0.11307179,0.15213571,-0.51033074,-0.54719716
0.8987811235169798,0.78060895,0.97229403,0.97291416,0.15509892,0.15295158,0.015398231,-0.14990723
0.8815187227162473,0.89974236,0.9611411,0.9641115,0.30598897,0.3079753,0.25293845,0.4914899
0.938859555529529,0.9312478,0.9915346,0.97307587,0.26244527,0.41691938,-0.07440825,0.118802436
0.9392401625664261,0.63260126,0.9867063,0.9810688,0.091303766,0.13846678,0.4342394,0.73362803
0.6093491081838573,0.4989471,0.9223876,0.9388807,0.06559984,0.041434452,0.106095366,0.15416914
0.6081853284136526,0.44412678,0.8938029,0.9196776,0.06328001,0.052894462,-0.13793035,-0.13157801
0.7182565782810525,0.5594307,0.95253986,0.94715476,0.077528305,0.07359662,-1.1713794,-1.08393
0.9032421274947406,0.5839815,0.98906416,0.9831447,0.06088279,0.07888314,-0.20964152,-0.1793737
0.9119024470883916,0.83612734,0.9897689,0.97601247,0.16637962,0.22247873,-0.51135904,-0.23312362
0.9277079541292728,0.6958771,0.99321455,0.97878444,0.11859497,0.1726251,-0.71294117,-0.30757686
0.9036213782434207,0.7022166,0.9754689,0.9579333,0.17169009,0.2400517,0.14197955,0.21463849
0.8627583889589919,0.7263814,0.96189374,0.95887333,0.15513851,0.1850016,0.08798673,0.09428245
0.8893527454324394,0.83743125,0.96606016,0.9675778,0.21968316,0.17816848,-0.52142614,-0.30666885
0.921685962253754,0.8519216,0.98831475,0.9694987,0.1850901,0.3001223,-0.048890263,0.011237762
0.8841483601294943,1.1839672,0.95040756,0.9456351,0.6542404,0.6627333,-1.2165215,-0.7864273
0.739924087411854,0.6752824,0.9285799,0.93084615,0.12999481,0.18205881,-0.0491162,0.050791804
0.8286559953689593,0.6691199,0.9516888,0.9695246,0.13943486,0.070327885,0.49716777,0.31853455
0.9093865885098542,0.7393237,0.9695202,0.96626616,0.1731739,0.25605,0.23738626,0.11852226
0.9280346185517216,0.6760231,0.98948795,0.9829909,0.124690115,0.108286545,-0.89670223,-0.38760787
0.8653687950990073,0.7370588,0.95150983,0.9461595,0.17542079,0.22419165,0.24567099,0.21209154
0.6332216255394602,0.639995,0.9114358,0.9309564,0.1051867,0.090666905,-0.30409548,-0.42092502
0.9008933634709382,0.9654035,0.9658868,0.9493942,0.38501483,0.547178,0.3379186,0.28838348
0.8112465891914544,0.72031516,0.96235025,0.95214397,0.1047358,0.13693139,-1.1498152,-0.93433446
0.5925028219684516,0.5160157,0.95075244,0.9241532,0.049073495,0.10839135,-0.012908938,0.00709803
0.9405653383304543,0.82147324,0.9828903,0.98036563,0.15281631,0.23641719,-0.0559146,-0.17175901
0.8529553702648595,0.7546467,0.96480584,0.9420534,0.16825984,0.3064377,-0.72539175,-0.77044827
0.9259258467081355,1.143527,0.9680974,0.9572031,0.6185242,0.7081605,-0.20378867,-0.052253045
0.9067707317073171,0.71500725,0.9824422,0.97593284,0.12902346,0.12736441,-0.8148205,-0.6162944
0.8526249658599947,1.1084833,0.93143386,0.9401585,0.6177513,0.50058496,-0.059193026,-0.39550275
0.8809930879028941,0.7394095,0.95440626,0.9628135,0.22266197,0.21052423,0.731254,0.79361504
0.9504098434575751,1.0162538,0.9937185,0.9903552,0.21474427,0.23283404,0.21122798,-0.2942178
0.6822123664339786,0.6542736,0.9041687,0.9117209,0.14311072,0.1612159,-0.23276132,-0.27975354
0.9350483948557432,0.8460898,0.9789374,0.983383,0.17357303,0.11706794,0.15898669,0.28398457
0.9292949895191985,0.9337041,0.97770953,0.97350585,0.32200506,0.27079874,0.287344,0.30684614
0.9564884715021554,0.8181424,0.99021184,0.98642635,0.15766512,0.21693313,0.08208117,-0.046279103
0.8963803236448519,0.8304178,0.9862433,0.96751183,0.15343107,0.26847872,0.64781797,0.6715358
0.8357918331826935,0.8922433,0.9571738,0.962618,0.28095993,0.2090467,-0.3710449,-0.5616993
0.8663532598965218,0.92921406,0.9590388,0.95676863,0.33318228,0.30734292,0.7428093,0.6783639
0.8917306959361238,1.0546207,0.98596424,0.9871484,0.18288322,0.1645395,-0.42849103,-0.9513876
0.8400859370710465,0.59178287,0.9715322,0.9583228,0.074884124,0.12182015,0.22457395,0.02914275
0.8903991768748251,1.056134,0.9571519,0.945079,0.4834662,0.5593411,0.2981324,0.12439933
0.8727441959590715,1.0220305,0.9514443,0.9679452,0.3899782,0.19576606,0.5104737,0.56761175
0.9385813398050146,0.77935475,0.98170793,0.98242474,0.20196095,0.1825376,-0.121935844,-0.1134761
0.8400567936090871,0.65833676,0.94883907,0.93747663,0.132605,0.19686204,-0.20497844,-0.026257604
0.9152522230320842,1.0385716,0.97871745,0.97199994,0.35451287,0.3223403,1.3756058,0.94416595
0.8398911229265799,0.727381,0.95358807,0.9653506,0.17992786,0.1044725,-0.22845063,-0.3056951
0.9268181246109001,0.81240535,0.98301214,0.98491204,0.1671751,0.13537964,0.89440155,0.59784
0.8243749606999938,0.7641538,0.958517,0.9412598,0.20704271,0.21721068,0.58510727,0.49791515
0.9268790316286452,0.72145915,0.9864087,0.989268,0.08515567,0.07934162,0.46445704,0.6035946
0.9100191111070579,0.97336715,0.97240245,0.97027504,0.30597532,0.3005449,0.34402132,0.3899695
0.9550890372216231,0.77524453,0.9946511,0.98938894,0.12256837,0.12886097,0.28960326,-0.16390319
0.8909599462015915,0.7188023,0.9776871,0.97606725,0.11530941,0.15417293,-0.89073527,-0.85690725
0.9312230760996922,0.84340537,0.98727643,0.9874329,0.12147708,0.14742863,-0.27742368,-0.5264664
0.9433293769167003,0.91990083,0.9825725,0.9884158,0.22283581,0.17648973,0.29032782,0.17012618
0.7289398009823683,0.8255298,0.93758,0.9508162,0.20105423,0.1385648,0.24760976,0.30007467
0.9266813760450203,1.0238061,0.96907073,0.973643,0.36080953,0.39601794,-0.4505708,0.21527442
0.8932059224124432,0.6473421,0.9783092,0.9797017,0.07854775,0.10656735,1.0595664,0.78767174
0.8878348845815816,0.9450368,0.94913304,0.9652067,0.31316867,0.27585846,-0.8538967,-0.8148671
0.9579340543254489,0.74612373,0.98779595,0.9893872,0.12936975,0.13313465,0.25932145,-0.24157469
0.862332518133203,0.6476332,0.96670014,0.9714174,0.12248009,0.117442995,0.22687893,0.2170991
0.825168572633404,0.5994398,0.9650549,0.9491084,0.10673577,0.12140499,0.41749996,0.2241029
0.9153098677935789,0.944501,0.9562837,0.97061414,0.38259962,0.34301853,0.043340653,0.36694247
0.8236270791083327,0.62688255,0.9509635,0.95852226,0.11490478,0.10213341,0.20033546,0.061383277
0.9312337482293999,0.8250413,0.9785524,0.9855036,0.17586699,0.15781738,0.20394282,0.14423856
0.7622142234582759,0.6118048,0.95623136,0.9594958,0.08848065,0.062517665,-0.37113738,-0.018644135
0.8940266175402589,0.85500944,0.9760987,0.9747122,0.1947678,0.20934162,-0.23466016,-0.24231541
0.9209910895665745,0.9520862,0.9906701,0.9778147,0.19718759,0.30942225,0.20778953,0.32897317
0.8476953320472532,0.64988065,0.9505201,0.95465136,0.121459484,0.18435083,-0.19215612,-0.10233769
0.8024414547266329,0.6196841,0.9606044,0.95186746,0.09289431,0.099818274,-0.33203876,-0.37340578
0.9137955850552937,0.7637717,0.9802155,0.9655743,0.19525065,0.22259352,-0.4026017,-0.2777026
0.7599945341431256,0.87624174,0.89850444,0.90718216,0.35980758,0.33902717,0.5817903,0.6602898
0.8998970668635309,0.6888871,0.9655471,0.975139,0.15849148,0.12282978,-0.26726067,-0.2960288
0.9412296484527438,0.73617756,0.9921129,0.9837226,0.14147207,0.15408085,-0.3108962,0.26812112
0.9471717107154738,0.8490013,0.97885066,0.9831157,0.25932488,0.23020034,-0.44564733,-0.11635224
0.8218068850251017,0.7119492,0.94374526,0.95011014,0.21767908,0.19675013,-0.23156495,-0.23252024
0.9191918680306991,0.72958356,0.9862433,0.97269464,0.15343107,0.19713914,0.64781797,0.5053467
0.9122191849310698,0.6999633,0.9786837,0.9842164,0.117447235,0.099222556,0.29315913,0.10967751
0.694799299391888,0.5957355,0.9440205,0.93276924,0.07059173,0.110593356,0.37637252,0.49547255
0.7307074193131872,0.5910794,0.9392184,0.943955,0.09470532,0.10948113,-0.38827038,-0.2238295
0.9325585545853687,0.9452419,0.98503894,0.9784761,0.26052886,0.3420649,-0.30085722,0.3641233
0.9323156468985037,0.70857036,0.9933851,0.98288435,0.099084064,0.11669399,0.13269274,0.20210102
0.8815769646043146,0.6952656,0.9776168,0.96966106,0.12732436,0.124430045,-0.13891925,-0.10170878
0.8949289875204645,0.73764575,0.977646,0.97914594,0.13482994,0.12849426,0.023631671,-0.17356192
0.8384470461515275,0.88051945,0.9662187,0.96131134,0.22564423,0.23793226,-0.46403545,-0.44149837
0.8340152960664474,0.61944395,0.96955323,0.96581215,0.07986956,0.097232275,0.4280295,0.28285962
0.8931969784955166,0.91731656,0.97350776,0.97320527,0.25207895,0.25507912,0.6084616,0.45563418
0.7208169355547097,0.6619528,0.9336278,0.9399025,0.13178454,0.1120967,0.20884122,0.14874128
0.8374152932824471,0.8615195,0.9488563,0.91935307,0.28607604,0.46951216,-0.20577008,-0.2920463
0.7600897976463677,0.7114055,0.93314666,0.9435374,0.16136119,0.11904305,0.34661797,0.28981945
0.865845474343276,0.5371597,0.97869545,0.9661174,0.06251055,0.09045838,0.048163794,0.13897122
0.9543853738216599,0.7803175,0.99141186,0.99185115,0.12363399,0.10791401,0.7872908,0.58438903
0.8424170461467274,0.7833778,0.94357765,0.95468694,0.20711036,0.20572129,0.6019613,0.57314914
0.9340082185613151,0.98155576,0.97893435,0.9696556,0.37436277,0.3848475,0.07267675,0.11348398
0.8898700165552027,0.7746404,0.9746565,0.969955,0.19152309,0.19241868,-0.26774785,-0.09073081
0.8511517857202858,0.688523,0.962814,0.97054595,0.13624752,0.099027194,-0.44563532,-0.124333225
0.8771440440870472,0.6894781,0.96753013,0.9664905,0.10496504,0.14276493,0.32119957,0.26704443
0.9176588768094205,0.7798834,0.97966725,0.9737472,0.204792,0.19696802,0.4611875,0.024842648
0.9265938647350185,0.65117276,0.99148005,0.9814645,0.078747824,0.11700466,0.5835444,0.120775275
0.9216911084155421,1.0770779,0.9763361,0.96143645,0.44493994,0.52604157,0.13531546,0.14610267
0.6283736172044265,0.6016171,0.91665345,0.90675515,0.10039361,0.088110045,0.49228704,0.47555098
0.7668673703147794,0.8040825,0.9265242,0.9281197,0.2292632,0.25490946,-0.9001298,-0.71757823
0.8902885067341613,1.13599,0.9652684,0.96267164,0.3515391,0.51949257,-0.5784905,-0.3843439
0.9106950948312154,0.96127653,0.9748862,0.9720319,0.28000683,0.28053328,0.23599282,0.5150674
0.9468621352419417,0.98967034,0.99360675,0.9768771,0.25193754,0.36556914,-0.29639274,0.029706346
0.7804510668241708,0.6543271,0.9225018,0.9438356,0.15522015,0.11577629,-0.5311328,-0.33193102
0.7766819080771055,0.6390193,0.9525658,0.9226181,0.114345364,0.17852415,-0.11865787,-0.19373746
0.8394448170963441,0.6560443,0.9662154,0.95399725,0.11498327,0.13116755,1.1160816,0.8338894
0.9194886086861775,1.0754721,0.9711921,0.964976,0.48811927,0.50883675,-0.38117757,-0.10612729
0.9140526600404257,0.6322144,0.9814971,0.9760892,0.09180693,0.11869416,-0.8057752,-0.35833755
0.8866615378338463,0.9878977,0.946628,0.94722444,0.46730646,0.48111594,-0.044776857,-0.27732372
0.756735668469707,0.631056,0.9408693,0.95005554,0.11793272,0.10905385,0.0046623405,-0.08561403
0.8558056606409058,0.85767794,0.9432477,0.96925455,0.28612494,0.15830119,0.058097005,0.1698495
0.6951317950610872,0.7227528,0.9156812,0.9154839,0.17244759,0.19378623,-0.9445968,-0.73176736
0.6950393071102893,0.58251923,0.91634095,0.89449584,0.11628264,0.16266266,-0.033368252,0.18309888
0.8968770023803204,0.73511523,0.9754689,0.9580553,0.17169009,0.25341633,0.14197955,0.22450708
0.847559221852207,0.8750947,0.95287573,0.9558403,0.22471815,0.31256586,-0.8169701,-0.82556045
0.9061084698413554,0.8261646,0.9751844,0.9751468,0.20742376,0.195115,0.09801631,0.5365914
0.7696488017998084,0.6924343,0.9566047,0.9515957,0.10411741,0.12643015,0.31991804,0.35631543
0.7972701942512312,0.8146842,0.94509405,0.95185137,0.19403541,0.24183354,-0.34362796,-0.3987952
0.9130067129930741,0.6880975,0.97825974,0.97758,0.0947841,0.10868328,0.27273118,-0.073403895
0.8857236023237764,0.63507,0.9729196,0.97051364,0.08481046,0.10691255,0.2542956,0.21925251
0.5746465303434449,0.5368577,0.9046579,0.9027007,0.076672494,0.07076989,-0.29389068,-0.2592319
0.8994094436175111,0.7300496,0.99136686,0.97667736,0.10783422,0.123335235,0.11902311,0.23777275
0.7450887653582026,0.59799075,0.9407479,0.94586456,0.09008896,0.10370494,0.5790918,0.5560045
0.8985390014942404,1.2028179,0.9781716,0.9655001,0.3461089,0.6384327,-1.6392792,-0.9647004
0.9145490745838519,0.7490261,0.9862433,0.9724981,0.15343107,0.17771994,0.64781797,0.5934357
0.8745304582608735,0.6918888,0.9667879,0.9660045,0.12554388,0.16706839,-0.07395099,-0.103800826
0.9263320895891344,0.8328529,0.97659034,0.97879666,0.21330106,0.20678864,-0.17974676,-0.098490894
0.8401413581026175,0.6243906,0.95591164,0.96450895,0.112806775,0.11678634,0.037449893,0.07431998
0.895936317429811,0.61592454,0.983175,0.96805894,0.07493326,0.14296828,0.5253484,0.53505677
0.7274859260617481,0.61982125,0.9479345,0.9454736,0.07961235,0.11003251,0.42325777,0.2886792
0.8613809222049477,0.53414947,0.96155417,0.9547253,0.08270681,0.116369195,-0.36145985,-0.29362014
0.8911822699491633,0.6977064,0.9773851,0.9759062,0.12850288,0.1510933,0.774905,0.6044912
0.7715814794850369,0.6545275,0.94787735,0.9421984,0.13409832,0.13480416,-0.22471105,-0.42680788
0.753667712266834,0.5787693,0.9430274,0.9244103,0.102894954,0.16751647,0.45283628,0.49897367
0.7599032012645124,0.7557195,0.93119496,0.94138724,0.18764406,0.14829926,0.016380629,0.088527195
0.9229810162849628,1.0604236,0.9733238,0.9641758,0.45155463,0.4510043,0.23655932,0.22951269
0.9258526140564183,1.0110079,0.97893435,0.96458817,0.37436277,0.4576913,0.07267675,0.109312885
0.7474895621583301,0.56328887,0.9494375,0.9399493,0.08270645,0.08530214,0.5583277,0.39692768
0.9207539449526313,0.8937883,0.9850903,0.9698117,0.24719575,0.33065274,0.07078018,0.16914617
0.8832021434883431,0.7433716,0.9857916,0.9668055,0.13616757,0.217813,0.47936094,0.19244245
0.910891249533491,0.78295296,0.97655916,0.9812099,0.17440116,0.15361527,-0.06414982,0.19718449
0.938969829595173,0.7848724,0.9860711,0.98583364,0.11546986,0.1131554,-0.565179,-0.068646
0.8532273636523783,0.7338198,0.964483,0.958355,0.15060638,0.18096401,0.25194678,0.2150735
0.7573324882771982,0.6109642,0.9463492,0.9319533,0.105626434,0.1710158,0.1653216,0.14539042
0.9429597277055565,0.71152955,0.99163043,0.9885568,0.08909818,0.093200624,-0.25928017,-0.07219213
0.8781684157069466,0.7752434,0.9758332,0.9793984,0.15139084,0.095199704,0.80516076,0.5944143
0.7303916476146637,0.46978703,0.9466364,0.9287642,0.05293575,0.068988435,0.90283453,0.79935354
0.8727468555434971,1.0130891,0.95449865,0.960002,0.4244198,0.433662,0.24557221,0.33080557
0.9082752001720322,0.6399531,0.9888518,0.97736365,0.11393418,0.12219903,-0.33992308,-0.018149525
0.8797109040177448,0.80218804,0.9754689,0.957471,0.17169009,0.25820008,0.14197955,0.14856416
0.8818908070865293,0.68379456,0.96712345,0.97003984,0.13400148,0.13327838,0.45225206,0.5567532
0.6118381021180964,0.69586545,0.90722686,0.94382465,0.153429,0.116061784,-0.2270059,-0.25314596
0.7893330082132815,0.84490186,0.91978884,0.9180234,0.29196256,0.33674568,-0.3636186,-0.41158503
0.9247067240810759,0.68120825,0.97957045,0.97426826,0.13683088,0.17023204,0.5173073,-0.19326869
0.9150061736649878,0.82707834,0.9687405,0.9772861,0.21502568,0.1567503,-0.5645709,-0.35447556
0.8707651963464316,1.1803948,0.9310749,0.9323638,0.78074,0.84369504,-0.34633866,-0.07135741
0.9361708976913438,0.910056,0.99465615,0.9788747,0.19786355,0.24612406,-0.7680737,-0.19534625
0.915251323912212,0.96002096,0.9809872,0.9603325,0.2829372,0.44732952,-1.3118873,-0.77806526
0.9087759262681483,0.8913898,0.9840355,0.96874136,0.22372578,0.3196917,0.19667745,0.29082578
0.9158560395289665,0.76757205,0.9821615,0.97226727,0.15747125,0.18197271,-0.5934163,-0.41035968
0.9698429499268721,0.74891734,0.9943729,0.9915938,0.0813071,0.12003777,0.21117215,-0.07039623
0.9516580279772846,0.6883594,0.9860364,0.98842275,0.14416559,0.12405473,-0.20429108,-0.22596824
0.829392330078773,0.734173,0.9600609,0.95045537,0.17563306,0.17429927,0.5869914,0.7692322
0.6381265535562487,0.50495726,0.9046579,0.8953016,0.076672494,0.08451917,-0.29389068,-0.25267804
0.9129160029625606,0.6566386,0.97748685,0.97443,0.12129253,0.10209116,-0.2798397,-0.344985
0.9575236281477807,0.9907073,0.9935247,0.993246,0.112713866,0.15665033,-0.19095169,0.31876895
0.9388625338340055,1.1206782,0.9876638,0.9765741,0.35577887,0.47073337,-0.038859382,0.19164872
0.8834491000718562,0.82824093,0.970687,0.95461994,0.21640067,0.28229925,0.45841438,0.46001965
0.7394256146280984,0.6683532,0.94140154,0.9399126,0.121233985,0.12605324,-0.14614251,-0.03921666
0.9311416657826667,0.9498805,0.9737045,0.9743877,0.33619323,0.3365431,-0.13991864,0.03239875
0.9289963104314098,1.0510681,0.9872592,0.9703513,0.3222135,0.55306166,-0.06311249,0.073394366
0.9169249490119921,0.800426,0.98275405,0.9742779,0.19703242,0.17678382,0.15895493,-0.09915801
0.8918886073421772,0.59827,0.9879711,0.9767945,0.08001066,0.10022336,-0.5794289,-0.22842506
0.7514547045527529,0.5753472,0.95192325,0.93958586,0.08750657,0.10283203,0.047475778,-0.042989228
0.8017412866786061,0.62698907,0.9518796,0.95335275,0.10492996,0.12131208,0.680836,0.3711891
0.889670074635212,0.60522175,0.9776153,0.9756198,0.07563196,0.091828555,-1.0851537,-0.7715939
0.9233240727238518,0.8929812,0.9779417,0.97455424,0.19835125,0.29089034,0.039270684,0.40179586
0.8395548993847841,0.6708678,0.9652298,0.96006143,0.10032905,0.13897257,-0.23112863,-0.12627544
0.9325744260759085,0.95495266,0.99175525,0.9788232,0.24478713,0.29533026,-0.20303982,0.014615345
0.8732457845193256,0.7900807,0.95571005,0.96234965,0.24280345,0.20519538,0.58725935,0.4796394
0.9005413575266172,0.81916445,0.98717993,0.9713681,0.16741608,0.23314004,-0.36941648,-0.13550815
0.9023507865521261,0.74313843,0.9772375,0.97134966,0.15097868,0.16504878,0.35779652,0.2561845
0.9310313533170166,0.96812993,0.9790677,0.9817269,0.20057534,0.22947255,-0.47472498,-0.009561813
0.8739928919668628,0.7968717,0.9661787,0.9651935,0.19025065,0.16744001,-0.40671372,-0.58968204
0.9082056347209017,0.85755473,0.9625739,0.9555398,0.30749658,0.3944244,-0.21330267,-0.07983374
0.9534831165252986,0.61896807,0.9889249,0.98795724,0.06503699,0.09181668,0.18816625,-0.02755695
0.9360861826697893,0.8218378,0.9933699,0.979399,0.17606492,0.23277333,-0.88643163,-0.31455746
0.905189917886387,0.75964123,0.9867083,0.9857572,0.10413657,0.1118146,0.15749176,0.34730744
0.9120602595936417,0.72375345,0.9664489,0.96740085,0.18593498,0.17862505,0.027435154,0.24307817
0.6855863438058151,0.6297841,0.9281995,0.9366938,0.12837753,0.12282041,0.7778153,0.6745934
0.9147486837514212,0.5569041,0.98049563,0.9819976,0.07283725,0.082731985,-0.2747988,-0.11388934
0.9142032326085172,0.7568106,0.9862433,0.9727189,0.15343107,0.19961035,0.64781797,0.56349003
0.9196289561006331,1.0265249,0.987667,0.9753273,0.2845542,0.32628113,-0.07272801,0.15262297
0.7540447296711568,0.59697264,0.94606405,0.9476899,0.07218735,0.10507687,0.78639615,0.58056766
0.8869498166639708,0.7747783,0.96262884,0.97110975,0.21125388,0.1338993,0.3127599,0.37340167
0.9150924252464859,0.717689,0.9801197,0.9775447,0.1305472,0.15390702,-0.123645805,-0.043535747
0.685474468459915,0.6269505,0.9287474,0.9306291,0.11981174,0.08941151,-0.44469777,-0.57689285
0.8144524004207591,0.7756007,0.9287759,0.9378553,0.22822063,0.22094528,0.5659964,0.4752026
0.8876131606421058,0.74677944,0.9630623,0.97600764,0.17477347,0.12773184,-0.56127894,-0.16289577
0.8623907056625131,0.73692274,0.9561354,0.9507781,0.14100966,0.26978016,0.04483079,0.12787777
0.845673868171819,0.67286146,0.95401865,0.95866925,0.16137326,0.13408838,0.5325343,0.26401272
0.9261935031989607,0.78438985,0.99438715,0.9794663,0.12550434,0.17577466,0.37858692,0.39411196
0.8286915192146432,0.84334016,0.9634061,0.94966346,0.18979263,0.25389427,0.05722993,0.06647228
0.8598978202716513,0.7383419,0.9705469,0.9623131,0.11909181,0.17377515,-0.5095916,-0.43130124
0.9427477074476334,0.91542894,0.98568875,0.98606724,0.16807716,0.25295034,-0.25657135,0.42446902
0.5855285084045615,0.5202978,0.92672026,0.9393999,0.059856504,0.07117702,-0.60697913,-0.7523421
0.9056067729930837,0.6102099,0.9799257,0.9759501,0.07626662,0.1132905,0.019646091,0.19670805
0.7441223513944477,0.70627767,0.93894434,0.9366292,0.18367897,0.1586198,0.79775435,0.76378345
0.8736930478228877,0.67102545,0.97614765,0.98178214,0.09497263,0.08862258,0.5318619,0.3087228
0.6274028695364592,0.64420205,0.9206675,0.9310396,0.114365436,0.08066722,0.2817137,0.19790725
0.8886121728979477,0.9358601,0.9584433,0.9575082,0.277272,0.41760817,-0.012390181,-0.24532
0.923391693598671,0.7721049,0.9757455,0.98080254,0.14600132,0.11417811,-0.40262794,-0.28037924
0.8370249280359886,0.8791005,0.94418186,0.9527331,0.28199133,0.1584712,0.023968367,-0.18133435
0.930278442092551,0.9626672,0.97893435,0.96289515,0.37436277,0.5732964,0.07267675,0.123047635
0.8894006041280967,0.7965145,0.978518,0.9761648,0.14630881,0.15195543,-0.4003887,0.2738862
0.8637415188066431,0.62593263,0.9611686,0.95271856,0.11374679,0.1898962,-0.09569326,0.06257048
0.9307881514861044,1.0685136,0.9813755,0.972189,0.4242419,0.44144064,-0.17634001,-0.045650855
0.6941080370732859,0.5930355,0.9424373,0.942579,0.07721371,0.09447709,-0.080616936,-0.006973549
0.8499190986750559,0.747445,0.9638537,0.9634067,0.16030712,0.16793121,0.79449505,0.43287525
0.9566124274899884,0.65780514,0.99335915,0.9890567,0.08842564,0.106464684,0.46604133,-0.05496673
0.8474664779946367,0.70136523,0.963143,0.9589107,0.14655603,0.1840714,0.35300177,0.48868787
0.8234923373267742,0.62602735,0.9652605,0.945784,0.0957208,0.1705716,0.084470235,0.0655753
0.9239267147402744,0.97601575,0.9765465,0.96604043,0.36095074,0.36838746,-0.23953965,-0.08535119
0.7340973987355838,0.7123101,0.9297953,0.93491024,0.15928903,0.11570549,-0.03874774,0.049634982
0.8708784932605591,0.6863101,0.9651697,0.96305734,0.15192293,0.19179203,1.0524107,1.2817955
0.9384438462790156,0.9642986,0.9883131,0.97349656,0.2652007,0.36356917,-0.3899553,-0.107783295
0.8536654846824777,0.69617087,0.96674544,0.9664508,0.11309228,0.13354403,-0.42333806,-0.15980396
0.7258554195608672,0.6486879,0.9358772,0.942392,0.11388904,0.121742286,-0.33635777,-0.16501144
0.7474997765599645,0.5794491,0.96380204,0.9487669,0.07381757,0.10643685,-0.43531668,-0.30951795
0.9000022421763588,0.69235563,0.9611366,0.97027534,0.13920294,0.15189078,-0.8341206,-0.7521066
0.7922646413223428,0.5247385,0.9608764,0.9480174,0.06766469,0.07316293,-0.015846297,-0.067105845
0.9014096738255479,0.8063419,0.9862433,0.9733187,0.15343107,0.2089809,0.64781797,0.53461426
0.9324048347527738,0.8472553,0.9763231,0.9746944,0.25929353,0.27667817,0.33353844,0.19414218
0.8744323729090707,0.66239816,0.9749188,0.9642544,0.123877645,0.14937766,-0.8072343,-0.89179
0.9435520433734891,0.8553199,0.98384345,0.9834525,0.23305427,0.23882954,-0.0346419,0.36812
0.9095119069299052,0.85467845,0.9688127,0.9579089,0.29082343,0.39595053,-0.40867716,-0.31036818
0.9160673317227732,0.7726354,0.99399906,0.9900695,0.119491465,0.10383659,-0.14636816,0.3501592
0.9317086388013824,1.0120723,0.97893435,0.96436906,0.37436277,0.3980087,0.07267675,0.1762051
0.9265209162433468,0.74140584,0.980755,0.97416,0.15798777,0.22836483,-0.12496317,-0.34907243
0.8744984672157549,0.72366333,0.97085184,0.96741873,0.11448736,0.14523353,-0.02079171,-0.19542915
0.843003118560499,0.86328006,0.9539022,0.94728994,0.22960934,0.26600865,-0.5431108,-0.4751802
0.8161593561854971,0.77471405,0.9507072,0.9588791,0.18772164,0.14178868,-0.7141829,-0.4827543
0.8102130706900915,0.7040988,0.9722111,0.9555816,0.13205518,0.15654618,-0.9562449,-0.6871398
0.8486111721937876,0.7077704,0.9479563,0.9459956,0.17734663,0.19295445,0.13042158,0.010208655
0.9398787170365949,0.7097819,0.9877055,0.98645365,0.098073915,0.13270175,-0.19155288,-0.27609572
0.820059462025514,0.83107764,0.9237628,0.9294288,0.29623395,0.3900972,-0.27191818,-0.2066309
0.8683029249764681,0.5208728,0.9773899,0.97235477,0.068858795,0.06841092,-0.27576214,-0.36908236
0.9568333273653324,0.7891017,0.99085116,0.9902854,0.11973873,0.13502933,-0.27588496,-0.018926227
0.7251138601462176,0.7233888,0.92387545,0.92090327,0.15012874,0.14570062,0.43848214,0.40090054
0.8076737704438034,0.7303752,0.9380395,0.9653244,0.17029445,0.09539666,1.0411946,1.0242535
0.8237302806608451,0.760968,0.9510049,0.94816107,0.20712532,0.19968352,0.6389891,0.42653954
0.8154647046823528,0.642146,0.9398098,0.9549058,0.13649413,0.09621361,0.13602711,0.08782964
0.9244320012211202,0.74402815,0.98667,0.9877348,0.13246335,0.10469062,-0.6488487,-0.42296043
0.6624389045822249,0.681411,0.94109607,0.93066645,0.09804632,0.16225348,-0.13258107,-0.35053065
0.7329634542341529,0.63094944,0.93617976,0.9560921,0.097644195,0.100364536,0.33984467,0.34685457
0.9251126444020233,0.87243575,0.97675675,0.9864421,0.17554028,0.11393032,-0.55307364,-0.32543173
0.8482344781175167,0.89587855,0.94806004,0.9471497,0.3034127,0.28873402,-0.089618616,0.11033153
0.8711302774928444,0.5704158,0.9654424,0.97075504,0.084607385,0.07097985,-0.25393304,-0.14356431
0.9256110165777628,0.71923393,0.98321974,0.9899416,0.12524047,0.1058558,-1.0050886,-0.30224916
0.935271530379445,0.90687215,0.99160874,0.9811407,0.23108143,0.28733736,-0.37581316,0.015587965
0.9063909049585449,0.7093611,0.9873828,0.96945167,0.12516594,0.19759153,0.44786808,0.4203569
0.8890125129300022,0.86151624,0.9471761,0.9560404,0.28726384,0.3361746,-0.168642,-0.2969816
0.850348056858956,0.805831,0.97503287,0.9670288,0.13623561,0.15388824,-0.29511774,-0.6212469
0.8513949783351965,0.7751626,0.96109295,0.96869487,0.13518314,0.088721715,0.8594914,0.86592215
0.9397762627482021,0.9923064,0.991804,0.97062165,0.30227914,0.5755805,0.3096776,0.31535956
0.7133479984236798,0.62115157,0.94317394,0.93549824,0.09525828,0.0943176,0.5038601,0.5681645
0.9108530839764934,1.0417315,0.9615859,0.9607315,0.47261816,0.47549874,-0.06780372,-0.28743735
0.7978421715587476,0.699487,0.9450805,0.93404764,0.15768874,0.18881044,0.2469827,0.18841508
0.9278122201299555,0.7162983,0.9889193,0.9838297,0.10700615,0.10725453,-0.30963773,-0.267594
0.7958919880787183,0.6795767,0.94878775,0.9524706,0.12267718,0.088408254,-0.5902039,-0.58423287
0.9045114033914908,0.6726546,0.98298776,0.9703885,0.117667034,0.10870312,0.09553386,0.44981503
0.9544663678826191,0.7740847,0.9871936,0.98698825,0.12545262,0.1807234,0.040628638,0.00784598
0.8643540088886416,0.5451638,0.9693279,0.96314955,0.07515338,0.10788412,-0.916246,-1.048794
0.7807878771180605,0.8826699,0.93557143,0.9371336,0.2186236,0.357465,-0.5188094,-0.7667566
0.7942857757257242,0.6517881,0.962295,0.9671188,0.08656924,0.09145608,-0.47019187,-0.6231201
0.9302613702178193,0.8640463,0.9841916,0.9833384,0.18842961,0.186843,-0.12951171,0.21968453
0.85950806174529,0.685487,0.9599547,0.9584858,0.1142251,0.21018842,-0.3424823,-0.24785231
0.915111155441785,0.772838,0.9852527,0.98331255,0.12249755,0.1247025,-0.1813962,0.01691214
0.7835593435679384,0.66398454,0.94984114,0.9409783,0.104042865,0.18125877,0.14226997,0.010949764
0.8027363383578142,0.675318,0.96742743,0.9453212,0.11719868,0.19344233,-0.027279614,0.058704525
0.771706906193105,0.6270861,0.9520431,0.94939667,0.11699926,0.1287635,-0.5882234,-0.5899661
0.9149023139363703,0.816423,0.9928791,0.98892677,0.14906466,0.12697421,-0.0019255207,0.25402305
0.8374262088681935,0.6426282,0.9558179,0.9540524,0.109151185,0.12731169,0.100556806,0.017534198
0.7459011704801873,0.64844835,0.94990784,0.94789165,0.09534641,0.14611325,-0.03862321,0.27615052
0.9387177381628382,0.9434587,0.99077374,0.9775408,0.27222103,0.3284711,0.51426977,0.5003542
0.8072940504470482,0.6639759,0.9369929,0.95289314,0.15798268,0.120182864,0.026825124,0.10205586
0.8454069251531081,0.7457093,0.9792546,0.9633815,0.112102605,0.16214786,-1.150888,-0.7765691
0.8822825800772128,0.8112588,0.95782954,0.9607668,0.26556793,0.26709768,-0.52572876,-0.4212489
0.8713908875825421,0.7995052,0.9655808,0.97724575,0.17462493,0.1346854,-0.20884913,-0.16980696
0.6985819956771193,0.57148844,0.9535043,0.94076073,0.070061676,0.08513762,-0.55380917,-0.4941212
0.8919758775001404,0.79238623,0.97888577,0.9722219,0.19145559,0.21676658,-0.18769011,-0.5187159
0.5830989246558279,0.55265284,0.91532457,0.9252027,0.07320418,0.08401272,-0.25041476,-0.19264969
0.9189753457560554,0.81989133,0.98733276,0.97955924,0.1460413,0.23290497,0.014564318,-0.39197806
0.929150074040012,0.75761354,0.9750499,0.98108333,0.1549743,0.15590644,0.061414137,0.13034748
0.7670623386659743,0.7752922,0.9292244,0.9362839,0.21321903,0.17299008,-0.76179206,-0.596118
0.7376928773268604,0.7019908,0.9365302,0.9346094,0.14406781,0.1470858,0.31044596,0.29354528
0.8603197894911665,0.53464156,0.96779627,0.9610648,0.06896577,0.090788655,-0.150425,-0.19637266
0.8997587462013995,0.9977829,0.9595821,0.9694756,0.368738,0.29439965,0.06487395,-0.17020969
0.9135581754813081,0.68113106,0.9843577,0.9774053,0.1183593,0.12026208,-0.03058135,0.5299817
0.7662700145903263,0.7640946,0.94867545,0.94528216,0.17294998,0.16346161,-0.5175956,-0.65160805
0.9025321198291392,0.80731136,0.9862433,0.973816,0.15343107,0.18479815,0.64781797,0.5866328
0.9308457568713212,0.74413455,0.9878701,0.9799069,0.13176776,0.18164368,0.0045408676,-0.45676315
0.7551826209252195,0.578422,0.95225495,0.9381056,0.08872431,0.08017787,0.81919235,0.9572454
0.9103314939706064,0.64855355,0.98292893,0.9786693,0.09659081,0.12303716,1.221569,1.0025758
0.894969461126948,0.9595208,0.956593,0.9642851,0.3496248,0.313019,-0.08952221,0.001103237
0.8021521245043399,0.5345744,0.95642865,0.9578909,0.07872892,0.07654262,0.07919771,0.029001253
0.8722576148892186,0.8117122,0.97692424,0.9777737,0.17490232,0.14490853,-0.05648053,0.03488199
0.9283445231133659,0.99501336,0.97893435,0.9637779,0.37436277,0.4881097,0.07267675,0.16007218
0.9300273260203723,0.9213747,0.98878384,0.97263414,0.26224568,0.3758702,0.032277253,0.14951554
0.9571579564092731,0.695426,0.9890095,0.9895841,0.10970924,0.11354342,0.45695713,0.068123445
0.9386983192797311,0.7783098,0.9838631,0.9875326,0.144367,0.1269829,-0.34135705,-0.12632571
0.900375742140119,1.1732085,0.9556866,0.9580582,0.6279048,0.49826792,-0.6060229,-0.4337956
0.9553316659410667,0.6374929,0.9943566,0.99132735,0.058792517,0.08605409,-0.534805,-0.6854407
0.8380525575124094,0.7892049,0.95852375,0.96283036,0.16088322,0.12336462,0.18302982,0.06408712
0.8906907959505275,0.8307744,0.97529966,0.96666116,0.16785228,0.22515047,-0.687883,-1.1827718
0.9137244628679142,0.799863,0.9800946,0.9763854,0.18937318,0.20452125,0.43903837,0.5359582
0.9029347001175522,0.7300401,0.9754689,0.95582825,0.17169009,0.26092532,0.14197955,0.14888912
0.8976069580811133,0.7473749,0.97709465,0.9807088,0.13014528,0.12237516,-0.0019193949,0.11119091
0.892315905714545,0.95711696,0.95457333,0.9633897,0.3702902,0.29335785,-0.7331922,-0.39961207
0.940249068199851,0.79150623,0.9911742,0.9894092,0.09134844,0.15609476,-0.38915023,-0.41782779
0.8177167298746768,0.74639356,0.92817163,0.931264,0.21549125,0.31663367,-0.31262556,-0.28159222
0.7785999754774873,0.59425586,0.9619773,0.9492387,0.051172927,0.10920303,-0.26323286,-0.5259187
0.7855387527582006,0.8665895,0.9476935,0.9167025,0.25924072,0.43258065,-0.19000448,-0.12927184
0.9287460030633606,1.0039253,0.9850116,0.97644025,0.30168232,0.2823766,1.2602017,0.7494241
0.9335839023334246,0.94616467,0.9941796,0.9758869,0.22110708,0.34602565,0.049106225,0.14344431
0.7935493880239023,0.8191879,0.9565929,0.95679486,0.17573655,0.13572837,0.32370558,0.21111584
0.7844671253227401,0.61494595,0.9477335,0.94034797,0.10321375,0.16460107,-0.2427636,-0.2015898
0.6430018797763009,0.5575667,0.9234437,0.9097725,0.08646894,0.10893966,0.01028024,-0.041331757
0.7077426036068166,0.7461497,0.9261435,0.9250227,0.16475227,0.19787672,-0.208155,-0.37676522
0.8593815137570423,1.0791173,0.92866814,0.93315876,0.6604897,0.6704243,-0.15601353,-0.31094575
0.9486753520440564,0.77918684,0.98768944,0.9838531,0.13495266,0.18582954,0.22801244,-0.115013815
0.9244073714571797,0.79641366,0.97645557,0.97363466,0.21920297,0.2117896,-1.0305321,-0.36321664
0.8075663080266093,0.76402247,0.944496,0.93672615,0.19096781,0.23237465,0.34820536,0.41649023
0.9420726445556232,0.72735286,0.99252313,0.98135036,0.14742883,0.1728504,-0.19740334,-0.032515757
0.9093367214938757,0.79964453,0.99061275,0.971589,0.14842317,0.27185866,0.87126327,0.76878303
0.8093493078638894,0.8930178,0.94445074,0.95796895,0.24623056,0.224848,0.7489496,0.27375484
0.9430534175765469,0.99880046,0.9941728,0.9815037,0.26973215,0.2934076,0.5086683,0.4079267
0.9142209211873474,0.7477634,0.9862433,0.97074,0.15343107,0.21816206,0.64781797,0.5351976
0.8077042208806755,0.88017124,0.9268036,0.93693376,0.2591067,0.35662162,0.043012828,-0.010206687
0.698924418515907,0.582812,0.9111364,0.9162016,0.12214456,0.12600279,0.5708006,0.60437393
0.9456213649954185,0.6915446,0.9910513,0.9894484,0.07135131,0.1168892,-0.7043641,-0.07240365
0.740475261900042,0.6921363,0.9306081,0.9263586,0.17124493,0.1213989,0.18379769,0.36384407
0.8373759532441526,0.83428824,0.94158304,0.95767975,0.31505448,0.18557167,-0.121136256,-0.045999955
0.8210728320436532,0.6641472,0.9632091,0.96102506,0.10641031,0.113025665,0.3985823,0.7171521
0.8682325216372037,0.56199634,0.97897124,0.97167593,0.06481155,0.08847542,-0.7489989,-0.63042945
0.8480318028850885,0.6536585,0.9538154,0.95608634,0.13192475,0.115456566,0.68778086,0.4969349
0.8871545416887268,0.91916686,0.9672299,0.97462624,0.22381936,0.21808626,0.6884218,0.20782776
0.8973632762501244,0.71956867,0.95940673,0.96177876,0.19700015,0.20419218,-0.3722096,-0.34611318
0.8598918698066992,0.708387,0.94384396,0.9594005,0.19479863,0.14484799,0.25775033,0.17465681
0.868007443073191,0.9724614,0.94154406,0.96215516,0.39630535,0.21633202,-0.010039422,0.09031089
0.9402920416467269,1.1256201,0.99307394,0.9747266,0.33667794,0.54714847,-0.24757573,0.056758303
0.7218996705759474,0.823175,0.9041993,0.9161373,0.25379902,0.18263069,0.8638519,0.84009105
0.7452719671795148,0.7456836,0.928619,0.9225998,0.18196732,0.22057435,0.2364654,0.12785538
0.9484708990734503,1.1238604,0.9940467,0.9828509,0.30486715,0.40648818,0.011766899,0.23426282
0.5591814193890272,0.64689934,0.9064296,0.9242578,0.12110136,0.105279274,-0.06851278,-0.07768489
0.8902711727583199,1.1704264,0.9549688,0.9563882,0.6275198,0.49816322,0.35338372,0.28805223
0.8302517268242764,0.6335693,0.9550357,0.93800795,0.13585128,0.20594248,-0.17351514,-0.4617076
0.8108226723236276,0.809275,0.94212884,0.9413714,0.23999156,0.21653691,0.02496027,0.2703155
0.9215176834428295,0.72230875,0.9882742,0.9882436,0.10283117,0.117226765,0.4674476,0.6348455
0.8229345864535339,0.7078653,0.9625965,0.94941086,0.0866613,0.18951681,0.62149125,0.5235358
0.9342836164933788,0.9746947,0.9869896,0.97057587,0.24772857,0.4366325,-0.40377557,-0.050767254
0.9258718609074978,0.65857345,0.98029923,0.9816236,0.07886889,0.13669616,-0.6299879,-0.34546736
0.9270472282635566,0.77725935,0.99091613,0.969262,0.15943024,0.2908932,-0.162059,0.09827222
0.8012887734800513,0.76322234,0.9461251,0.9504379,0.16833167,0.20307744,-0.18956068,-0.022697298
0.9198404205030767,0.92084575,0.9709088,0.97358257,0.24742769,0.26500747,0.030353904,0.41394687
0.9229603854976618,0.724414,0.98353595,0.980406,0.12950754,0.14320153,0.15745816,-0.1895528
0.9655565077690413,0.87725633,0.9892436,0.990145,0.16915068,0.21030603,-0.2716281,-0.097917885
0.8976799184374961,0.7503382,0.96491,0.97273713,0.16342899,0.17840752,0.1633472,0.16876118
0.9193449335271895,0.9428986,0.9689217,0.97180325,0.2975708,0.2726138,-0.38230318,-0.48835495
0.923255399688864,0.6889219,0.9793644,0.97271883,0.14632994,0.18765995,0.28510204,-0.08481803
0.819294117647059,0.7543723,0.9499757,0.94125,0.18554215,0.24386232,-0.5715613,-0.5674436
0.9373926560948251,0.7464178,0.9924494,0.98547137,0.12225144,0.1308541,0.48999053,-0.4858712
0.9108561160409787,0.669202,0.98121655,0.9771632,0.093610495,0.14225087,-0.04569918,0.14333677
0.885895424687268,0.8719626,0.97464967,0.972032,0.19321361,0.2588418,-0.1986253,-0.45150027
0.9386040981328678,1.0170383,0.98207366,0.9660606,0.406287,0.6120061,-0.68566763,-0.3285729
0.9313056652969065,0.7107756,0.9882294,0.9889942,0.08265251,0.072662875,-0.08329963,0.025281115
0.7196898631183781,0.5793513,0.92093176,0.93119836,0.10873467,0.11131397,0.831298,0.8601509
0.5611358414617347,0.61957973,0.90561414,0.92320687,0.081842735,0.09202538,0.6379913,0.627751
0.8930166553101242,0.843417,0.9650485,0.96300495,0.20150551,0.26296163,-0.40405175,-0.31389686
0.688208399905344,0.56535643,0.9404162,0.9497312,0.071236864,0.06764726,0.41498232,0.4006832
0.9267674458187914,0.97377956,0.9815923,0.9689629,0.3355111,0.37465099,0.18399318,0.22139141
0.8927861961372064,0.9743415,0.9633002,0.9717176,0.34225047,0.26361802,0.41983414,0.45200637
0.9595341103894578,0.8801247,0.99170953,0.9912218,0.1621428,0.17681181,0.21480937,0.18555628
0.8827314615570341,0.63352895,0.98139334,0.96908635,0.0887279,0.12805162,-0.88958144,-0.51865566
0.6987197779711646,0.5189757,0.95581746,0.93811655,0.05661077,0.08687923,-0.11499499,-0.06672865
0.9321907600945217,0.8000453,0.9830119,0.9785801,0.18622942,0.18328607,-0.18319257,-0.18215922
0.914006298945008,0.9178575,0.98410916,0.9797222,0.22982122,0.24157451,-0.20789449,0.0024921475
0.8902624507939922,1.0008165,0.9645196,0.97150475,0.34680945,0.26249018,0.6755215,0.57389766
0.8259728425556551,0.64480436,0.96227574,0.9507604,0.109562635,0.14525898,-0.8736286,-0.6848086
0.8602881079500974,0.71525526,0.9823308,0.9733905,0.09999075,0.13184835,0.40619302,0.8258173
0.6842555362968858,0.5144666,0.9477717,0.94556266,0.06213099,0.09073504,0.23533499,0.2980312
0.9122683476909357,0.57062,0.97462505,0.9758262,0.07576627,0.10746671,0.20139888,0.19870718
0.9165799003807842,1.1126063,0.97593385,0.9646448,0.39958256,0.5095526,-0.8804537,-0.47816762
0.9415462342313976,0.82590985,0.9849573,0.98773456,0.16828778,0.1524124,-1.2023731,-0.69434047
0.7750197039071527,0.74262446,0.9445791,0.944457,0.15617168,0.14509632,0.38037682,0.49212477
0.738769899963184,0.5565273,0.9466466,0.9486432,0.07709023,0.070552096,-0.7097654,-0.6791608
0.9060325860532139,0.8103893,0.9706223,0.9822411,0.16748443,0.11889312,-0.14572828,0.025170472
0.8938667844266857,0.65318143,0.97362727,0.9686861,0.11778349,0.14490934,0.022616265,0.053436045
0.8402532649365224,0.69761753,0.95161843,0.95025086,0.16429818,0.13306633,0.28744254,0.26434803
0.8300686601709857,0.8461958,0.9374329,0.9478937,0.2798752,0.28852278,-0.1550968,-0.050281096
0.8641862646058024,0.65703636,0.96770054,0.96814185,0.12242993,0.12073118,0.3849556,0.5046028
0.8768061916169908,0.566195,0.9835736,0.9720143,0.060565006,0.09093615,-0.13981937,-0.032625794
0.9077353636696583,0.7812671,0.9862433,0.96981645,0.15343107,0.19256184,0.64781797,0.64635366
0.8838120300499249,0.71183807,0.9760912,0.98223794,0.10920892,0.08974201,0.922711,0.73456395
0.9188328064692491,1.0210953,0.97893435,0.96786255,0.37436277,0.42786667,0.07267675,0.12018645
0.8964925553428089,0.8965452,0.9528713,0.9547403,0.40138665,0.41852924,0.19580284,0.44983402
0.8819442765764176,1.0693755,0.96446526,0.9566513,0.43959045,0.39046577,0.63155544,0.8344036
0.8917862467497996,0.6593287,0.9745657,0.9741533,0.105951495,0.12454698,-0.22961546,-0.5047722
0.8625965980474558,0.67763823,0.96898013,0.97098684,0.11452211,0.09684719,-0.35065332,-0.09561964
0.8914157266265164,0.83428526,0.95695454,0.9650358,0.31239414,0.22480845,0.25669822,0.36642262
0.9451879663980747,0.8718654,0.98624796,0.9888291,0.15886292,0.16662285,-0.888977,-0.2921116
0.9227571941691511,1.0082062,0.9930349,0.9768859,0.24536087,0.3626948,0.33331376,0.4645573
0.9453543090806896,0.70937675,0.9884454,0.98612905,0.10803451,0.12660968,0.36194107,0.0044933534
0.7984650465384077,0.57898176,0.9567158,0.9568014,0.07779159,0.0855981,0.38891292,0.2749274
0.9200173859867818,0.971115,0.97656703,0.97022307,0.32505628,0.32145482,0.04796582,0.15770286
0.8334173050587689,0.7033339,0.9578226,0.9651453,0.1285949,0.09333408,-0.82869166,-0.6425661
0.8423725973716156,0.854724,0.93252635,0.94573444,0.31373757,0.30131912,0.29890946,0.3072288
0.8969398869983821,0.7288668,0.98428816,0.97459376,0.104995094,0.15693003,-0.043610077,-0.46962592
0.8152739334518294,0.8502741,0.96701664,0.9504874,0.18981615,0.20602503,0.38430524,1.1604527
0.66913743698199,0.65935016,0.9078299,0.93187016,0.149009,0.12685615,0.20678383,0.19913206
0.719028180324509,0.6321133,0.9423854,0.9481351,0.09167622,0.11804975,-0.6889582,-0.7376496
0.9200514068562252,1.1082461,0.96313757,0.9538439,0.5837895,0.70193934,-0.8267879,-0.51880944
0.8359763889882224,0.62441075,0.97086805,0.9541064,0.08332069,0.1430163,-0.714559,-0.829902
0.7303019359843098,0.70452577,0.9381743,0.9424496,0.14051333,0.1331732,0.531661,0.47150758
0.7835977998716482,0.6153808,0.95147353,0.9351862,0.092510305,0.15767957,0.58218884,0.53304434
0.9114944752301231,0.9200865,0.9804623,0.98249656,0.26449555,0.15181845,-0.1761831,0.2446626
0.779524237363878,0.7032463,0.952199,0.94629145,0.11775212,0.13824138,0.6859687,0.7627272
0.7533219348035096,0.73012906,0.9126631,0.914813,0.21543756,0.19480148,0.41382408,0.21324244
0.9197270757963322,1.0021682,0.9864628,0.9756015,0.31206906,0.3474263,0.16662638,0.24550936
0.744590574430492,0.62187856,0.9391007,0.9346946,0.11258964,0.14506647,-0.53330505,-0.43397498
0.9094920733267318,1.0091478,0.94963276,0.9535323,0.505015,0.5337459,-0.65971434,-0.53435844
0.9233222571715611,0.9390432,0.98087066,0.96504056,0.31058565,0.39079025,0.42395777,0.39656284
0.9016897849743656,0.74448985,0.9796898,0.9761432,0.13451405,0.15105134,0.7066835,0.374242
0.9044647360743578,0.5758549,0.9856086,0.97320133,0.0731982,0.0996869,-0.24632587,-0.020740362
0.9256550682968111,0.95571667,0.9780008,0.9617808,0.32449478,0.51409847,-0.30011016,-0.15148336
0.9025496824559494,0.8144188,0.97653383,0.97726005,0.18042886,0.21687703,0.97854847,0.51898944
0.5969270364363258,0.51776236,0.91583943,0.9053634,0.07554372,0.09430614,-0.86902285,-0.88567615
0.8876237575078012,1.1409118,0.9268868,0.9344167,0.72844255,0.7117556,1.0391138,0.9088393
0.9359562775487081,0.74225336,0.9904043,0.9901416,0.10372202,0.11280764,-0.32454628,-0.5366117
0.8620185721364793,0.76314354,0.9690361,0.96284175,0.12352998,0.1289068,-0.849413,-0.723616
0.8551272723083636,0.53871965,0.9583966,0.95682305,0.08220846,0.110600814,-0.12722518,-0.5448339
0.8448635566181691,0.73464614,0.97072124,0.9733207,0.11829221,0.09104203,0.79556346,0.72674096
0.7957211765561668,0.83325785,0.95104414,0.9501331,0.22059046,0.17179234,0.469281,0.5332427
0.8987736815957891,0.8151923,0.9862433,0.9689989,0.15343107,0.20013922,0.64781797,0.670415
0.6379493544238969,0.68812245,0.9022375,0.8981066,0.17158335,0.1382408,0.26403046,0.3992145
0.7952216253474602,0.65898496,0.9463065,0.9394555,0.12665185,0.15064207,-0.62528056,-0.6211968
0.6514260984681758,0.6540949,0.9269241,0.9128325,0.111976795,0.16338645,-0.57740116,-0.64938664
0.724601720939399,0.59947896,0.93718505,0.9396612,0.094525844,0.08228657,0.36934215,0.41987646
0.8531726259796202,0.63930523,0.9658135,0.96498966,0.1080437,0.11761064,0.095447436,0.18451977
0.7071030384484863,0.6326835,0.9241079,0.90878874,0.12060481,0.16533537,1.2723655,1.2458848
0.6535230782596927,0.6604033,0.9120175,0.9118553,0.13301702,0.14911503,0.6393635,0.52959764
0.9274285218925635,0.9375452,0.9741325,0.9708871,0.27783242,0.29981023,0.2707531,-0.08376015
0.9141593582974975,0.8511048,0.96799225,0.9623194,0.28818062,0.42946482,0.6704073,0.35782057
0.8466881766861084,0.624382,0.95385104,0.9636137,0.10177703,0.09407419,-0.5760583,-0.6195531
0.8636180635548903,0.6864058,0.96904767,0.9773871,0.099335454,0.09577835,0.4323218,0.24669862
0.6715243853328344,0.6750635,0.904002,0.95447767,0.13870904,0.06700115,1.2626543,1.0018145
0.9548829495812721,0.7373698,0.991104,0.9906472,0.09341158,0.115512006,0.37005717,0.42675862
0.9236974952969492,0.6392281,0.96936744,0.97835577,0.13721216,0.12368847,0.7832725,0.527554
0.9206663101713777,0.71843696,0.98401314,0.9746658,0.1373282,0.16998652,-0.37177157,-0.15978545
0.8587951157112187,0.69073266,0.9649192,0.97333723,0.14915986,0.081835486,-0.64686656,-0.20015937
0.9171111429617829,0.80743474,0.99113846,0.9790338,0.13852714,0.15292914,-1.0161483,-0.5495237
0.836646086631374,0.70929736,0.9430155,0.95365393,0.17940797,0.15835771,-0.47140962,-0.4960907
0.9276973611035779,0.7220227,0.9903912,0.97458,0.13961625,0.19199751,0.2931362,0.40401703
0.8599191821950692,0.70274526,0.9706307,0.96767837,0.1278403,0.14089932,0.10460748,-0.13732703
0.8438196294111406,0.9123868,0.9421672,0.92518127,0.37688485,0.37832707,-0.63967144,-0.4021767
0.6935988959998235,0.7540415,0.9202332,0.92305756,0.20436978,0.19847842,0.4114345,0.37165067
0.9129216853954698,0.72725606,0.9905688,0.9897559,0.07998882,0.07523509,0.4215598,0.4626744
0.7746930327508853,0.6634412,0.9265923,0.94687843,0.13344179,0.12580699,0.5582508,0.53260815
0.9149687021709925,1.0511124,0.97893435,0.96603256,0.37436277,0.45229787,0.07267675,0.23068881
0.8905017028002725,0.74722916,0.9754689,0.9596257,0.17169009,0.24924242,0.14197955,0.17704786
0.8452837394693984,1.0869569,0.9543993,0.9571634,0.40963832,0.45354903,-0.3563795,-0.12618507
0.8886563090970095,1.2019861,0.944576,0.9551531,0.6500054,0.56338775,-0.86224914,-0.85069925
0.878066744563268,0.92247784,0.95833457,0.964352,0.2785349,0.29660764,-0.5375597,-0.20244773
0.7944612506978,0.6893558,0.94835985,0.9507758,0.13529438,0.098162234,-0.3217925,-0.36241212
0.7950735457077676,0.8797919,0.9257271,0.93898493,0.32038414,0.21206954,-0.15307525,-0.15521918
0.8791429141668664,0.85666025,0.9596908,0.95379823,0.260301,0.25207415,-0.43725652,-0.33445814
0.6127759969241596,0.5443929,0.8928394,0.92150027,0.103844255,0.079140246,-0.27870846,-0.3095
0.8767002836320456,0.7260547,0.97772366,0.97438836,0.09856378,0.12804681,0.06561562,0.14696884
0.817723799315808,0.85851216,0.9604565,0.95729923,0.24893108,0.18389665,0.87174857,0.81311953
0.897129192884671,0.636569,0.98028153,0.9703391,0.08374666,0.12926018,0.59176385,0.50771946
0.7359736207317795,0.63722456,0.947292,0.9348475,0.1096763,0.14006022,-0.66922444,-0.36152983
0.8794845968223965,0.82827586,0.96929145,0.9557458,0.2859902,0.27303258,0.27730387,0.22381264
0.9391709903313586,0.7786841,0.9898509,0.98253655,0.16127795,0.19224085,0.4003787,-0.039521053
0.9268790347006456,0.69444025,0.9939924,0.97879267,0.10965682,0.143472,-1.0023142,-0.4522377
0.7502104061136651,0.71198195,0.94171894,0.92721283,0.14492811,0.20001724,-0.2826252,-0.2010426
0.8691800118368019,0.8366,0.958013,0.9446764,0.30336186,0.34565288,-0.13719626,-0.5135475
0.9053603547776568,1.1016135,0.96357226,0.9528051,0.44932368,0.70456266,0.44273266,0.7018366
0.8067167340026775,0.7315726,0.96631724,0.95946723,0.11721829,0.15044858,0.44894803,0.66795444
0.930841193414591,1.1444558,0.9818346,0.9711509,0.4645336,0.4878843,-0.16010296,0.04134065
0.7945502150640346,0.75044733,0.9521244,0.9504076,0.16041207,0.17491317,-0.6517103,-0.6481444
0.8933146921783509,1.0300934,0.9548937,0.963986,0.34801254,0.3431844,0.18239588,-0.049757935
0.6241158709863697,0.57189786,0.92185396,0.9477302,0.09785581,0.064652056,-0.29295003,-0.12607725
0.9159611011777764,0.7473481,0.9862433,0.97157186,0.15343107,0.19678476,0.64781797,0.61809266
0.8377171465147436,0.73240983,0.9480107,0.95660985,0.17223755,0.16612548,-0.414774,-0.5051279
0.8981401114464179,1.1166396,0.97893435,0.9609503,0.37436277,0.5625652,0.07267675,0.0850651
0.7158012365761979,0.84453297,0.92008734,0.9334638,0.24298058,0.2053084,0.36697593,0.52649647
0.9366348434935751,0.8640931,0.9750219,0.9739961,0.23808876,0.3447201,-0.69398314,-0.37759396
0.8068963661594187,0.8618256,0.94022954,0.94055176,0.23111771,0.38293645,1.4627666,1.6074692
0.9129883954221434,0.8137024,0.9852288,0.985184,0.16187757,0.14956328,0.30428237,0.19715098
0.5944058379529341,0.4732987,0.9074457,0.928349,0.06136135,0.051182054,-0.24769245,-0.17229429
0.9347376819740293,0.8111202,0.9850775,0.97319037,0.19846067,0.27118188,-0.45583096,-0.45256385
0.83780993952245,0.5607904,0.9760854,0.95345265,0.06540534,0.11454182,-0.097202286,-0.32431942
0.8136413449026153,0.56122273,0.9548234,0.9600367,0.0794342,0.0918001,-0.5248037,-0.41206166
0.8912136373781822,1.0070703,0.9564257,0.9501404,0.4876201,0.5051787,-0.5788436,-0.50080836
0.8653562751610041,0.7959229,0.9610521,0.9442737,0.20696673,0.30627742,1.3030925,0.9699735
0.9322333211253315,1.119921,0.9764915,0.9637498,0.4941346,0.6278643,0.21651436,0.3044062
0.85212387419582,0.69856524,0.96110535,0.96281606,0.13535632,0.14655924,0.20885392,0.07855048
0.9516036082565774,0.66464126,0.98630553,0.9891857,0.092058204,0.08631493,-0.77718586,-0.35827392
0.7739953476472557,0.7178039,0.9320496,0.93116707,0.17590947,0.13923465,-0.11515915,0.070420474
0.9345916336946616,1.1304363,0.9829484,0.9703431,0.42301148,0.5049867,-0.2298979,-0.041401654
0.9040887708302034,0.65138084,0.9759621,0.97773844,0.1084914,0.10613895,-0.19950838,-0.28157797
0.9084023902083826,0.76627326,0.9928054,0.97963035,0.114529885,0.13206604,-0.49926308,-0.17524818
0.924220774307324,0.7134156,0.9923039,0.9857706,0.08087526,0.095855795,-1.3434085,-0.44978902
0.8646215601634497,0.7429724,0.9616157,0.9695524,0.1596997,0.12201819,-0.06857401,-0.20015128
0.8266774089403854,0.6535193,0.9528189,0.9624302,0.14590903,0.099689186,0.7510166,0.7371352
0.8135243909280994,0.6938688,0.94744176,0.9543858,0.15944564,0.16154028,-0.09397979,0.18664053
0.7891951606392258,0.6905801,0.94760126,0.9574947,0.117635116,0.10648539,0.119572975,0.29871887
0.874161456473833,0.79831004,0.9754689,0.9498493,0.17169009,0.32386708,0.14197955,0.22850432
0.9275254588680735,0.99690515,0.9848908,0.9829915,0.22467205,0.28202268,0.43409604,0.4246861
0.9199032726885238,0.69618785,0.9737572,0.9686761,0.11147271,0.22123896,-0.22750852,0.06461285
0.9523179879457233,0.733774,0.99241537,0.98819965,0.08609903,0.13399228,-0.40136328,-0.2645205
