correlation,rmse,generative_a,estimated_a,generative_sigmasq,estimated_sigmasq,generative_mu_x,estimated_mu_x
0.8016014350080574,0.6152479,0.9611305,0.9570025,0.07085304,0.11460555,0.17737187,0.29863587
0.6993817049672681,0.60093635,0.93115824,0.9308655,0.102121845,0.098650396,0.040762052,0.093275756
0.850617852328714,0.69846404,0.95995235,0.9591584,0.1314148,0.1373869,-0.6910442,-0.75102496
0.7538864930396464,0.5812405,0.9561979,0.93840295,0.08041293,0.09584275,0.92426217,0.8000773
0.9054343271031036,0.85083044,0.9751533,0.9654418,0.20043157,0.3122616,0.8757046,1.0399889
0.7476426500657058,0.5845456,0.932136,0.94474316,0.10233722,0.09242847,-0.14911726,-0.17462662
0.7903657405746295,0.63614583,0.9683527,0.9621679,0.06369313,0.08742916,0.39510047,0.49099204
0.9377271081330841,0.8764504,0.9872458,0.9811984,0.21193163,0.22668612,-0.21406764,0.08822272
0.6414144962799738,0.54598564,0.92279685,0.92680913,0.07826912,0.05372561,-0.031697787,-0.043629687
0.8013768547110741,0.6582638,0.93256086,0.93650424,0.160125,0.14895874,-0.03551748,0.13712306
0.760709620208899,0.5987042,0.9558992,0.9451542,0.08348831,0.093838215,-0.46249187,-0.44482097
0.8136708989788359,0.63831335,0.9470106,0.9545079,0.12201212,0.11629845,0.33586124,0.4306728
0.932949152229966,0.7510871,0.9865268,0.97897875,0.13874981,0.20576286,-0.06461232,-0.2579663
0.9221832086633281,0.77485514,0.9862433,0.9814756,0.15343107,0.14760828,0.64781797,0.68218446
0.8150843647313746,0.6833283,0.9545666,0.9566306,0.13624984,0.12396278,0.24977958,0.21912579
0.8467561946702477,0.8874723,0.9604785,0.9567832,0.26784047,0.24762474,-0.5016184,-0.4336279
0.7368013040640521,0.57709914,0.95026714,0.95140064,0.093959175,0.07225345,-0.35504133,-0.49740073
0.7933485830939433,0.6515044,0.9369267,0.93149453,0.15919317,0.15465917,0.0056986813,-0.04034581
0.7898171498966858,0.8534977,0.9363535,0.94206244,0.22008368,0.18625507,-1.0679272,-0.71510243
0.9409307624692305,0.9829512,0.97893435,0.9714072,0.37436277,0.41795546,0.07267675,0.2548417
0.8063122559004902,0.57403404,0.95904994,0.95719194,0.07544837,0.092595264,-0.22193277,-0.19366696
0.6325788984223378,0.6269726,0.9201084,0.9456821,0.10583509,0.06385263,-0.34900257,-0.35619858
0.8901138121805524,0.71860504,0.9746619,0.9717814,0.13707659,0.15825284,0.5693308,0.7330351
0.8769350562614021,0.73247194,0.96692616,0.9717597,0.14736347,0.115281105,-0.0782879,-0.0651815
0.8781208560848341,0.939915,0.9465095,0.9436913,0.40443906,0.4842183,-0.29934466,-0.45747927
0.7657281953331277,0.89548904,0.90794146,0.9177316,0.36533302,0.321505,0.096972,0.11586279
0.9459353666281171,0.73160785,0.9924448,0.98652804,0.12993649,0.14194691,0.20584643,0.40166157
0.9090613289282706,0.72075945,0.9754689,0.966013,0.17169009,0.23504564,0.14197955,0.24947901
0.7111047709721907,0.6674854,0.93885636,0.9386971,0.109778896,0.1257421,0.33283105,0.24109456
0.9177010408680416,1.1042516,0.9638623,0.95618767,0.55447876,0.7119652,-0.55915016,-0.31891614
0.8591076070043041,0.6892404,0.9627608,0.9580501,0.16337553,0.17035271,0.77937675,0.9860985
0.8374773195790927,0.67576945,0.9660274,0.96490484,0.12645754,0.11039333,-0.47749168,-0.3994456
0.8779105904444235,0.53405076,0.9824252,0.9807855,0.043929864,0.050308876,0.05832234,-0.2096377
0.8484825874113033,0.7552361,0.97038144,0.9605597,0.15734655,0.17993823,-0.094119236,-0.19937782
0.9121828580233141,0.66512406,0.97984475,0.9809403,0.10221573,0.09503847,0.6708253,0.52879447
0.7955107658075229,0.57144386,0.94462013,0.9501005,0.07996757,0.09510418,-0.95995504,-0.8387729
0.9137347047313178,0.68029726,0.98325396,0.9800022,0.10661639,0.13231267,0.53646,0.06303354
0.8381899987435999,0.6013536,0.96477896,0.95245916,0.10766228,0.12749033,0.08954643,0.26278168
0.8545089597163583,0.764778,0.9502583,0.94963616,0.22584848,0.20245129,0.31756103,0.42442933
0.8104903777636149,0.67144454,0.9467816,0.94955486,0.14046979,0.13047516,0.25213155,0.03206117
0.8924763639178933,0.8331803,0.97342175,0.9631898,0.21461274,0.1989923,-0.026728095,-0.19322099
0.8189409875736393,0.7042693,0.9409366,0.93505085,0.17962547,0.24223168,0.7104656,0.8060612
0.8495384098535363,0.9515048,0.9291382,0.92862797,0.42566952,0.43196347,0.87132734,0.901436
0.8795243982209758,0.6958049,0.9801898,0.98276716,0.09377436,0.07003888,-0.31311,-0.26378328
0.9528522498260897,0.9116587,0.99063575,0.9854591,0.21549402,0.27026045,0.45878112,0.51375455
0.90092100176484,0.85798514,0.95602185,0.9608939,0.3077702,0.27916092,1.0125535,0.76313555
0.9235725929109037,0.7538712,0.9762438,0.9781537,0.18750179,0.1648643,-0.33626056,-0.20224859
0.8222489546414261,0.740767,0.95583665,0.958709,0.14912744,0.13042606,0.5541116,0.63537616
0.7876570163702805,0.7555474,0.94179267,0.94883746,0.17136005,0.13875276,-0.21401866,-0.2200672
0.8555697574753238,0.6066748,0.97129035,0.96655476,0.0842709,0.0989472,0.17935324,0.15847413
0.9124034191100344,0.6244821,0.9751945,0.9740479,0.09848594,0.1139304,-0.12735234,-0.15489067
0.8080163119366524,0.59483415,0.967562,0.9636071,0.07262571,0.08281629,0.052438397,0.24395543
0.786218425976737,0.85265416,0.9228234,0.92969006,0.30023518,0.28598812,-0.6186461,-0.41858393
0.9211535591821423,0.9213615,0.9798257,0.9779076,0.2212032,0.2999637,-0.3348652,-0.028119933
0.9209400432696015,0.6959651,0.98337346,0.97682464,0.1435217,0.1653559,0.29432687,0.38992703
0.7490438079457522,0.6503028,0.9423335,0.9291922,0.12162848,0.15514368,0.12173692,0.06268344
0.8795245203329807,0.7621045,0.9668351,0.962068,0.1836623,0.19158079,0.19334419,0.2722533
0.6799144370052135,0.66168344,0.9325231,0.9290158,0.13252874,0.110396214,1.1074411,1.0539798
0.7829188700367548,0.9407127,0.9082826,0.9156637,0.42190465,0.296353,0.94725657,0.96295094
0.8719994376049054,0.80651,0.9531788,0.9424594,0.23937507,0.29724467,0.54861647,0.51572055
0.8777539140221565,0.8237464,0.96184295,0.96071535,0.23169358,0.23399408,-0.44201306,-0.22481184
0.7825314328560381,0.5524855,0.9624956,0.96162665,0.06131891,0.070261486,0.23539725,0.16289283
0.8505172852206911,0.56678575,0.97623384,0.9738915,0.06348583,0.0728844,0.19282536,0.0859151
0.7754596718396091,0.7529307,0.9614423,0.9604952,0.12122505,0.13156246,0.7366967,0.6403548
0.8581663119906524,0.7407483,0.9492084,0.94933647,0.19789046,0.23112458,0.12861249,0.07909283
0.876960999611487,0.82906204,0.9653838,0.9667972,0.1960415,0.1846211,0.38812226,0.27345595
0.895786900151476,0.58530337,0.9831877,0.9793316,0.06137288,0.0752085,-0.04046847,-0.046753895
0.9276540457461617,0.77588934,0.9844866,0.981022,0.14330126,0.18109824,0.33388287,0.350783
0.9406134905431143,0.5392642,0.9864927,0.98824984,0.07056443,0.07039287,-0.016117308,-0.11707574
0.9168496043539841,0.9457303,0.9711609,0.9617923,0.3100181,0.44798627,-0.4600701,-0.07929379
0.9677756716070267,1.0054718,0.99258447,0.9923599,0.18822756,0.20644392,-0.15547529,0.016077023
0.8783728669159957,0.8877231,0.9602967,0.9623932,0.24217382,0.22460082,-0.25171316,-0.077985995
0.9263399349095972,0.6812986,0.9835243,0.98229283,0.12652679,0.1341229,0.11236703,0.33612272
0.9112889439075575,0.76634616,0.98472244,0.9823035,0.13086171,0.13691641,0.04357731,-0.1390231
0.7901071742602868,0.567273,0.9516821,0.95491165,0.07031743,0.06603455,-0.29676667,-0.37509444
0.677804191160435,0.7302291,0.9220994,0.9453169,0.15637939,0.11741175,-0.79759353,-0.8130702
0.8956687718587508,0.7960056,0.96223927,0.97478604,0.19308895,0.16001423,0.048905652,-0.018102013
0.9345318053172722,0.74317265,0.9862433,0.97973436,0.15343107,0.18190815,0.64781797,0.6871105
0.8459822785635946,0.6897347,0.9729783,0.97061706,0.099998616,0.10204264,1.0332851,0.8398261
0.866391965060472,0.79118675,0.9652176,0.96720546,0.17301315,0.15954006,0.025700783,-0.20806584
0.9000115670356632,0.8053663,0.98885226,0.98593295,0.10301653,0.10538764,1.0052458,0.83975136
0.6366079178948738,0.5542328,0.9212794,0.93262565,0.07571131,0.06719632,-0.7290641,-0.70412153
0.8112201601928063,0.5650401,0.9537906,0.96054804,0.07689827,0.07912003,0.09024412,0.047766488
0.7525347882773914,0.7275391,0.9242814,0.9370032,0.18853274,0.17488414,1.2351696,1.0956851
0.8961205364528213,0.7174035,0.976094,0.97493535,0.127373,0.14684393,-0.7416328,-0.79996246
0.8623742483076671,0.666301,0.9617558,0.96151936,0.15018298,0.15039836,0.17742532,0.07490896
0.9319049575961983,1.0365452,0.97893435,0.97437507,0.37436277,0.4270138,0.07267675,0.23947324
0.9570994080759763,0.78238195,0.98964775,0.9900849,0.1371361,0.1342591,-0.15216799,-0.111990154
0.971413353864534,0.8707207,0.9938882,0.99293303,0.14018326,0.15261261,-0.0434811,-0.027399361
0.8486292900091715,0.7596167,0.9637971,0.9485127,0.15528537,0.28073147,0.06669989,0.003919828
0.7705924376716974,0.6028801,0.95263296,0.9471992,0.09339359,0.11007884,0.68744963,0.6119847
0.8573665819632401,0.7294495,0.9696887,0.9735412,0.13581279,0.13066871,0.26090714,-0.18136217
0.9253178242127128,0.7323452,0.98528504,0.98269725,0.12751485,0.1485637,-0.2998143,-0.1812915
0.8735457200618286,0.7064007,0.9678741,0.9679367,0.11611802,0.14299116,-0.17685096,-0.08980255
0.8950840153128427,0.7220148,0.97301656,0.9692913,0.15072517,0.17130741,0.006426793,0.20379634
0.8842489232311789,0.79576725,0.9754689,0.96920824,0.17169009,0.18475756,0.14197955,0.23598902
0.8777835708444095,0.8108028,0.960512,0.9540391,0.23564398,0.22913694,0.041235764,0.19338155
0.894068225234729,0.934547,0.9546793,0.95100164,0.41230172,0.41443837,0.4124723,0.23936501
0.9352036369601453,0.6690849,0.9899397,0.9831786,0.11271932,0.1386212,-1.0394526,-0.5461409
0.5565159328206373,0.53318894,0.9046579,0.9179815,0.076672494,0.06815497,-0.29389068,-0.3090231
0.9285369189974766,1.0781739,0.9668599,0.95801425,0.51733273,0.7404655,0.14783385,0.2648684
0.8013838064553521,0.7360792,0.9355888,0.9413707,0.2024319,0.19856016,-0.855133,-0.70402616
0.9030243179769727,1.0605762,0.9574155,0.95076483,0.5051887,0.58943766,0.22876734,-0.0990108
0.8916121543204861,0.8441742,0.9757611,0.96218705,0.2486623,0.29816103,-0.17496094,0.09701237
0.8758354700094187,0.55731964,0.9722038,0.97258157,0.082109585,0.0762383,-0.28743696,-0.33671224
0.6550640864585633,0.64480305,0.91685414,0.9284224,0.13776676,0.09044191,0.3961317,0.40391275
0.8314631685545267,0.54918313,0.9741541,0.97320193,0.061579265,0.05568041,0.25091547,0.4844918
0.6214707380108294,0.6479164,0.9059326,0.9200566,0.13319297,0.11386085,-1.5075035,-1.4095092
0.7934399369855974,0.83734286,0.91640186,0.9157309,0.35078338,0.35962674,0.43385503,0.4512931
0.7725459624858384,0.5731462,0.962257,0.9533084,0.07714125,0.07044859,-0.48110437,-0.45283574
0.8727922333116891,0.5933471,0.9670718,0.97047746,0.08607633,0.0960177,0.21402873,0.021154806
0.9447241474209658,0.77379847,0.9936069,0.9876407,0.12485739,0.15201886,-0.293068,0.19914946
0.9334567619462703,0.8304639,0.9839941,0.9779926,0.21168295,0.23361094,-0.5086233,-0.18704215
0.7711284043566574,0.5879987,0.9564842,0.95161456,0.07654506,0.07906995,-0.09239524,0.0123772705
0.9046019268617875,0.775766,0.9683729,0.97279614,0.1765051,0.18987665,0.15304527,0.17241001
0.8934377613375102,0.6615263,0.97706157,0.97047746,0.103332385,0.122254655,0.9966512,0.40905565
0.8936609417838857,0.80813867,0.968905,0.96875405,0.21899061,0.17468046,-0.29954433,-0.19288261
0.94497525059901,0.8105164,0.9901441,0.98250026,0.1784751,0.2178526,-0.28724068,0.08694659
0.9566784651471384,0.9169178,0.9881183,0.98759466,0.18624261,0.21988222,0.24764203,0.023299886
0.7871545647341825,0.64164287,0.9544096,0.9580529,0.10085183,0.07806584,0.23283048,-0.0010032898
0.7730110117229928,0.5070826,0.9662488,0.9622336,0.04714951,0.05564068,-0.1042536,0.036039162
0.9201429462358013,0.8203218,0.9639701,0.973001,0.2510646,0.20317422,0.2612861,0.1645474
0.8737333888103052,0.8086419,0.96794695,0.97088015,0.19493555,0.17124693,0.55320716,0.5240329
0.8696192480007698,0.6004276,0.9752604,0.9757195,0.07152021,0.09479857,-0.37515533,-0.35222152
0.9317881836715272,0.8191769,0.9846628,0.97803617,0.18761249,0.23999648,-0.89191055,-0.45863906
0.9118724135948963,0.8281767,0.9862433,0.97819084,0.15343107,0.22892515,0.64781797,0.6840899
0.7991884856635393,0.6469005,0.9576973,0.95982283,0.09057203,0.071676776,-0.012906695,0.027676592
0.9382830685393226,1.0110725,0.97893435,0.97062415,0.37436277,0.4935119,0.07267675,0.19455644
0.9374286249436433,0.8340867,0.9771065,0.9774541,0.20822015,0.2529728,0.66491926,0.550407
0.9538817368752692,0.87628603,0.9805708,0.98191965,0.19550592,0.31534004,0.4658105,0.054574527
0.8121425139257006,0.7501765,0.9463601,0.94424284,0.18792067,0.19052209,0.6856632,0.64209235
0.9063031232018762,0.7424271,0.9754689,0.9746177,0.17169009,0.15316255,0.14197955,0.20059913
0.5791310446372416,0.59769607,0.93166804,0.93509793,0.08174038,0.07765134,0.2286527,0.24035509
0.8005848179113927,0.6359594,0.94287103,0.9497441,0.1278853,0.12795046,0.27524576,0.37483975
0.9374265945210636,0.99675125,0.9801941,0.973202,0.36133814,0.38626075,0.16170734,0.2924599
0.819249872769995,0.55419844,0.96276027,0.96101606,0.06149307,0.09377091,-0.2737409,-0.15873292
0.8931506580620262,0.8834678,0.95688534,0.9574717,0.30884805,0.3233713,0.016876932,0.08926661
0.8198124916404995,0.6496727,0.96142656,0.9520472,0.11211413,0.14472635,-0.044805065,-0.09737067
0.8608142354978884,0.72568077,0.9741127,0.965398,0.117563106,0.15163049,0.23812303,0.1331804
0.9019643653482218,0.66944057,0.9766986,0.9833421,0.10230192,0.078709476,-0.10356689,-0.12245035
0.6212297487211899,0.50529176,0.9046579,0.90935194,0.076672494,0.066482045,-0.29389068,-0.23726809
0.8978196977583356,0.800584,0.970687,0.96502066,0.21640067,0.23774485,0.45841438,0.5165519
0.6457614100059547,0.53839433,0.92560136,0.9223613,0.0785479,0.08222239,-0.7214399,-0.72349745
0.9467313901614203,0.5963156,0.9889803,0.98846143,0.06614277,0.07815718,0.38816866,-0.13845327
0.9136438457937536,0.77357394,0.9770351,0.9804739,0.14449869,0.1424386,-0.17023528,0.3180242
0.8819397674375906,0.65016776,0.97676617,0.9727054,0.10204465,0.098650746,0.8548651,0.8668174
0.6039368491959685,0.5913738,0.9159266,0.9269567,0.09900496,0.06926234,-0.27459848,-0.26949418
0.9054096469901157,0.7452648,0.9747744,0.97195536,0.16691151,0.15439759,0.68581825,0.2787656
0.8415017927842677,0.7777352,0.9534089,0.95888275,0.18020009,0.15031633,-0.57802385,-0.48888123
0.9066591935783677,0.744196,0.9721683,0.9706134,0.15917397,0.17438792,0.35079214,0.08959122
0.7857925788105623,0.51937073,0.9578268,0.9539212,0.06239267,0.073255025,0.3985665,0.43202403
0.8166965509718619,0.5920385,0.96068376,0.9620129,0.079366416,0.08430251,-0.1867169,-0.06514957
0.9193116354284652,0.7689219,0.9862433,0.9811911,0.15343107,0.15621178,0.64781797,0.6390803
0.9336640211993769,1.0057065,0.98523605,0.9827077,0.24846397,0.26117152,0.23192437,0.35798672
0.7552901514916059,0.7023362,0.9139068,0.93454945,0.17768236,0.16945586,0.8198238,0.8444514
0.9468656556986261,0.6998788,0.9911209,0.9871991,0.093482584,0.099197194,-0.27689648,-0.29112846
0.8003213399488535,0.7405724,0.94646025,0.94095206,0.17347233,0.20398213,-0.29113874,-0.7093336
0.7453377700375108,0.72329897,0.942399,0.95021147,0.1403197,0.12063712,0.28174928,0.32097143
0.9136488898259555,0.81444424,0.97015166,0.9720232,0.20975994,0.21606907,-0.26052022,-0.06841414
0.8780795095551803,1.0783714,0.93264025,0.929622,0.6576878,0.68932986,0.64967966,0.6694961
0.7959142836125713,0.6748612,0.9503099,0.9480396,0.13766947,0.13046621,0.17417309,0.17475034
0.8294086325363452,0.64995635,0.96994245,0.97166544,0.08898451,0.07593002,0.7624272,0.89826715
0.9098147696464263,0.8894576,0.9624287,0.9623388,0.31028652,0.31192815,0.20220414,-0.019154357
0.9271074663642985,0.96839404,0.9691477,0.9748797,0.30833167,0.3279349,0.44990575,0.044920653
0.8086768750030748,0.66756874,0.9463194,0.9536466,0.13564835,0.12845914,-0.29401287,-0.29204965
0.9371987224799487,1.0195698,0.97893435,0.9729586,0.37436277,0.41731605,0.07267675,0.1986622
0.7670520653380826,0.61128074,0.93589425,0.94805324,0.10635664,0.09990722,0.0065792007,-0.030017322
0.8368616168065494,0.7597918,0.9414933,0.9533283,0.20494013,0.18303508,-0.0033353423,0.17690538
0.8501723441232979,0.53157854,0.96615106,0.9607721,0.06739162,0.090016454,0.32295263,0.33101195
0.931685076208124,0.81826633,0.98004174,0.97522503,0.20046599,0.25688213,-0.21100023,0.18155268
0.9152169313986425,0.7270748,0.9754689,0.96681833,0.17169009,0.22745678,0.14197955,0.22493953
0.9344267307210691,0.9639458,0.9705295,0.97820944,0.31205118,0.27449024,0.11251474,-0.27568495
0.9108470874738834,0.7775747,0.9816262,0.976857,0.14539163,0.16085672,0.48313984,0.467861
0.821137280461491,0.7632603,0.95248795,0.95938843,0.15982752,0.14560808,-0.4621125,-0.5751868
0.8990889176275566,0.63685226,0.9752957,0.9761904,0.10186751,0.09620257,-0.29508644,-0.38184288
0.9508539444661577,0.65825516,0.9896813,0.99173236,0.07319443,0.076146066,-0.51685274,-0.38149384
0.8923265605250622,0.9463952,0.95346564,0.95491546,0.3546197,0.35673988,0.0025226304,0.07559592
0.9454622312584892,0.8195198,0.98608893,0.9849504,0.14954743,0.17678842,0.46206132,0.114908114
0.8244305222892208,0.8446174,0.9532557,0.95675784,0.2036987,0.22546478,-0.014362459,0.10185415
0.9235250864893325,0.93584526,0.97528285,0.97094876,0.3037833,0.39430746,0.05591167,0.08796253
0.8929839038207878,0.53923374,0.9720952,0.9731382,0.06991428,0.08273879,-0.30089015,-0.14155832
0.9143441049317085,0.9467813,0.9709953,0.9644317,0.30197945,0.3404208,-0.7225736,-0.8034308
0.8378255931171316,0.82086116,0.95505154,0.95317924,0.19588485,0.22138911,-0.50803685,-0.40243813
0.9463416076843766,0.7357585,0.98954415,0.9833017,0.15279076,0.15492067,0.3049076,0.45895895
0.9195982092639283,0.8595042,0.98324466,0.9805335,0.2022303,0.2094737,-0.08970379,0.15422331
0.8682960145718405,0.689482,0.96575296,0.96101236,0.13691962,0.15030758,-0.108002804,-0.1535446
0.6202749625389985,0.5056246,0.9046579,0.9245037,0.076672494,0.05629967,-0.29389068,-0.2826499
0.6966566660422665,0.7327684,0.9447866,0.93023837,0.12585415,0.1836011,-0.67362887,-0.6794843
0.8976207758143738,0.7886271,0.970687,0.96717876,0.21640067,0.224476,0.45841438,0.49495158
0.8328312741132509,0.6456654,0.9542061,0.9449694,0.13740769,0.1643438,-0.466752,-0.552761
0.7908520849460833,0.7819985,0.9389155,0.94660497,0.2021771,0.16835277,0.35107386,0.4931706
0.7999852981466116,0.6932822,0.94034374,0.93821335,0.15424922,0.17496373,-0.78464615,-0.823828
0.8894234319929372,0.8603083,0.9641285,0.96635175,0.26602525,0.22980213,-0.17974854,-0.50378335
0.9446151473846057,0.9832611,0.9856111,0.98344094,0.26688063,0.25618827,-0.46314543,-0.43528077
0.710354385855224,0.90919924,0.89119494,0.9241879,0.32961366,0.23454963,0.24157827,0.25889462
0.8999025208281007,1.1475638,0.9675296,0.95925295,0.46721488,0.5703779,0.48366508,0.47231156
0.8770340879184123,1.0003426,0.9511043,0.94058377,0.43459713,0.5577427,-0.15544361,0.022428922
0.9461909335916373,0.6761998,0.9908764,0.9887279,0.08865006,0.08280901,0.19642243,0.37237734
0.9395541275981649,0.85871917,0.98945475,0.98284245,0.17639962,0.1992669,-1.2227587,-0.6131152
0.8251219712448787,0.70992404,0.96838784,0.9657564,0.11372421,0.09919516,0.08671332,-0.042715814
0.9246970628438823,1.0786752,0.978037,0.97111475,0.41688707,0.4858076,-0.84465283,-0.53784424
0.8889240847302976,0.8833999,0.9693397,0.96355915,0.23287998,0.27798778,0.039396275,-0.08915786
0.9100721386748855,0.82090044,0.97073066,0.9638039,0.23720945,0.28843743,0.0046042185,-0.17102344
0.9280563799382551,0.7814358,0.9862433,0.97757673,0.15343107,0.18216008,0.64781797,0.676849
0.761752421288379,0.58225167,0.9536461,0.94357514,0.07081899,0.106826894,-0.61118764,-0.73495305
0.7973800669672025,0.58753824,0.9615063,0.9593975,0.08008788,0.089708835,0.41481942,0.5060789
0.7674670507651012,0.61628425,0.95572543,0.95446295,0.07767997,0.070765324,0.61438555,0.70162004
0.8912710680562334,0.8552211,0.9584634,0.9563168,0.27626562,0.3153105,0.0069249594,0.002524313
0.9225690629187623,1.2179538,0.96510494,0.95738846,0.6085096,0.90259516,0.08908143,0.25626877
0.9417924048396961,0.9912895,0.97893435,0.9730958,0.37436277,0.4135618,0.07267675,0.21783414
0.8874115843924633,0.8401522,0.95661587,0.96441936,0.24081635,0.26123708,0.53878826,0.4121993
0.8240550510102019,0.84012765,0.9360615,0.94452333,0.28388178,0.21585362,-0.79711777,-0.6117576
0.8541663857391554,0.6619199,0.96775234,0.9741722,0.102102645,0.09171677,-1.0002847,-1.1249675
0.6539802569909058,0.52944326,0.9366185,0.92335546,0.07340661,0.07626981,-0.20783277,-0.12377747
0.8564525427426565,1.0227365,0.94465035,0.94234955,0.46546182,0.4721095,-0.48407972,-0.47503987
0.7561628050625121,0.6019971,0.9476887,0.93788946,0.098020844,0.11678989,-0.12364843,-0.2655739
0.9038807302409224,0.75217813,0.9754689,0.9720341,0.17169009,0.17448695,0.14197955,0.30044597
0.8901654928226196,0.7154408,0.9613752,0.95700806,0.15241641,0.20896125,0.18360828,0.2039264
0.9320756438973956,0.668777,0.99384016,0.9876556,0.078169845,0.09352778,0.2823988,0.5004332
0.820655704602228,0.5780893,0.9638646,0.9567912,0.07512282,0.10439148,-0.4356734,-0.3986367
0.8056024056354306,0.666083,0.9544161,0.94430876,0.1261487,0.17293651,0.07840323,-0.0026618484
0.8656001454400057,0.6931018,0.9706446,0.9695363,0.11626817,0.13530524,0.7857349,0.8984204
0.913261277042451,0.7195249,0.98024964,0.9755501,0.13575043,0.1668473,-0.02561334,-0.0742807
0.9334950215958007,0.9864494,0.97859156,0.97208685,0.36784753,0.41641766,-0.21637136,-0.023286618
0.9514115344472953,0.97993654,0.98161304,0.98634213,0.2433016,0.23891322,-0.5393636,-0.11201032
0.9440108332164332,1.092362,0.9823225,0.98055416,0.33578098,0.41543773,-0.12848623,0.0004448743
0.8452314957292597,0.68264407,0.9614144,0.9547056,0.12884748,0.17325678,0.70842344,0.5315431
0.9044558394102334,0.7749996,0.98205495,0.9815351,0.12185584,0.1558109,-0.77480143,-0.81158936
0.9197753119910124,0.75601006,0.9813614,0.98317325,0.14945634,0.13226604,-0.13451153,-0.28260455
0.72881350508854,0.7490027,0.9180103,0.9378512,0.2124378,0.12711135,-0.3686537,-0.3189004
0.880570531931955,0.68597424,0.9658733,0.96938384,0.14094953,0.13785627,-0.17678131,-0.0662644
0.937508628060345,0.7704282,0.9910179,0.9840134,0.1443663,0.16933082,-0.5084469,-0.089987144
0.8673527631741104,0.93960834,0.96361977,0.9629711,0.2902824,0.27058846,0.5811762,0.58358866
0.8757087369483494,0.8351424,0.96727645,0.9602583,0.20586966,0.2134642,-0.43555814,-0.40703353
0.8843451957578078,0.56113976,0.97627074,0.9686315,0.06722703,0.10204409,0.28990582,0.6435531
0.6063786979831479,0.5165164,0.9046579,0.9268108,0.076672494,0.048503533,-0.29389068,-0.23199171
0.8976715814428631,0.66336536,0.97104055,0.97596246,0.11610332,0.11229343,-0.20279373,-0.2322212
0.885890851979634,0.824636,0.96828043,0.9665641,0.20252527,0.18576355,0.86435413,0.50739676
0.9337648037825921,0.7100573,0.98530674,0.98612714,0.10398862,0.0913776,-0.4241475,-0.39348176
0.8532987867124305,0.5920704,0.9685759,0.96198046,0.09114299,0.11102424,0.58353317,0.6334367
0.8645698647587944,0.6614429,0.96808964,0.9745941,0.10519477,0.08854183,-0.06967244,-0.10801401
0.90340225098409,0.72479707,0.98062783,0.9784605,0.112798765,0.13329737,-0.527148,-0.4464418
0.8442650314346012,0.69894755,0.9520457,0.9591365,0.13675009,0.16209519,-0.46059874,-0.1677587
0.8659541669581665,0.6096887,0.97104436,0.97011447,0.08169171,0.08534873,0.3364126,0.33228305
0.9327673130546924,0.7175279,0.98387355,0.983799,0.12982798,0.12790549,-0.37802526,-0.58113086
0.9018365298711052,0.7881124,0.970687,0.96507657,0.21640067,0.22842193,0.45841438,0.52913666
0.9173734941349396,0.9809289,0.98239106,0.9751037,0.24526553,0.35479006,-1.3643688,-0.9377166
0.8425705488068219,0.656033,0.97328436,0.9669289,0.08230863,0.111349754,-0.06946909,0.23284525
0.8933663913826556,0.61133444,0.97676617,0.96806693,0.10204465,0.12618904,0.8548651,0.8679082
0.9214818370955048,0.72909707,0.9860634,0.9831004,0.118218176,0.12563783,-0.7533925,-0.7018565
0.8207727436026084,0.73277646,0.9508786,0.941692,0.17694063,0.22116949,0.027502486,-0.06250031
0.9239587397005247,0.5487379,0.9913103,0.98354506,0.05398351,0.066145785,0.73132753,0.49785122
0.8276508032218958,0.59911287,0.9737446,0.97372454,0.05967101,0.07864132,0.1174558,0.13346271
0.8518191252407649,0.82624227,0.96765125,0.97042114,0.18115665,0.16172192,0.15426166,0.43586075
0.8912845040033801,0.8817557,0.9649503,0.97032684,0.2611792,0.20762366,0.10774735,-0.21306266
0.9289042467624635,0.87357235,0.9860801,0.9826603,0.19989093,0.1721221,1.039788,0.92945665
0.6864409548181128,0.58586967,0.9367777,0.9361762,0.082595065,0.09179487,-0.18824957,-0.15611057
0.7667272852290914,0.6210455,0.94978905,0.9569378,0.091549054,0.083337516,-0.29104707,-0.16490355
0.8645508897820354,0.87831503,0.94540435,0.9429008,0.28345034,0.39155298,0.9554262,0.8831647
0.7974079609488696,0.6089507,0.971551,0.9571492,0.06963659,0.12080731,-0.9555676,-1.0407552
0.8351068913443181,0.66765773,0.9607832,0.96215343,0.1263802,0.109625004,0.69841814,0.8294468
0.8477061386122455,0.75705886,0.9459315,0.9608503,0.18761773,0.1821773,-0.51120025,-0.5943621
0.9065717093508683,1.1103461,0.95364994,0.9515074,0.59845686,0.5506985,0.8698783,0.8332369
0.9284391048815641,1.00733,0.9832782,0.9803532,0.32556662,0.32451773,-1.0066881,-0.49892256
0.8734941639047304,0.77316135,0.9514401,0.9570523,0.19757754,0.22425094,-0.20282115,-0.18122077
0.9257187261807489,0.7209816,0.98948956,0.98675376,0.12153916,0.12521406,0.042962443,0.27619934
0.8846903748328476,0.65121025,0.98156446,0.98069596,0.08331356,0.09857924,-0.3478472,-0.51569813
0.9342325820413031,0.6388896,0.9823217,0.98176354,0.10601431,0.12483381,-0.28582084,-0.23778163
0.947157825758313,0.7403011,0.99065536,0.98704386,0.12862757,0.13929413,-0.027164547,-0.076848775
0.8506110990164437,1.0116616,0.92986995,0.93921685,0.45124236,0.47276556,0.18512829,0.231442
0.9317475717339028,0.9738257,0.9726792,0.9733002,0.34144172,0.38544115,0.25653088,0.018657286
0.9480545148501804,0.7984798,0.988141,0.98673517,0.14347559,0.14020975,0.3690898,0.07607398
0.9240475729939028,0.79576916,0.9862433,0.98050445,0.15343107,0.15832451,0.64781797,0.6097117
0.9353777839431112,1.0092195,0.97893435,0.97173077,0.37436277,0.45944953,0.07267675,0.20139807
0.8394360682334426,0.92378426,0.9424644,0.94281673,0.31941864,0.3429707,-0.30505523,-0.33485946
0.8068284444845018,0.8411237,0.94526154,0.94993806,0.23139237,0.1814633,0.42702731,0.25716534
0.9371062224442488,0.8306228,0.9842015,0.98078185,0.18715099,0.20780428,-0.12342075,-0.0060717794
0.8005122040844881,0.733874,0.94980603,0.96236014,0.16793124,0.11665119,0.25390354,0.36482346
0.8296714390748573,0.78990316,0.94505274,0.9375616,0.2153754,0.27335,-0.44138378,-0.5134811
0.8847186927967475,0.87059456,0.96127445,0.95925224,0.27756873,0.30967245,0.20484623,0.2470685
0.6281460638138425,0.6332987,0.90511227,0.91792387,0.11927145,0.11340514,0.15385245,0.16745196
0.8687423111016923,0.7025251,0.97654927,0.9798577,0.10688309,0.09055085,-0.31936628,-0.70820475
0.8554754079790162,0.7417219,0.98358905,0.98126787,0.08339504,0.10182944,0.24114315,0.29972616
0.9043149821783029,0.74956584,0.9754689,0.9684773,0.17169009,0.1991526,0.14197955,0.26512152
0.9648645650177393,0.6646545,0.99473214,0.9925992,0.07114704,0.07901782,0.9499038,0.372622
0.8822802415523844,0.8193888,0.9573183,0.9597266,0.29391307,0.23616906,-0.08744955,0.03912366
0.943012955032518,0.73060864,0.9933962,0.98770916,0.12374897,0.13693456,0.19355835,0.47015703
0.8624662510426498,0.5909672,0.98106825,0.9796801,0.077088855,0.0713075,-0.23062582,-0.45085257
0.7758984050865577,0.5635816,0.9512632,0.9265303,0.083713494,0.13977878,-0.13678114,-0.08989642
0.9398940166423181,0.82937986,0.98298705,0.97754055,0.23154609,0.25372282,-0.16755891,0.07198525
0.8491735668513227,0.6893912,0.9665139,0.9593483,0.12883127,0.16488688,-0.495077,-0.5578002
0.8728304649292185,0.7022748,0.965165,0.9739906,0.13824002,0.10898514,0.07309412,0.08416399
0.9492680770107228,0.7493149,0.9935162,0.98734707,0.12695563,0.14435743,0.19850625,0.39668393
0.9313950039885072,0.75773025,0.9841509,0.9807293,0.13729626,0.17360364,0.7819157,0.6189605
0.9068963745478548,0.6830634,0.98392195,0.97953486,0.11361295,0.10454736,-0.5726521,-1.1759326
0.7334259621690383,0.6343555,0.93568456,0.94784564,0.11491451,0.10568386,-0.26329896,-0.24589714
0.8876505931006308,0.7229293,0.9734882,0.9703361,0.14494912,0.16470551,0.13543464,0.13418211
0.9111591071882321,0.8451942,0.9703808,0.97718436,0.19729535,0.20728122,0.76778626,0.8350991
0.9332869341954771,0.7415552,0.9893095,0.9837559,0.12951615,0.1475372,-0.37497342,-0.056530543
0.8302609043464362,0.9833106,0.9424981,0.9591071,0.35626504,0.27197802,0.80810755,0.6510813
0.712097765317001,0.55560356,0.94721043,0.9362654,0.06926688,0.08228148,-0.9526868,-1.0059962
0.9321389401335576,0.90186137,0.9744041,0.9790579,0.26658475,0.27113342,-0.649617,-0.52150905
0.9435754177110166,0.69259447,0.9873854,0.98668015,0.10458064,0.11588892,0.10405915,0.34350818
0.8114017922960715,0.8001028,0.9481106,0.9513243,0.20430057,0.1984828,-0.31414458,-0.15522763
0.6757991849839673,0.5976467,0.9278519,0.9318035,0.09997527,0.08319576,0.2607353,0.20748746
0.7715751687055246,0.6117172,0.9479291,0.9305574,0.09692404,0.15757182,-0.35728693,-0.4067421
0.9538287612640425,0.744714,0.9922051,0.9888465,0.11432058,0.16912058,-0.45263198,-0.8031307
0.9347549444621976,0.9389893,0.97416943,0.9791399,0.25811675,0.26859248,0.8754381,0.61692506
0.9175240742909836,1.0464896,0.96147764,0.9699131,0.437713,0.3450683,0.23423132,0.20975818
0.9163589615083512,0.7017245,0.9933243,0.99055094,0.08124454,0.079089075,-1.7428838,-1.3967111
0.82454025403761,0.753353,0.9511826,0.95998734,0.18687534,0.14050733,-0.3554921,-0.3156182
0.9113074529002979,0.61021626,0.9849024,0.98108625,0.07235534,0.09102211,0.3297403,0.43732405
0.8713331425911496,0.69509673,0.96630627,0.9669563,0.13557781,0.15621722,0.89317226,0.8887077
0.8773680350947214,0.83764976,0.9573909,0.95283324,0.2357167,0.31389347,-0.4678325,-0.60958093
0.9191254200670758,0.79333717,0.9862433,0.9814846,0.15343107,0.16067778,0.64781797,0.75202316
0.956343431949737,0.79702187,0.9932276,0.9922781,0.090422206,0.115714945,-0.17026426,0.30765
0.8677628503265139,0.71129185,0.97008,0.9698046,0.1272435,0.1298975,0.008790234,-0.069110505
0.8294616691784666,0.6242412,0.964377,0.9587853,0.0770589,0.12776941,-0.027930373,-0.112761416
0.9311670992626838,0.78509766,0.97936636,0.9762156,0.19299471,0.2022007,-0.8546709,-0.38079956
0.8838127902965116,0.6786946,0.97092205,0.9771967,0.11394554,0.09947604,0.001415518,-0.037841585
0.8214301985249224,0.7660657,0.9477548,0.93796235,0.20404123,0.22694935,-0.2728894,-0.21401738
0.852104700388188,1.044307,0.94049007,0.95677716,0.44634488,0.2763179,-0.78186727,-0.75882864
0.9155946726237867,1.1918501,0.97893435,0.9739176,0.37436277,0.53326917,0.07267675,0.29464155
0.6853795819751831,0.7090433,0.9165171,0.9148566,0.15955628,0.13491303,-0.93646115,-1.0144336
0.9451983493279338,0.7022778,0.9844422,0.98530173,0.122757845,0.14224488,0.30712906,0.304914
0.7960694221338825,0.6276424,0.95926005,0.9476545,0.09747365,0.1327551,0.82965165,0.70318437
0.8812894406595775,0.89539266,0.9719659,0.97036034,0.2256752,0.20860972,0.32008892,0.3686054
0.7389366800712018,0.77791816,0.9387184,0.9321634,0.14830258,0.21518312,-0.33620325,-0.38567066
0.8131601947024076,0.7210227,0.954508,0.94611776,0.15884481,0.17004389,-0.060983695,0.15485515
0.9023000592656576,0.90797275,0.96470535,0.9679038,0.29771394,0.2812017,-0.27946183,-0.06079918
0.9354902058036082,1.0969056,0.97777843,0.97249913,0.43437767,0.44169718,-0.53238374,-0.25988683
0.9048263335427692,0.7518519,0.9754689,0.97014326,0.17169009,0.17862669,0.14197955,0.25279695
0.6229083576523342,0.5015808,0.9046579,0.8980207,0.076672494,0.09332898,-0.29389068,-0.26853096
0.8942028319975741,0.8510668,0.9737897,0.97525185,0.17358863,0.20112912,-0.99233073,-0.87005615
0.8220031755078551,0.5613277,0.96512794,0.96153784,0.06900339,0.09138687,0.21425782,0.37982306
0.9306483594979341,0.804085,0.98260874,0.981362,0.17724665,0.16273355,0.38781476,0.1076608
0.8578949232369758,0.9467016,0.9499794,0.9454058,0.37225547,0.39928445,-0.09897182,-0.1657921
0.49936168579846735,0.5729489,0.9038258,0.9256021,0.09264598,0.06408529,0.4156399,0.45936212
0.8733044125051358,0.8736581,0.970687,0.96892256,0.21640067,0.21853097,0.45841438,0.6066105
0.8732957254918288,0.8330218,0.9656068,0.9650524,0.19444326,0.16948204,-0.71122795,-0.6367943
0.911007904664316,1.0110867,0.96382,0.95990974,0.44327655,0.4609492,0.4613528,0.50991905
0.8830423830388884,0.8118509,0.97796786,0.9805671,0.15523587,0.12185837,-0.5714418,-0.86803967
0.9280276057611041,0.6870011,0.9752388,0.9723204,0.16774899,0.18309614,0.06627709,0.1840387
0.874668176388711,0.66212326,0.97676617,0.9688294,0.10204465,0.12546709,0.8548651,0.8505927
0.8595645344785813,0.7191194,0.9713717,0.97098136,0.098791614,0.10960677,-0.033136908,0.050934587
0.8312528721941147,0.8688635,0.9473563,0.9522319,0.28267106,0.24994288,-0.909985,-0.9595328
0.9325272514130899,0.8003826,0.9865718,0.9865792,0.14069375,0.13100216,-0.75255996,-0.4449453
0.8986448278497929,0.728237,0.98941797,0.9853455,0.105701454,0.097220525,1.1383597,0.8027797
0.9442066701749279,0.64144564,0.99367636,0.9893562,0.076256014,0.097121485,-1.050383,-0.30876264
0.8603452379018094,0.7559739,0.9562378,0.963589,0.15685228,0.15279798,0.5380647,0.50778234
0.9205760428390416,0.7545881,0.9862433,0.9804801,0.15343107,0.15799022,0.64781797,0.70950854
0.7566231196932428,0.8706073,0.92441833,0.9382074,0.25938857,0.21963158,0.04920921,0.1926277
0.8636868822322038,0.68023217,0.9723445,0.976641,0.10650798,0.077594474,0.28768897,0.47812322
0.9411529384461174,0.7086553,0.9888472,0.98452383,0.13286756,0.13425699,-0.62412685,-0.59823245
0.8434926767679509,0.5829528,0.96991897,0.9765748,0.073839925,0.06071275,0.7780353,0.6838676
0.6950276965051077,0.5695668,0.96191144,0.96447885,0.048752703,0.05000817,-0.15975559,-0.17830266
0.9136538860720831,0.6526826,0.985281,0.9828409,0.088097066,0.0912468,-0.8172735,-1.0254934
0.8538055264012034,0.7449587,0.95739883,0.9650994,0.154216,0.16464195,0.21624823,0.26456985
0.8005168967566757,0.8127374,0.9308489,0.9261372,0.27370217,0.25999194,-0.72464585,-0.7818211
0.7842130509845219,0.6131138,0.9318905,0.9303367,0.13440792,0.15276937,-0.354215,-0.3650013
0.9468176122087043,0.8680765,0.9906691,0.9853526,0.18323122,0.18828773,0.15238497,0.39994064
0.7070789448591577,0.63877726,0.9156775,0.93386894,0.13956147,0.105618946,0.96707344,1.0268037
0.6717090975566059,0.53580725,0.94761777,0.93704814,0.06434575,0.068541475,-0.67768615,-0.69396853
0.858673352522934,0.74524015,0.9658399,0.96577144,0.1549636,0.14251411,0.5118953,0.43019858
0.9402526431366718,0.7997782,0.9794679,0.9815466,0.17687708,0.16984685,0.43014792,0.25640944
0.7448851973812852,0.568246,0.93761283,0.93422866,0.08011624,0.12551889,0.7178204,0.7139367
0.7453688315107531,0.6461931,0.9409127,0.9395008,0.12606071,0.107861206,-0.44211373,-0.40785488
0.9128342887971875,0.75116307,0.9808302,0.9804875,0.11924677,0.12805721,-1.0963156,-1.119213
0.8881172911726916,0.64025706,0.97509533,0.972259,0.0871201,0.11916379,-0.052408125,-0.044939242
0.7815466946246249,0.5996317,0.94501084,0.94136506,0.09266335,0.13674082,0.67005575,0.59719
0.9016160224919187,0.68770987,0.9767433,0.97934735,0.10940706,0.107528515,0.31717613,0.36669302
0.7807752272177478,0.555518,0.9545331,0.9585656,0.07071403,0.06729134,0.10790471,0.28762138
0.8772947233477888,0.76926535,0.96057516,0.94346964,0.21008581,0.3071841,-0.5434537,-0.6193584
0.7199583037423322,0.6095448,0.9412176,0.95584744,0.08951777,0.07630124,-0.7209731,-0.7421393
0.905452280858091,0.7894625,0.9783933,0.9818725,0.13733852,0.11099981,-0.7518123,-0.5566959
0.7001341096701675,0.5609828,0.93255043,0.9297986,0.08203299,0.09549178,-0.6726113,-0.6059389
0.7888523560980941,0.6884546,0.9461292,0.9465984,0.14238851,0.15237705,0.41591752,0.36642537
0.7462854195794167,0.6683987,0.9539358,0.9639445,0.1061996,0.08148601,0.8103117,0.8109408
0.9057455889018234,0.716232,0.9820917,0.9795601,0.11441638,0.12435276,-0.5887093,-0.5344626
0.9098252475406816,1.0063113,0.9578358,0.95752794,0.4393503,0.46414343,-0.17402695,-0.09832014
0.9243445387337815,0.87574106,0.9816168,0.9746319,0.24311723,0.26456156,-0.53049546,-0.32257375
0.9221200334608012,0.9873443,0.97713774,0.9726516,0.32718873,0.3027721,0.44877926,0.52390933
0.8620285168698293,0.6929368,0.9601639,0.966087,0.1525506,0.12708218,-0.24393824,-0.42080393
0.8885506528753513,0.6776519,0.9665866,0.9742302,0.13393243,0.11706965,0.047939252,0.28628352
0.8036472102484634,0.7511839,0.9396019,0.9422078,0.18535608,0.22139399,1.0712899,1.1785002
0.9355065600027146,0.99636436,0.97893435,0.9725929,0.37436277,0.4601011,0.07267675,0.2375893
0.8107323720772948,0.6028054,0.9474808,0.9614426,0.09952828,0.08787258,-0.35117736,-0.24473582
0.9435013953720557,0.7364029,0.98591495,0.98389935,0.12249849,0.17273016,-0.07916012,0.18362695
0.8467796169431846,0.6131592,0.9546845,0.9528676,0.13071845,0.13711126,-0.02622,-0.0868754
0.8808520698472233,0.63320976,0.97949946,0.97879803,0.07181025,0.085980184,-1.2243547,-1.2507505
0.9466651971053278,0.83849674,0.98801184,0.9880637,0.16350867,0.15093721,0.25760445,-0.030952763
0.8859687191132755,0.805533,0.9754689,0.96527076,0.17169009,0.20874867,0.14197955,0.28911316
0.8991361223654449,0.64951533,0.97428674,0.976881,0.10194053,0.09189878,0.020500941,0.4059217
0.5048770885790834,0.55260617,0.9046579,0.9044825,0.076672494,0.0822552,-0.29389068,-0.27316394
0.9022890405075615,0.7195888,0.97164166,0.97738427,0.13122757,0.1254586,-0.31477767,-0.119894505
0.9365164908686595,0.74113554,0.98700196,0.98175275,0.14407298,0.15542878,-0.19160996,0.3388351
0.933109560050777,0.7857618,0.9892221,0.9835023,0.12765914,0.14757666,0.3174468,-0.00066748966
0.910670469184675,0.768061,0.970687,0.9611209,0.21640067,0.2762416,0.45841438,0.54802257
0.6937216613808664,0.64722896,0.9414336,0.9381256,0.08372298,0.09956099,-0.0673238,-0.0670771
0.9303043695001746,0.8750131,0.97829735,0.978421,0.20924409,0.26816598,0.28531793,0.80037254
0.8914899467955978,0.9541877,0.96410894,0.9690837,0.29187334,0.25245422,-0.10201391,-0.04734291
0.8979754316310172,0.7872942,0.9657004,0.972153,0.19573723,0.16155344,-0.06891277,0.25714412
0.9416056836802271,0.9770993,0.98447585,0.98222965,0.22898236,0.27092695,-0.2218251,-0.33447298
0.9291265078210602,0.8853149,0.9757383,0.9677856,0.30196273,0.39034694,-0.618691,-0.33052784
0.8089494796859791,0.6369417,0.96069086,0.95603365,0.09535804,0.11280933,-0.41151422,-0.026563399
0.8809386585655461,0.8218089,0.9520867,0.9485415,0.29498824,0.2987373,0.042877715,-0.12560149
0.7135545367981814,0.7984302,0.918625,0.9355816,0.21292096,0.16277476,0.035765152,-0.0405279
0.9431349131493965,0.7806804,0.9936576,0.98771644,0.1261762,0.14890222,-0.48148924,0.010759975
0.945082204875288,0.9341338,0.98110944,0.9731946,0.3471058,0.4015745,0.04960452,0.186005
0.7782389479829132,0.9288128,0.9153555,0.9117794,0.40827385,0.44271758,-0.5523852,-0.77268314
0.7758316934358878,0.6523365,0.9622266,0.9690697,0.09882132,0.07107628,0.024115851,0.014652836
0.941345455221818,0.7770778,0.98656076,0.98621565,0.1514152,0.15473521,-0.19352864,-0.18130496
0.9225505860121647,0.8283525,0.9740109,0.9725346,0.20609508,0.24694312,0.19535896,0.28200838
0.9246060435122416,0.78128225,0.9862433,0.9827712,0.15343107,0.14079396,0.64781797,0.55754447
0.9465076630443064,0.83898264,0.98817736,0.9856476,0.18202618,0.20278893,-0.6176839,-0.61056894
0.9065413780536551,0.613205,0.9787202,0.976903,0.08127748,0.101465836,0.21715647,0.35775715
0.7733578826143153,0.6573054,0.9429081,0.93346035,0.13238417,0.1708191,0.6987619,0.7333793
0.8700666211706648,0.65210795,0.9772905,0.9666249,0.10641131,0.14230683,-0.16551894,0.02064311
0.7764771244537204,0.5416381,0.9415353,0.94174945,0.08263473,0.09738976,0.7737234,0.7858229
0.9246761733390467,0.72763723,0.98622966,0.98794305,0.103615254,0.08185149,-0.23893672,-0.17300153
0.8659057609722304,0.8088071,0.95872074,0.9506056,0.22766122,0.2493729,0.6534999,0.74122137
0.9632960555878421,0.86914015,0.9902225,0.98863715,0.14343461,0.2165911,0.39289594,0.16658905
0.9170843484593739,0.92536604,0.96465373,0.96648246,0.3334722,0.3290533,0.13150144,0.20568474
0.744291448781521,0.6713163,0.9358072,0.93677455,0.13681734,0.11514507,0.008829534,-0.13706455
0.9364184467367377,1.0130408,0.97893435,0.97442335,0.37436277,0.3680403,0.07267675,0.17914593
0.8575088211163527,0.7622024,0.9670278,0.9661668,0.1624079,0.14408097,-0.06999048,0.16060819
0.9105719145988764,0.82496446,0.97170097,0.9701033,0.22751518,0.24460852,-0.043103483,-0.14777397
0.9458121267924849,0.975064,0.9870651,0.9806745,0.26908347,0.3256266,-0.62864524,-0.18347245
0.8813115131724604,0.9731431,0.9501022,0.9511739,0.3961908,0.43497866,0.09242602,-0.12438752
0.8987815309912611,0.73083764,0.96380657,0.97187054,0.17603706,0.15465555,-0.70473915,-0.6301363
0.9476313600559975,0.75821716,0.9924899,0.98615384,0.1432059,0.16108692,-0.1056386,0.21010952
0.876852451906098,0.73026717,0.96069556,0.967688,0.16446261,0.14005299,-0.28129154,-0.06926187
0.8791354752294189,0.7297015,0.9687578,0.9647893,0.16285741,0.16334775,-0.95622164,-0.7229097
0.937964346725085,0.74705356,0.9830468,0.98376644,0.13229808,0.12863998,-0.24945575,-0.011239686
0.8862400912576035,0.95756984,0.9599949,0.9634646,0.29483244,0.29533657,0.1226142,0.36619085
0.9259911686236466,0.6733701,0.9849194,0.98424613,0.10526964,0.10581486,-0.7577881,-0.24973533
0.8749931563757263,0.6680694,0.97541857,0.97138005,0.1054141,0.115386665,0.41088557,0.3483474
0.8315944718877788,0.64891654,0.9652296,0.9548812,0.11556309,0.12957314,0.10738205,0.048052553
0.7543690295347611,0.5132038,0.9531866,0.9504444,0.060087383,0.055052374,-0.5149169,-0.47234792
0.9398444292803335,0.8159631,0.98828226,0.9865667,0.15895788,0.157957,0.16783525,0.116195746
0.8885539394141574,0.7143269,0.9663358,0.96285206,0.17051706,0.18245737,-0.1053474,-0.06642586
0.8658784117231363,0.8235443,0.9403407,0.94145066,0.26984957,0.33186206,-0.31292242,-0.33346975
0.9259384067779812,1.0160685,0.9710248,0.9681332,0.35934716,0.46070278,0.20839006,0.07547944
0.9063180392024732,0.74582964,0.9754689,0.96703535,0.17169009,0.20375775,0.14197955,0.23277362
0.9201673771586949,0.7613687,0.9782555,0.976947,0.16110836,0.1583012,0.26358774,-0.053326517
0.610392889390365,0.5131971,0.9046579,0.91000015,0.076672494,0.07054188,-0.29389068,-0.23484187
0.8881982423119297,0.6868961,0.9677651,0.965981,0.14016476,0.14819002,0.29998216,0.43841195
0.6904281575691262,0.79215646,0.9225177,0.92047876,0.20140015,0.20532902,0.31827882,0.29853976
0.8805189589327582,0.83091307,0.9716238,0.97411567,0.19802245,0.15801306,0.5885409,0.55931985
0.6272980206119207,0.4957506,0.9300039,0.9250043,0.05910297,0.06787342,0.2393137,0.2670718
0.9058357132254284,0.75824547,0.9758314,0.97838265,0.14586075,0.14610791,0.33352652,0.5676941
0.7780575060369737,0.60555786,0.95750386,0.9567985,0.08465395,0.09801573,0.120680206,0.13547643
0.9185571139902844,0.7820741,0.9862433,0.9809892,0.15343107,0.17055495,0.64781797,0.6268668
0.8722056879762273,0.565742,0.97637373,0.96940535,0.075495474,0.08009095,-0.50294226,-0.4464134
0.8859887281808129,0.6931784,0.9794386,0.97774786,0.11669114,0.1150077,-0.06577543,-0.09430115
0.9406269519036531,1.0204953,0.97893435,0.97128606,0.37436277,0.46130893,0.07267675,0.15117997
0.8734000479969635,0.72652406,0.960755,0.9653277,0.18087831,0.15901066,-0.84824073,-0.89314073
0.805945125101805,0.627148,0.95101166,0.9534073,0.11668572,0.11258671,-0.11165425,-0.1118081
0.7812268914730757,0.7097004,0.94936365,0.9537,0.13508417,0.11012361,-0.34265363,-0.42373434
0.9107005643000224,0.9482749,0.95797426,0.9473037,0.4531003,0.5444318,0.24950017,0.36445406
0.9259614294286802,0.9955213,0.9678521,0.9644457,0.4320692,0.42636958,-0.093330994,0.061775662
0.9048959612198383,1.2359148,0.96044564,0.9427158,0.6769799,1.007634,0.120066084,-0.0112056695
0.8892149247579382,0.8113456,0.9754689,0.96774775,0.17169009,0.22502036,0.14197955,0.29055378
0.939337328389493,1.0207541,0.98108554,0.98038983,0.29997295,0.35131484,0.41043046,-0.13707529
0.8882542259568051,0.75127536,0.9622017,0.96726745,0.19128709,0.17190574,-0.27434453,-0.033588275
0.5500376538067071,0.54053706,0.9046579,0.92292726,0.076672494,0.08689156,-0.29389068,-0.27144226
0.8497147989369851,0.65514225,0.974507,0.97423637,0.08666115,0.08965732,-0.09067051,0.05870269
0.9354099745428489,0.9270205,0.9794358,0.9812858,0.24461783,0.2374606,-0.0143863745,-0.17105958
0.9020242504866186,0.7758718,0.9776122,0.9765347,0.16798826,0.17526305,0.2701509,0.27604657
0.917823927400957,1.03314,0.96880895,0.9683743,0.3578264,0.41351137,-0.5133288,-0.23986879
0.8945180135727204,1.0167986,0.95659304,0.95484173,0.4305743,0.35669008,-0.15942167,-0.26641423
0.8148459891573959,0.7451571,0.9310828,0.9322217,0.25887144,0.23754454,-0.016000412,0.00798101
0.653473189962611,0.566627,0.93447864,0.935314,0.0685548,0.087869056,0.08271832,-0.024913518
0.960391365206704,0.83099824,0.99069804,0.9879085,0.13719404,0.20739272,-0.29761115,0.10670756
0.9076553955062157,1.0335168,0.9664815,0.974173,0.36895362,0.35062712,0.40561014,0.29602295
0.9182217712629082,1.0076329,0.9716036,0.96641254,0.3897102,0.3816,0.2968136,0.3007223
0.783332923160117,0.7371492,0.93585265,0.9549138,0.16289929,0.12935513,0.20384881,0.26914263
0.8568379071375162,0.6701218,0.9699414,0.9578736,0.13519964,0.15695933,-0.20683941,-0.030444633
0.7756805904192235,0.67641133,0.9581919,0.94951874,0.10812371,0.121481776,0.73384976,0.59906495
0.9090556704000441,0.76634794,0.970687,0.96115756,0.21640067,0.258297,0.45841438,0.47866833
0.889768578118743,0.8717121,0.9572544,0.962003,0.28697014,0.27724388,-0.43243352,-0.4546847
0.9074729979949198,0.736256,0.97618306,0.9779656,0.13907622,0.14280668,0.15043478,0.20246851
0.8843262290370489,0.6449806,0.97676617,0.97314763,0.10204465,0.10471771,0.8548651,0.83223003
0.8301521796380871,0.8833467,0.946079,0.95274687,0.26762453,0.23464409,0.3432853,0.24039428
0.8947020874360834,0.6933894,0.96825045,0.97094494,0.13285612,0.15009718,0.010200738,0.10957584
0.8461930560557221,0.63542897,0.95871156,0.9689899,0.08854181,0.07500912,0.29982567,-0.029085293
0.8220213920168555,0.68604904,0.92319083,0.94094294,0.19480005,0.17390043,0.1658748,0.16808529
0.8229590833823632,0.7605673,0.9537405,0.936623,0.2015984,0.24780586,0.035270117,-0.053168762
0.8201041630761664,0.57831246,0.9569015,0.95238566,0.0874796,0.10314664,0.84819317,0.8688877
0.9347268330690731,0.97972953,0.9789484,0.9722992,0.35022256,0.41361,-0.10270901,0.105126716
0.9014173169055947,0.9214415,0.9597887,0.9655965,0.29620096,0.30035463,-0.13148078,-0.21829689
0.7989370215254806,0.63909626,0.9748965,0.96153146,0.07691945,0.103867315,0.060941476,0.18329543
0.9576435596157095,0.72180665,0.99222386,0.9923158,0.06976482,0.0947648,0.29197845,0.50659126
0.8810141319445651,0.64645845,0.9829075,0.97701263,0.0789755,0.103450365,0.15721498,0.40140212
0.8775122211484888,0.8349414,0.96564984,0.9753769,0.19406736,0.14411122,-0.23067187,-0.17269568
0.8949528443421136,0.64998454,0.9757967,0.97438186,0.10347103,0.10113302,0.1089404,0.02436353
0.7651663609746543,0.8898065,0.91937405,0.9365629,0.3175291,0.24548122,-0.09288998,-0.14164126
0.9299346060933841,0.74650496,0.9875813,0.98009646,0.14402609,0.1741415,-0.4101931,-0.07475506
0.7814363822974553,0.7466207,0.94279426,0.93176824,0.14619857,0.24064237,0.3487162,0.30626217
0.9132234967908572,0.96049213,0.9670613,0.975674,0.31177837,0.25751394,0.65902126,0.32088172
0.9101729093029162,0.7146428,0.9765884,0.9739236,0.120009296,0.13992047,-0.7084955,-0.35891244
0.9327303974756014,1.0568931,0.9759274,0.96960527,0.41889286,0.48040342,-0.56726754,-0.20630482
0.9272811934432476,0.80656403,0.9925161,0.9866091,0.11974015,0.14501828,0.8920804,0.8406846
0.9345660652226424,0.9408993,0.9819397,0.97630036,0.30567172,0.322512,-0.16858552,0.17046003
0.9320402687376107,0.80769885,0.9856457,0.9784556,0.19486856,0.21694444,0.36736745,0.46056822
0.9167225203169007,0.7843699,0.9862433,0.9792573,0.15343107,0.17565332,0.64781797,0.66727775
0.867652281862915,0.62383753,0.96789616,0.9647704,0.086499795,0.13667749,0.35647652,0.47803488
0.8060572141302885,0.7509037,0.9351887,0.94011444,0.195439,0.19568516,-0.95209086,-0.94767284
0.9090066843820835,0.61209524,0.98182994,0.9775207,0.07862937,0.10975648,0.044261236,0.040227175
0.8981986787759471,0.8230709,0.9779964,0.97122204,0.16924766,0.25607106,0.5896913,0.1665391
0.8104002968320119,0.6551139,0.95929,0.95598066,0.10547675,0.11658724,-0.24307396,-0.2296901
0.9304128790468451,0.6966402,0.97436327,0.9768386,0.13024902,0.15476628,-0.29002345,-0.3544793
0.9358467971683322,0.7794421,0.98724663,0.98665524,0.115615,0.1421732,0.40674376,0.33888093
0.8457423904696956,0.83947694,0.94105864,0.9426173,0.2773719,0.26046973,0.2936541,0.3428457
0.9237176365327052,1.0393953,0.97893435,0.97319853,0.37436277,0.37856326,0.07267675,0.22514156
0.9266120138004804,0.8537187,0.98314935,0.9864136,0.17653677,0.16183984,-0.46650743,-0.1982704
0.9401665916866636,0.6714792,0.98811996,0.9870796,0.10851701,0.10659387,-0.10999716,-0.23335977
0.8216494626579783,0.66471225,0.9478936,0.9595035,0.12982337,0.1238798,-0.00831169,0.15432364
0.8788590657994553,0.68253875,0.9831881,0.97677296,0.07220725,0.105684854,-0.28196442,-0.42413765
0.7914381641055264,0.55271894,0.97188795,0.9570765,0.061320446,0.081229016,1.1616082,1.0177945
0.9362411323296451,0.847815,0.98176086,0.9824118,0.18400931,0.18498518,-0.10071987,0.039505143
0.9397090015243599,0.7374226,0.98829985,0.9850048,0.12983108,0.1424205,0.033738047,0.022168377
0.85081625294465,0.7380928,0.965186,0.9619149,0.17280799,0.14502008,0.22533128,0.3599617
0.9071792050769406,0.8008933,0.9821034,0.975075,0.14153457,0.18849872,-0.14955388,-0.14053409
0.9213937279818626,0.8827681,0.98108727,0.98256266,0.18559638,0.19247174,-0.56708986,-1.022956
0.9376237424074527,0.8739665,0.98664206,0.9819403,0.21045253,0.24361025,0.14662884,0.31612074
0.9003259282162526,0.8339402,0.9585852,0.9651602,0.25675964,0.24830525,0.7526283,0.78883976
0.8883505176140205,0.69629955,0.97570187,0.96430176,0.1380588,0.18276583,-0.28712755,0.0661108
0.8342233461689337,0.79590297,0.9558736,0.95773685,0.21332598,0.16787311,0.605413,0.54026145
0.9081540418199575,0.72635454,0.9754689,0.96939194,0.17169009,0.19526939,0.14197955,0.25113755
0.9335439972457598,0.9375227,0.9810731,0.98427945,0.22885783,0.2003774,0.39529794,0.07967772
0.796864553282582,0.729076,0.93401545,0.94740427,0.1799087,0.16660771,0.7588383,0.8172126
0.8643459496458378,0.8166898,0.9571558,0.95832574,0.23287101,0.19639048,-0.13441099,0.09984203
0.8463298438691936,0.93667674,0.9328428,0.9522172,0.3747978,0.28129676,0.07942179,0.08457245
0.9273397485495899,0.9070021,0.9769695,0.9770035,0.23808478,0.2980791,0.373805,0.28849444
0.881413500477694,0.7455743,0.95381254,0.9666547,0.17959745,0.16192172,0.24868807,0.13643724
0.929421981048879,0.77786857,0.97322166,0.97802395,0.18815465,0.1747259,0.25789642,0.119303256
0.9084477742579109,0.6503719,0.9792585,0.97722936,0.0878926,0.09847266,-0.48884454,-0.4013278
0.9385767349510694,0.7742777,0.99014544,0.9824632,0.15406007,0.18189725,0.024746353,0.23123518
0.5926300922954268,0.5164701,0.9046579,0.92747736,0.076672494,0.064009674,-0.29389068,-0.24091986
0.8953285163571405,0.63465685,0.9757731,0.97419536,0.10532623,0.11103089,0.4243249,0.14424811
0.9142366357374653,0.59255075,0.9861231,0.98011726,0.08128674,0.09306096,-0.2200426,-0.22680134
0.8094800960912037,0.69515955,0.9612883,0.9582322,0.13384075,0.109474674,0.054621756,0.21531214
0.9243801679832067,1.0450823,0.9686713,0.9665471,0.43527284,0.54882044,-0.022702036,0.1513946
0.8452570208822808,0.80539435,0.9516229,0.95337516,0.21698721,0.21524155,0.758836,0.63893145
0.9136493066579722,0.98163784,0.96423405,0.9608279,0.35655004,0.41912183,0.65341455,0.631652
0.8496839861793594,0.7446448,0.9546907,0.95710295,0.19473304,0.18854585,-0.390625,-0.3612964
0.8557258190930327,0.6752347,0.963952,0.96363616,0.11799758,0.13911591,0.23097278,0.398006
0.896898605731944,0.69808,0.9715517,0.9709789,0.12494684,0.13516632,0.5671549,0.48974764
0.941677041488282,0.8770064,0.98708797,0.98209304,0.21528593,0.22623613,0.4459402,0.51560444
0.9330955287862155,0.73586607,0.9862433,0.98180205,0.15343107,0.16438788,0.64781797,0.6464755
0.9057942235335081,0.94940704,0.9686642,0.9704014,0.31689733,0.3399082,-0.43962815,-0.22051895
0.7524180978727238,0.60677224,0.9433182,0.9502039,0.09963225,0.07759146,-0.19049472,-0.12640509
0.8905152871726114,0.6642156,0.976261,0.977762,0.10854855,0.09823447,0.4526499,0.55228895
0.7893566213662646,0.61909103,0.9623341,0.96186274,0.08425355,0.07567612,0.7172146,0.8268866
0.785686230505162,0.84622955,0.95081675,0.94922954,0.20046908,0.20237842,1.0362893,0.85851675
0.9375040192921607,0.9984723,0.97893435,0.97388214,0.37436277,0.38444906,0.07267675,0.20462212
0.7974946907509274,0.7668099,0.95722,0.9396135,0.17490982,0.22022064,-0.5595828,-0.35210165
0.8564300008857544,0.71819025,0.97124857,0.97429615,0.114080064,0.10031295,-0.24038339,-0.025369763
0.9248966342758651,0.98503095,0.97682077,0.9708979,0.32716006,0.37956312,-0.2413245,-0.0459831
0.827106664592117,0.68702567,0.96789026,0.965496,0.10193301,0.10444639,-1.002272,-0.69435966
0.8393643849547202,0.609053,0.9577238,0.95634264,0.10560413,0.10914426,-0.48837635,-0.38236523
0.9221332852274626,0.7215962,0.9814287,0.9755003,0.11980508,0.19058873,0.3751406,0.5146744
0.7802769776750789,0.7597766,0.93367916,0.93931866,0.19436474,0.17478861,-0.33810684,-0.3033761
0.9360909543396381,0.8168421,0.98288363,0.9848816,0.16739759,0.1614428,-0.4677485,-0.36601344
0.8969014596895841,0.7755305,0.9754689,0.9656163,0.17169009,0.22195719,0.14197955,0.21582417
0.8123246617409865,0.6244823,0.978254,0.9596994,0.06939803,0.11219753,-0.51518077,-0.5763044
0.9038687819147511,0.67473567,0.96998996,0.970545,0.122281596,0.16024922,-0.237014,-0.2700716
0.8865843070686503,0.6635751,0.9760614,0.9718102,0.10167678,0.13626426,0.044536334,0.08986049
0.7986666397898338,0.7333124,0.94283164,0.9392191,0.14602631,0.24088556,0.3198786,0.20500389
0.941254472392769,0.67977124,0.9898492,0.98757416,0.079536974,0.12285096,0.79359657,0.44860327
0.9472583619290688,0.93036073,0.9843046,0.98410964,0.22307199,0.244361,0.4847375,0.27378333
0.8519853471354137,0.7183345,0.9722403,0.9649737,0.11168288,0.16480766,-0.32778898,-0.09718832
0.917089919121607,0.81039894,0.97650886,0.9803577,0.1515709,0.17636222,-0.14198756,-0.4689477
0.833910276620411,0.7142776,0.96035093,0.9646209,0.13427396,0.13073719,0.6839663,0.7302476
0.7952176911687074,0.58694595,0.95135653,0.95119584,0.09622718,0.08828206,0.14493507,0.038914844
0.807367361741448,1.0250354,0.9093663,0.9106273,0.5500321,0.55728537,0.04894709,0.23538356
0.9018858745714349,0.62059283,0.9781531,0.97752553,0.08944141,0.079757154,-0.2686189,-0.46112686
0.9110694837707792,0.69940174,0.97784775,0.9836552,0.11768297,0.09686889,-0.050984763,0.3195906
0.9230708309388331,0.9098483,0.977949,0.9773552,0.21687415,0.24520399,0.56891954,0.51210845
0.8913627922679045,0.7418617,0.9618933,0.9708018,0.17318884,0.14398924,0.010109283,-0.027705504
0.8772958913798355,0.6763571,0.96681154,0.9645618,0.12701687,0.1573529,-0.077854596,-0.14412828
0.916945203173808,0.62320566,0.9841037,0.97907627,0.10380223,0.112009466,-0.2027822,0.36822346
0.5890823510832939,0.51236075,0.9046579,0.9139827,0.076672494,0.06747758,-0.29389068,-0.256072
0.8753235668849425,0.75516576,0.9674388,0.95835876,0.19848089,0.17991596,-0.31874433,-0.11508631
0.9416452560338102,0.8141066,0.98899424,0.98388,0.16241919,0.15858483,0.116302215,0.29159048
0.9181332871953667,0.72841245,0.97477895,0.96963686,0.18343207,0.21062909,-0.93853563,-0.3545174
0.9235987846879513,0.6909842,0.98381555,0.9768647,0.12628387,0.16052857,0.3634661,0.4490503
0.7955839235993567,0.7573803,0.9168551,0.941822,0.22869466,0.17341977,0.45770764,0.4092161
0.8065107228717852,0.6389634,0.96204513,0.9680277,0.073928796,0.06648653,-0.3366799,-0.34241676
0.9489415146616604,0.8781736,0.98174876,0.9856446,0.19781345,0.19417775,-1.0128107,-0.31380445
0.9379193893217955,1.0414197,0.97696084,0.9782712,0.37970567,0.38346064,-0.007086857,-0.14574188
0.910071156184688,0.81368387,0.98491573,0.97477883,0.14219145,0.20884876,0.79034376,0.6335139
0.8791634639076386,0.8610167,0.970687,0.9696458,0.21640067,0.188695,0.45841438,0.5591413
0.8721950657616679,0.7615703,0.97386825,0.96403277,0.12967022,0.19842121,-0.5875079,-0.32282612
0.9276265095850603,0.6704413,0.9829694,0.9828028,0.091188684,0.120246686,-0.43753737,-0.11092316
0.7587824609432984,0.6792878,0.9407208,0.9380644,0.12786862,0.135042,-0.68947506,-0.7504946
0.94853575029343,0.8650845,0.9845263,0.98438215,0.22455211,0.19715546,0.14108564,-0.23295085
0.8907907587036302,0.8181147,0.96807927,0.96497494,0.23188505,0.2395312,-0.68911725,-0.42941928
0.8760533577621342,0.71457285,0.96708286,0.9754036,0.13820787,0.08203301,-0.2653287,-0.069605134
0.79497524939901,0.8239392,0.94111013,0.91828597,0.23275903,0.37196606,0.24766535,0.39098805
0.8526215745848628,0.78290904,0.9548522,0.9689091,0.17468022,0.12060108,0.39670658,0.44417447
0.8072498143733666,0.9245288,0.91994023,0.9314135,0.3701374,0.31769475,-0.3094629,-0.14440827
0.841779377927175,0.684203,0.9442601,0.9399218,0.18138964,0.19404182,0.07648891,0.18843724
0.9345847532553899,0.76232445,0.9862433,0.98132914,0.15343107,0.14921506,0.64781797,0.5606165
0.8101634155745364,0.79228354,0.9544461,0.9451292,0.19139446,0.19564232,0.46157652,0.19240874
0.9155608787984351,0.6439801,0.992439,0.9828421,0.080264695,0.10389645,-0.29757422,-0.68751544
0.8750415554496621,0.6499539,0.9735095,0.9721613,0.121484324,0.11780439,0.0929352,-0.09198688
0.8077428828057153,0.9098519,0.94393015,0.9384201,0.30017793,0.3280794,-0.021623457,-0.17373008
0.7293641851105673,0.57892185,0.938484,0.93861556,0.09806786,0.091181114,0.47315633,0.5113001
0.8715717960148717,0.78681695,0.96383053,0.95575666,0.21574195,0.26168117,-0.43051866,-0.18836446
0.940029877409195,0.78020036,0.98102146,0.983142,0.17066906,0.1628098,-0.11354513,-0.22105548
0.9570536501541459,0.7299012,0.99269783,0.99063087,0.112155944,0.09954459,-0.48515558,-0.077128574
0.9490876800182855,0.74041426,0.99262846,0.98629916,0.12847772,0.15083091,-0.3286424,0.07327785
0.8736154754886188,0.8683362,0.9625068,0.9585668,0.230004,0.29314905,-0.04049485,0.11168009
0.9391987036864888,0.98432076,0.97893435,0.9693206,0.37436277,0.46873337,0.07267675,0.24138692
0.8762726401069055,0.6682233,0.9776299,0.9840842,0.08857084,0.07731513,0.07571276,-0.11500846
0.8544824808992991,0.7449464,0.95554984,0.95013684,0.1868007,0.21419615,0.38530338,0.36244422
0.9147163676286546,0.65828365,0.9875354,0.9771768,0.08895636,0.12657447,-0.44239587,-0.1345781
0.9224291560651661,0.89708614,0.97954494,0.9728542,0.2358108,0.28607032,0.07760848,0.06321372
0.6491892606378926,0.6188185,0.9123912,0.8906648,0.11681463,0.15629093,-0.93233794,-0.80847585
0.8233617210304688,0.72476935,0.95202637,0.95548284,0.14975856,0.1726684,-0.13853854,-0.16146277
0.8490546680421867,0.63606006,0.9669179,0.9646888,0.10156751,0.11246575,-0.77973866,-0.53270787
0.8492130625009036,0.74868137,0.96091235,0.95769113,0.1654759,0.16418429,-0.26407894,-0.5375431
0.8967632714280532,0.76601505,0.9754689,0.9708638,0.17169009,0.19019291,0.14197955,0.23935722
0.8628174913446994,0.7787092,0.95417136,0.9572962,0.20502806,0.21902509,0.066060655,-0.08868249
0.9442707833708313,0.75344026,0.9878765,0.9861513,0.13171336,0.15820867,-0.4285003,-0.07439868
0.9275242496832307,0.7411875,0.9833129,0.9798065,0.14349222,0.1628069,0.70277405,0.10563206
0.645198903439956,0.67540073,0.8863067,0.9108899,0.16213298,0.09707631,-0.31728694,-0.4743382
0.6261207922448315,0.5070159,0.91559243,0.9064763,0.07200056,0.10054539,-0.5417767,-0.48329353
0.9275699357267974,0.9766286,0.97625613,0.9714858,0.40787202,0.32646808,0.26006043,-0.074601
0.9062390737535629,0.78930587,0.97640795,0.97659445,0.15663932,0.19766013,-0.22357891,0.028886752
0.819406681931933,0.7655539,0.9410005,0.92839897,0.21585068,0.22380146,0.42096874,0.44884717
0.9643771584062314,0.91424066,0.9902137,0.9915303,0.1809227,0.18093856,-0.13533539,-0.1225176
0.9436638349625532,0.6665683,0.98780304,0.9912188,0.07269065,0.08538083,0.29676762,0.29964662
0.7861271384399526,0.7293337,0.91692525,0.915774,0.2228424,0.21434855,-0.45822182,-0.54795045
0.8719704941108197,0.7762853,0.9536078,0.9561395,0.20221865,0.22779636,0.48597237,0.38961744
0.5631880708475228,0.52986753,0.9046579,0.9019714,0.076672494,0.08643492,-0.29389068,-0.2913976
0.9451696863187874,0.79305464,0.99438983,0.98743135,0.12238554,0.16280213,0.0041630035,0.29704624
0.899171720964449,0.7052534,0.9786162,0.9749328,0.12729758,0.12699811,-0.27342486,-0.0518143
0.9016042972914486,1.0743105,0.9463872,0.9574501,0.55614954,0.5486999,0.48616415,0.39440086
0.9588671257447104,0.6740111,0.99316186,0.99260974,0.08650623,0.1047849,-0.029556064,0.3948853
0.8943504118700164,0.8903757,0.96479297,0.967327,0.2656137,0.2632183,-0.17007427,-0.4747651
0.9265794467814158,0.62867236,0.9842514,0.98285633,0.09626619,0.0942818,0.1838423,0.13740134
0.89926219256807,0.80871797,0.970687,0.9646428,0.21640067,0.25343385,0.45841438,0.51981765
0.7037447068057882,0.54598093,0.9325808,0.9305748,0.08983478,0.08055985,-0.41932902,-0.48370937
0.8564853474114139,0.65595895,0.9515323,0.95729876,0.14864783,0.13385499,0.20228359,0.23264012
0.8499930845917233,0.84593034,0.9604053,0.97331583,0.20090002,0.12728822,-0.13882996,-0.17360988
0.75234559489588,0.767124,0.9464486,0.950208,0.1486475,0.14632824,-0.58444476,-0.5595428
0.8704001380417847,0.72999877,0.97130746,0.9678266,0.13331439,0.15829709,-0.3394357,-0.33252683
0.9299413407079723,0.7790956,0.9862433,0.981857,0.15343107,0.15928721,0.64781797,0.660756
0.8803932588317301,0.9076535,0.9628076,0.95190614,0.26578307,0.31284866,0.7212109,0.3546608
0.8162353864805947,0.7251019,0.95002455,0.9348371,0.17794415,0.23088838,-0.042919632,-0.17590097
0.8825226340529052,0.8328953,0.97035843,0.9690784,0.22083685,0.23408556,0.6800199,0.3479383
0.8765439543577581,0.75160193,0.960996,0.9587806,0.17064701,0.23213725,-0.015627906,0.009493117
0.7248459377952339,0.5686622,0.9250795,0.92683816,0.093829855,0.11600347,-0.17217807,-0.054308817
0.7055920571516822,0.55607414,0.94605494,0.92942023,0.066381685,0.096591696,-0.0849197,-0.035186447
0.8964732276724444,0.67378014,0.97780347,0.9810605,0.104821466,0.09688318,0.012771962,-0.46524698
0.8807974112638962,0.79932183,0.9786284,0.9702556,0.14267698,0.18750572,-0.57382077,-0.9162085
0.9232391662957243,0.72305685,0.97705793,0.98129326,0.14681157,0.11369875,0.07124834,-0.2669358
0.8824004496640179,0.7882562,0.9604833,0.95685166,0.18860352,0.23329858,0.6851945,0.6922491
0.8796980888890363,0.7845579,0.95995283,0.9633956,0.19123065,0.19621299,-0.75745183,-0.9139482
0.8495748252673828,0.790532,0.97232044,0.9697653,0.15700817,0.16948323,-0.38152292,-0.48585963
0.9297716617348664,0.7917545,0.9826165,0.98462546,0.15552741,0.17088255,1.0200434,0.87346816
0.5906734624429384,0.5881916,0.9215157,0.87067646,0.09099899,0.15777951,0.16219719,0.23008768
0.7910641330185653,0.7120275,0.9556102,0.9618864,0.110150844,0.093023896,-0.16239649,-0.03457907
0.9372071329187783,0.9966358,0.97893435,0.9728744,0.37436277,0.40203792,0.07267675,0.24408537
0.9192710776569056,0.7458285,0.98905694,0.9829648,0.11872432,0.13595495,0.48796213,0.5815208
0.8779398499706645,0.734904,0.9563,0.9628267,0.18343611,0.17931,0.033719324,0.06352486
0.8751721001368922,0.7921371,0.9666065,0.96440643,0.19230221,0.17213681,0.14768946,-0.17932896
0.8342369892094794,0.64027876,0.9668342,0.968819,0.09957209,0.0897716,0.31175053,-0.021952247
0.7867792582871702,0.6695975,0.9480001,0.95080703,0.120178916,0.1337566,0.67023003,0.69693685
0.9609969173198766,0.8769625,0.98827624,0.9869368,0.20287253,0.24330571,0.7951827,0.3473174
0.7403925892494729,0.7191642,0.9280002,0.9115122,0.1627784,0.24818327,-0.08246046,-0.030134631
0.5998339059773562,0.5589347,0.91202295,0.9210907,0.090078525,0.07036356,-0.26545274,-0.25609887
0.7322558530662341,0.7755573,0.9215006,0.9348776,0.24697325,0.15989661,-0.05274871,-0.041007087
0.9331787930711516,1.0326431,0.9769298,0.97042584,0.41499448,0.45888594,-0.22541438,0.039258506
0.8464836150433445,0.8153481,0.95585465,0.954168,0.2419909,0.23165742,0.49936187,0.5670859
0.9018650741546028,0.81673133,0.96719533,0.9644323,0.19498609,0.22969118,-0.5064073,-0.43287325
0.8588683889147354,0.6109074,0.9596931,0.95439947,0.11077428,0.13426514,-0.38964394,-0.3659842
0.8963916007411774,0.74928045,0.9635699,0.96477634,0.18075678,0.18305261,0.67731225,0.5515811
0.931886305179452,1.0690941,0.97891974,0.97496,0.39720464,0.44914383,-0.21736705,0.026550667
0.6843421112461087,0.76586324,0.9096857,0.9244164,0.20502888,0.15873799,0.13842808,0.03283827
0.8238656614063994,0.8063475,0.93653333,0.9363063,0.2620438,0.24422029,0.4803623,0.3838346
0.7788530738421229,0.48998913,0.9608259,0.95142317,0.0472009,0.08505709,-0.22681528,-0.26113978
0.9285767312550692,0.81206924,0.9830173,0.98135823,0.16226637,0.21140003,0.33130845,0.15732543
0.8563363263174529,0.8369234,0.94142604,0.94272834,0.27595857,0.2958702,0.71787816,0.7308694
0.7092912857486744,0.7308158,0.9275645,0.94411016,0.15546618,0.086957015,-0.023499224,-0.09991783
0.8510063441086779,0.6702434,0.9633854,0.9611403,0.11291974,0.122585304,0.4371647,0.36746472
0.7871742270709691,0.8595502,0.9080682,0.92657804,0.35484216,0.25418726,1.0995901,0.99061024
0.9187880741335739,0.68153214,0.98419935,0.9786863,0.13127248,0.12133832,-0.09985385,-0.6443424
0.8560527453986551,0.8680161,0.94787264,0.95270365,0.2944301,0.23426704,0.16042012,0.20691593
0.8971247336665205,0.763328,0.9754689,0.9677122,0.17169009,0.20969416,0.14197955,0.25000384
0.8381179902648345,0.7852315,0.9613549,0.95960575,0.17454122,0.1977012,0.3996421,0.5034448
0.6728598857623953,0.64318913,0.9116274,0.9126101,0.13489267,0.12649092,-0.00062418386,0.012886435
0.9332178912551129,0.8673125,0.98258334,0.9771878,0.23207687,0.19931397,-0.011820029,0.1490989
0.8480334972536927,0.7601013,0.96189594,0.96428835,0.1552882,0.1434039,0.4334959,0.31192616
0.8199361727654467,0.78538543,0.96238863,0.96324724,0.16782284,0.13217269,-0.064620905,0.05950487
0.9187075941883036,0.72852457,0.98028076,0.97568285,0.14113626,0.16607063,0.108338915,-0.028002111
0.7779986422239457,0.68287766,0.9596576,0.95790493,0.09060298,0.11959144,0.10761019,0.11556594
0.8129545030781801,0.7225026,0.94927704,0.95714223,0.15359774,0.13660684,0.22048487,0.15700349
0.9433716335787882,0.73848385,0.991682,0.98696923,0.13737333,0.13203712,-0.01565571,0.22122572
0.83759275516771,0.7740702,0.95768625,0.9596945,0.16637477,0.14668,0.57020444,0.4759622
0.923065677754627,0.77139205,0.9862433,0.98076576,0.15343107,0.15829721,0.64781797,0.6278547
0.9330175109527002,0.9830506,0.9733429,0.9720652,0.39699918,0.4001068,-0.0989773,-0.25923237
0.8750695057757819,0.79996175,0.95589656,0.95472485,0.22514415,0.2546805,0.2642084,0.3590348
0.9034971424015696,1.0059948,0.9572154,0.96028006,0.40291613,0.40989015,0.35964894,0.09711179
0.7269929126666124,0.88013935,0.9554325,0.9490701,0.164361,0.16354322,0.1104701,0.10508897
0.8879042594307897,0.7633489,0.9653323,0.96605814,0.17291617,0.19921632,0.85105854,0.86618906
0.8265036458281457,0.7649807,0.94305474,0.9382524,0.21793191,0.21899877,-0.15535988,-0.28251836
0.9369467414778696,0.996424,0.97893435,0.97513956,0.37436277,0.37887478,0.07267675,0.22508126
0.9174944873557794,0.7430612,0.988307,0.9889381,0.098546304,0.08397829,0.46589884,0.9962462
0.8488359191898088,0.6984443,0.9570791,0.94972414,0.16519114,0.19847396,0.59712267,0.48798665
0.9074085908243434,0.7138818,0.98467463,0.9850413,0.0973129,0.09869571,0.51229066,0.851461
0.9388469949298797,0.6421488,0.98802936,0.98595035,0.09260389,0.10750043,0.32201278,0.22997938
0.8029393421048442,0.5851596,0.9629068,0.9510769,0.07951445,0.086268775,0.5562142,0.48974428
0.9025587319743491,0.8220707,0.96235377,0.95414644,0.23505376,0.33462954,0.18084414,-0.050701488
0.7863845384313815,0.57854193,0.96816206,0.95201796,0.06339526,0.088340245,-0.24337834,-0.172623
0.9436696472827858,0.69021666,0.986923,0.986765,0.1104078,0.09982237,0.049335323,-0.19176207
0.8878812179685579,0.79827183,0.9754689,0.97300225,0.17169009,0.17635593,0.14197955,0.21835144
0.8387862592794504,0.70989716,0.9494428,0.95905524,0.15898615,0.14243977,0.08481064,0.22480766
0.5915636503131385,0.68425775,0.9066141,0.9185428,0.13614386,0.08762984,1.0831116,0.9981392
0.9124223095848923,0.76736873,0.9824502,0.9842702,0.14188291,0.10830829,-0.03563117,0.16945085
0.8724436114097444,0.81112325,0.9692932,0.9683792,0.15194179,0.17325951,-0.3013227,-0.18605012
0.8388645422905816,0.6290705,0.96232367,0.9544632,0.1014271,0.10755864,-0.23950598,-0.4164753
0.6042880386995214,0.5096014,0.9046579,0.9055535,0.076672494,0.07284734,-0.29389068,-0.2734401
0.9484468446898737,0.9845889,0.9811094,0.9813754,0.2543862,0.27839082,-0.18263473,-0.19038834
0.8580516371060652,0.96176785,0.9582933,0.95942277,0.31789875,0.27916232,0.36441404,-0.10994829
0.7549221611270047,0.5747359,0.95215416,0.9340113,0.07550651,0.09627944,-0.0006627309,-0.021298585
0.8870527981754011,0.84158593,0.970687,0.9650584,0.21640067,0.22128044,0.45841438,0.5628916
0.9142475612099024,0.81782115,0.97558844,0.97194207,0.22551586,0.23168999,-0.7530189,-0.058222003
0.9497929481265129,0.92408305,0.98858994,0.98288465,0.2446379,0.25315154,-0.53628397,-0.14869337
0.6738882000755279,0.612348,0.9401846,0.94117963,0.08013713,0.092407994,-0.6253393,-0.55483484
0.8758559967302397,0.6572636,0.97676617,0.9731822,0.10204465,0.08881803,0.8548651,0.8996795
0.9029982557039302,0.8826246,0.9732742,0.97191274,0.2391868,0.24307755,0.10395091,0.31075582
0.7668136480805458,0.6559023,0.9415592,0.94229954,0.11614695,0.12929542,0.8716864,0.80160624
0.949392649879706,0.6626179,0.9860787,0.9887794,0.0997789,0.11389478,-0.42947477,-0.34448084
0.7967729512402857,0.71265936,0.9227669,0.91555417,0.21714158,0.25294968,-0.60611725,-0.5919134
0.9075590042063602,0.8591052,0.9663502,0.96446526,0.26179823,0.2447004,0.014631729,-0.073137514
0.9403282671171306,0.7834373,0.9850208,0.9845001,0.14978905,0.13316251,-0.064607196,0.047440194
0.9461487407006571,0.8052546,0.9919664,0.9915762,0.11866881,0.10360331,0.40759552,0.45831808
0.8678371627231428,0.84778315,0.9649283,0.95890385,0.25212017,0.24635716,0.5182318,0.35486698
0.9453733676296238,0.9174742,0.9857315,0.9892511,0.16803746,0.15092063,0.814342,0.88911074
0.9344952751078108,0.9639718,0.9757655,0.9776441,0.36914125,0.35484388,-0.41399065,-0.19275187
0.9393819716552788,0.6769606,0.98278826,0.98271346,0.11372342,0.1255851,-0.4713055,-0.34749562
0.8852974162438966,0.86799216,0.9639182,0.9699966,0.22626698,0.22123812,0.49432638,0.675492
0.8198182944567316,0.90250283,0.95067805,0.9509133,0.26470712,0.26803198,0.3196319,0.17658938
0.875138016178524,0.6613914,0.9741272,0.97467005,0.10022393,0.10043181,-0.11346356,-0.19653717
0.9378554400742174,0.68540174,0.9947214,0.98933995,0.08546337,0.08629059,0.10852613,0.3612112
0.9059246155649845,0.72225285,0.97370034,0.9788754,0.13579285,0.11526148,-0.28816468,0.07758203
0.9206993886359754,0.8731096,0.97388375,0.9663748,0.2852262,0.35809296,0.10065485,0.21959162
0.9263323674212945,0.91972667,0.9824426,0.9761294,0.2484692,0.30216166,-0.3684249,-0.35741517
0.9218523835300951,0.85121644,0.9768335,0.97976655,0.21070337,0.15800224,-0.75611556,-0.25640315
0.9160280123211203,0.71874344,0.9744046,0.9715435,0.1670703,0.21660718,0.41553035,0.30555013
0.8754883708595347,0.8127729,0.9608134,0.9586198,0.2210272,0.22950955,-0.6890937,-0.3793301
0.9076963591354239,0.8885228,0.97078335,0.96906674,0.2395397,0.29769227,1.3922573,1.1662557
0.864737103581484,0.97295785,0.9448989,0.9404728,0.43151665,0.46165442,0.4611667,0.24153486
0.9527356013482897,0.7330671,0.9862772,0.98596084,0.15829907,0.1467567,-0.10740522,0.14625531
0.8405375300096741,0.6903606,0.9560508,0.9593255,0.14421034,0.13342667,-0.057058714,-0.09092093
0.9131448013897919,0.620595,0.98718774,0.9845965,0.06464152,0.08022016,0.4689237,0.42803493
0.9355766656375204,0.80622137,0.9790969,0.980096,0.17510322,0.18210325,-0.31580955,-0.34303737
0.8549366156374645,0.8312066,0.9488286,0.95972794,0.25363922,0.21123648,0.10849431,0.08624254
0.8178257695166586,0.6575687,0.9628065,0.9541915,0.1007285,0.1415911,0.37351266,0.39408842
0.6716916734599082,0.5453375,0.9353994,0.93619794,0.067514,0.0760806,-0.48348394,-0.49279574
0.7308621703224867,0.7198719,0.9256952,0.9463064,0.15443775,0.123506136,0.2640023,0.27121
0.8751741111029643,0.67658776,0.96739197,0.96948963,0.11642723,0.10423743,-0.38992536,-0.4340078
0.7504884684195388,0.70154643,0.9302989,0.9312976,0.15575431,0.15721779,0.551986,0.62058604
0.8164384061935362,0.7127444,0.95678365,0.9592782,0.13615109,0.13574533,0.8256261,0.9530594
0.7899661966226478,0.6833525,0.9295944,0.9497345,0.1642381,0.14157714,-0.28677928,-0.13536477
0.8791690471718621,0.6895847,0.9794213,0.9699676,0.10705327,0.1260638,-0.22956996,-0.110386804
0.7977329849653193,0.5534075,0.95157707,0.950594,0.08311364,0.09759266,0.47663018,0.4658381
0.7694917529876699,0.6343525,0.9359322,0.9526497,0.12627646,0.0858633,-0.38693124,-0.39520577
0.7855789119671563,0.6854063,0.94646597,0.9487342,0.15611233,0.14933543,-0.42243373,-0.29463574
0.8954664052641476,0.78683543,0.96512115,0.96940106,0.17602739,0.21367094,0.6086437,0.6795982
0.918049617096018,0.8626286,0.97622705,0.9773045,0.23688783,0.223391,0.6513825,0.9181849
0.9054423460096938,0.8736047,0.9648365,0.97009754,0.25235498,0.20755714,-0.35450652,-0.41346058
0.8311204270567638,0.7182171,0.9543058,0.9539594,0.16566879,0.17670862,-0.024382487,-0.15892905
0.8365928209438693,0.79233825,0.92374796,0.9370549,0.27095205,0.29817635,0.35642198,0.4191014
0.8869521802353741,0.92851704,0.9643079,0.95841026,0.31161925,0.35145324,-0.2399974,-0.49839103
0.9579785552791421,0.861499,0.9873559,0.988571,0.16483967,0.18279408,-0.51070386,-0.032696955
0.8776603301464131,0.76644254,0.9570919,0.9520785,0.2151944,0.26037446,-0.23870783,-0.08808938
0.8816531651861266,0.806734,0.9615925,0.962488,0.22142057,0.23674828,0.14030346,-0.21285585
0.8134614212104566,0.7174949,0.949441,0.9401797,0.14935632,0.21432035,0.045018755,0.056990057
0.9070450004097999,0.7122176,0.9777406,0.97675407,0.13775918,0.11763799,0.43750903,0.41258278
0.8914916357450613,0.6528313,0.98133254,0.9752178,0.08816738,0.11002122,-0.08012217,-0.1267323
0.9223106170844244,0.6933013,0.97916424,0.97966474,0.116693065,0.11233457,0.14955756,0.010270367
0.9332293650091745,0.7797589,0.97327673,0.9779664,0.19653527,0.20496123,0.86652046,0.6464425
0.8477627672865107,0.62569547,0.97301775,0.9671329,0.10033518,0.112786,-0.14480145,-0.44381458
0.9387181637377848,0.7768761,0.9829144,0.9844611,0.13827051,0.14286083,-0.67189825,-0.072817564
0.78906300199452,0.62954366,0.9668235,0.9643074,0.07797312,0.090335086,-0.6096373,-0.4710049
0.885907578828303,0.81485856,0.9754765,0.96900165,0.17801455,0.19455242,-0.59176755,-0.45359784
0.9040581235863249,0.7905388,0.97717345,0.9814454,0.16060619,0.11578862,0.6094744,0.21599744
0.9349572588062902,0.76397276,0.9862433,0.9795744,0.15343107,0.1814021,0.64781797,0.6482701
0.8899211598528463,0.6592869,0.9778022,0.97388273,0.104348645,0.117547214,0.25604972,0.4512443
0.7839546838890022,0.66845894,0.93001026,0.9391653,0.15630427,0.16113578,-0.29635,-0.23442915
0.8897552151102086,0.7355294,0.9666196,0.96380746,0.13719432,0.19774827,0.5143833,0.5703078
0.9224144159365765,1.0617683,0.97893435,0.9741977,0.37436277,0.37287587,0.07267675,0.19436216
0.9173116001484639,0.79702795,0.973719,0.9701381,0.19261144,0.24891667,-0.0959483,0.06290726
0.8551897562235901,0.6935324,0.96592104,0.9598831,0.115186825,0.1225302,-0.14443254,-0.0062384903
0.9039682070764234,0.65862423,0.9810211,0.98476285,0.10451237,0.086462945,-0.72470814,-0.6339074
0.8917360629654424,0.7527712,0.970301,0.97440493,0.14671502,0.11320209,0.6010953,0.38006788
0.9517267857170713,0.5862967,0.9904561,0.99190795,0.05940123,0.06386735,0.3235142,-0.2880441
0.8346871926514875,0.81135255,0.93185276,0.9441934,0.2714493,0.21935226,-0.5476613,-0.4907258
0.7460874833154992,0.6139236,0.94555384,0.95189464,0.10326899,0.07301062,-0.38518742,-0.40314198
0.8431427573097101,0.9148179,0.939767,0.9443128,0.2752696,0.35919407,0.012466476,-0.067146994
0.8958192942702714,0.67120737,0.9749026,0.9731937,0.099808544,0.11430184,-1.2944876,-1.0962082
0.7386970734518827,0.70576686,0.9135976,0.91576433,0.17367552,0.13890731,-0.583163,-0.5538805
0.7445741656549665,0.65975434,0.93558574,0.9294643,0.12192343,0.15709642,0.40194985,0.4910442
0.7518371241854849,0.5935931,0.9384092,0.92525333,0.1004221,0.1286221,-0.41529754,-0.46637198
0.6648954688358186,0.6434229,0.90744513,0.91325027,0.14516641,0.12091889,0.19350666,0.17999037
0.6823698210711697,0.63233453,0.9197962,0.9299127,0.11385331,0.10070573,-0.56106544,-0.6397685
0.8863413612776543,0.8823556,0.95188135,0.96024233,0.33109063,0.25616547,0.09694597,-0.12894124
0.9120224938568995,0.6675166,0.9867321,0.9821725,0.08995585,0.083440006,-0.13948365,0.6624479
0.8226229479129177,0.7561762,0.9567405,0.94873863,0.1250158,0.22976731,-0.9658366,-0.91014266
0.9186125983185507,0.66029567,0.9713695,0.97361296,0.11981669,0.17538907,-0.90164614,-0.75388664
0.9262916021716638,0.8025172,0.9862433,0.98089164,0.15343107,0.17865086,0.64781797,0.78158
0.7092863211734988,0.570058,0.9315479,0.92177004,0.094535984,0.11170078,-0.514115,-0.5394168
0.7527727199369754,0.67896265,0.9355207,0.934967,0.14998108,0.13340153,-0.9492033,-0.9707026
0.9365964262318568,0.8901717,0.98814803,0.98229164,0.22030096,0.23330905,-0.1660182,0.09590562
0.6431320146847158,0.5695438,0.91555846,0.9284241,0.09023348,0.09855066,-0.89724964,-0.77647126
0.9613320837883554,0.8166881,0.99001807,0.99085903,0.13275848,0.1392584,-0.059029184,0.4655169
0.7978290519771618,0.6643876,0.93870217,0.9266829,0.15614106,0.18209897,-0.21567969,-0.10894549
0.8550286475976667,0.85644627,0.95700765,0.96057695,0.25607046,0.20929818,1.2562399,1.3361939
0.9443450982897968,0.86539,0.9908693,0.98591316,0.19197223,0.19938485,-0.8032634,-0.23705223
0.9195380273415209,1.0517744,0.97203165,0.9670593,0.4270108,0.4290389,-1.1378763,-0.7442577
0.8033072690602907,0.57990164,0.95079786,0.95338553,0.09365802,0.09811836,-0.18696699,-0.38460344
0.9321518820860752,1.0074584,0.97893435,0.97024906,0.37436277,0.48390046,0.07267675,0.21293934
0.9021811250528974,0.7388837,0.9754689,0.9716961,0.17169009,0.17381534,0.14197955,0.26068282
0.592150302790012,0.5142239,0.9046579,0.9131107,0.076672494,0.0694143,-0.29389068,-0.28294158
0.9377366588854663,0.98381966,0.9765573,0.96926314,0.41217995,0.457932,-0.3940878,-0.13067737
0.8114928651191904,0.764832,0.94967103,0.9530241,0.18755995,0.17904627,0.7604468,0.63210654
0.9071397624193618,0.95984787,0.97404134,0.9670862,0.2946524,0.3443045,0.60195357,0.7193155
0.7888183859207353,0.7122608,0.9460043,0.9342897,0.1522672,0.18512134,0.7727626,0.544298
0.9412056736482268,0.9365933,0.9873634,0.9882944,0.18742509,0.16255598,0.34077665,0.6497163
0.8128571439257943,0.7662839,0.9539254,0.9582051,0.15514253,0.17220625,0.04937646,-0.2610378
0.8456439371857574,0.63887274,0.975584,0.9611842,0.08944259,0.1286388,0.4133893,0.22658046
0.9336103195204126,0.9272896,0.9861445,0.97820264,0.21377191,0.27751833,0.23392673,0.39997253
0.9320883148195325,0.83345413,0.9759481,0.98380524,0.20506966,0.17531067,0.06305278,0.5314272
0.8585686312067452,0.69714844,0.98415697,0.97612363,0.075553745,0.088866755,-0.42036542,-0.4809694
0.8406387333375492,0.84170794,0.96342164,0.95924836,0.19136101,0.22094753,-0.64613444,-0.57875925
0.800925576645023,0.5316347,0.9684993,0.9631915,0.058815777,0.06899531,-0.2824881,-0.27586213
0.8899508697633935,0.84792495,0.970687,0.9661135,0.21640067,0.25037643,0.45841438,0.5757523
0.9136966038438641,0.80653906,0.97140145,0.97431654,0.1751882,0.18980573,-0.32605186,-0.24705867
0.9125474775756025,0.73016536,0.98932886,0.98255277,0.10038603,0.13065712,0.99875796,1.3880706
0.8399127360925093,0.5726938,0.97309375,0.9714767,0.06743723,0.05995371,-0.81988424,-0.82262945
0.9303441731177668,0.7654273,0.9823326,0.98215115,0.1729673,0.15703976,0.0725558,0.32766554
0.871881952635278,0.6671653,0.97676617,0.97115105,0.10204465,0.10953893,0.8548651,0.8609533
0.906614079240563,0.91090816,0.96317863,0.96515644,0.3026161,0.303427,0.57712954,0.45587814
0.7832108892804354,0.78097403,0.9461964,0.9507971,0.15402049,0.13290137,0.8537332,0.5734059
0.6860367932014716,0.5811408,0.9433033,0.93570805,0.08187334,0.083082266,-0.26911992,-0.3101686
0.8700833952242178,0.7012853,0.96915454,0.96951604,0.11610213,0.13760541,0.03638456,0.10730832
0.9358205469752815,0.8052632,0.9849461,0.98520344,0.19120938,0.15825152,-0.35929635,-0.17661163
0.9193500488700019,0.92474836,0.96649283,0.957538,0.37340054,0.48322162,0.25914562,0.35094252
0.9662745622901732,0.95155454,0.994002,0.99120414,0.19066998,0.16125423,-0.5414976,-0.035500273
0.9188388779816592,0.94297206,0.9785694,0.9819488,0.25335002,0.20581576,-0.2636366,-0.21218166
0.7750007304880291,0.7028971,0.9415039,0.9431421,0.1472485,0.15260324,-0.80381787,-0.80578905
0.8179675518459647,0.84588563,0.940749,0.9451227,0.26140326,0.23032503,0.17794877,0.27266553
0.7880552897520383,0.6291458,0.9647918,0.95776683,0.084856085,0.09956972,0.4036945,0.50287515
0.9333750122054014,0.7677763,0.9862433,0.98292667,0.15343107,0.13623711,0.64781797,0.62514585
0.8903846017167534,0.6561155,0.97705483,0.97568965,0.08511644,0.093420014,0.08897942,0.12018909
0.8277049020560611,0.67283,0.9562035,0.95364016,0.14564818,0.14248441,0.06363925,0.19106711
0.8094515469289156,0.6658496,0.9543997,0.9374603,0.13998684,0.15811585,-0.38959068,-0.22130035
0.9023491307499651,0.7430563,0.97866994,0.9731584,0.13061808,0.1613098,0.5760556,0.63465065
0.9545571886782874,0.8545608,0.98464453,0.98609626,0.2011474,0.22816242,0.19788983,0.2810684
0.9221845966313839,0.55452925,0.9864918,0.9879094,0.055489205,0.05954902,0.20171213,-0.38092965
0.7501211629008465,0.7195913,0.93027294,0.927707,0.16458419,0.17258221,0.5998765,0.6931936
0.8577624304704972,0.773789,0.9479493,0.93998855,0.21617216,0.26085132,0.6491869,0.6149301
0.9141637473505497,0.9048102,0.9837767,0.97500163,0.21089044,0.25841084,-0.55827177,-0.34483775
0.7719226707489067,0.48703647,0.9698354,0.95150286,0.03858511,0.07340807,-0.14243948,-0.088728674
0.8098438825377552,0.61230123,0.94943005,0.94134665,0.099175714,0.1352829,0.27994114,0.30567342
0.8849026589638194,0.6888577,0.9763205,0.97427833,0.11759986,0.09598833,-0.5165221,-0.6314963
0.7879514167980566,0.67279255,0.9345257,0.9361318,0.17732547,0.14155415,-0.011660716,0.08923823
0.7050277098971083,0.61101043,0.9116815,0.93406916,0.12624039,0.08969644,-0.38054675,-0.24638596
0.9481336505333459,0.87701976,0.9840633,0.98710406,0.18418209,0.20078859,-0.3289013,0.066272296
0.851864777754591,0.69776136,0.9479052,0.94660467,0.18188374,0.19557396,0.5153074,0.28967842
0.8274353891294154,0.5877368,0.9542334,0.9552233,0.099028446,0.1032625,-0.64899623,-0.6193945
0.9068726099299643,0.73198247,0.9695745,0.9705901,0.14843816,0.18681327,-0.16580288,0.05405559
0.6879522076460882,0.6006511,0.92760074,0.9427005,0.09851853,0.08196925,-0.5703182,-0.59263855
0.8896735814109431,0.98577803,0.9560498,0.9616204,0.32223743,0.3922518,-0.5179869,-0.27370557
0.8376109733764387,0.732089,0.96271676,0.9423784,0.17094788,0.22248463,-0.121393375,-0.19965956
0.7394578268263129,0.7627246,0.89071715,0.9018302,0.24749222,0.23761483,0.34323877,0.36875048
0.7715052055162082,0.8395171,0.9141474,0.9204268,0.29028866,0.2555541,0.21908659,0.049815774
0.8987392219655687,0.8129542,0.9755095,0.9754317,0.18046331,0.15650433,0.38041392,0.029168168
0.8425558336104548,0.8300497,0.9569992,0.9659908,0.18562147,0.16083564,-1.458512,-1.5666102
0.8939977040159082,0.78401977,0.9745638,0.9719589,0.16873907,0.17802514,0.5887578,0.8561692
0.609469274202771,0.5651395,0.9332512,0.92203104,0.07287647,0.08951415,-0.29512078,-0.3176685
0.9433340863000035,0.7678121,0.9839665,0.9842354,0.14900133,0.18950237,0.790047,0.36279047
0.9067537257421489,0.8237976,0.97143525,0.96819365,0.23877712,0.24761379,-0.32582644,-0.27763873
0.7908765653310624,0.9661514,0.91026163,0.92435026,0.47043368,0.33954614,0.3260869,0.10894843
0.9285828215913128,1.0284724,0.97893435,0.9743226,0.37436277,0.41806123,0.07267675,0.27165693
0.8479683758707349,0.7216415,0.9575279,0.9560981,0.15787359,0.17546599,-0.3554367,-0.17930754
0.8708417691696707,0.9309353,0.947972,0.94605863,0.34199992,0.35545096,-0.15318768,-0.30992794
0.8585281498977306,0.66997504,0.95591825,0.95404327,0.15309285,0.14470756,-0.2075865,-0.33274192
0.9138631657924593,0.6015607,0.9883339,0.98425066,0.06154909,0.074900866,0.19617067,0.54953724
0.8631802351352093,0.73927385,0.96520543,0.9703245,0.13566396,0.15391058,-0.064616986,0.04195543
0.9033680451267216,0.8812567,0.9651648,0.9687908,0.25286704,0.24120826,-0.19017649,-0.27162933
0.8414749983949997,0.66501063,0.9697159,0.9716233,0.09645436,0.10347641,-0.7081377,-0.6256674
0.8998873101770897,0.7608728,0.9754689,0.97060627,0.17169009,0.18444435,0.14197955,0.27177015
0.8065690264387609,0.6063121,0.9683146,0.95646405,0.07264682,0.09301686,-0.22516003,-0.23100172
0.9393229046769161,0.6461893,0.98330337,0.9835554,0.1049771,0.12177024,0.2749779,0.46700448
0.7472231153007912,0.59092355,0.94046974,0.9419727,0.09208642,0.08334775,0.18595193,0.24059047
0.7815401662696065,0.6558225,0.9555178,0.9569131,0.09965774,0.101626225,0.31993508,0.16882427
0.82707775503511,0.72115993,0.93557733,0.9305489,0.21917301,0.24873921,-0.70765007,-0.5247708
0.7908834870943208,0.7468514,0.95636564,0.95062125,0.12189312,0.16181275,-0.10858159,-0.040780835
0.9095546191880141,0.7196495,0.9846822,0.97679,0.13263567,0.15838416,0.6447226,0.22924274
0.8686758310030331,0.77161795,0.96568835,0.9690179,0.19473052,0.16952534,-0.61590123,-0.44811484
0.5323456212906011,0.54983014,0.89815503,0.9015467,0.085905254,0.087079816,0.55180454,0.66272134
0.8584337855899538,0.7887226,0.9556631,0.95466214,0.17317007,0.22715466,-0.5117063,-0.68626195
0.7402607701864308,0.66811216,0.94697297,0.91279745,0.12962194,0.18668522,0.23062655,0.18906876
0.6385391320528903,0.49383494,0.9393484,0.9066737,0.052738752,0.09330894,-0.09534968,-0.10701693
0.7888973603238943,0.8481733,0.94516337,0.92547685,0.22283772,0.33095324,-0.32609546,-0.33638534
0.7909751949670077,0.6986764,0.96570766,0.9646438,0.1207476,0.09800028,0.54430985,0.37151322
0.916326427731049,0.85144836,0.97058994,0.9733758,0.24613656,0.22021711,-0.31682113,0.19901697
0.823028983500912,0.71461743,0.9407055,0.95364004,0.17977852,0.12692824,-0.04342546,-0.19534332
0.675137944509721,0.6845195,0.9363523,0.9221965,0.13072819,0.11979901,0.68987143,0.72583973
0.7998422960896918,0.77750456,0.9375822,0.9476634,0.19787651,0.15897171,-0.87421983,-0.82471085
0.9251761715030468,0.7642269,0.9862433,0.97882074,0.15343107,0.18556361,0.64781797,0.7684462
0.75278782438558,0.7151448,0.9600333,0.9485987,0.11578714,0.13995935,-0.4128763,-0.5036936
0.7336725885005116,0.52078366,0.93350035,0.943963,0.07555735,0.06444705,-0.050315883,0.08980465
0.9364352580654102,1.0053421,0.97893435,0.969042,0.37436277,0.5365105,0.07267675,0.24841215
0.9446670711946827,0.77769595,0.9899695,0.9821591,0.16286057,0.20732218,-0.05800984,0.21990672
0.8722274121050964,0.93916774,0.9506602,0.9521945,0.3609706,0.31294727,-0.74962753,-0.8620509
0.8213492863899713,0.7378919,0.95092505,0.9358211,0.18369736,0.21661778,0.28703776,0.17157556
0.9381599652383984,0.94602966,0.97849697,0.97784024,0.24370237,0.33442405,0.13643397,0.18947324
0.8933161411835248,0.64394873,0.98103815,0.98009944,0.07425648,0.08982667,-0.6875791,-0.7414692
0.8787954667358185,1.0285089,0.9488252,0.947727,0.453837,0.48016587,-0.46617112,-0.25923488
0.8161641794945671,0.6566284,0.9554668,0.9621951,0.117307425,0.10813239,-0.0013479113,-0.043283127
0.7612919422642198,0.605093,0.95953757,0.9597542,0.07089129,0.07673336,0.7576484,0.7931353
0.945564086901257,0.7935243,0.991705,0.9849034,0.16262741,0.17038316,0.38937002,0.5349851
0.8589724544548981,0.73202497,0.9664673,0.97249365,0.15418126,0.1181232,0.84452,0.7529189
0.9449069557162781,0.85756564,0.98867935,0.9899011,0.14670877,0.14923215,0.6489652,1.2303855
0.8904846480033858,0.59703285,0.97876084,0.97809404,0.06616127,0.079675116,0.5237439,0.7793619
0.8535418806376751,0.96992457,0.94960314,0.94311154,0.406265,0.3664576,0.2125102,0.033736058
0.921948402948063,0.8051101,0.96968967,0.9644367,0.2171717,0.3037449,0.41847554,0.25998122
0.8639103109131463,0.61600757,0.9714766,0.9736501,0.067745656,0.090286024,0.45315042,0.4221404
0.9365077506667863,0.8379586,0.98607975,0.9800462,0.2153232,0.2431399,-0.70522314,-0.27371433
0.9244240341253336,1.0732732,0.96853477,0.96684957,0.4885494,0.49565932,-0.27274516,-0.03128666
0.8875421602376863,1.2143536,0.9384401,0.94212645,0.8074559,0.829299,-0.27699527,-0.059429232
0.8428156949926278,0.7801489,0.9557732,0.95048773,0.22108813,0.21344419,0.46854743,0.39836735
0.8994369523670646,0.7599364,0.9754689,0.96942854,0.17169009,0.1880869,0.14197955,0.2511668
0.877298564782053,0.7877908,0.9662741,0.9646385,0.16800281,0.19924858,0.8468553,0.9720838
0.5889559279102371,0.5201033,0.9046579,0.9092122,0.076672494,0.06636621,-0.29389068,-0.24412973
0.805242111016336,0.64638567,0.96101606,0.95085025,0.09631499,0.121604815,0.74802864,0.6638614
0.8121784399501223,0.6885506,0.96015567,0.95777273,0.12047128,0.12662703,0.96575403,1.2518126
0.9346660143530726,1.1193773,0.96900964,0.97565234,0.377899,0.47283182,-0.6180371,-0.42911077
0.9163740379989614,1.1173688,0.9593971,0.9618447,0.5898275,0.5839473,0.47835875,0.5101938
0.9387335967493436,0.7337678,0.99008864,0.98249644,0.12929164,0.16247033,0.6552829,0.7507966
0.9238115877488063,0.8060064,0.9827481,0.9789114,0.12673515,0.16803388,1.2531244,1.478961
0.9528606531110321,0.6947435,0.98728955,0.991756,0.09130045,0.07404772,-0.22862758,-0.05674642
0.8450185473687418,0.6312038,0.9675221,0.97215873,0.08017968,0.09143591,-0.37810123,-0.25798926
0.7787367972535411,0.60023445,0.9512142,0.9522132,0.06918555,0.09256445,1.0930761,1.0195334
0.9163361662854466,0.88907224,0.9788045,0.9758338,0.22411248,0.23521845,0.30243915,0.20732456
0.9051957340958292,0.9619307,0.96163434,0.96174467,0.37320063,0.3763937,0.18312375,0.31534067
0.827305902116236,0.6661502,0.9731619,0.96617985,0.07679421,0.10024587,-0.7126939,-0.8143434
0.8660079740963188,0.7152195,0.9647955,0.97171026,0.12838514,0.11423821,0.3238668,0.7692374
0.8461895436075816,0.89489347,0.9523036,0.9489508,0.24843349,0.3466781,0.0074114776,-0.32318044
0.9426871697074867,0.84737974,0.9875169,0.98436177,0.18986091,0.17057028,0.8292039,0.28890237
0.9244262912774243,0.6061377,0.97980857,0.9850462,0.07874245,0.08319938,1.073726,0.7944298
0.9193336171253446,0.6665682,0.97734874,0.980254,0.107168935,0.10233759,-0.4016951,-0.18891254
0.8094397876095913,0.68273103,0.96525335,0.9662899,0.110372566,0.08144575,0.39041692,0.1875854
0.8364484734940137,0.70495296,0.95629454,0.9514136,0.15288597,0.19016421,0.45729434,0.62372893
0.8034891485941332,0.658846,0.93709344,0.9469179,0.14612965,0.16247891,-0.18222432,-0.12541936
0.9397955176878207,0.7945305,0.98593986,0.9857628,0.13048984,0.16205066,0.4204151,0.30665672
0.9320544766165484,0.7146295,0.99028,0.9809304,0.11982543,0.16495807,0.92681307,0.947423
0.9346703713388147,0.9467675,0.9760231,0.9737955,0.30388892,0.30394647,-0.11228942,0.17880268
0.5830228772229077,0.5782201,0.9151574,0.9190703,0.084808126,0.11005084,-0.028584175,-0.041732065
0.8863018937560755,0.7779112,0.97205335,0.9701207,0.19096048,0.1713734,-0.18237695,-0.3364172
0.916553055446122,0.7867682,0.9862433,0.97822934,0.15343107,0.18110609,0.64781797,0.74432343
0.7885240916689635,0.835278,0.94673795,0.94234467,0.2302274,0.21510145,-0.17189291,-0.1275257
0.9228774794430991,0.6789191,0.98366624,0.9875639,0.12036528,0.08776716,-0.5984064,-0.47017708
0.8522033457885866,0.71554834,0.96844214,0.9650235,0.13143316,0.13215144,-0.91316885,-0.62100995
0.7944569795253462,0.65510756,0.95625293,0.96559924,0.09850937,0.06738342,0.12415323,0.2191446
0.8947045531001819,0.89225036,0.9707732,0.9689653,0.22400501,0.26259974,0.021166228,0.1077033
0.7768245522782695,0.69054294,0.9405301,0.92710173,0.14931802,0.21956854,0.93249995,0.9706448
0.8799695106867803,0.6034471,0.9794487,0.9739752,0.0829703,0.09296141,-0.2050449,-0.11255916
0.7987151381469437,0.6599067,0.9536536,0.9600799,0.11274306,0.09899373,0.19806968,0.15866438
0.8395302952333605,0.5920728,0.966088,0.96290994,0.07572651,0.09193935,-0.8430372,-0.7540155
0.7593022832703145,0.6423137,0.93728054,0.9367681,0.111692965,0.10620672,-0.19181512,-0.07340369
0.8932128586725142,0.8039373,0.95821136,0.9687193,0.23802467,0.18963371,0.3777554,0.29852298
0.8493472043346567,0.68010885,0.9442366,0.9469745,0.16601314,0.1706819,-0.0860061,-0.25419226
0.5691540098061603,0.6670676,0.89692694,0.910495,0.13413827,0.088069506,-0.2142209,-0.29746413
0.8074543321381732,0.82555914,0.9546895,0.9501156,0.21107407,0.22764237,-0.58983666,-0.70089686
0.8376552825622112,0.7133101,0.9556832,0.95652336,0.16294816,0.16989717,-0.033089593,-0.054576997
0.9334566047942641,1.0422671,0.97893435,0.9745462,0.37436277,0.3997213,0.07267675,0.2584189
0.7282940082372393,0.64934367,0.94044966,0.9260408,0.10082966,0.18815954,-0.598514,-0.68632644
0.8419372048134881,0.8146219,0.9582453,0.9365802,0.20038356,0.33877173,-1.0072979,-0.92660224
0.9260236296071698,0.6095661,0.98774076,0.9819101,0.07360273,0.08768212,-0.2954102,0.12192693
0.8465889136075565,0.76832414,0.95154095,0.9409107,0.2051539,0.22306666,-0.06343494,-0.017427124
0.8386464913579871,0.7964185,0.95701504,0.9605456,0.18597484,0.18253599,0.79452825,0.6910646
0.8964750244350009,1.0942181,0.94805235,0.9447275,0.57278246,0.6007422,-0.72024506,-0.30646023
0.9426724177708965,0.8684415,0.98584175,0.9798809,0.23814948,0.24144633,-0.5580358,-0.18989167
0.9246725341709012,1.0743225,0.97668076,0.96791214,0.43444738,0.52605116,0.26925457,0.3497152
0.8995500885155927,0.9536001,0.973323,0.9694766,0.2927754,0.357946,0.06841739,0.01589587
0.9111594274922449,0.7231407,0.9754689,0.9687592,0.17169009,0.20118478,0.14197955,0.24214597
0.6574096403601635,0.71488637,0.9328656,0.92732173,0.11881115,0.10170986,0.7182863,0.6922526
0.8821595720223827,0.76782304,0.95689106,0.94700766,0.2215089,0.28750464,-0.52765226,-0.65950775
0.7701141139085644,0.6127466,0.93618166,0.9324738,0.11322297,0.1355232,0.36517888,0.29248255
0.9071901785013796,0.6513265,0.97935313,0.9779953,0.10281126,0.10693111,0.8079195,0.51374453
0.847941953117678,0.7579086,0.95252806,0.95731723,0.1926871,0.16740392,0.06293772,-0.080654755
0.6862961372118453,0.6475774,0.92334247,0.9134848,0.13149579,0.16959208,-0.002012028,0.059893467
0.7725074327882973,0.8366583,0.9146946,0.93268216,0.28624088,0.22485146,0.4215323,0.4620783
0.9289052361642094,0.7735357,0.9912306,0.9851534,0.12616344,0.13158455,0.20403343,0.36101648
0.8494395960895837,0.6564113,0.96850693,0.96716475,0.10303319,0.09139197,0.7456863,0.6271725
0.8391155674206227,0.6950376,0.9606801,0.9614903,0.14052776,0.13970278,-0.04851693,0.14155231
0.7246146602805862,0.672415,0.92317486,0.93258554,0.16781816,0.11339303,0.4059553,0.39319137
0.7611370492637493,0.5515199,0.94282526,0.960544,0.088005915,0.05672453,0.23333368,0.2242751
0.9293394868055793,0.7504113,0.9862433,0.9801717,0.15343107,0.16926146,0.64781797,0.62606734
0.8641201757808068,0.7016536,0.9695265,0.9645802,0.12310128,0.17708771,0.5158564,0.5657459
0.8024192126727684,0.76109296,0.93909794,0.9525893,0.18730015,0.14838013,0.35168245,0.46381292
0.9107227957889117,0.8307328,0.96747977,0.96874636,0.21220432,0.25245497,0.46133816,0.3301861
0.9407728747189149,1.0678608,0.9774132,0.9733888,0.42543155,0.4404165,-0.413263,0.06499819
0.8971452747128739,0.7738251,0.9836608,0.98470193,0.1065254,0.09209638,-0.8410427,-0.121184304
0.8440150311728576,0.75595754,0.95120955,0.9523051,0.18622696,0.20065269,-0.5646876,-0.41911617
0.8028009580033055,0.69046915,0.9303691,0.9435335,0.18412818,0.12127099,-0.6306129,-0.49109358
0.8673705535108219,0.854985,0.95732534,0.9584639,0.21867536,0.26847902,0.0987848,0.22163826
0.8261636135463725,0.6267685,0.96330506,0.9622315,0.11286739,0.11167261,-0.9938277,-0.93208843
0.9370288631451543,0.99625945,0.9842,0.9759212,0.30335096,0.402775,-0.23986228,0.003387807
0.9291494271499771,0.9426616,0.97925884,0.96755147,0.30642927,0.4361938,0.3219049,0.06504533
0.8140596151863846,0.76371306,0.9447268,0.949857,0.20148982,0.19111381,0.22287633,0.21006334
0.7940460016178399,0.7496882,0.9455199,0.94323945,0.17111355,0.20304215,0.30824107,0.37621504
0.8866695021547799,0.5813598,0.9739855,0.97256637,0.083034374,0.08445836,0.20094109,0.06372716
0.9398980207319207,0.96975684,0.97893435,0.9737097,0.37436277,0.4189137,0.07267675,0.20589338
0.8829488824431461,0.59639615,0.9723008,0.9688693,0.08186058,0.10590232,-0.16935386,-0.22103883
0.9563543799821751,0.74850357,0.99109536,0.9901437,0.1089721,0.11990384,0.13761927,0.13441104
0.9165062360262456,0.70415133,0.9754689,0.965658,0.17169009,0.21994743,0.14197955,0.23369585
0.8348607075704282,0.64963824,0.9521743,0.95661587,0.12787344,0.12792951,0.17232369,0.21657047
0.7671293975651758,0.75242865,0.9505704,0.93993056,0.1466419,0.19279987,-0.008089642,-0.0077953455
0.7264426586577063,0.5815667,0.9460941,0.9468587,0.077925615,0.07603802,0.42810863,0.4265781
0.5867377393415095,0.51873195,0.9046579,0.9313649,0.076672494,0.0546403,-0.29389068,-0.25380477
0.9078228608844897,0.59900105,0.98194325,0.98179954,0.07950203,0.07417716,-0.35452074,-0.16000436
0.8045229375762262,0.8866805,0.92799515,0.929555,0.33386785,0.298118,-0.7937453,-0.7314108
0.8015904742268573,0.5671475,0.9589232,0.95395976,0.07081171,0.08018455,0.3140504,0.2933793
0.9432217155848686,0.89342034,0.9829698,0.9800234,0.23652355,0.26101673,0.07797778,0.17110239
0.8748269420650776,0.6856997,0.9706917,0.9760887,0.119294435,0.089164495,-0.16371296,0.010624293
0.8734881166035245,0.6571437,0.9677684,0.9631332,0.105944395,0.15873313,0.67824084,0.5256011
0.8920900052570104,0.83093685,0.970687,0.9635544,0.21640067,0.27017736,0.45841438,0.50546974
0.934494402106204,0.75080925,0.9872436,0.98825663,0.10652449,0.10031221,-0.5072552,-0.68889
0.8808525422421015,0.6552566,0.97676617,0.97208405,0.10204465,0.10539708,0.8548651,0.8439532
0.8807841293965041,0.68986547,0.9713497,0.965407,0.13302103,0.1391331,-0.51818085,-0.6368125
0.8482225408729015,0.6672979,0.97156835,0.9743019,0.1089998,0.099816106,-0.42766184,-0.04380752
0.7170386875935474,0.50136656,0.94984835,0.9367499,0.05762351,0.08350023,0.70173883,0.5880329
0.9071762183990486,0.855457,0.97441655,0.9715704,0.22240897,0.2754603,0.5280098,0.393159
0.7959254197090166,0.5505845,0.9559671,0.95752615,0.08204287,0.07655713,-0.49555779,-0.39798686
0.8136148407365935,0.6938608,0.9639405,0.96548426,0.10127043,0.092284,0.17285493,0.16717741
0.7981863298346096,0.7286318,0.9509512,0.9412019,0.19077407,0.19716322,0.058086023,0.18671799
0.837289652243586,0.6665803,0.9683747,0.9613195,0.09549069,0.13793182,-0.6304653,-0.45775798
0.8201085593963423,0.68730116,0.9602728,0.953048,0.1472915,0.14293982,-0.31325147,-0.37221104
0.9070249482387667,0.74937594,0.97951716,0.97620755,0.14509466,0.14335041,0.42957214,0.08680154
0.9383098835483952,0.9803985,0.9853528,0.98055106,0.27154267,0.29049733,-0.23833364,0.088332705
0.8499817222916685,0.74828357,0.94780785,0.96128595,0.16670895,0.14674357,0.35177696,0.19400004
0.6951543350061733,0.6245881,0.93608624,0.93501097,0.1144459,0.11169892,0.06153382,0.087485276
0.9247392656935705,0.7085341,0.9835747,0.9745793,0.1394209,0.17023548,-0.12306144,0.024809046
0.857775940880211,0.7566906,0.9615042,0.97067094,0.16746923,0.13185757,0.5489008,0.484666
0.8412999114961877,0.74382323,0.94573367,0.9469002,0.18124305,0.20950226,0.044917043,-0.079532556
0.8716827369251502,0.66172296,0.96233505,0.95566016,0.1415379,0.14298359,-0.09938323,-0.11504451
0.7970306424283544,0.74033725,0.9589163,0.9595234,0.12672824,0.13672721,-0.89992905,-0.8859344
0.8929243934184059,1.0036633,0.9577363,0.9520912,0.43934384,0.5356333,0.24193327,0.16650411
0.9533239301009571,0.81254953,0.99057865,0.9899095,0.15272988,0.16505955,-0.09752768,-0.4205226
0.832523608424925,0.7563896,0.950179,0.94890046,0.2071194,0.21294883,0.106344156,-0.30329537
0.8342028583481351,0.6399263,0.9609798,0.9641838,0.096586384,0.11492549,0.3978222,0.19998026
0.8796430045937201,0.7675437,0.9553132,0.96107525,0.20792802,0.2097881,-0.43969348,-0.2861313
0.9226358915934355,0.7710536,0.9862433,0.9786678,0.15343107,0.1949438,0.64781797,0.6748431
0.8021231982929278,0.8438678,0.9367575,0.94523346,0.24728134,0.2245357,-0.39915854,-0.38483736
0.8072623535384941,0.73475224,0.9585975,0.938963,0.12713103,0.25410923,-0.39832962,-0.5692718
0.9087227341089092,0.8676265,0.9581651,0.96874386,0.3086566,0.2837842,0.4063541,0.30164272
0.7936145763525829,0.8862932,0.9026146,0.9096662,0.38486943,0.3115694,0.5947423,0.6181922
0.9259901235676049,0.73343134,0.9886653,0.98353535,0.11790394,0.13301295,-0.5291685,-0.5927696
0.9254638086345522,0.65111685,0.9848886,0.9805148,0.11235729,0.120650314,-0.65455806,-0.41212082
0.8224966920678676,0.993564,0.9423895,0.94457126,0.3863533,0.3241909,-0.37040472,-0.09335413
0.7830344850201721,0.6487834,0.9408508,0.9462106,0.10786762,0.12178215,-0.49598867,-0.57066447
0.8090176388921219,0.686528,0.95962596,0.9501171,0.13220654,0.16943479,-0.22908714,-0.12112963
0.9055360149414405,0.8330892,0.97261035,0.9655794,0.20815656,0.25203934,-0.24723193,-0.32342568
0.598535926693437,0.5628438,0.9043788,0.9214924,0.081910655,0.09879931,0.24653952,0.2821338
0.9286556739748022,0.8769478,0.9816161,0.976257,0.23646393,0.2510567,-0.5829171,-0.2684473
0.8732525071000166,0.6672318,0.9676197,0.9663349,0.12936719,0.10888242,-0.8169605,-0.8814374
0.8603034912441394,0.68676364,0.9680925,0.955106,0.1444787,0.17726149,0.28428784,0.48475903
0.6478923990676958,0.58358616,0.9367261,0.9129019,0.07352848,0.15155253,0.4171376,0.54735875
0.8133246519249859,0.5886078,0.9674747,0.9597374,0.06761633,0.09311746,-0.4122352,-0.47736958
0.9356549216501967,0.9915009,0.97893435,0.9737207,0.37436277,0.3998357,0.07267675,0.22589268
0.9172940486597617,0.7770571,0.97823346,0.97342,0.16010426,0.21195254,-0.12762398,-0.13299166
0.7825930688717226,0.7319832,0.9649707,0.9473305,0.11159549,0.13439122,0.6092807,0.72980815
0.7957212973008517,0.65215105,0.9486616,0.9386214,0.12255259,0.16568622,0.16106485,0.23459764
0.9331576446543057,0.81646436,0.9764621,0.9804832,0.20983164,0.16552722,-0.91531855,-0.5199695
0.9133709115428363,0.6900013,0.9831503,0.9782629,0.105288155,0.118020624,-0.49548087,-0.66592747
0.8657496822187654,0.8810755,0.9625028,0.95707536,0.26751658,0.24016765,0.87522304,0.9214174
0.952264077002563,0.83842707,0.9838334,0.9882057,0.1590396,0.17069374,0.21997666,0.4068245
0.8474286886171475,0.67729867,0.9596387,0.9557129,0.13047917,0.16024546,-0.61122453,-0.5705203
0.8416458654418345,0.8895611,0.9654327,0.9618363,0.18209998,0.26031068,-0.12541719,-0.14324804
0.8686375255071955,0.87323356,0.95959324,0.95333964,0.2650825,0.29344928,0.8780077,0.8658639
0.9059680327187213,0.7015653,0.97345775,0.9751488,0.14709349,0.13988718,0.6439456,0.7547895
0.8706009734849334,0.9502645,0.9597954,0.9509035,0.35359722,0.37004077,-0.39220592,-0.528599
0.9369524355485842,0.8243339,0.98352164,0.98263896,0.17181842,0.20509808,-0.206919,-0.038258914
0.8809510446780416,0.6966468,0.9746723,0.97392666,0.11693687,0.12459185,1.0213335,0.67691785
0.9103388154535524,0.9697199,0.96867335,0.96353203,0.33606344,0.3363826,0.95081437,0.5544804
0.922881692137417,0.7776286,0.97668386,0.9776151,0.17957394,0.18736619,-0.63863504,-0.39918104
0.8546040256401608,0.78397936,0.9567816,0.9663251,0.19143374,0.16622536,-0.5261627,-0.6593515
0.9205866253034648,0.6246199,0.98566055,0.9827177,0.096407,0.092069075,0.11466863,0.18698609
0.8173973468718938,0.65820384,0.9575421,0.9493002,0.12034949,0.13169685,-0.11558141,-0.1598798
0.9270801431312057,0.7529965,0.9826393,0.98273456,0.14419928,0.1538339,0.36226404,0.672855
0.9290278842331152,0.92075235,0.9809897,0.97782564,0.2604167,0.23333485,0.33528912,0.3992046
0.6634380060733651,0.601455,0.9327842,0.9232221,0.08749034,0.09521454,-0.6865848,-0.6989107
0.7866153954966156,0.6974812,0.92879736,0.93467414,0.17891262,0.19718662,0.43199426,0.27045712
0.8443425188937006,0.7817079,0.957503,0.95449275,0.16655682,0.218491,0.33225548,0.40888044
0.8994032609737161,0.75106585,0.973592,0.9763898,0.13473439,0.13905421,0.7571007,0.63677734
0.69680650188826,0.6373667,0.9019461,0.90323746,0.14939126,0.15831345,-0.08812504,-0.17360358
0.9210897499696962,0.6901409,0.98546547,0.9811739,0.10193952,0.11689851,0.06909898,0.4386729
0.9448787833631513,0.73343116,0.991096,0.99129313,0.10630477,0.09053882,0.36585903,0.5063754
0.9415582774383311,1.2018666,0.9790912,0.985515,0.34115586,0.33382368,0.7478951,0.46581766
0.7044316334892652,0.65879095,0.9380313,0.9243197,0.11165502,0.1455106,1.3667623,1.1936362
0.9327737926709516,0.9781846,0.97984016,0.9708524,0.340092,0.45387065,-0.35741943,-0.080474935
0.8504587175587596,0.9874095,0.9410313,0.93806493,0.3794424,0.40528113,-0.09815711,0.01859383
0.9417957129038284,0.64942646,0.98841786,0.98691875,0.08773131,0.1034346,0.2543971,0.25938165
0.9531675652947026,0.86180955,0.9861617,0.9864273,0.22490655,0.21938665,0.46689695,0.106296256
0.9282178734709922,0.79112697,0.9862433,0.9790714,0.15343107,0.18432416,0.64781797,0.6528026
0.9082281931829251,0.6133809,0.98248136,0.98430747,0.0910295,0.0667254,-0.38162583,-0.33596817
0.6991257797090311,0.63569254,0.9183996,0.89534914,0.1359537,0.17524406,0.2788808,0.43086848
0.8276877201193733,0.7116003,0.9513189,0.9586383,0.15047069,0.11980842,0.42415702,0.39433256
0.9233986924301093,0.7785852,0.97527915,0.9783265,0.15449974,0.19103618,-0.50302434,-0.6520619
0.8408219526088779,0.720299,0.9623849,0.9595794,0.13653018,0.14746779,0.25981006,0.1525921
0.8892770643390824,0.9124816,0.9649457,0.9693179,0.2691905,0.2563959,0.010662356,-0.16360377
0.7764870355714814,0.7526962,0.9248631,0.9462738,0.17730825,0.10983362,-0.44132134,-0.35056758
0.6864016581120663,0.47614792,0.9386371,0.93566,0.053070396,0.061808378,-0.48102626,-0.42994687
0.9605766884390674,0.7125866,0.99343324,0.99136907,0.097422935,0.10649056,0.2746931,-0.009573836
0.936934450501378,0.7756326,0.98399466,0.98425955,0.15019217,0.13674957,-0.54800874,-0.22889774
0.8727621084144841,0.7354734,0.97311944,0.98037857,0.12050258,0.120718345,-1.0224425,-0.80635536
0.8968229657184423,0.8030293,0.96720314,0.96681523,0.21491072,0.25283504,-0.012647241,0.2265825
0.8877470000538799,0.6856771,0.9769776,0.97672737,0.1031224,0.10904007,0.3647247,0.46913275
0.9237374916374995,0.7928411,0.97743773,0.97600955,0.1585693,0.22010258,-0.6125451,-0.16893375
0.6864653259866129,0.7310684,0.94057417,0.93451786,0.11451271,0.17363688,0.0449772,0.04294214
0.675799959032656,0.78761727,0.9132534,0.91387653,0.20419593,0.17520522,0.0044607823,-0.0062582525
0.9405145643405823,0.8334497,0.98328173,0.98029095,0.22179435,0.22991978,0.12734424,0.13938364
0.8891439140084355,0.7238574,0.980663,0.9799267,0.13735653,0.10270765,0.49022722,0.4809293
0.8107815565272621,0.6120564,0.9470156,0.9602964,0.11135456,0.08403095,-0.16667494,-0.072637446
0.7576438836839389,0.75793695,0.9253143,0.926753,0.20369148,0.21774305,0.61215585,0.6869087
0.9527146358594506,0.8275782,0.98095983,0.9849774,0.20455444,0.22765839,-0.2392776,0.16581784
0.7573191545807662,0.49552616,0.9599129,0.94254947,0.049694106,0.065047406,-0.72539395,-0.79084575
0.7738810212989603,0.6271078,0.94803953,0.9482919,0.10287413,0.093651615,-0.7387735,-0.80522627
0.9416186251527449,0.79571944,0.98795986,0.9898004,0.11729249,0.11434937,0.0217493,0.257667
0.8009051464234276,0.625975,0.96025145,0.95099336,0.097297475,0.10722738,0.09887043,0.12342822
0.9416796112671844,0.9801723,0.97893435,0.9735933,0.37436277,0.38092422,0.07267675,0.20379081
0.9299992987679718,0.8258191,0.9792883,0.974178,0.2209162,0.28297937,0.26798284,-0.082822196
0.8406703258828129,1.0015638,0.9260282,0.9390092,0.44132516,0.38905618,-0.37728184,-0.3273202
0.9021135175301914,0.75656,0.9754689,0.9679998,0.17169009,0.18390459,0.14197955,0.2870793
0.9257440381879793,0.61043274,0.98674566,0.98835236,0.06885753,0.07355498,-0.5095612,-0.4785132
0.9691305773572229,0.6008378,0.9916716,0.9927632,0.06516823,0.075006075,0.1550105,0.24572136
0.925369428652986,0.6815003,0.98232174,0.98163825,0.13093048,0.150705,0.35110238,-0.09296681
0.887310904772436,1.0042938,0.9407473,0.93529,0.50686646,0.54568106,0.25573292,0.07183559
0.851292180348549,0.7623706,0.9615874,0.95848167,0.17073855,0.20387946,0.1689407,-0.2577975
0.5942120623284823,0.5207241,0.9046579,0.89162487,0.076672494,0.11213254,-0.29389068,-0.22266835
0.9489101969644077,0.89917475,0.98600006,0.990121,0.18757385,0.1516142,0.7733713,0.59899783
0.8386762320430491,0.6213455,0.9690696,0.96360373,0.09322491,0.10384432,0.50923944,0.2514568
0.9094888293075531,0.678897,0.97726154,0.9826186,0.09388622,0.09609484,0.4772613,0.30156556
0.7715692517932876,0.66281295,0.95991135,0.9511425,0.10970169,0.10094739,-0.28731397,-0.26795027
0.891375026727001,0.62568414,0.9744197,0.97623986,0.08748546,0.09727172,-0.6584926,-0.5095189
0.8828901321476051,0.7379304,0.96396637,0.9667715,0.1744631,0.1797714,-0.5737148,-0.56582767
0.8752120274294861,0.6977419,0.97813547,0.97521377,0.115841396,0.12483117,-0.015771706,-0.19580784
0.7275030899641235,0.52232224,0.9474668,0.95234454,0.062269427,0.042044222,0.44747612,0.6021938
0.9367359972774398,0.8678211,0.9899485,0.98459125,0.20230004,0.21082558,-0.32357213,0.048618145
0.9305253502033467,0.7870591,0.98842883,0.9826385,0.15390052,0.17895009,-0.47319788,-0.11502546
0.9311678931827156,0.7595515,0.9862433,0.98091865,0.15343107,0.17496379,0.64781797,0.5813639
0.8900058397975936,0.7671414,0.9586449,0.9618865,0.19870383,0.19959004,0.3738056,0.22239049
0.9193631209025247,0.67839867,0.98035514,0.97981757,0.1277003,0.11574975,0.38036346,0.07423599
0.9335854950714197,1.0006616,0.97893435,0.9726885,0.37436277,0.40284944,0.07267675,0.2295328
0.9362545339526516,0.813468,0.98557377,0.978054,0.20720719,0.25894338,-0.8942296,-0.38142562
0.9113115242343324,0.9288561,0.96589196,0.97042054,0.2993655,0.306947,0.14483643,0.1681401
0.6794900121716004,0.6131986,0.94091314,0.9466798,0.067300126,0.09814911,0.3879529,0.38346815
0.8420247954974092,0.6688904,0.9817806,0.97045815,0.0729667,0.09637327,0.65835804,0.5933882
0.5048570538703987,0.5834348,0.91069436,0.89084965,0.08361189,0.10050449,0.32456315,0.33219495
0.7770429490043669,0.81236184,0.8973616,0.9112836,0.29046974,0.25342795,0.4299768,0.48557323
0.9300707287228289,0.68727016,0.9842025,0.9860773,0.096109875,0.10265554,0.029278656,0.11339939
0.935460677354427,0.8775149,0.98392314,0.9758731,0.25081804,0.29709062,-0.55877167,-0.20218314
0.9369069950762797,0.820405,0.9849017,0.9815134,0.1764663,0.22885047,-0.6800921,0.0018292655
0.8722134833685392,0.9343639,0.96616954,0.954391,0.2978844,0.38434777,0.040352523,-0.057696994
0.9150540050401215,0.7093572,0.9754689,0.9657511,0.17169009,0.20671631,0.14197955,0.21670283
0.8743282640931305,0.76834196,0.97391105,0.96367425,0.15709436,0.20241074,0.49931118,0.3887394
0.860945382954478,0.9811865,0.94411856,0.94777006,0.4360129,0.3848195,0.32904404,0.34395114
0.8217078861483152,0.61919665,0.9508892,0.95980144,0.12106866,0.097573,-0.111851856,-0.08355942
0.9427963773664821,0.8539079,0.98968416,0.9819398,0.20303038,0.25575468,-0.07317438,0.19045004
0.7309748483109939,0.76471496,0.9405777,0.93404406,0.14864272,0.19558416,-0.47366032,-0.46376076
0.725551075710043,0.6694808,0.9364202,0.92749393,0.12446758,0.1824777,-0.27914938,-0.24061278
0.9446328567933141,0.77767575,0.9906178,0.98586535,0.16741979,0.16404998,-0.5552869,-0.07649953
0.8009258086962545,0.6846313,0.95323724,0.961731,0.12700649,0.10784595,0.48832956,0.5453109
0.6369565923262636,0.7078762,0.9352994,0.92557204,0.11746127,0.11979651,-0.62839705,-0.64937013
0.9455491723886601,0.8586508,0.98558855,0.9850827,0.19675656,0.19729193,0.22119743,0.22040696
0.7747349939039934,0.57544273,0.9490584,0.94526815,0.08968805,0.09902679,-0.7246846,-0.6273384
0.8351787358071494,0.73171395,0.95978177,0.95570815,0.13498825,0.18451978,0.48813367,0.65648454
0.8412710342908412,0.7740705,0.96484655,0.95581084,0.19406512,0.21558402,0.16971156,-0.011990246
0.6985158080686322,0.57973987,0.9432103,0.95442426,0.080236435,0.06105257,0.14545353,0.16967826
0.7091921147036846,0.5944596,0.9375455,0.9094006,0.08658614,0.19908747,0.3526315,0.34241104
0.9170755853870233,1.0739989,0.96551114,0.95893514,0.46982488,0.60329384,0.3644542,0.23985603
0.7800308872332354,0.6497525,0.9315524,0.94779754,0.15780665,0.12559173,-0.05754944,-0.13632531
0.8460869545197843,0.9918935,0.9555086,0.95312136,0.3263688,0.3401295,-0.3320084,-0.2243029
0.880817360517834,0.6722291,0.97948515,0.97725874,0.08233971,0.09344757,0.009750337,-0.04007956
0.7800694576347782,0.5545855,0.95040315,0.9574659,0.067484565,0.056974847,0.4603126,0.5160661
0.9486244337529771,0.7116128,0.9883361,0.9886552,0.10305382,0.095436774,-0.14016679,-0.3483971
0.6593853071754123,0.6602787,0.90187454,0.92300785,0.15397927,0.11774445,-0.31057847,-0.25372282
0.8837537635421505,0.6074506,0.9759518,0.98112226,0.069571786,0.059221875,-0.6834877,-0.6083352
0.8382769268631958,0.8636815,0.943718,0.9403458,0.27636147,0.32222542,-0.439657,-0.3396973
0.7726361991294478,0.55287623,0.94310045,0.95237494,0.08678985,0.074309476,0.26528683,0.33250266
0.672659853050394,0.5976017,0.9190695,0.89093226,0.10464092,0.17530973,0.50422263,0.49919078
0.9023281688827827,0.7660392,0.9655298,0.97359,0.18191782,0.13282499,-0.28202817,-0.31757608
0.8022103066804122,0.6452459,0.96009624,0.95992255,0.091791086,0.09463614,0.18734284,0.16294883
0.8759129748445189,0.630939,0.9710876,0.96592814,0.09683809,0.13397537,0.20086448,0.111023426
0.9465084371883373,0.90951747,0.9855412,0.9862291,0.21761578,0.18868841,0.98582226,0.43498275
0.8658769188206388,0.67020214,0.9708891,0.97455776,0.09760844,0.08982572,-0.913389,-0.94009054
0.7346821051312841,0.7033454,0.9361007,0.9579006,0.12894382,0.08269129,0.16342206,0.20715202
0.907972404318896,0.6842443,0.98981696,0.989389,0.07525296,0.08586074,1.0477945,1.167462
0.9300998471559938,0.77691674,0.9862433,0.98185366,0.15343107,0.16354084,0.64781797,0.711716
0.94793425247737,0.79905516,0.99374634,0.988296,0.14724053,0.15323208,-0.7165913,-0.14697652
0.8851947463517897,0.64847475,0.9674392,0.9736683,0.10448701,0.11096734,-0.580845,-0.43540218
0.9345752637510104,1.002191,0.97893435,0.97254944,0.37436277,0.40982077,0.07267675,0.23684451
0.8686363440894538,0.8966529,0.9527297,0.95133185,0.3019773,0.31381318,0.1031399,-0.12527807
0.841870529834821,0.9463999,0.94983345,0.9585481,0.29949167,0.22949858,-0.26568002,-0.008640059
0.9085881943493339,0.7341733,0.9754689,0.97069037,0.17169009,0.17928568,0.14197955,0.22632985
0.8063836222073448,0.6217263,0.968431,0.958156,0.09211017,0.10841285,0.656191,0.63542247
0.7720942111397684,0.74865526,0.9188561,0.9234389,0.2209906,0.22383326,-0.0668079,0.00964281
0.600903126852125,0.51576,0.9046579,0.9061592,0.076672494,0.070523806,-0.29389068,-0.25760686
0.9120974923238996,0.67948234,0.97088224,0.975841,0.12034518,0.12070856,-0.33900312,-0.4102596
0.918240030655639,0.84633267,0.9786413,0.9809293,0.20037505,0.19714826,0.018272357,0.21977136
0.9325252964690116,0.9426843,0.98659927,0.9820371,0.17931601,0.26381883,0.41552594,1.0744537
0.892035929750846,0.81106114,0.970687,0.9650345,0.21640067,0.2305095,0.45841438,0.56236345
0.8768673465946937,0.68608195,0.97502875,0.96938545,0.09688645,0.12834097,-0.22565836,0.17225675
0.9094931446037258,0.60882485,0.98569375,0.9818443,0.07271036,0.094853155,0.34792018,0.8961365
0.8972941099077644,1.0271972,0.9550765,0.9552133,0.47604498,0.45954055,-0.13888447,-0.39062825
0.8598600091464004,0.86551946,0.95092136,0.94334555,0.24437791,0.3302674,-0.8158675,-0.92419314
0.9343463785962794,0.6443063,0.9891204,0.98831654,0.083160065,0.07976562,-0.29958686,-0.017032886
0.9551932686717306,0.843146,0.98603165,0.98616046,0.13993958,0.22187586,-0.3723886,-0.22923264
0.8775536076832057,0.77906173,0.96165895,0.9673905,0.19284658,0.21512276,0.11323738,-0.015651215
0.9339405288136211,0.8889294,0.97999066,0.9799836,0.23963715,0.23267889,0.015478052,0.05609936
0.7180427426097096,0.57925344,0.9322108,0.9216962,0.10277876,0.12536502,-0.07501939,-0.114316426
0.9067754064790161,0.62213826,0.9826551,0.9825247,0.08166157,0.077243075,0.16956297,0.019308576
0.9363874141339699,0.7756297,0.98165435,0.9841674,0.13124497,0.15833354,1.0479248,0.6700097
0.7908846559613488,0.6919218,0.95204526,0.94948834,0.128276,0.13574259,-0.34298947,-0.34868973
0.8034727930734784,0.5839612,0.97442377,0.96292645,0.060833335,0.06831835,0.22124274,0.23273607
0.7660283931235203,0.61998475,0.9506684,0.937496,0.107404314,0.14179224,0.0012931535,0.08208193
0.9051999812057241,0.6978014,0.9755736,0.97553736,0.13161881,0.11559922,0.26059923,0.11068659
0.8796974028998961,0.82910043,0.9591007,0.96188384,0.2119939,0.25554177,0.6972014,0.9567293
0.8699965368687413,1.037611,0.94023776,0.94524205,0.47809076,0.4624152,-0.09100498,-0.1825823
0.8648187016647481,1.0591239,0.944231,0.9467041,0.48119688,0.44944522,0.8646985,0.94437784
0.8443479502101824,0.5821142,0.9699224,0.96757585,0.07187135,0.08626249,0.5214587,0.51917934
0.9153735266309408,0.8779247,0.97576463,0.9759384,0.251556,0.22225963,0.52007145,0.23173583
0.9318376821375072,0.9614888,0.97385687,0.97046524,0.37257913,0.37786946,-0.0044235038,0.15132864
0.9366465672963421,1.0363023,0.9741218,0.9688629,0.43633407,0.45142552,-0.08218937,0.08172785
0.8763037605241504,0.6491981,0.97676617,0.96861273,0.10204465,0.117829815,0.8548651,0.8592486
0.8858885942515436,0.748654,0.9605298,0.9692016,0.1731891,0.1827821,-1.2531261,-1.0478737
0.9400445371857813,0.9787836,0.98220724,0.974909,0.31259695,0.41497335,0.4923479,0.54898983
0.8448490429662381,0.6178825,0.96290183,0.96517676,0.091366455,0.09155472,0.5121599,0.63681877
0.8969694890627795,0.9378068,0.9666591,0.9694107,0.30462167,0.30897048,-0.38280407,-0.21675113
0.7739548792781951,0.5764329,0.93275774,0.94512916,0.10008484,0.08599358,0.031497408,0.029351477
0.9089235647467567,0.6035802,0.98360956,0.9841557,0.07141258,0.062468838,0.76758134,0.83049446
0.9106863824114552,0.83634317,0.9862433,0.9802849,0.15343107,0.15660195,0.64781797,0.6711215
0.9133041385481655,0.8104344,0.97839856,0.9735219,0.19884212,0.21747476,-1.5734047,-1.1259898
0.8942299885051994,0.5406946,0.9791534,0.9757432,0.06633226,0.06932935,0.117455035,0.006259984
0.9092691664187664,0.999816,0.97205085,0.9759495,0.30893475,0.20319483,-0.8225789,-0.7491501
0.9378576765863069,0.9948968,0.97893435,0.9742211,0.37436277,0.3714494,0.07267675,0.20755628
0.8569970137930165,0.6766114,0.97625697,0.96974057,0.105689615,0.10860511,-0.15264316,-0.42455235
0.8636820562432821,0.8396551,0.943475,0.95336306,0.26469257,0.20203781,-0.11610029,0.10339034
0.8755925124317004,0.8333605,0.948511,0.9437043,0.30394977,0.30737275,-0.17769371,-0.20363753
0.9297115323244611,0.7259703,0.97937536,0.98387104,0.12604405,0.115439504,0.19134186,0.17966342
0.6845507622940304,0.58757746,0.93341655,0.9465694,0.08848966,0.08291583,0.5560964,0.5076801
0.9348939570501958,0.94413954,0.97716856,0.9824252,0.2567743,0.22407359,-0.48107705,-0.32821926
0.8848928108837124,0.6672249,0.96466386,0.9652492,0.124130875,0.14201666,0.17711048,0.28876075
0.8882894004595759,0.91031176,0.9621149,0.9600583,0.2731968,0.32738155,0.45718017,0.5272671
0.8982532928636898,0.76137143,0.9754689,0.96823704,0.17169009,0.19812201,0.14197955,0.27968904
0.8640394580175782,0.8822716,0.9525488,0.9504798,0.2614437,0.35180813,0.43648455,0.4050619
0.9376925677157025,0.90427274,0.9862751,0.9792541,0.23294419,0.3034451,0.11072886,0.2570872
0.830862401490496,0.6032098,0.9625042,0.9585067,0.091807134,0.09809574,0.33041728,0.3392392
0.830360123078262,0.5455124,0.9744819,0.9571566,0.058817446,0.08901624,0.9632745,1.0502579
0.9171340463873731,0.6061516,0.9868925,0.9809256,0.0763001,0.088898696,0.25641105,0.38078427
0.9421104100590271,0.7023964,0.9929907,0.9870678,0.1082816,0.11425293,0.15357457,0.4021121
0.7025013902120555,0.79990363,0.928874,0.934818,0.19152935,0.15835427,0.36607757,0.37671763
0.8643306940659718,0.8117802,0.9579993,0.963729,0.24771428,0.20438215,0.61372113,0.3788739
0.852639451417578,0.8147221,0.96374035,0.95738906,0.19536097,0.22391392,-0.8890684,-1.0020441
0.9297667431969842,0.80331606,0.982495,0.974358,0.21452121,0.26345626,-0.37717998,-0.074413404
0.559402603592104,0.5357851,0.9046579,0.92009723,0.076672494,0.07270183,-0.29389068,-0.23916034
0.8049749870789993,0.7594297,0.9321538,0.94030374,0.18901628,0.19359072,-0.61921024,-0.445442
0.8485319649172784,0.7426692,0.95857376,0.9411579,0.1730217,0.24262835,-0.43914327,-0.14566602
0.8687871663354866,0.8697845,0.9579806,0.9609375,0.29192108,0.2056857,-0.15587379,-0.08802754
0.9335540196461606,1.0171927,0.97294563,0.96504396,0.4319817,0.4768168,0.032149095,0.16135713
0.8003909435036376,0.6284565,0.9568877,0.9502632,0.102593996,0.11879482,-0.08941791,-0.06992209
0.8149692913223309,0.6227876,0.9586034,0.95222926,0.09569597,0.13265938,-0.59750193,-0.54249406
0.9338646175785846,0.8031328,0.982617,0.983954,0.16893615,0.14666004,-0.49126518,-0.16762888
0.7635650402729272,0.56709576,0.9538136,0.9539069,0.06932634,0.069006056,0.3382322,0.32101378
0.9430703337548131,0.7594151,0.9797941,0.9796913,0.16419034,0.22627129,0.48925978,0.055842616
0.6165430374617215,0.5775838,0.9107604,0.9149005,0.09376339,0.110254325,-0.73266023,-0.865553
0.9020076168803045,0.8447814,0.97252685,0.9641596,0.18740621,0.30205858,-0.010835186,-0.011471448
0.8904918508570459,0.82318217,0.970687,0.9660064,0.21640067,0.23851417,0.45841438,0.52468234
0.8868692980347719,0.737176,0.97352076,0.97452104,0.10999431,0.14834121,0.43437773,0.5110891
0.9230254843770193,0.8303156,0.9772175,0.9736515,0.20733492,0.20550749,-0.22939035,-0.21623701
0.7599787575991503,0.72391444,0.9113601,0.9273509,0.20825529,0.1720188,0.1989378,0.18753485
0.9062200190008005,0.8072925,0.9671105,0.9727397,0.2146832,0.19781213,0.8389995,0.62854886
0.9564515864180633,0.6808888,0.9945848,0.9874878,0.11307864,0.12476514,-0.6554682,-0.10295976
0.8817126168096658,0.8395394,0.9640819,0.95900494,0.23295058,0.2096497,0.15839826,0.14027582
0.7966341423293656,0.5396236,0.9431164,0.94991696,0.08041776,0.09623862,0.046993136,0.049220048
0.8161908446192223,0.72149265,0.9607351,0.9554861,0.13318312,0.14301725,0.28505546,0.4496663
0.8870238480569538,0.6319397,0.97676617,0.9677409,0.10204465,0.12674533,0.8548651,0.90548277
0.9412671100986844,0.7741704,0.9823549,0.9812907,0.16714099,0.16771093,0.33052936,0.3538074
0.8507705423508215,0.83490735,0.9611925,0.9482053,0.23024102,0.30207384,-0.41095123,-0.31241262
0.9277233360271988,0.6674147,0.98524624,0.97068924,0.11742294,0.19242571,-0.32803407,-0.362582
0.9257227923569116,0.8415269,0.98085546,0.9813771,0.19249739,0.16452567,-0.8280852,-0.49890602
0.8844224236061231,0.6172179,0.97925484,0.9739567,0.07733905,0.10296501,-0.10899587,-0.0060164183
0.8707515757949611,0.7990805,0.9737134,0.9763975,0.16583228,0.105986774,-1.1432627,-0.76094913
0.8957173558286942,0.8258683,0.96420634,0.9592273,0.22664152,0.28743795,-0.057302196,-0.2228914
0.8760594069143761,0.70325595,0.9764876,0.96489006,0.1441082,0.15415366,-0.4796518,-0.35429543
0.8879239532129579,0.72522765,0.9709374,0.9691281,0.1437911,0.1572824,-0.75498915,-0.7165944
0.8099707597908303,0.6304783,0.96137476,0.96081036,0.094042465,0.10688167,0.39097995,0.35721734
0.9569268062130721,0.908106,0.9880136,0.99018735,0.17062052,0.15537205,-0.29927388,-0.01695374
0.8874537143781485,0.6158066,0.97095156,0.9693124,0.08648942,0.108898014,0.06241052,-0.006743031
0.9045433257497331,0.9182389,0.9705698,0.9715181,0.26986474,0.27732655,0.16209342,0.13295576
0.9205309381934228,0.7811402,0.9862433,0.9799313,0.15343107,0.178348,0.64781797,0.6687119
0.9523036155641444,0.9007205,0.98264694,0.9826105,0.2394035,0.22328286,-0.30144596,-0.06903429
0.9650880172186828,0.7050078,0.9942807,0.9928415,0.08675706,0.09287276,0.1956725,0.14321615
0.9280006856285713,0.84488124,0.9792994,0.9807686,0.21444778,0.20095778,0.18137348,0.38240725
0.7138828704433148,0.62823063,0.9473466,0.95132214,0.092191465,0.0931023,0.76792425,0.735238
0.9367800871961689,0.6662479,0.9851041,0.979982,0.11765203,0.13261347,0.14181218,0.009327944
0.901726866042716,0.8963012,0.9730097,0.9649435,0.25337,0.2948835,0.55522174,0.6592725
0.9509479547235639,0.54083633,0.9940913,0.9906353,0.04622672,0.058132518,-0.29516807,0.2147325
0.8653186750815147,0.7127457,0.9454409,0.95582306,0.20015484,0.15872064,0.086396806,0.16148795
0.7962425794719227,0.55783,0.9538994,0.9513783,0.0814546,0.08538373,-0.19006534,-0.10715015
0.7492984871239394,0.7078706,0.92676663,0.9361044,0.16732925,0.1386772,0.5017332,0.43541116
0.891340072810995,0.73711663,0.97691655,0.96416974,0.16015121,0.18112141,0.385739,-0.17352936
0.9161050661482025,0.7415258,0.97929233,0.9708759,0.14591454,0.20838645,0.6099175,0.24829313
0.8340146882806204,0.70763063,0.9591808,0.9565463,0.14467888,0.14999866,0.41730437,0.43877253
0.7150896312915851,0.8900127,0.8923681,0.9205244,0.34327936,0.20505765,0.10582949,0.20514572
0.7867605923344235,0.7260306,0.9366463,0.9493871,0.14212243,0.13333336,-0.20239992,-0.1802252
0.9240608697624345,0.7528171,0.9776559,0.97707367,0.15391037,0.19690287,-0.24065964,-0.42028472
0.8746848578353941,0.69513714,0.96690327,0.96165174,0.122770056,0.15372717,-0.024061931,0.15622498
0.8169107786284311,0.67088723,0.95506513,0.95947313,0.10865088,0.1182251,-0.6688171,-0.5418794
0.8465985200399407,0.76680654,0.9541969,0.96117675,0.2180436,0.15804979,0.4683838,0.35319287
0.822689203083568,0.6729818,0.9494551,0.9468363,0.13133907,0.13376518,0.1985921,0.16883762
0.9112681246747248,1.1380132,0.959382,0.9515116,0.61206776,0.7500711,0.42184892,0.41696218
0.8457626455105057,0.7156907,0.96234596,0.95356977,0.16117015,0.17911418,-0.038620662,0.0017880632
0.8452210474451273,0.6953543,0.9664547,0.96956104,0.112845115,0.1194929,-0.23628421,-0.20051835
0.8246888459353464,0.59145427,0.96807736,0.96540403,0.0760447,0.08123391,0.19776882,0.26501432
0.7080885795565373,0.8717402,0.8964634,0.92958593,0.3229174,0.18855911,-0.5269498,-0.5759319
0.9306081609363263,1.0281321,0.97893435,0.9753527,0.37436277,0.3445002,0.07267675,0.12168713
0.8734843889233753,0.97642183,0.95538396,0.95649517,0.34558055,0.32880828,-0.25698233,-0.37274185
0.9466831761073269,0.5984395,0.9946676,0.98713344,0.074817166,0.09516697,0.023322806,0.285859
0.8466568664422746,0.65635574,0.9517811,0.95704085,0.13650222,0.12747034,0.72822875,0.52039725
0.9342630018505199,0.85287416,0.9919239,0.9861178,0.16101588,0.16120195,-0.70767206,-0.19388576
0.9137709421407681,0.70596343,0.9754689,0.9665265,0.17169009,0.21046788,0.14197955,0.27780378
0.9083503669900146,0.98978287,0.9703093,0.96724725,0.3712995,0.3862107,-0.21700896,-0.0069139823
0.6318395103615804,0.5072115,0.915885,0.93432695,0.066315465,0.07140918,0.62155247,0.5857627
0.8663035740441428,0.6190862,0.98293066,0.9745237,0.05970373,0.078706406,-0.60334754,-0.68364674
0.9184938475877538,0.886641,0.9653395,0.9653743,0.243401,0.33074215,-0.13314368,0.041468974
0.8659821162072845,0.6675611,0.96824706,0.964997,0.114220954,0.1491668,-0.7434109,-0.6548465
0.9200213223909334,0.6251663,0.987896,0.9882556,0.07633857,0.06991034,-1.0289973,-0.52540225
0.8455976167039044,0.8751119,0.9417306,0.9419511,0.3026077,0.28741714,-1.3318397,-1.1092522
0.8846111670324466,0.98090786,0.9638758,0.952733,0.383796,0.43694782,0.42500505,0.29277506
0.8278545912901837,0.65176916,0.9662194,0.9490002,0.11822274,0.13578686,-0.29810643,-0.234007
0.9488630626172952,0.92409813,0.9820545,0.98210865,0.21819335,0.28991944,0.37636954,0.41954145
0.9298724171948966,0.75538903,0.97792625,0.9712432,0.14338803,0.22917628,0.40924552,0.42178157
0.9500859035622382,0.80289674,0.98790264,0.99046046,0.104273245,0.12074261,0.52246606,0.7035828
0.9113807054371014,0.88274574,0.97125316,0.96785206,0.2765073,0.29271287,0.28865248,0.028269399
0.7936378557775141,0.650541,0.9423887,0.9485445,0.12813231,0.11184122,0.07310288,0.092904285
0.9035032001721279,0.90400434,0.97613484,0.97461283,0.2446922,0.23282045,0.33942845,0.22080924
0.8673635327841746,0.7542358,0.95468354,0.95943314,0.19497485,0.18883495,0.11955391,0.14376204
0.780955875686235,0.68008864,0.93199253,0.94072586,0.16146094,0.14497015,0.1607821,0.022731084
0.9003399405472058,0.8373497,0.9634761,0.9720718,0.23682085,0.1801064,0.069631174,0.2832595
0.7543689284467571,0.67515874,0.9246358,0.93417543,0.16938151,0.13636896,0.5889375,0.711848
0.7318689377227574,0.58919466,0.94049346,0.9272308,0.09679746,0.097901314,-0.109139085,-0.039292596
0.9344479594899182,0.8890526,0.9840244,0.9779028,0.24040987,0.2929608,0.52279395,0.5234249
0.9293979488879178,0.7499373,0.9835715,0.98064345,0.14584513,0.17173813,0.11007437,-0.036615014
0.8515379871175195,0.7754315,0.95293224,0.9520488,0.20273796,0.21497811,0.07026622,-0.070401825
0.8238161698806467,0.8554188,0.92367375,0.9228821,0.37415636,0.31978813,0.44699532,0.37559745
0.9151096465243858,0.80153936,0.9862433,0.97884864,0.15343107,0.1729259,0.64781797,0.68219954
0.8303865884353928,0.5698207,0.9687706,0.96411335,0.06819219,0.093285434,0.90992033,0.7477499
0.8988752706485839,0.7335079,0.9804263,0.9762607,0.106729366,0.13951129,0.7315061,0.39819607
0.8560187927892962,0.85662305,0.94968307,0.9437042,0.27519834,0.37852332,0.9291353,0.89336115
0.9252065956064688,0.9857707,0.9730311,0.9739022,0.39454383,0.31920746,0.1799005,0.049552266
0.9408604351704173,0.9863576,0.97893435,0.9724624,0.37436277,0.41714442,0.07267675,0.21192436
0.9327217410848695,0.7662875,0.97900116,0.98147666,0.1666889,0.17828438,0.015672974,0.27406728
0.8840627735117285,0.6925805,0.9708765,0.97404015,0.13436356,0.1032821,0.027763152,0.32388732
0.6115195809407832,0.5589808,0.9224891,0.9197928,0.09348252,0.09985783,0.17047793,0.11762666
0.9620265597930623,0.6611282,0.9912686,0.99154204,0.07950694,0.09716663,0.044128045,-0.059413947
0.7450229573209182,0.6752113,0.92530847,0.93622637,0.1515268,0.11864704,-0.022052962,-0.058482055
0.8106589574183583,0.8213913,0.9311639,0.92290556,0.28129074,0.3377287,0.65493107,0.663469
0.8968517647546439,0.77148044,0.9754689,0.96801746,0.17169009,0.2010311,0.14197955,0.2120173
0.903038655503219,0.81160444,0.9731361,0.97743815,0.16163877,0.18951781,0.37018743,0.3533844
0.7524886188995447,0.63216287,0.93944126,0.94170547,0.13280246,0.117339015,-0.529671,-0.44647262
0.9373673235426928,0.8266805,0.98246616,0.9825634,0.2033754,0.16930711,-0.46133262,-0.2784568
0.6070349147119655,0.51184505,0.9046579,0.9002653,0.076672494,0.097890064,-0.29389068,-0.29520985
0.6659662603666503,0.5706653,0.9198517,0.9145828,0.098191924,0.11202998,0.33944178,0.30286178
0.910254477626179,0.8866799,0.9693748,0.967074,0.23937292,0.31679127,-0.76345974,-0.63764197
0.8923885862449608,0.85203135,0.96285856,0.95599896,0.24829182,0.32103196,-0.45171195,-0.13887341
0.835643849009754,0.63927084,0.9623674,0.9554694,0.1208116,0.13399692,-0.49702534,-0.518751
0.9095116042524641,0.8335413,0.9707184,0.9717382,0.21225102,0.21409358,-0.020192983,-0.13016254
0.9550080327261615,0.8321837,0.9893327,0.9870373,0.16044171,0.20020181,0.5141447,0.4276389
0.84164551098202,0.8884905,0.95532846,0.95047146,0.25456095,0.27412313,-1.495994,-1.3221763
0.9510656003786239,0.75639623,0.990726,0.9896332,0.12181081,0.12932032,0.11092915,0.0702364
0.9007065023538772,0.80181324,0.970687,0.964034,0.21640067,0.2569871,0.45841438,0.54322827
0.8858905716328843,0.94579566,0.96389866,0.9664195,0.3188992,0.23760304,-0.46190366,-0.24224333
0.9203977423199095,0.96701074,0.97128177,0.96864957,0.36588258,0.35196957,-0.038457774,-0.00077493145
0.9548517225460688,0.7439888,0.99388975,0.99129754,0.10198015,0.124292515,0.48081237,0.5397798
0.8622391793535671,0.6117908,0.9689888,0.96654356,0.09788572,0.10220881,0.07991523,0.26620126
0.8870425713217028,0.6308626,0.97676617,0.9704157,0.10204465,0.108091906,0.8548651,0.85509783
0.9287470553961721,0.6092302,0.9883087,0.9842282,0.07732598,0.08950837,0.5736983,0.3541758
0.8930836983473479,0.706503,0.9722479,0.97466755,0.12875105,0.1314004,0.29099974,0.333547
0.8998162417582453,0.7181194,0.98045355,0.9773034,0.1234569,0.12971729,-0.65076184,-0.6048377
0.7263982651707976,0.55870616,0.9554496,0.9407044,0.05283256,0.08158367,0.5162401,0.6060424
0.9120003210240127,0.91998637,0.97395676,0.9692776,0.29915273,0.26792467,-0.007090145,-0.18306679
0.8348921032877216,0.48877415,0.97429955,0.9715812,0.045478757,0.056803595,-0.37919667,-0.39620313
0.6928191351047653,0.6406936,0.9071535,0.9214924,0.14163935,0.116331235,0.004352309,-0.03177892
0.9398368281440291,0.8470454,0.98640156,0.98612124,0.18708989,0.17648469,-0.24394096,0.22027092
0.8962352065374081,0.8191363,0.9643174,0.9555539,0.25915816,0.32214803,-0.3734006,-0.2051367
0.9049844638153784,0.8103668,0.97487915,0.9756774,0.1767551,0.16571985,0.03954585,0.12238941
0.8521257036254791,0.79432946,0.9734175,0.9713626,0.15301706,0.12620583,-0.8013444,-0.71078664
0.8717527479581098,0.51389503,0.9769936,0.97344816,0.05971381,0.06832552,0.8158117,0.6560254
0.8878715605388622,0.67478955,0.96528935,0.96803725,0.11781371,0.14668018,0.3309007,0.53063905
0.8643087772170945,0.5834415,0.97562885,0.97630745,0.06361846,0.07406006,-1.0261209,-1.0616013
0.8999530997741239,0.7685713,0.9729391,0.97737026,0.14173758,0.15890837,-0.0023803187,-0.26930273
0.9278969044438761,0.77617764,0.9862433,0.9781961,0.15343107,0.20269445,0.64781797,0.7026383
0.8248429250295133,0.67162585,0.9572037,0.95050395,0.1258868,0.147471,-0.594484,-0.5946446
0.8573973965038957,0.7353156,0.9489899,0.9540473,0.18659304,0.16181938,-0.70550114,-0.51352614
0.9398079746483189,0.79671234,0.9822179,0.9856794,0.16020341,0.1309096,-0.23020864,0.06343948
0.715772120457242,0.73314476,0.8994099,0.91204536,0.20245564,0.19697243,-0.37834248,-0.41703433
0.8617754900230195,0.86246383,0.96736014,0.9605305,0.21642147,0.23752911,0.1184797,0.17047969
0.931042230233689,1.0138639,0.97893435,0.9767876,0.37436277,0.34196335,0.07267675,0.21227948
0.9563468976458759,0.796797,0.98651904,0.9910197,0.12918192,0.12483017,0.15143445,-0.18044612
0.7598301165874406,0.71017396,0.9326513,0.93740016,0.15081173,0.13741589,0.76081795,0.50987995
0.9800475026258999,0.70195293,0.9940499,0.99439883,0.08521217,0.08831127,-0.47493628,-0.2694077
0.7764237239235832,0.6816908,0.9231962,0.94269675,0.16009764,0.13835856,-0.732161,-0.69101274
0.9516867367234694,0.6403226,0.98908716,0.9896906,0.07515593,0.091054246,-0.24139251,-0.17208865
0.6985755860230234,0.64446723,0.9299629,0.93901324,0.11856192,0.094493255,-0.41857746,-0.47246382
0.8871750413430015,0.7096759,0.9794942,0.97605354,0.108420365,0.12044004,0.14480355,0.104637
0.929312099828484,1.058907,0.9760693,0.9690114,0.44307047,0.51427615,-0.83671206,-0.42444858
0.912887028515481,0.6869916,0.96798843,0.9723096,0.15983704,0.15436178,-0.3394193,-0.21714246
0.6374478831132141,0.49304762,0.9433447,0.9356478,0.044395853,0.071154624,-0.34627903,-0.3708708
0.9084210693302491,0.7266019,0.9754689,0.9712399,0.17169009,0.1858631,0.14197955,0.1904984
0.9221444535577781,1.0953149,0.96607864,0.9619917,0.51624936,0.54803264,0.46586883,0.46414655
0.7656481162763003,0.63186127,0.9616924,0.9619267,0.066855215,0.085469216,0.2536765,0.38338804
0.7565040914121636,0.78414166,0.930349,0.93419695,0.2142215,0.15186289,-0.10472393,-0.024929881
0.9593922198476886,1.0019736,0.986508,0.9857166,0.23474361,0.31878537,-0.7140835,-0.4903458
0.7799489044779561,0.79770136,0.92119664,0.9126054,0.28383934,0.27869564,0.30000415,0.333596
0.955974067157906,0.9023107,0.9910156,0.991168,0.15743762,0.21146968,-0.41334966,-0.2823433
0.922115104820604,0.9241924,0.9676633,0.97186726,0.30989185,0.32428873,-0.12350948,-0.41184235
0.8503073348442932,0.80284005,0.96105856,0.9575738,0.17446996,0.19975965,-0.5677985,-0.45751518
0.956441672255576,0.9541428,0.98556393,0.9886668,0.18253995,0.21510826,-0.5371803,-0.1737292
0.9359899696315986,0.6969968,0.9912821,0.9842799,0.10638581,0.1160519,-0.1473403,0.17871946
0.8941641870040274,0.6741761,0.9784005,0.9725776,0.10962906,0.11696967,-0.5416517,-0.52198356
0.6892263934250557,0.63005733,0.9312065,0.94276273,0.11359199,0.0870761,-0.14407945,-0.22225733
0.882267055637031,0.9938788,0.93844426,0.9374798,0.52087474,0.52241373,-0.25224632,-0.10144187
0.7568472127058884,0.7664078,0.93329346,0.9346043,0.18998873,0.1806008,1.2472398,0.9090424
0.9249883358057331,0.73140436,0.9876077,0.97939813,0.13178676,0.16785282,0.09293323,0.29317906
0.8495903594876143,0.85718477,0.9619566,0.96866703,0.21355858,0.16876978,0.049036562,-0.021375867
0.7426799729711988,0.52442,0.9620965,0.95169204,0.054705042,0.07662836,0.4315923,0.24928126
0.8910246084463689,0.771021,0.985657,0.97406363,0.1511399,0.16412179,-0.22304803,-0.021374486
0.758428951585158,0.7233328,0.92376524,0.94312495,0.1992902,0.14596488,0.53714883,0.5524648
0.8688099389763975,0.7695766,0.9526057,0.95295066,0.2305477,0.24850297,0.09742482,0.048382383
0.9451766811164357,0.67264,0.9883966,0.98819244,0.06549138,0.11024561,0.3528793,0.111280404
0.8479167086410183,0.8594097,0.9455009,0.9485872,0.2827161,0.26286983,1.0542095,1.0159491
0.7291093348603732,0.6130911,0.93956685,0.94249386,0.0878538,0.08542763,1.2235672,1.1918131
0.9459461453898457,0.87519485,0.9822051,0.9836215,0.20319378,0.20691118,-0.017711494,0.1315846
0.8682612905064515,0.5601517,0.98274326,0.9704213,0.06098679,0.08060947,-0.37109667,-0.17784391
0.7672565156822605,0.620782,0.9467042,0.94465774,0.09983324,0.12022146,0.19533865,0.045124263
0.8841212646128505,0.8729189,0.96889096,0.9609728,0.23741041,0.2559772,0.32426384,0.5894082
0.9152529344981174,1.1273063,0.9603166,0.9550653,0.5835538,0.6217531,0.38219804,0.4348116
0.9642506134820243,0.80799514,0.9921266,0.99357295,0.113219514,0.11388427,0.308085,-0.29361182
0.8640955600358222,0.8511118,0.9586926,0.9607145,0.25001365,0.21072175,-0.058428317,-0.18126374
0.9283562093582481,0.8003379,0.9862433,0.982329,0.15343107,0.15349725,0.64781797,0.6654393
0.909152877870115,0.6383911,0.9854663,0.9841585,0.07550363,0.070891164,0.34687907,0.30617902
0.9134070947122837,0.97676086,0.96687776,0.9700761,0.3571591,0.34631506,0.18377659,0.04247969
0.504905131488323,0.49369782,0.90225935,0.8927265,0.06257357,0.07656612,0.3585541,0.3286567
0.6331490488139618,0.5990882,0.9086305,0.9103435,0.11377201,0.110788785,-0.019419195,0.03877719
0.8979440505737619,0.7500181,0.9764253,0.9829939,0.14639588,0.10213927,0.14214131,-0.0031740195
0.6869657009506279,0.6298445,0.92673993,0.92529386,0.10293235,0.114100814,0.02184202,-0.010226228
0.8872077388483095,0.7334631,0.98161346,0.974613,0.1451156,0.16370969,-0.5998381,-0.35902974
0.9570886305395451,0.8115315,0.9932281,0.99162906,0.09942831,0.104333825,0.29801744,0.25218666
0.91774225117369,1.0791351,0.9650206,0.9624778,0.51572794,0.4840235,0.23317906,0.31261805
0.9182233285970081,0.70309603,0.9793711,0.9824711,0.121966906,0.10165452,-0.024455331,-0.014346675
0.6528986695719468,0.5807622,0.9157254,0.9343263,0.11016161,0.0710201,0.025061246,0.05611657
0.7690116528404659,0.64366275,0.9610871,0.95620376,0.09481304,0.10826922,0.557792,0.2483394
0.9135071085462085,0.8775998,0.9770806,0.98272675,0.22517525,0.15211555,-0.65812576,-0.42003995
0.8462250721253123,0.82680637,0.940397,0.92917484,0.28192943,0.350347,0.060827684,0.14891337
0.80603600216144,0.81475544,0.9264505,0.93896604,0.29605123,0.21276368,-0.895448,-0.79723513
0.933484352635374,1.0316316,0.97893435,0.9739379,0.37436277,0.44657475,0.07267675,0.11175278
0.8935292482106146,0.7844919,0.9754689,0.96228576,0.17169009,0.23687859,0.14197955,0.31309804
0.8454467198104504,1.0734857,0.93358386,0.9333631,0.5758188,0.4890754,-0.3844722,-0.32577068
0.8915830368473213,0.88740844,0.96302944,0.9631053,0.28973454,0.2599079,0.118911535,0.06681534
0.8320973732838948,0.68927777,0.9624073,0.960827,0.13012818,0.11482465,0.49019557,0.51926863
0.8231221414048856,0.66561854,0.9579661,0.9560154,0.12478501,0.14307395,-0.3695484,-0.42003813
0.6878448392257935,0.66631246,0.92917705,0.94043696,0.12561184,0.1136598,-0.30989203,-0.4251505
0.849474515631368,0.8000008,0.9660351,0.968215,0.1463751,0.13665418,-0.5255829,-0.5169934
0.9381630950530397,0.5902171,0.98638517,0.9870627,0.0724054,0.06915769,-0.26008585,-0.18281612
0.8709461773338469,0.6536276,0.9633324,0.9654948,0.14166278,0.14337315,-0.10029116,-0.014081439
0.7391426273434446,0.7236382,0.92275125,0.92491126,0.17763048,0.1724823,0.14392692,0.22088173
0.8227287581571503,0.79868215,0.9464609,0.9537224,0.20403379,0.17969398,0.34866822,0.48239622
0.6353122034604881,0.60036093,0.89380753,0.9244413,0.11799674,0.08643488,0.18184525,0.21243714
0.8454834931676314,0.5538907,0.9609931,0.96724516,0.07880697,0.07218638,-0.016031805,-0.057975695
0.867596104175844,0.70241654,0.9744016,0.9690374,0.108209565,0.14856915,-0.62660366,-0.5869604
0.5620607503864299,0.53171355,0.9046579,0.8899431,0.076672494,0.09827804,-0.29389068,-0.29337215
0.8670611535624462,0.59241015,0.9791776,0.9766276,0.068269424,0.066742525,0.028366657,0.1265678
0.9093183739785587,0.67137265,0.979236,0.97738665,0.101143815,0.10572844,0.64534855,0.77110857
0.7110929814037192,0.67730314,0.94200385,0.93624383,0.12152865,0.11284232,0.020190068,0.082130335
0.9191087038744067,0.7161514,0.9850056,0.98215115,0.114234194,0.13655992,-0.19274546,0.21101367
0.9026460432315052,0.79446054,0.970687,0.9626612,0.21640067,0.25497314,0.45841438,0.47884563
0.9001212830448513,0.9320833,0.97020584,0.970128,0.29447508,0.32283387,-0.011199676,0.1555148
0.7628931747900364,0.79668885,0.94886774,0.93815994,0.17205906,0.18592408,-1.2359847,-1.1802307
0.8553269047090761,0.6974405,0.97676617,0.9700351,0.10204465,0.12510486,0.8548651,0.88738847
0.9135759302070371,0.75205576,0.9825586,0.9741277,0.1574657,0.19013944,0.26494724,0.24826944
0.9230884818835392,0.76381886,0.9862433,0.98156446,0.15343107,0.15823387,0.64781797,0.64630216
0.8932410581936422,0.74290836,0.9821056,0.9799549,0.14241755,0.12390139,0.3121845,0.73901653
0.7119213867488553,0.7463699,0.9531716,0.9519903,0.1095736,0.122597486,-0.40910697,-0.4425504
0.9560728540898599,0.8357551,0.9925229,0.98846674,0.14064556,0.1427871,-0.10601247,0.030625014
0.9225952314638091,0.85762185,0.98126215,0.9852002,0.16663414,0.17898273,-0.42170167,-0.513841
0.823191902975676,0.8189505,0.94862986,0.93803084,0.21208178,0.21920568,0.49969387,0.40200183
0.7605440059097601,0.72412807,0.9223948,0.92631936,0.21465182,0.19208968,-0.6351506,-0.7554201
0.8493617707104707,0.6710683,0.964246,0.9539608,0.124710664,0.12600179,0.5234032,0.4341006
0.806081378963255,0.501549,0.96478146,0.95948035,0.05322198,0.06603785,-0.29494813,-0.22528552
0.8394667406186694,0.79470885,0.9299554,0.9344245,0.28994855,0.30140546,-0.09211789,-0.0480496
0.9375707124148284,0.9979012,0.97893435,0.97348017,0.37436277,0.36902332,0.07267675,0.21156198
0.9221233397969335,0.8370981,0.97972935,0.98210543,0.23209247,0.1573294,0.08722966,-0.04233964
0.8072578990136902,0.75357556,0.9478933,0.94356805,0.1857164,0.18224211,-0.60152346,-0.6124212
0.719477455275098,0.61330235,0.93376255,0.93024635,0.119410396,0.11311843,-0.2797591,-0.3003652
0.905517131740685,0.8136327,0.97143316,0.968646,0.21822383,0.22650023,-0.18620004,-0.15494315
0.9137503635580144,0.95663416,0.96928984,0.9722804,0.2933925,0.20293471,0.35060832,-0.063192524
0.8376413981776558,0.7431134,0.95317143,0.9535536,0.1708535,0.15400127,-0.25836712,-0.30394405
0.7791354439334176,0.60561347,0.95622,0.94792277,0.09391765,0.10198415,-0.26104456,-0.17312919
0.8949358334509118,0.77804136,0.9754689,0.97426146,0.17169009,0.15980354,0.14197955,0.27891868
0.9232096627585434,0.7987045,0.98246473,0.983031,0.16688742,0.15410694,-0.7050858,-0.61119896
0.9657460109890182,0.71348214,0.9942759,0.9918643,0.090391226,0.139389,-0.41131952,-0.051934533
0.9661987946479517,0.73820513,0.9933995,0.9929716,0.08409785,0.102536246,0.10918935,0.026091956
0.6736400084017677,0.704104,0.89998734,0.90532744,0.163004,0.19814594,-0.12417687,-0.1754036
0.9613122428684896,0.740914,0.99098134,0.9911622,0.09685617,0.10864847,0.19753975,-0.039531887
0.6034394317855772,0.5211212,0.9046579,0.8990098,0.076672494,0.063759014,-0.29389068,-0.26614204
0.923307082148283,0.776817,0.9776932,0.97660965,0.14775166,0.2004894,-0.2125276,0.00029820824
0.9095515085958896,0.85571533,0.9780559,0.9736231,0.18763165,0.22519292,-0.16011743,0.007076245
0.8710538182981525,0.5760028,0.9801236,0.97828346,0.06365441,0.071376406,-0.5052334,-0.23608036
0.7523826227993049,0.7877393,0.9151466,0.92072284,0.22770913,0.25179553,-0.097242326,-0.1351289
0.9236585116663404,0.9351049,0.98087454,0.97312456,0.2526052,0.32416907,-0.30079955,-0.6684546
0.9441429018843756,0.7429,0.98824644,0.98937577,0.111074455,0.10913483,0.22485937,0.18782987
0.8520400187536006,0.5615119,0.9677895,0.9606589,0.07072074,0.09688128,0.24145402,0.17381002
0.9369403453081004,0.9567774,0.9835992,0.9764998,0.27684852,0.35541305,0.55231553,0.57499987
0.8186664885903074,0.68783003,0.95201886,0.951812,0.13569643,0.17746545,-0.095319554,-0.20001267
0.9335402753256109,1.0162518,0.9738273,0.9691901,0.42207277,0.4475919,-0.1726896,0.0057433476
0.77861175498447,0.70539165,0.9429489,0.93965656,0.13347177,0.17622632,0.20983249,0.26849404
0.7478240157689606,0.5737476,0.94853204,0.93896264,0.077942416,0.11606301,-0.11681629,-0.061920937
0.7723023948946312,0.8488852,0.9482725,0.94677293,0.18668652,0.23116852,-0.39075372,-0.4125534
0.7884762221310488,0.6632211,0.93810076,0.94669515,0.12934613,0.13210267,-0.46493435,-0.31078985
0.900611154456446,0.7642952,0.9669936,0.9803567,0.17222805,0.11482053,0.37811425,0.17940065
0.7886881454035257,0.68702424,0.9613134,0.95453084,0.123140186,0.1022747,0.4220584,0.35537684
0.8706508687669303,0.66668355,0.97474366,0.97570205,0.08734807,0.0979929,-1.1820116,-0.8719445
0.9196435164657406,1.0835862,0.9604407,0.9657539,0.4936082,0.5157991,0.016034868,-0.11377078
0.8892683482107338,0.5869033,0.9770529,0.9758019,0.09199721,0.090848304,-0.46270892,-0.27208382
0.9209947938957918,0.7450991,0.9742623,0.9722907,0.14787151,0.22895558,-0.11970788,-0.28324705
0.9237323439954633,0.74180466,0.9792654,0.98006845,0.14983708,0.1307887,-0.15885712,0.19197163
0.9438411847936473,0.86470026,0.99116176,0.9855345,0.18178655,0.21990229,-0.13735713,0.17211396
0.8913472704378907,0.828076,0.95720994,0.957596,0.24184987,0.24251337,-0.9584694,-0.9924083
0.9113349646512706,0.76483357,0.970687,0.9620236,0.21640067,0.24811426,0.45841438,0.49054995
0.7407730343366999,0.7035048,0.9293577,0.9316928,0.15093498,0.14922722,-0.4597255,-0.5034768
0.8131063227357674,0.5975142,0.9582282,0.9692022,0.088248335,0.07003351,0.04830189,0.0582752
0.9251285947651438,0.74926007,0.9793648,0.9759771,0.14118814,0.17542823,-0.34096354,-0.3549271
0.9286628178185125,0.7555681,0.9862433,0.9803963,0.15343107,0.16093676,0.64781797,0.60964626
0.8414278378853077,0.7272727,0.9554143,0.9566027,0.14999661,0.17816196,0.120821886,0.060358226
0.8958320364732814,0.90795016,0.9531171,0.9571093,0.3205835,0.36551926,-0.20556295,-0.18994349
0.883404827720193,0.86460114,0.96975267,0.96596354,0.21686326,0.19036707,0.45957673,0.19230948
0.8372814967552598,0.7887034,0.95397353,0.95845485,0.21777639,0.17569128,-0.15155672,-0.28470355
0.937744656549786,1.0469515,0.97893435,0.97398365,0.37436277,0.42310348,0.07267675,0.21791777
0.8491224952128996,0.8307933,0.9510383,0.9651928,0.22812891,0.15743591,0.65814686,0.5379956
0.7639979724799189,0.84510344,0.9286984,0.9325302,0.27728316,0.21180226,-0.038535997,-0.11777215
0.917094375947775,1.1675533,0.961171,0.9593919,0.61642766,0.64772964,-0.5766951,-0.27808547
0.9156623402164696,0.67749614,0.97352326,0.97708625,0.118594594,0.107105784,-0.3945967,-0.32032135
0.9056256410947606,0.748877,0.9754689,0.9708267,0.17169009,0.18936765,0.14197955,0.21536425
0.9082283883509331,0.74957764,0.98522484,0.9861397,0.10719761,0.09751408,-0.058393266,0.08203664
0.48632798415711936,0.5628051,0.9046579,0.92034,0.076672494,0.06451671,-0.29389068,-0.2775989
0.8923947324052067,0.90111756,0.9716366,0.96800846,0.2591279,0.25646576,-0.5198976,-0.21921326
0.8939024259320969,0.6076138,0.97615683,0.9746615,0.09055527,0.09372805,0.22743998,-0.14133842
0.8680805410272215,0.5859274,0.96413624,0.95171916,0.111118,0.16540001,-0.43165246,-0.41403887
0.8576700870108034,0.52965873,0.9826409,0.977179,0.041167334,0.06286409,0.38984323,0.4209379
0.9211337922754589,1.1885839,0.9636968,0.9538323,0.66998696,0.95434904,-0.47286263,-0.218948
0.9179044909881795,1.0986346,0.96475005,0.9589517,0.54176897,0.57862806,0.048432786,0.15423834
0.8580021625440863,0.9876346,0.92981815,0.93496245,0.47374183,0.4885066,0.13008122,0.13528559
0.8899738501483133,0.65351874,0.968291,0.9686224,0.13341323,0.12620662,0.8504461,0.51854265
0.9177983012299592,1.0292048,0.97593033,0.9747753,0.3615812,0.3330522,0.6873005,0.88216865
0.8463165312329729,0.7252885,0.96177256,0.9578886,0.16576385,0.15687735,-0.41369164,-0.26624265
0.883614855856594,0.702676,0.9818754,0.9804682,0.09117851,0.11036599,0.8730445,1.1149095
0.8126222076283913,0.66488934,0.9499187,0.9441065,0.14626773,0.15528886,-0.40492383,-0.3447241
0.9581871642474865,0.81641096,0.98763746,0.9869953,0.15925945,0.20224282,0.37246957,0.03868109
0.888780955039238,0.7191057,0.97353655,0.9692086,0.15515885,0.16939957,-0.023855662,-0.19467552
0.7758142752245709,0.61063683,0.94826096,0.9496723,0.10534609,0.09942986,0.2617234,0.21847071
0.9426872446101144,0.6694559,0.98855,0.9859769,0.092044,0.11624678,-0.25059143,-0.024012096
0.8613822674792905,0.6606145,0.95599604,0.95689595,0.15647092,0.1620103,-0.050542183,-0.08231511
0.8986016862376338,0.55176866,0.97665244,0.9720773,0.06769953,0.10151885,-0.40355968,-0.37350458
0.9216285439912608,0.6282283,0.9816764,0.98012906,0.09564506,0.095177434,-0.3897753,-0.12521529
0.9075455254871642,0.7788755,0.970687,0.9660915,0.21640067,0.23225081,0.45841438,0.47631404
0.8802512182551747,1.0664771,0.96114284,0.96220523,0.41950586,0.36498263,-0.7422681,-0.088116765
0.8623675507920956,0.6798736,0.97676617,0.97236776,0.10204465,0.09506483,0.8548651,0.8595939
0.9290246168729844,0.83440727,0.9761604,0.9727065,0.21416852,0.2844645,0.63358474,0.41953868
0.9455193430047736,0.8385656,0.98482364,0.98538464,0.1798064,0.18369654,0.35378203,-0.28535134
0.9370657492266299,0.74192023,0.9876182,0.9841047,0.14256266,0.1318812,0.15965834,-0.24534133
0.9594878066675121,0.8129755,0.9934877,0.9906748,0.15758081,0.15198646,-0.45770255,0.10899883
0.5650419916048016,0.47782195,0.9255609,0.94041103,0.0471705,0.0455612,0.07203478,0.12532292
0.9313916586316662,0.99422526,0.9789484,0.9726701,0.35022256,0.4102469,-0.10270901,0.0880214
0.8110082719603308,0.75735366,0.9495735,0.95820343,0.17730749,0.14472729,0.32321417,0.31525657
0.9586399244575968,0.76822996,0.99276435,0.99041265,0.11992231,0.15174387,0.5218416,0.43973574
0.8125771977865898,0.5881667,0.96156996,0.9671588,0.086720124,0.07684384,0.39190006,0.23455842
0.9454574847049904,0.81233245,0.9945999,0.98897654,0.13227037,0.14376609,-0.26390636,0.14510679
0.93585975561039,0.81066173,0.9841294,0.9859321,0.15743008,0.12676045,0.4194857,0.072349995
0.9357575692703027,0.9041285,0.9841224,0.9776507,0.17530075,0.3356137,0.8116595,0.7713156
0.8824325255424795,0.5620864,0.9838008,0.98147476,0.04319709,0.07568829,-0.18771143,-0.22540325
0.914228678105147,0.69651127,0.96994966,0.9718583,0.1331153,0.15961267,0.3478648,0.4397352
0.9265870236554808,0.59599763,0.9909936,0.9877802,0.05667255,0.065126136,1.0541832,0.6345559
0.9470627207625086,0.83435017,0.9918264,0.9892918,0.11234623,0.14804512,-1.0863235,-0.6642449
0.9283628450705137,1.0347003,0.9690148,0.96136117,0.48096374,0.5931543,-0.5491349,-0.30266726
0.9008010726080427,0.8285741,0.9712318,0.9685165,0.22082403,0.22101982,0.11809543,0.11363926
0.918875379251015,0.7927404,0.9862433,0.9811147,0.15343107,0.1542291,0.64781797,0.63329756
0.7319141843181334,0.81412065,0.9389261,0.9395576,0.21353088,0.18863785,-0.5166147,-0.58543813
0.8490259440730377,0.7562378,0.9571626,0.9499853,0.18210076,0.1910503,0.21827443,0.11786678
0.7725984954159398,0.6891158,0.93111277,0.93560517,0.16834392,0.14464565,0.4489809,0.3281005
0.9253861605674463,0.8190821,0.98608625,0.98448175,0.1517235,0.17963287,-0.22570665,-0.053327456
0.8851439795337591,0.6679027,0.9833237,0.9678323,0.1095114,0.14242943,-0.4729253,-0.5505096
0.9186536886501475,0.611395,0.98871195,0.98534214,0.075577095,0.06615617,-0.7538252,-0.49535313
0.7234945611491463,0.62528956,0.9312398,0.93939614,0.10117867,0.10283374,-0.14093632,-0.11740926
0.8672104042340424,0.60696006,0.9670007,0.9670604,0.08628673,0.10283516,0.100317,0.2257037
0.9509847073193882,0.62215096,0.9883496,0.9894953,0.07461831,0.07920439,-0.09380644,-0.11938129
0.9260826740735328,0.59646606,0.98620427,0.9825608,0.07510369,0.09616709,0.1770653,0.5095989
0.9419604701010259,0.6108217,0.9883119,0.9826733,0.09698134,0.11184869,0.10554654,-0.34010875
0.8565399211095968,0.6254126,0.9602279,0.9525948,0.120429024,0.16766822,0.23050444,0.16320099
0.8805489665179586,0.82451624,0.96440923,0.96643317,0.22516462,0.17195208,-0.1889445,-0.2118536
0.9034201421424878,0.87339085,0.96355903,0.9674358,0.27494985,0.26131952,0.05465542,-0.14897737
0.8861891125675644,0.8719063,0.9721863,0.9742834,0.18743913,0.18507364,0.061997965,0.2688611
0.8526500535824657,0.7038938,0.9551314,0.9547352,0.16926387,0.16282442,0.14802288,0.041026585
0.8189036292681451,0.7072984,0.93714094,0.9482078,0.20251621,0.15963358,-0.113427535,-0.11862911
0.8238603844104153,0.58655876,0.9677093,0.9609448,0.077182494,0.08651525,0.2716857,0.36918044
0.777480151771206,0.6227787,0.95357937,0.9493342,0.114188254,0.11109055,1.0676898,0.9949309
0.7609502305020092,0.60580033,0.9564435,0.95423114,0.077218734,0.07409084,-0.51689065,-0.42775795
0.9372646071865841,0.9837832,0.9823016,0.9774582,0.3042647,0.3441554,0.20283289,0.3331136
0.8054455210178209,0.8069862,0.9610726,0.9472608,0.15360717,0.22040091,0.13412715,0.085761406
0.8348170256486809,0.8425403,0.95504016,0.9490251,0.23193216,0.30344155,-0.026305579,-0.102755725
0.9400007459425899,0.6776099,0.9834948,0.98859483,0.10993023,0.09105943,-0.34738564,0.036245644
0.7169000618600024,0.6616772,0.9290366,0.94969124,0.11626805,0.0844679,-0.004879513,-0.051060595
0.7843538953929802,0.73893344,0.9421054,0.9474391,0.17084609,0.15310313,0.50399387,0.5870896
0.8766493686440541,0.76277727,0.970063,0.963893,0.16546431,0.19345619,0.271499,0.21849515
0.8320035204161407,0.5662244,0.96330076,0.9726701,0.07102722,0.059194326,0.03567513,0.07063459
0.8697931388557255,0.8515575,0.94557875,0.9432679,0.2831673,0.3428343,-0.0054009696,0.066776626
0.7773294687918346,0.6777654,0.94949937,0.94779533,0.11610745,0.12887818,-0.308721,-0.26796252
0.884299826539993,0.80309206,0.97103083,0.9721978,0.16346931,0.13753507,-0.50880253,-0.4971127
0.8243443729615593,0.78137076,0.9515443,0.9504579,0.1913131,0.20182353,-1.6884273,-1.6655554
0.9469220918928835,0.7813215,0.9827159,0.9831668,0.14916278,0.20511694,0.2310923,0.14273576
0.8759378262695129,0.8565427,0.9592503,0.95996463,0.27063254,0.24972402,0.14373553,0.22673787
0.9099155896446235,0.91351366,0.9693258,0.97219265,0.30600595,0.29058304,0.32928917,0.35958317
0.7519932434237298,0.5949075,0.93995965,0.94270927,0.09912917,0.088912636,0.66987103,0.5602801
0.6442315575927239,0.629213,0.91142964,0.9083871,0.11815563,0.1549639,-0.9041615,-0.90987664
0.9405008832586074,0.99183804,0.97893435,0.9709674,0.37436277,0.41972262,0.07267675,0.19216914
0.90327556625438,0.7663125,0.9754689,0.96636933,0.17169009,0.18178739,0.14197955,0.24579746
0.9015262370266862,0.67925245,0.97235316,0.9724726,0.124586314,0.13866454,-0.4664608,-0.2758951
0.9439540865581633,0.8671486,0.99143696,0.9861125,0.18521133,0.22411396,-0.20234464,0.29910213
0.7887467843368012,0.80519587,0.9137678,0.9307973,0.28760195,0.22791915,-0.26803672,-0.41460878
0.745182263969175,0.6487692,0.9115544,0.92862374,0.16820326,0.13286217,0.4274468,0.4742822
0.802709826668393,0.91413647,0.92450714,0.92919844,0.37680835,0.38330498,-0.35249215,-0.43736917
0.9619857912794315,0.8706099,0.99342006,0.98986614,0.15479444,0.17837505,0.3621102,0.08476469
0.854295072544306,0.79149055,0.952145,0.9484821,0.23241863,0.25913155,0.23509368,0.24926162
0.9255732133109285,0.7757049,0.9862433,0.97862536,0.15343107,0.16935606,0.64781797,0.67413956
0.8714083245203329,0.8142048,0.95910823,0.9676214,0.19656359,0.1855536,0.14465882,0.104695454
0.9091875259035009,0.88811696,0.97253364,0.9733907,0.24175276,0.24828868,0.25141123,0.33108532
0.9359715112308603,1.0560356,0.97893435,0.9720893,0.37436277,0.49430418,0.07267675,0.21697433
0.8841987211599488,0.79196984,0.9468103,0.9609518,0.2361351,0.18044585,-0.0037610126,-0.21974489
0.7954394862077604,0.6787565,0.9473346,0.94679743,0.13150726,0.14067389,-0.25887486,-0.063814946
0.9065064686340149,0.7606838,0.9754689,0.96978897,0.17169009,0.1857431,0.14197955,0.30802912
0.5453681854918163,0.5359911,0.9046579,0.9096551,0.076672494,0.06015024,-0.29389068,-0.23275633
0.789199928143997,0.7092568,0.96966916,0.95679295,0.10823643,0.11004618,0.14746225,0.10195473
0.8009064972202599,0.64022887,0.9744623,0.97124064,0.06221875,0.08067685,-0.8846099,-0.804603
0.8658405451936217,0.74347997,0.9627333,0.9516674,0.18321332,0.18420735,0.6639287,0.6696932
0.8155122329760617,0.81147677,0.9544177,0.95755076,0.20196068,0.15127678,-0.025000285,-0.06363493
0.8679659294066371,0.69422936,0.95685077,0.9529925,0.14997274,0.18611436,-0.28800714,-0.043940727
0.9125819127331786,0.7575953,0.970687,0.9661946,0.21640067,0.22333266,0.45841438,0.50801915
0.8128239221164647,0.7416031,0.9775764,0.9644407,0.10140234,0.11285384,-0.638442,-0.71575993
0.8596318481452738,0.6848686,0.97676617,0.9672257,0.10204465,0.13791583,0.8548651,0.8695851
0.93865475453819,0.83529335,0.9878417,0.9801198,0.18710102,0.21688096,0.3758509,0.46594313
0.9047331732453268,0.7142378,0.9759061,0.96879184,0.14221528,0.17783363,0.0028874867,-0.11942364
0.9091186591705653,0.72862,0.98961616,0.9822951,0.10691077,0.12948126,0.87533706,0.87612855
0.6600263044167336,0.5672703,0.93334854,0.94163424,0.087473966,0.08352507,-1.2001244,-1.1352394
0.8501101374924054,0.84954196,0.9491137,0.9506034,0.2568745,0.29795313,-0.15546447,-0.20927396
0.9274285068153986,0.78973806,0.97450167,0.9777603,0.19459346,0.1780985,0.06463318,-0.06898182
0.716655526234221,0.74707186,0.9242011,0.9295023,0.16619307,0.16782457,-0.2685071,-0.40418762
0.9342342758653709,0.94925576,0.9834664,0.976731,0.29641405,0.3371152,-0.35587272,-0.04155416
0.8952302508226957,0.6388991,0.9810797,0.9694672,0.0993204,0.12697384,0.012184462,0.21742736
0.7545416985858859,0.6522933,0.9384217,0.93616384,0.12992404,0.14955796,-0.3632427,-0.31041607
0.9634368812574752,0.76591283,0.99398166,0.99353164,0.10165695,0.09508333,0.42342758,-0.11975835
0.9301568834205991,0.7932145,0.9870653,0.9835318,0.101496965,0.16857228,-0.17899965,-0.16549896
0.9250669456746777,0.98690736,0.97635776,0.9723224,0.26771635,0.36429536,-0.025129536,-0.12798114
0.7504699600987984,0.69002914,0.9340401,0.9470768,0.14731145,0.13307348,0.12566382,0.24184124
0.9344508572500342,0.9543931,0.9789484,0.97406036,0.35022256,0.36783737,-0.10270901,0.052511193
0.7695388911015555,0.6518298,0.9415181,0.9354433,0.13348193,0.14053173,-0.5364686,-0.4444631
0.8352267332571605,0.7233925,0.9658704,0.9587814,0.13513045,0.12845851,-0.497161,-0.4461788
0.8549489015464748,0.91903067,0.947535,0.94837624,0.31581646,0.23845544,-0.4248952,-0.49718684
0.6052518357300734,0.60448974,0.9479319,0.92538637,0.067970656,0.112270564,0.67239034,0.7304107
0.8319786098751119,0.77990586,0.9346995,0.93292147,0.21394031,0.3220893,0.56045663,0.44351137
0.7181038478601538,0.67748344,0.9408419,0.9406928,0.11641517,0.13234684,1.0629716,1.0184084
0.7882419403616774,0.6493987,0.9447624,0.96312135,0.12396563,0.07043361,-0.1541779,-0.095580004
0.744310376268415,0.7281471,0.93166333,0.937298,0.16774303,0.16575953,-1.0311716,-0.9476442
0.9331479986443154,0.74126554,0.9851087,0.98347354,0.121954426,0.14067884,0.43963045,0.1720536
0.7611385709895427,0.6718601,0.9363923,0.9285384,0.13474561,0.16499795,-0.802625,-0.90622574
0.9545223228918015,0.63421106,0.993517,0.9906659,0.07383928,0.09998963,-0.16488889,-0.3610546
0.9124619579704782,0.8424728,0.96495205,0.968941,0.2733092,0.28962672,0.24480607,-0.01185772
0.9506568063187195,0.7864324,0.99459976,0.99131066,0.1259573,0.11710755,0.9901808,-0.11150327
0.7388250223530007,0.6223305,0.9558445,0.9343349,0.08562843,0.15334722,-0.44101113,-0.4162505
0.8649205690928228,0.93857944,0.95361614,0.96225286,0.32203707,0.25543934,-0.28611645,-0.08139389
0.8789962338478492,0.78931063,0.96116316,0.9686395,0.21174584,0.15995738,0.37451726,0.37902528
0.956764306238572,0.86269844,0.99498844,0.99153256,0.13111004,0.17146626,0.39452586,0.7405342
0.7611229427351847,0.5687199,0.96131206,0.9556961,0.06963109,0.074243255,-0.40851215,-0.377959
0.9216846710433866,0.78972393,0.9862433,0.9783519,0.15343107,0.19544443,0.64781797,0.7240854
0.9282402899518895,1.0623909,0.9723787,0.9686181,0.46256948,0.51448315,0.52343214,0.6188329
0.767689009109985,0.741187,0.909006,0.91675097,0.24333522,0.1875236,-0.2032571,-0.3646386
0.807292777283711,0.8037969,0.9483833,0.95524824,0.19647133,0.17940633,-0.084719315,-0.14066339
0.9325762702118147,0.7672282,0.9819525,0.98150265,0.14827834,0.15933512,0.68437314,0.59016067
0.7594411214816447,0.80538803,0.90488875,0.90420663,0.29295143,0.28154272,0.08560058,0.11268972
0.8103692185782175,0.75821716,0.9430571,0.95104116,0.20844534,0.17947532,-0.007666021,-0.12268028
0.933857626282305,0.9833627,0.97893435,0.9712556,0.37436277,0.40771586,0.07267675,0.20219174
0.9388931199782582,0.7403061,0.9864492,0.98669,0.13408759,0.117524266,-0.018797956,-0.3321685
0.8377231436209257,0.67961645,0.96341085,0.9569426,0.12814936,0.14305082,0.16077265,-0.032875054
0.9202516046820641,0.69653136,0.97788787,0.9787186,0.12309157,0.1411462,-0.25777873,0.047909066
0.6793179306450209,0.57122266,0.9278439,0.9334774,0.083863385,0.074134044,0.45452935,0.48585394
0.8550706894348273,0.67311865,0.94717246,0.95435184,0.15761481,0.14272223,0.40152258,0.4504729
0.8413706662350194,0.54612005,0.97696954,0.970595,0.06231939,0.062706836,-0.3491604,-0.38691792
0.8729507921020315,0.8895473,0.96051615,0.95503956,0.24470422,0.29362416,-0.72015226,-0.47415665
0.8067435453257418,0.63804525,0.94721675,0.9307819,0.12860316,0.1937942,-0.053985197,0.08713121
0.8781607334304293,0.9348493,0.9552615,0.94888365,0.36810452,0.3844519,-0.37333345,-0.42023966
0.9023549663021986,0.7406421,0.9828427,0.9833203,0.13395894,0.10945797,-0.9293391,-0.90946734
0.805883778507351,0.6399995,0.94347656,0.9388024,0.12990166,0.13975082,0.099436186,0.0863279
0.9467027567228312,0.7495679,0.99068403,0.9914818,0.0966586,0.09933688,0.58290577,0.6331284
0.8942886083370073,0.77288705,0.9754689,0.9711637,0.17169009,0.16778642,0.14197955,0.2723373
0.9011215662208626,0.7383512,0.97575945,0.9771641,0.1419503,0.13715221,-0.02487089,-0.20451002
0.9572555732982228,0.7172609,0.9898889,0.99203587,0.07964636,0.0929058,-0.62165874,-0.4914466
0.8218754609710184,0.6292072,0.9469481,0.94926625,0.12989947,0.11204526,-0.53070354,-0.54320717
0.7196993478599738,0.6332035,0.9292492,0.92768127,0.11710031,0.1366966,0.7167994,0.73490745
0.9107941666077666,0.5558192,0.9805595,0.97474855,0.061054125,0.10069721,-0.44303775,-0.7129336
0.8798730072589203,0.55056906,0.9828701,0.97564775,0.05118785,0.079172656,-0.21792634,-0.25805146
0.9044943425157737,0.6905,0.9794057,0.9849089,0.10742554,0.0871582,0.20486444,-0.15718459
0.9363156244926248,0.8997709,0.98686063,0.98158693,0.22898574,0.25217065,-0.37105945,-0.055510975
0.8257514709378769,0.57992774,0.9591224,0.9674907,0.082685925,0.07204431,0.25383678,0.27624282
0.8881974758478989,0.8179894,0.95794725,0.97057074,0.23131065,0.16754045,-0.00901834,0.09186507
0.9381192952207718,0.69794166,0.9876451,0.98361385,0.1137049,0.1269876,-0.18325868,0.30028418
0.9111666249266649,0.8882627,0.9771638,0.97157234,0.22973041,0.2807356,-0.5909911,-0.42763436
0.5579838257407447,0.4936089,0.92354035,0.8857156,0.054091334,0.09530518,0.52184105,0.4587596
0.8391339889573595,0.71974826,0.95364237,0.93799955,0.22063655,0.24801886,0.17515466,0.18473297
0.5133305166735406,0.5562434,0.9046579,0.9036946,0.076672494,0.08963341,-0.29389068,-0.3205136
0.8345820828913133,0.87163264,0.9575836,0.95691216,0.24727523,0.18782051,1.1382318,1.1320796
0.8910827996166979,0.8220613,0.970687,0.96732044,0.21640067,0.22581653,0.45841438,0.5089126
0.8877445472750878,0.78600484,0.9679006,0.9631878,0.21787164,0.2096432,0.49202025,0.06257071
0.932761590587236,0.99565154,0.9792177,0.9723732,0.3417555,0.3967357,0.26611775,0.35880923
0.8856136081177991,0.8933903,0.95985377,0.9580381,0.31004518,0.27311862,0.15041804,0.3533506
0.8787664772248398,0.63400745,0.976785,0.97428775,0.09424274,0.09865356,-0.7127075,-0.86083865
0.7883403855816152,0.69220805,0.93419254,0.92089945,0.15141584,0.19328673,-0.7526045,-0.86244625
0.8778448882337954,0.66863835,0.97676617,0.96179485,0.10204465,0.19041586,0.8548651,0.95927835
0.8432528144021125,0.6844519,0.9703759,0.9612284,0.11966224,0.1453032,-1.1584597,-1.1186209
0.8316467818098712,0.68374383,0.97585356,0.9746888,0.09507513,0.09802185,-0.84327936,-0.5613883
0.7940741240509649,0.613315,0.96107215,0.9396808,0.09523754,0.12809369,-0.066303685,-0.12992783
0.9497592270211633,0.78690135,0.98831904,0.98651385,0.11688201,0.16409685,0.17062157,0.045140117
0.894233177721327,0.87146515,0.9530365,0.9544059,0.29412264,0.31915748,-0.2806881,-0.3913058
0.9336696868827873,0.75646955,0.9862433,0.980711,0.15343107,0.15965441,0.64781797,0.69143486
0.8933543170781726,0.8121761,0.9721718,0.9659765,0.23541617,0.23075272,0.038747214,-0.107743785
0.8819839846553592,0.6945058,0.97652125,0.9700069,0.12835267,0.13683164,0.1248401,0.3725978
0.9442051471122057,0.78853357,0.98939645,0.9846585,0.14301418,0.18225965,0.31904617,-0.06968767
0.8762590005223599,0.7868663,0.94942683,0.9529291,0.2272679,0.27002823,-0.581147,-0.55016077
0.9392764527710581,0.9848048,0.97893435,0.973142,0.37436277,0.39570978,0.07267675,0.30757987
0.9008063579578737,0.76484054,0.9754689,0.9692396,0.17169009,0.20013143,0.14197955,0.3024096
0.955069013464604,0.7380086,0.9913506,0.989564,0.12074721,0.11137365,0.14374082,0.3415068
0.8884890112515603,0.85131097,0.9674627,0.95950824,0.24039124,0.30883864,-0.6857059,-0.5156479
0.9424608571130534,0.98917544,0.9737561,0.9756643,0.3527038,0.37960425,-0.056775857,-0.14741847
0.9364561857782473,0.6677703,0.9862648,0.9901026,0.09322371,0.07363568,0.20320898,-0.07694144
0.9054157108303585,0.8252192,0.97411925,0.9727711,0.18777025,0.21307535,0.81623673,0.5799733
0.8596296439851856,0.58622575,0.96271664,0.96060294,0.10004373,0.111847386,-0.3503244,-0.6268726
0.830935928373437,0.65801424,0.96223754,0.9407116,0.11684307,0.18240562,0.28702736,0.38217592
0.8754518703140747,0.5760809,0.9805729,0.9708135,0.07280874,0.09198385,-0.5545956,-0.16939893
0.5893260693650427,0.5172593,0.9046579,0.8976015,0.076672494,0.08252031,-0.29389068,-0.2616667
0.9541139937165597,0.70572054,0.9917674,0.9904096,0.08241325,0.09640894,0.3986579,0.19959606
0.9474252523904867,0.8636463,0.9890183,0.9894651,0.17353152,0.14186254,0.53501034,-0.42584053
0.9277590400863616,0.9504488,0.9814548,0.97467107,0.28517935,0.3460271,0.3876545,0.511398
0.9024973233855528,0.79355323,0.970687,0.9690685,0.21640067,0.21576521,0.45841438,0.50150824
0.7981390825207185,0.6006829,0.9424108,0.9451719,0.10768098,0.10448012,-0.19449243,-0.18459809
0.9284980341959214,0.9973038,0.9752824,0.9794518,0.31018272,0.22833097,0.5109528,0.3587432
0.8730643206505727,0.73464376,0.96380657,0.952807,0.1700881,0.25105897,-0.41785654,-0.5150122
0.9264688416729888,0.78400815,0.9822155,0.98457235,0.17416206,0.13297081,0.02607136,0.034487788
0.9201909444876377,1.0549637,0.97586215,0.9792581,0.34004486,0.26400086,0.8619528,1.0386791
0.8675086365771656,0.74685156,0.9671597,0.9769127,0.16359217,0.10716331,-0.79312384,-0.8281958
0.9270599160263966,0.5557997,0.9809954,0.98652977,0.061663993,0.06306948,0.5569174,0.3927034
0.9543420195496807,0.63777727,0.99058527,0.9906568,0.068377405,0.09334252,-0.2555757,-0.40346545
0.9178925909677624,0.8054953,0.9880839,0.9866662,0.12615262,0.10201347,-0.24710634,-0.23849387
0.8518164249526569,0.6877055,0.9581835,0.95790887,0.13637191,0.1616929,0.7667199,0.79646295
0.8528705012712889,0.7012102,0.97676617,0.96875554,0.10204465,0.121792704,0.8548651,0.85221744
0.8911538962595436,0.6702161,0.97612894,0.97730047,0.112844974,0.099138126,-0.31171432,-0.6521076
0.9295858165754326,0.72467995,0.9893725,0.98336095,0.12165273,0.13852033,-0.120139666,-0.10469613
0.9323967935518715,0.73977333,0.9806922,0.98184544,0.14884649,0.15336026,-0.17040676,-0.084518254
0.8622150543812953,0.8066526,0.96479964,0.95548356,0.19829535,0.24973491,1.6098133,1.5693018
0.7311441056953116,0.7618589,0.92231435,0.92536527,0.20874575,0.17334431,-1.2994288,-1.0595421
0.7069842218473688,0.76347375,0.95079696,0.9303642,0.13846372,0.17872635,0.69156784,0.51689583
0.8974727007309079,0.6940687,0.9654531,0.9707562,0.14718258,0.14816529,0.024647474,-0.004368347
0.9131499169419965,0.56285965,0.9855003,0.98238176,0.066697456,0.08522927,-0.012909086,-0.11681492
0.9266898928178362,0.62415844,0.987254,0.9839849,0.072776616,0.08758735,-0.2255763,0.08352999
0.764288179339527,0.68463933,0.93043417,0.9189323,0.16085628,0.15109257,-0.76578265,-0.837874
0.8885918494316739,0.8031686,0.957276,0.96677876,0.25180304,0.20715651,0.114146866,0.22872053
0.8667018723960748,0.8624599,0.9532253,0.95125407,0.24193856,0.29917377,-0.03631123,-0.14045133
0.8327037112281483,0.6817555,0.9570348,0.95719546,0.14401491,0.1409228,0.030102594,-0.008802725
0.6579358609732249,0.51951915,0.9101064,0.9082349,0.08002215,0.07718645,-0.16383654,-0.11287635
0.9215478682539145,0.644043,0.98460746,0.98504174,0.07018933,0.07617047,0.31694835,0.26997033
0.9444465783858631,0.68785566,0.9905395,0.9889971,0.09145488,0.09691855,0.43527004,0.24233678
0.8441169268526769,0.847002,0.958235,0.9527498,0.2472444,0.23047113,0.52827907,0.54417396
0.9453915963756637,0.76634693,0.98806864,0.982841,0.17368017,0.18435971,0.4069539,0.5074036
0.7941514449500577,0.9034245,0.9252067,0.9074336,0.35621572,0.3999061,0.4428965,0.34425288
0.7759449333124201,0.623288,0.9213419,0.95195305,0.1299627,0.097402185,0.6252219,0.53316206
0.8786504405860176,0.6494057,0.96919656,0.96798766,0.12313677,0.12705775,1.0319364,1.1549175
0.8080305996366167,0.6751223,0.96463203,0.9553172,0.11576064,0.14126894,1.1235,1.1759317
0.9173526224601214,1.1424279,0.96943194,0.96995884,0.5091296,0.46705538,0.3882253,0.46449122
0.9471812920952515,0.91799164,0.98813903,0.97925264,0.24177763,0.30558193,-0.20106864,0.08517509
0.6927167305732944,0.7126233,0.941934,0.9395788,0.14230274,0.13637044,-0.59089893,-0.7832016
0.9366850521138824,0.86528546,0.9845583,0.98060143,0.2232886,0.21958475,0.6018923,0.51834804
0.8166208538844331,0.5887341,0.94582283,0.958736,0.091972865,0.093677185,-0.81156224,-0.7169372
0.7567631104625242,0.6572285,0.95070636,0.95623964,0.10690241,0.083275594,0.7390694,0.5655968
0.8460218431891783,0.5483953,0.97890216,0.97111136,0.05705212,0.07472321,0.9775828,0.7911059
0.8925001441800057,1.116716,0.9538809,0.95499563,0.5712544,0.47994402,-0.83664715,-0.56038564
0.9109663658466545,0.817642,0.9862433,0.97879297,0.15343107,0.1606276,0.64781797,0.7029075
0.8099498317614322,0.6457422,0.953887,0.9532232,0.1188508,0.107356355,0.26219562,0.24014854
0.7957782677351306,0.72282404,0.9507016,0.95131373,0.14450829,0.1568861,0.49456832,0.39570916
0.8653640200865608,0.6865274,0.9764796,0.9665402,0.10615092,0.17608204,0.3220606,0.19450115
0.9379997301665012,0.9565959,0.97989076,0.9783067,0.2707617,0.32959384,-0.10732236,0.34901533
0.9112305060172201,1.0603602,0.9603206,0.96258086,0.49170414,0.49100906,0.7768737,0.28548804
0.8319029409241174,0.5601943,0.97121304,0.9678643,0.057931498,0.07153632,0.5531149,0.60674965
0.9195909660857088,0.8107686,0.9716986,0.9742667,0.19795288,0.21579587,0.3740955,0.71540296
0.9351722112628884,0.7770977,0.9901316,0.98439217,0.13692515,0.1485762,-0.085116446,0.14744614
0.9475083022338123,0.7811551,0.99394715,0.984912,0.12513708,0.17927861,-0.19657373,0.1800666
0.9377661224386448,0.9252967,0.9869684,0.98011696,0.22622895,0.30170205,-0.8419288,-0.3890522
0.852526928373077,0.6194648,0.9579613,0.958621,0.115641415,0.12789114,0.59391135,0.4962413
0.8725236927138883,0.736842,0.9571909,0.9555359,0.19068432,0.23337378,-0.17306247,0.099162124
0.9269465283543546,0.7506124,0.9891507,0.9855321,0.116772465,0.12898749,0.04205001,0.5408765
0.8871530319021212,0.617976,0.9733198,0.97123456,0.09389598,0.10599902,0.118013546,-0.1135939
0.8328710197668299,0.7275488,0.9533449,0.9531046,0.17013846,0.1699586,0.5423181,0.44675344
0.8191643848625753,0.70608974,0.94459593,0.9439593,0.15310065,0.19570027,0.20712042,0.38301077
0.8407324101614739,0.5234534,0.9702371,0.9529163,0.06585209,0.08250568,0.31742305,0.42090997
0.9080944999295744,0.79852635,0.97705674,0.9702085,0.19068085,0.20271155,0.6945879,0.98002297
0.913442583727626,0.8729647,0.9718506,0.9627066,0.272753,0.36382967,0.4053812,0.5215123
0.8653296221954886,0.7192788,0.9615978,0.96825796,0.15219392,0.116456725,-0.6357772,-0.7082579
0.8423018541762894,0.5672259,0.95628536,0.9632602,0.08418694,0.08022841,-0.11635034,-0.063724786
0.9400395161935805,1.0525197,0.97966856,0.97174555,0.42060164,0.53190017,-0.6829761,-0.35741746
0.9191242732990299,0.76178694,0.9710652,0.9726453,0.1909811,0.20818608,0.027853234,-0.114791594
0.9223133762205348,0.9291297,0.97087365,0.97750545,0.27973896,0.2244109,-0.28725407,-0.15046842
0.7766519550527179,0.78113025,0.9336293,0.9405248,0.21373089,0.20031883,0.32194313,0.15686098
0.9004670111226802,1.0104082,0.9739883,0.9678937,0.31780386,0.30757996,0.6352495,0.6446563
0.9142875717993889,0.9366566,0.97134537,0.9705237,0.2739354,0.31045178,-0.30984768,0.028573584
0.8863730070069201,0.7206569,0.9730675,0.9704715,0.13148749,0.14552127,-0.7643933,-0.84462845
0.7826099415151804,0.5866667,0.9553481,0.9507376,0.097544976,0.10290289,0.35692686,0.2571228
0.9508093681123746,0.8510827,0.9925866,0.9864437,0.17806351,0.19413757,-0.23768306,0.1376525
0.8160953720678148,0.49036562,0.9696236,0.9610852,0.047627978,0.05851412,0.29414067,0.28854445
0.8531069733562787,0.58355284,0.9716838,0.9655617,0.07821452,0.0811308,0.15098825,0.2045951
0.9494922079316882,0.783709,0.9858368,0.98087096,0.16651826,0.22909282,-0.24426427,-0.19388606
0.9404117909350416,0.76268584,0.98910177,0.9887251,0.14966542,0.14267421,-0.56472605,0.20706746
0.8406572122064643,0.72044104,0.944449,0.95355976,0.20478845,0.14914794,-0.50596356,-0.41427633
0.9081637868545513,0.7905056,0.97088003,0.96449375,0.18693443,0.21904603,0.13190794,0.047594108
0.9381474673818986,1.0013006,0.97893435,0.9709418,0.37436277,0.4835348,0.07267675,0.19128041
0.7754656869226273,0.60179675,0.94171715,0.95150495,0.09826621,0.09387934,-0.20968688,-0.26024127
0.7168682832667312,0.68136823,0.9158371,0.94062287,0.14214475,0.11813062,0.26810703,0.23950978
0.8920241338249651,0.6413021,0.96954614,0.97061634,0.11785363,0.107608646,-0.06781699,0.042848896
0.929279674579187,0.82810074,0.9762173,0.97607255,0.2066411,0.22975217,0.24424079,-0.07183063
0.855648827089953,0.79992867,0.9518774,0.95850945,0.19536799,0.20568119,-0.3954069,-0.51430273
0.9260889132355563,0.9033568,0.9709275,0.9759721,0.274553,0.28434083,-0.15733014,-0.26839942
0.7862062082482483,0.6609358,0.95668083,0.9503068,0.09977497,0.11277126,0.6048874,0.64041704
0.8605926732077067,0.90314424,0.9545538,0.9609342,0.2738706,0.20456666,-0.8719183,-0.8066539
0.8787248237889929,0.7256026,0.95680326,0.96305144,0.19789243,0.17803794,0.20084341,0.170703
0.9013774552870981,0.72096056,0.97887045,0.9793799,0.1226711,0.13903376,-0.8019398,-0.4483749
0.8360663869786554,0.8669966,0.9497125,0.9429751,0.24186161,0.33748412,-0.25666082,-0.35843104
0.855669679634787,0.83322823,0.97550917,0.9745083,0.17760925,0.12883359,0.5099057,0.29869777
0.7454569804959521,0.5802941,0.96460396,0.97032475,0.051270954,0.05212344,-0.4483857,-0.52467936
0.7160029585453025,0.4672732,0.9461703,0.9233892,0.049972005,0.08460198,0.2756478,0.27000538
0.8759923882556955,0.6490122,0.96503174,0.96524066,0.13164246,0.10925694,0.112108245,-0.03255034
0.8719171187806847,0.6492969,0.96674705,0.97211814,0.095483474,0.11582726,0.20873119,0.32424366
0.895368631110745,0.69752014,0.9722412,0.9691299,0.13498494,0.15561008,-0.38650122,-0.3877681
0.9563852027263614,0.7810399,0.9946638,0.9892674,0.141114,0.16076846,-0.1417564,0.20565477
0.9529506813180272,0.85335517,0.9907301,0.9898736,0.15097708,0.14615129,0.58841217,-0.03558925
0.9076948392415782,0.87803656,0.9668532,0.96661204,0.30740207,0.27484104,0.21698211,0.24511857
0.8637857102314282,1.0047487,0.9431098,0.94114494,0.45840237,0.51088643,0.6160722,0.5393232
0.8291290340611612,0.97544426,0.9316651,0.9358271,0.4355942,0.3128291,0.2875811,0.13976388
0.9349396890040262,0.9550026,0.9776538,0.9710439,0.35027286,0.39613333,-0.4048237,-0.10985706
0.9384239742474813,0.79537594,0.9818658,0.97914135,0.17546651,0.22434944,-0.2956388,-0.15150139
0.791384543370375,1.0207133,0.93050486,0.92995834,0.4143125,0.39182436,-0.24027386,-0.21507359
0.8404749861511708,1.0142472,0.92213565,0.9225184,0.50035226,0.5556639,-0.60012496,-0.6094015
0.8441322283892891,0.7180154,0.9530369,0.9482404,0.16261488,0.17903072,-0.67314076,-0.5953943
0.9219461540999729,0.7813468,0.9862433,0.979119,0.15343107,0.20059882,0.64781797,0.6370747
0.9027880492428559,0.80634093,0.97063446,0.96359956,0.22925617,0.25380605,-0.5236618,-0.32617545
0.824090654339626,0.7301296,0.95186055,0.9421954,0.17150071,0.22205956,-0.91034764,-0.7575767
0.9349560402271194,1.0186613,0.97893435,0.9744204,0.37436277,0.39204237,0.07267675,0.18796492
0.7876823161152925,0.7524858,0.94195306,0.937144,0.16149089,0.20646688,-0.1345845,-0.14116757
0.8987335981629135,0.7692446,0.9754689,0.96474713,0.17169009,0.2500989,0.14197955,0.2396298
0.8849132860525313,0.6225027,0.9673812,0.9615182,0.11036865,0.14309342,-0.27672374,-0.3587798
0.5924589651703586,0.5167573,0.9046579,0.89894414,0.076672494,0.083944544,-0.29389068,-0.27447373
0.9005368520590871,0.806538,0.970687,0.96851104,0.21640067,0.20007548,0.45841438,0.50023496
0.9019200499968018,0.55318725,0.9775088,0.9751885,0.06541658,0.06810408,-0.37493405,-0.10323295
0.9097812414792495,0.57153577,0.9867788,0.97920465,0.060270946,0.09800623,0.16861139,-0.023892462
0.8963853211889261,0.85109574,0.97541064,0.9613885,0.26818904,0.30460396,-0.19676226,-0.14001381
0.7161218373180603,0.6360889,0.9178467,0.90454626,0.13500503,0.16662422,-0.50092095,-0.45012283
0.8952914897531467,0.84219044,0.95690304,0.9605063,0.30976737,0.27296653,0.31294,0.10674578
0.8424535103743592,0.6930663,0.95910376,0.96401,0.11980949,0.14238736,0.17433931,0.027214564
0.8395087856443513,0.67903185,0.97161716,0.95772326,0.11249463,0.1390312,0.12477582,0.26408228
0.7235450603018023,0.82365507,0.90524316,0.9227814,0.24390134,0.20331372,0.5598002,0.5454075
0.6493121753960706,0.827248,0.9097145,0.8874307,0.22586592,0.28053206,0.626891,0.5995498
0.9379519820940793,0.7208519,0.9829511,0.98593706,0.12399087,0.11036188,0.2575002,0.07992272
0.9135311700570962,0.93596894,0.96232617,0.97327894,0.31791425,0.2530286,-0.10945859,-0.2573011
0.7757304694292186,0.78951854,0.94572717,0.94655603,0.17887558,0.19144168,-0.023501469,-0.07895401
0.7353472821498912,0.58804643,0.9315322,0.9420159,0.09815227,0.09145846,0.5873017,0.6448801
0.9376881807075271,0.82637537,0.9877811,0.9829812,0.17906646,0.17823488,0.24714641,0.3389952
0.43396704977468187,0.480387,0.90912104,0.9160132,0.04197314,0.063062094,-0.2337053,-0.16354947
0.8698198699816705,0.82537127,0.96148974,0.9580048,0.21296366,0.26556313,-0.062549286,-0.13564962
0.8767274665941402,0.6814047,0.9786705,0.9774915,0.09446968,0.10053068,0.30425665,0.3878008
0.699735857542228,0.57633686,0.93541104,0.9409627,0.082411796,0.0860697,-0.028014319,-0.19285011
0.764457850916661,0.7374695,0.91859466,0.9360337,0.19839641,0.15530166,-0.9436933,-0.976083
0.9314158812566351,0.71022433,0.9826228,0.9797526,0.15018041,0.16403154,-0.7528972,-0.45158935
0.9168771829470872,0.90614516,0.96918935,0.96719867,0.32119828,0.37702602,0.1703538,-0.047351263
0.945579653471186,0.90591633,0.9888762,0.9832703,0.22229463,0.22686605,-0.12585464,0.17725521
0.809647680993907,0.6668227,0.95360446,0.9512437,0.11187401,0.139649,-0.16551656,-0.44552937
0.7767746956362729,0.6917221,0.9494034,0.96489054,0.11198937,0.086110845,-0.17376333,-0.17352857
0.7620547417461895,0.6059154,0.9545038,0.94242376,0.08653643,0.106487714,0.26598433,0.33577955
0.9484443002325346,0.8853917,0.9874053,0.97908413,0.24536818,0.3187426,-0.2324931,0.021920726
0.9437461337498453,0.8550842,0.9870293,0.9875021,0.15245557,0.16480799,0.9394938,0.57830083
0.6814071721842868,0.5608033,0.9282284,0.9305324,0.09695836,0.08654828,0.045837585,-0.09614957
0.8347689079507562,0.9150406,0.94628364,0.9347012,0.3072717,0.40381956,0.28485388,0.5871455
0.8108523857140953,0.6598383,0.9446911,0.9501805,0.15736607,0.13390909,0.1271589,0.14022562
0.8956204225128168,0.79429525,0.9620247,0.9570598,0.2241924,0.32370943,-0.30796656,-0.3751387
0.9281011141571425,0.7326829,0.9824613,0.9860589,0.1197923,0.11398906,0.93812484,0.88389194
0.9105567879742713,0.8374404,0.9862433,0.9811133,0.15343107,0.15268563,0.64781797,0.71429837
0.8848079007735514,0.5648534,0.97344035,0.97147924,0.07198184,0.09543291,-0.34071568,-0.33805823
0.9221823201094252,0.8293217,0.9685173,0.9724904,0.22580375,0.24397787,0.48675984,0.36105803
0.9142006118320243,0.72962487,0.98433656,0.98085004,0.13331375,0.13216248,0.08907672,0.5615845
0.8031040759994375,0.66083664,0.9554371,0.95638776,0.121028274,0.113279805,0.065423176,0.06782609
0.9147908208375879,0.73715436,0.9837903,0.98043364,0.1368348,0.15214619,-0.39567187,-0.6418845
0.8061879448235177,0.86652875,0.93818796,0.9517761,0.2498442,0.1605651,1.3981962,1.2522941
0.8243213518528539,0.96238965,0.93133247,0.9305485,0.4135239,0.42640668,0.40142953,0.6854297
0.878266577850663,0.66983014,0.9781933,0.974576,0.08290828,0.097008936,-0.035031002,-0.02022053
0.9237606694907672,0.8412828,0.9734341,0.9726391,0.22428265,0.263093,-0.7441758,-0.6808926
0.9375545482221819,0.8579787,0.9838765,0.98078156,0.20998165,0.22029258,0.22989763,0.4816912
0.9293210189968407,0.890424,0.97311926,0.97924125,0.28856185,0.2672791,0.0151471095,-0.00625209
0.7409793842329588,0.77539575,0.92646277,0.9329771,0.21311848,0.15479933,-0.77389485,-0.8789093
0.9370897286580792,0.7845471,0.9863732,0.9799627,0.15817337,0.19760475,0.28251657,0.30255473
0.9332875700035026,0.8358387,0.9851695,0.9791873,0.20333976,0.22706959,-0.28508702,-0.007857069
0.7987169874430178,0.7559582,0.9527543,0.96014786,0.13971806,0.121170565,0.75810933,0.82261395
0.9239125035768478,0.91532916,0.9720108,0.96880025,0.3291277,0.3064073,-0.13974448,0.0083078565
0.9141375590295023,0.657741,0.98435485,0.985575,0.08539915,0.092642285,-0.45488077,-0.17030485
0.8611218662208745,0.932193,0.9492523,0.94496316,0.35814393,0.3761822,-0.07456884,-0.18978551
0.8761588326783533,0.6180938,0.9746029,0.9702506,0.08984512,0.08002729,0.105740584,0.098945394
0.8089644773825789,0.6175417,0.9629275,0.96092427,0.08137992,0.10016752,-0.47857666,-0.4079619
0.9345255486834506,1.0305519,0.97893435,0.9728887,0.37436277,0.4041449,0.07267675,0.20636496
0.9400318354478342,0.9045462,0.986559,0.9836153,0.22971864,0.2247437,0.2572658,0.28417715
0.8793114236735604,0.9576378,0.9597016,0.96085614,0.3548494,0.26465827,0.64778584,0.71869904
0.834819405968776,0.7688382,0.9476263,0.9512148,0.20897666,0.19596769,-0.097353026,0.119736895
0.9193141077165643,0.6771698,0.98315865,0.98421305,0.10037004,0.10518179,0.85561675,0.67703253
0.879951527774061,0.740495,0.96549976,0.9617289,0.15164648,0.21029715,0.019658504,0.14808209
0.931403229896129,0.7016587,0.9808828,0.98195666,0.13255562,0.1337347,0.026527233,0.13910791
0.774490878403635,0.68782,0.93883115,0.94253314,0.14035276,0.15344007,-0.26445025,-0.2763832
0.88889200093168,0.78004265,0.9640545,0.96441936,0.19252889,0.24628715,-0.42403036,-0.40010753
0.9436348836653952,0.79618305,0.98027074,0.98101056,0.19068533,0.22905707,-0.4102027,-0.4129611
0.7887266593570663,0.63389605,0.9454343,0.95688194,0.11326924,0.107769124,-0.27148956,-0.17202243
0.63082350657608,0.7906714,0.90309715,0.92381024,0.2081721,0.13537923,-1.20975,-1.2685835
0.8179888963995557,0.7485921,0.947666,0.95972234,0.15121114,0.14279185,-0.76788175,-0.71464616
0.7777025197481007,0.76221025,0.9338273,0.945763,0.1899323,0.1569354,-0.7678298,-0.73829174
0.9301741375492897,0.6804781,0.99170876,0.9837558,0.0989003,0.12529758,-0.22244893,0.057266086
0.9024459888018395,0.78824806,0.97777444,0.9839783,0.12285578,0.116027884,1.422575,1.1440198
0.7847597458543897,0.7081097,0.94891155,0.9500328,0.15146095,0.124859415,-0.4259928,-0.49247953
0.9061788469991537,1.0429863,0.9622506,0.9563615,0.45869866,0.5764414,0.043722186,0.1471446
0.8806200140088004,0.6804517,0.9707627,0.9699018,0.13707553,0.13484678,-0.10657914,-0.036336225
0.9711581574383261,0.60907996,0.99384546,0.9929785,0.07103124,0.08225425,0.1123609,0.13171515
0.9307227564032475,0.90456927,0.97778744,0.9833895,0.21592115,0.19517307,0.36254555,0.42438385
0.890895151507806,0.79820603,0.97638845,0.972653,0.13896671,0.14591321,0.6539842,0.51917094
0.9046202200248086,0.71095395,0.97471136,0.9762134,0.13115388,0.12937912,0.5332989,0.5921603
0.9274808966832357,0.83694816,0.9767686,0.9765541,0.24084523,0.19931006,0.5973636,0.5426249
0.7905197875757639,0.54910374,0.963272,0.9526691,0.061237097,0.07377466,0.5941995,0.62780666
0.9170005664720225,1.0218588,0.96529466,0.96609634,0.47489992,0.4116825,-0.33157656,-0.3861498
0.9470060314162412,0.7421236,0.98112595,0.98336065,0.12191129,0.14027098,0.07130676,-0.024461983
0.9283295229891807,0.75045294,0.97683436,0.98095155,0.15201767,0.16427997,-0.37242174,-0.7054962
0.8849260823730432,0.6540032,0.971373,0.9783203,0.11085851,0.09638855,0.074427806,0.45891452
0.8874131038805241,0.6714123,0.97436357,0.97627556,0.11475858,0.110827476,-0.036828216,-0.1549683
0.8897476204539047,0.9530435,0.9765136,0.9726331,0.23739168,0.23180218,-0.86276114,-0.86130375
0.9214134507986519,0.7929927,0.9862433,0.9790353,0.15343107,0.1800836,0.64781797,0.7107356
0.7834350071454002,0.79206324,0.9297076,0.94530654,0.19648512,0.17684133,0.16803378,0.16557233
0.937996955119878,0.66721034,0.9876941,0.98799664,0.08694609,0.08859502,-0.23945804,-0.29373825
0.8870800781392031,0.6447404,0.97472864,0.97750515,0.10093491,0.089205906,-0.22033513,-0.25357527
0.9206463390559491,0.76487595,0.9816299,0.97498435,0.15465559,0.17267545,-0.28083906,-0.040030044
0.7833854986954198,0.5959702,0.96996474,0.9600281,0.07178088,0.09322414,0.6232621,0.5828135
0.8749928854367153,1.0437521,0.9523231,0.95358306,0.4332158,0.41092825,1.6736054,1.5893338
0.8693003448200137,0.66183525,0.970547,0.97196585,0.111191355,0.11930157,0.37115833,0.3836785
0.947005131512205,0.97936845,0.9846103,0.9816183,0.26761335,0.33555454,-0.2559474,-0.032854374
0.8395328903813155,0.58754647,0.9689257,0.9578784,0.07605683,0.119837455,-0.12572773,0.0357633
0.7403121766702545,0.6640663,0.94611955,0.95507365,0.11700028,0.10493478,0.4274858,0.2876075
0.9094593568263741,0.83122534,0.976205,0.97250503,0.21294121,0.22800574,0.24055105,0.6282499
0.8228737558146992,0.58085185,0.96154135,0.95695233,0.0888977,0.10591449,-0.33961025,-0.3451
0.8270845573073822,0.81376404,0.9501263,0.9598887,0.20018892,0.16215238,-0.1608503,-0.37196615
0.9235389725575587,0.7849814,0.9825183,0.9795428,0.15420717,0.15082057,-0.641498,-0.6531559
0.88189900583596,0.73874736,0.97417974,0.9737512,0.1419048,0.12200665,-0.7960727,-0.8723841
0.8505947163482028,0.6975774,0.9723619,0.96967417,0.11596367,0.11155607,0.11145965,0.20014647
0.9363373622534944,0.6690595,0.9859374,0.98560584,0.11076147,0.107573025,0.04724916,0.052895166
0.9066193192305316,0.7309048,0.9707234,0.9743293,0.15876335,0.15324982,-0.16317159,-0.042259682
0.876877228355089,0.6133581,0.9771807,0.9706105,0.08786011,0.09489992,0.025284892,-0.10077932
0.7777133129511976,0.775656,0.9593354,0.9601979,0.13548969,0.1083095,0.9092896,0.93169045
0.9408236419209456,0.86508185,0.9810719,0.97929084,0.22918437,0.23528232,-0.061367396,-0.17637987
0.8063102514204099,0.55549586,0.9732638,0.9659915,0.055808615,0.06266312,-0.30268344,-0.2191327
0.9379357762374309,1.0385098,0.97893435,0.97363406,0.37436277,0.4377018,0.07267675,0.21139057
0.7174029450161177,0.6482637,0.92256784,0.9247361,0.15616274,0.12701176,-0.1454014,-0.044306252
0.7875256244290249,0.71639,0.9268393,0.93873835,0.18430884,0.16230156,0.03936915,0.003383638
0.9117494127259763,0.7986903,0.97992504,0.97533774,0.1720699,0.20899296,0.4139051,-0.15451014
0.8622872824594912,0.67860824,0.96917987,0.95962626,0.12704265,0.18857548,0.28303728,0.4032182
0.9538220353368813,0.8258055,0.9929494,0.9869142,0.16596352,0.1812725,-0.4324726,0.067095205
0.8469879950518475,0.68456036,0.9765945,0.96487576,0.103771,0.11853979,-0.43464768,-0.7122802
0.8465716382148654,0.6726075,0.96635723,0.96819425,0.1067724,0.1092867,-0.05478326,0.13417998
0.830025128433005,0.5323386,0.96907383,0.9588655,0.054763794,0.085127205,0.56146926,0.6503354
0.9262488728579548,0.80345184,0.9862433,0.9827164,0.15343107,0.14833009,0.64781797,0.5919883
0.8666930983525246,0.9848971,0.9562117,0.9576483,0.3917732,0.271794,-0.13440758,0.214996
0.9257841463655847,0.88358355,0.97172743,0.97826916,0.23101367,0.21036176,0.1508777,0.20191525
0.8527586215023447,0.7286279,0.9685728,0.9661878,0.13154256,0.13318537,-0.3792397,-0.45318368
0.9336419370256774,1.0592191,0.97893435,0.974163,0.37436277,0.33987674,0.07267675,0.24046426
0.9460484451059377,0.8943618,0.9785762,0.9836204,0.23453215,0.23994617,0.050227504,-0.337425
0.7417778934791157,0.60596496,0.9544423,0.9470246,0.07739635,0.100443624,0.6549695,0.63946307
0.8134597470663898,0.8530325,0.9305927,0.9351247,0.24869137,0.31476852,0.5804909,0.7987607
0.8318924452436977,0.65002877,0.9617177,0.9574311,0.105846316,0.12923242,-1.2336166,-1.0766706
0.8415795947191836,0.7285263,0.9580016,0.9651002,0.14565398,0.11154427,0.50717956,0.3509445
0.9553965834318633,0.7619083,0.9911884,0.9911857,0.11720603,0.09883608,-0.2101178,0.0328359
0.8755889573595581,0.76791495,0.9550832,0.95527714,0.22589548,0.17036225,0.063705675,0.08343176
0.9725989792066438,0.72378695,0.99439645,0.99377894,0.09605442,0.08944163,-0.2456195,-0.15159205
0.6765193230607729,0.6474408,0.93375415,0.92267907,0.09891809,0.13440746,0.1390855,0.13094996
0.8402072489362898,0.53982764,0.9660388,0.96441853,0.060312085,0.06954611,0.13762906,0.33917958
0.9084225454787039,0.7865849,0.98121613,0.974612,0.17368813,0.19414371,-0.97737324,-0.6799281
0.9382374316734973,0.8167124,0.9906553,0.98404086,0.15539381,0.19564265,-0.79568714,-0.27651656
0.9393934682317386,1.0155082,0.9825877,0.97684497,0.30500346,0.42061836,0.2222064,0.34762275
0.6994899478851733,0.5815155,0.936446,0.9327841,0.08947539,0.09098415,-0.67670035,-0.6073967
0.9074516958820678,0.5720784,0.98952085,0.9777863,0.056549296,0.10022924,-0.05754583,-0.16598636
0.8974512631620505,0.79460824,0.97273356,0.97873354,0.16772231,0.16386732,-0.0146900965,0.2584585
0.9084470533196849,0.7294348,0.9754689,0.96695405,0.17169009,0.2031375,0.14197955,0.2721437
0.879611228592449,0.7307805,0.97075254,0.9723303,0.12335404,0.15075311,0.29454684,-0.09188833
0.7871355553603134,0.6937836,0.9301916,0.9390334,0.16024184,0.14203021,0.2914862,0.12224695
0.8698879432755176,0.6997115,0.9736147,0.97354084,0.10563346,0.12034095,1.2307948,0.96999604
0.7321914017708014,0.59799975,0.94731814,0.9471962,0.084345214,0.080600396,-1.1125611,-1.1276648
0.8837408744856348,1.1797376,0.92985904,0.9269934,0.84003156,0.8726533,0.39505354,0.41997597
0.921889103819564,0.81150955,0.971864,0.9694517,0.2226519,0.25881663,0.5802451,0.7100277
0.9038351907454076,0.8023188,0.96534806,0.96912295,0.2032424,0.19701387,-0.18802552,-0.30301088
0.8540862279919472,0.81024677,0.94886345,0.9529244,0.24372959,0.26069215,-0.47270358,-0.6483006
0.9258899826480421,0.9514733,0.9772999,0.97434795,0.32838255,0.3171661,-0.90133417,-0.54870987
0.9232640920985635,0.8772674,0.98045146,0.9759158,0.2465421,0.24588682,-0.13273925,0.04453723
0.8127905120136484,0.62646115,0.969782,0.95452726,0.09339915,0.12984784,0.3932244,0.64398706
0.8828096449227606,0.7672308,0.9731867,0.97087944,0.16443214,0.17238124,-0.42274824,-0.5747723
0.7685850689698488,0.9334421,0.94060564,0.92376995,0.2663774,0.43057424,-0.49412972,-0.6124139
0.8475799784791991,0.6651557,0.9535924,0.95419097,0.15224642,0.17430417,-0.14948577,-0.08924412
0.9579973913188875,0.6724042,0.98816967,0.9869671,0.103699006,0.13113022,0.22092213,0.026959412
0.8892024646560985,0.53864366,0.9747754,0.9786897,0.05421869,0.070678316,0.44880512,0.30444387
0.8616441032318026,0.57157123,0.97291154,0.96313345,0.065665275,0.1083696,0.58684766,0.5551046
0.8381746396069855,0.4674894,0.96922725,0.9697992,0.043397136,0.042190444,0.5902631,0.45795643
0.8186735407135343,0.71545035,0.9678497,0.95015794,0.12545513,0.15563722,0.3987328,0.53763527
0.937400005710498,1.0490159,0.9786186,0.9727339,0.3970784,0.49410555,0.27367517,0.46051624
0.7845627090521673,0.6262248,0.95204365,0.9464895,0.10696153,0.12594798,0.5462664,0.64460635
0.8832212727736399,0.81817394,0.9665068,0.9699294,0.1802939,0.16581266,-0.9798504,-0.95914775
0.4038746547823721,0.48120785,0.8706535,0.9024595,0.074561976,0.039005227,0.2806004,0.2940898
0.8924209204648368,0.8130561,0.978257,0.9765472,0.2013346,0.13946375,-0.39746913,-0.27195552
0.9285899136875965,0.71258587,0.9823219,0.98261565,0.12889427,0.12126957,0.14320137,0.021252828
0.8181694821987792,0.74219084,0.9559196,0.946849,0.17067567,0.2103516,0.04618493,-0.0913504
0.6127864645901655,0.5079737,0.9046579,0.89821756,0.076672494,0.07898592,-0.29389068,-0.3006252
0.8266313673052545,0.5821712,0.9709944,0.9741355,0.06647598,0.06642545,-0.4161912,-0.361117
0.9208620318645819,0.79626906,0.9862433,0.9837738,0.15343107,0.13607483,0.64781797,0.58654153
0.9484376120815042,0.9177185,0.9906158,0.9847144,0.20322303,0.24469142,-0.48956215,-0.04797024
0.9395786444856957,0.84457225,0.9831657,0.98100954,0.19224934,0.24647017,-0.102541335,-0.034899697
0.9334204986168197,0.99631935,0.97893435,0.9742607,0.37436277,0.3714944,0.07267675,0.18018812
0.8674904078292557,0.62415165,0.96962994,0.96975636,0.09722705,0.11426876,-0.11015436,0.093126774
0.8875779901004216,0.85752785,0.9725262,0.9658368,0.19256811,0.2530786,-0.1708931,-0.0460934
0.9076162203046486,0.79541296,0.96380293,0.96473324,0.24592027,0.2471488,-0.05261635,-0.17667079
0.8968076764698305,0.85348743,0.970535,0.973341,0.21747838,0.19217628,-0.3831595,0.068738714
0.9206434958977396,0.9098328,0.97594905,0.97671956,0.22788112,0.29808822,1.474441,0.85997015
0.6531855988151004,0.5437287,0.92636037,0.9210571,0.05937651,0.12478107,-0.73741305,-0.74571055
0.9352233321993787,0.87237,0.98330384,0.9771961,0.24367619,0.28528482,-0.9624534,-0.5181216
0.9178249069849962,0.8696709,0.9674794,0.9742483,0.25094563,0.25331828,0.05061735,0.2116375
0.9459239283009571,0.66764104,0.9899575,0.98510057,0.09674218,0.124482535,0.15071118,0.2576113
0.6318417637696705,0.6352676,0.92687035,0.9213227,0.10039294,0.13145082,-0.6010311,-0.61692375
0.723396864393236,0.68452096,0.9464485,0.9564688,0.10071251,0.08098423,0.03819787,-0.04268696
0.9184756724570703,0.826287,0.9869914,0.984948,0.16050653,0.14790225,0.7708942,0.9565765
0.8533347235733888,0.67220104,0.9650229,0.96449506,0.12210834,0.12630162,0.02917494,0.05136353
0.6000310381452414,0.4862449,0.93147784,0.8988829,0.050792493,0.10762997,-0.7268268,-0.722627
0.8517646806625873,0.71839976,0.9504639,0.94103676,0.16714373,0.21014036,0.2046048,0.16666447
0.7061038910771021,0.6720256,0.9335901,0.9313711,0.11575818,0.11917223,0.44922623,0.5187731
0.8141217379408694,0.6156476,0.95949024,0.95647,0.07651342,0.115521826,0.47876674,0.44642136
0.9199122812665692,0.77506196,0.9738452,0.9796761,0.16718593,0.12951496,0.1320775,0.02750982
0.8802200018379254,0.9033902,0.962457,0.96763325,0.2824532,0.23488054,0.5856456,0.38351786
0.8187601599504062,0.59570587,0.9494014,0.9453149,0.10220067,0.12082137,0.041884188,-0.18035331
0.897512642994046,0.7670319,0.9754689,0.96504325,0.17169009,0.21970347,0.14197955,0.25415412
0.821844615949509,0.6215434,0.95436686,0.95024633,0.10009517,0.113148466,0.37127507,0.3983543
0.552100700932028,0.5402716,0.9046579,0.9085065,0.076672494,0.07062668,-0.29389068,-0.21498011
0.9601717222148688,0.7220148,0.9878954,0.9901841,0.114569895,0.13509433,0.46464545,0.1694518
0.9476284838251393,0.82219917,0.98470366,0.9866559,0.16777061,0.16025104,-0.01709766,-0.3023694
0.7482266374810654,0.57992727,0.950085,0.95234686,0.081524655,0.07897336,-0.173511,-0.17470722
0.881609404064376,0.80427223,0.96038115,0.9615283,0.20244046,0.20021282,-0.52689433,-0.49141872
0.7046339975613598,0.5061827,0.93128765,0.91784525,0.06986629,0.08608097,0.5646217,0.5578767
0.9484320761428076,0.7244987,0.99173516,0.98982227,0.10402639,0.097961046,-0.14309856,0.04058352
0.9298680585067222,0.82788837,0.9827223,0.97509605,0.21902087,0.2538159,-0.38201123,-0.5817062
0.9077638715483413,0.9466967,0.9622254,0.95663875,0.38787642,0.44843552,0.055655044,-0.0676967
0.9458387816735511,0.83124584,0.9889147,0.9810888,0.19845058,0.24691178,-0.5549349,-0.16697714
0.7509646820065872,0.7311157,0.9213436,0.93990165,0.19941233,0.13347659,-0.21958509,-0.16880432
0.8427779215831167,0.72786045,0.9577041,0.95310336,0.1573273,0.14596608,-0.37729773,-0.35610506
0.7683497623819904,0.59734154,0.9492957,0.94673365,0.10406068,0.10366589,-0.34256542,-0.26457492
0.9241719948548797,1.0612907,0.9662487,0.97087485,0.4269157,0.3871327,-0.07969997,-0.12489449
0.6868643618105744,0.6447053,0.95825684,0.92167425,0.08721115,0.12320285,-0.23111099,-0.20447499
0.9315258176770326,0.77190757,0.9890969,0.9842942,0.14187798,0.14010099,0.73507106,0.7008467
0.9391890457275617,0.7836161,0.9929176,0.98737055,0.12907621,0.13632205,0.057546057,0.2312119
0.826668928554757,0.7054965,0.96481353,0.9566772,0.13140509,0.124738134,0.2096695,0.2732803
0.9587259146370364,0.8191157,0.9925437,0.9920742,0.14235856,0.13864677,0.46531618,0.041502554
0.9006476427091369,0.8042142,0.970687,0.96855646,0.21640067,0.19695264,0.45841438,0.49008143
0.8838352302974092,0.79253346,0.97508353,0.9744606,0.14255153,0.118998,0.36016834,0.11761024
0.908089453379578,0.7945299,0.96597564,0.9671541,0.22536571,0.20945674,0.48570356,0.2484594
0.8927739048949561,0.9873176,0.95984936,0.958568,0.37980253,0.40866032,0.028278667,-0.29151934
0.8282366626654664,0.59003866,0.9523911,0.95552063,0.08543439,0.07512873,-0.14128397,-0.15194453
0.8733415645066228,0.7459562,0.9590773,0.9608719,0.20648956,0.19159701,0.09526729,-0.0027405296
0.9382587420423495,0.75383294,0.98751277,0.98102605,0.15352671,0.16841568,-0.3641671,-0.037947726
0.9041129760422177,0.63248354,0.9775665,0.97898746,0.09506468,0.10122593,-0.011183536,-0.15057823
0.7271918253116729,0.76445097,0.9163544,0.9117208,0.2336716,0.22176133,0.49155346,0.42653832
0.9056398942153311,0.70277816,0.9782422,0.9798745,0.11593056,0.122948766,0.54166156,0.48734528
0.7911597505583899,0.6812172,0.9493341,0.95158076,0.12018828,0.12719469,1.4225408,1.5074084
0.8138525265701009,0.7630579,0.9586981,0.95928913,0.17700379,0.13998231,-0.030417597,-0.06532778
0.8696794324880496,0.75861967,0.9499171,0.9456957,0.21834074,0.24786529,0.33471107,0.5796873
0.8877606782037334,0.8420881,0.9658184,0.96553224,0.22738834,0.20612538,-0.44455308,-0.67373246
0.9276194660647784,0.7403274,0.9826468,0.98223335,0.104159065,0.16321324,0.37745276,0.00781222
0.9574958632508144,0.77839917,0.9883552,0.99020374,0.13999681,0.13484743,-0.29524222,0.07889705
0.8952998610279943,0.8692219,0.9649155,0.967262,0.26660696,0.20605409,0.4781239,0.3582532
0.8369491351419653,0.8392017,0.93478173,0.92282367,0.29264757,0.3281131,0.019218916,-0.031796332
0.9411729347640937,0.9395237,0.98581636,0.9881742,0.1681055,0.20890015,-0.5577891,-0.68424195
0.9182976360599053,0.67651236,0.97611576,0.97548616,0.13213398,0.15085444,0.2919322,0.004517231
0.9211520447820817,0.7876958,0.9862433,0.97911185,0.15343107,0.1577261,0.64781797,0.7159677
0.7083952217438088,0.60360354,0.9350096,0.92636496,0.09486912,0.09651297,0.5620498,0.5236606
0.8306945364597814,0.95651686,0.9086541,0.9232768,0.48797208,0.39444143,-0.58321756,-0.38747767
0.8649889141835565,0.56661224,0.98448527,0.9716414,0.05523816,0.07868159,-0.13803342,-0.04347972
0.9138470853858833,0.90099466,0.97104967,0.9647636,0.30870914,0.32174197,0.52575016,0.57681966
0.8790487738819508,0.7962903,0.96376413,0.9646273,0.1975263,0.17656523,0.1896733,0.496394
0.939117702172708,1.0173557,0.97893435,0.9741634,0.37436277,0.3648574,0.07267675,0.2073066
0.7753242671089706,0.70712686,0.9540254,0.9422911,0.12919123,0.15929179,0.011502527,0.13429694
0.750073926002957,0.6814956,0.9541539,0.953812,0.10279386,0.10408344,0.270815,0.19076921
0.896100511449527,0.7726252,0.9754689,0.9676136,0.17169009,0.20307826,0.14197955,0.27842495
0.7119803904632156,0.6800884,0.93212515,0.9258626,0.11832874,0.14217816,-0.40472952,-0.36645716
0.7990584423303376,0.7396647,0.9224715,0.94152254,0.19982156,0.14819498,-0.5855384,-0.42716587
0.8651532509948936,0.5894734,0.9653725,0.9704495,0.08333396,0.093053944,0.42392495,0.2415131
0.9389958227758328,0.92408466,0.9749485,0.9709513,0.2897732,0.37075746,0.115902536,0.016794797
0.910405977846089,0.7184903,0.9789101,0.97872186,0.15213823,0.11760708,-0.6878907,-0.46133345
0.7519630129445677,0.76445913,0.9209424,0.9280782,0.20846857,0.19304048,0.19136614,0.1384539
0.7204610586424423,0.52333915,0.9278006,0.9404391,0.06687831,0.070573494,0.34301832,0.3445611
0.9483076446843056,0.79126215,0.9918735,0.9850348,0.16393283,0.19618355,-0.91808367,-0.28327283
0.8795941681379871,0.70326954,0.9598162,0.9708505,0.15968584,0.12583916,-0.1616358,-0.12927748
0.8995828320793131,0.68263143,0.97017145,0.9753152,0.11453494,0.121109396,0.91773844,0.7464295
0.9656319891212793,0.77075,0.9925908,0.99242496,0.12274991,0.10950107,-0.52695245,-0.08566242
0.9368901432100912,0.72745675,0.98689115,0.9878802,0.09615872,0.12266645,0.35122243,0.5095567
0.6271642693566748,0.52117187,0.9293904,0.92655027,0.06064141,0.091520146,0.8797915,0.8173786
0.8928835463073417,0.97585857,0.95720416,0.9456928,0.40538162,0.4938751,0.30870247,0.18584219
0.7229808311925847,0.643362,0.9580227,0.94672793,0.09028263,0.09971092,0.21531859,0.2042592
0.8201898175632774,0.65370524,0.9461214,0.9388112,0.14852084,0.1575338,-0.275559,-0.22966175
0.9018728682725597,0.96051866,0.9562436,0.9657836,0.39785585,0.31790707,-0.059123814,0.19756635
0.9476798824191952,1.0459799,0.9815981,0.98193717,0.2837697,0.34377503,-0.61183465,-0.27558985
0.9340019868640793,0.8288754,0.9845873,0.9817941,0.16749446,0.19970536,-1.43525,-0.7206426
0.8298230002329199,0.8029004,0.9594,0.9643058,0.19339946,0.14103737,0.5932699,0.29461837
0.867354628687818,0.79880464,0.96917844,0.9590816,0.21619605,0.21549153,0.2753525,0.061801076
0.909405056078028,0.6188553,0.98466444,0.974352,0.0957258,0.12356504,0.11304716,0.33129776
0.901841078281643,0.7248616,0.9665883,0.97266734,0.1534714,0.15108119,-0.9038757,-0.9150246
0.911429430601177,0.6720262,0.9869591,0.9811884,0.08065504,0.11480257,0.05192238,-0.6849605
0.9638413764327872,0.5654329,0.99302995,0.99336624,0.046640027,0.05926372,-0.31150803,-0.3946082
0.935414475240579,0.87731236,0.9868842,0.9749085,0.22194807,0.3745782,-0.20621637,-0.19931675
0.903463925034557,0.7377792,0.98965454,0.98280525,0.12925784,0.104308784,-0.26650506,-0.30467328
0.8921240031303711,0.7505662,0.97219634,0.97303116,0.15600154,0.16465104,1.3118991,1.3225094
0.936659303450372,0.7496549,0.9813978,0.9837297,0.15001442,0.15635188,0.058259614,0.031549785
0.7096723539719263,0.5055184,0.9396536,0.947137,0.065702654,0.049536243,0.9539115,0.8554021
0.9002375955191096,0.54149765,0.9730716,0.97367543,0.07051816,0.08680227,0.8432351,0.74883074
0.9166587504163499,0.6296669,0.9727082,0.97696745,0.10732806,0.10662647,-0.09131989,-0.24335793
0.8218203434242612,0.70137113,0.97123796,0.9645633,0.08776512,0.12596096,-0.43056044,-0.44540107
0.9182886330835451,0.6844212,0.98188305,0.9857048,0.08560983,0.1015936,0.6052598,0.57113683
0.904629369086886,0.6682558,0.9807058,0.9799845,0.11241069,0.09771645,0.36745316,0.5180888
0.9115703368324465,0.70604193,0.97585624,0.977804,0.1372968,0.13606219,0.33896917,0.29832613
0.9520263894159042,0.84683913,0.98953354,0.99188834,0.14042576,0.1274348,-0.54230857,-0.40438002
0.834033703721382,0.7179897,0.9437466,0.96649855,0.17263734,0.11680492,0.46143398,0.37562546
0.8754091578693761,0.9389975,0.95553833,0.9440815,0.38726026,0.4583879,-0.44192293,-0.27378926
0.6864324817932992,0.53408957,0.9210868,0.92745584,0.081016816,0.07083126,0.28954247,0.2924027
0.9559956841278272,0.99854314,0.98716277,0.9877809,0.22566196,0.2507433,-0.13557608,-0.021495469
0.9269889154538042,0.7625976,0.9862433,0.97882146,0.15343107,0.1651193,0.64781797,0.6627124
0.8866949924330803,0.6542795,0.97717327,0.97980267,0.106109805,0.08946573,-0.11436519,-0.17741661
0.8912679736881094,0.9122456,0.9617143,0.95581335,0.3305657,0.40887427,0.6222921,0.76949567
0.9169817703172785,0.6349982,0.9843197,0.9844353,0.078422844,0.082728885,-0.38166142,-0.57802457
0.9481201999728079,0.8081193,0.9892951,0.98898256,0.13508093,0.14819181,-0.48072922,-0.33251333
0.8394435525857419,0.6127955,0.9521127,0.9549264,0.11117025,0.11793595,-0.24069504,-0.3776065
0.8171147845602021,0.9987929,0.93075615,0.9237638,0.44255674,0.5520525,-0.032831155,0.046942692
0.9115512754380508,0.8803153,0.9742509,0.967927,0.2876007,0.3565046,0.68477595,0.6851387
0.9323792770295483,0.752543,0.9886051,0.98595876,0.10653165,0.11651433,-0.3044542,-0.5235012
0.7137482693179307,0.64121014,0.92658865,0.9245451,0.12744221,0.13918482,-0.4670487,-0.47064462
0.9222876233776398,0.73004985,0.9811746,0.9769404,0.1421084,0.17025498,-0.17843029,-0.40589988
0.8223475708373755,0.69422907,0.9622733,0.94952506,0.11840815,0.17700809,0.74229443,1.0087572
0.8726934422997376,0.8080587,0.96176386,0.9540604,0.20924385,0.23195179,-0.91502106,-0.6892517
0.745709653220386,0.85392094,0.92066056,0.937064,0.26328796,0.17004919,0.51537067,0.46858308
0.9378075289908085,0.6653342,0.98761374,0.98446214,0.09235487,0.11065797,-0.24005474,-0.26612586
0.8243825681188732,0.73090315,0.9395989,0.9423731,0.17657629,0.19404647,-0.48085186,-0.482445
0.9102073736882947,0.6310549,0.9792635,0.97740936,0.0750211,0.114838004,1.1081212,1.0470381
0.9257006679080266,1.0616874,0.9656893,0.9608473,0.5221545,0.5306775,-0.4361423,-0.2056463
0.8899451499658059,0.7304336,0.96622163,0.97314996,0.14049622,0.14370933,-0.1740006,-0.097777575
0.9515647304374267,0.70311564,0.98752445,0.99048984,0.115426034,0.109774984,-0.00026814762,0.084563375
0.8560922716516907,0.715378,0.9673273,0.96321404,0.11756535,0.16308194,-0.71292293,-0.8607941
0.8877660366626414,0.7071778,0.96731615,0.97202164,0.14604996,0.1248385,0.28519294,0.04813904
0.8908144842405793,0.7953547,0.96847713,0.97638136,0.17301564,0.1559799,0.14657925,0.259036
0.9399536996781479,0.7200777,0.9873923,0.9848226,0.11517203,0.1238223,0.1805379,0.24144977
0.9228741962651169,1.0654745,0.96090776,0.954698,0.5598172,0.6859811,0.044029202,0.1529953
0.9052268099427979,0.8181191,0.9740898,0.97198266,0.2090889,0.17111729,0.29065344,0.30177528
0.937139300397572,1.0106423,0.97893435,0.97597927,0.37436277,0.35182735,0.07267675,0.21809138
0.8521937621837503,0.7244724,0.9595533,0.9495297,0.13835123,0.22550389,0.5074955,0.48193905
0.91124225449769,0.74004227,0.97557366,0.9709484,0.1786851,0.18788263,-0.46525106,-0.29455373
0.9047782771888456,0.71121156,0.96518177,0.97253054,0.15114628,0.16529612,-0.27557918,-0.22709739
0.8872153794886151,0.88872594,0.96885145,0.96538347,0.22430065,0.21894053,0.15067944,-0.3398774
0.934198264868772,1.138255,0.9690659,0.96430475,0.6200879,0.65452325,-0.31997496,-0.104452714
0.6762178416727136,0.6470762,0.9431983,0.9386795,0.100384444,0.10034784,0.030555528,0.06622595
0.7544256023551303,0.6817095,0.9544876,0.92754614,0.12714003,0.15888259,-0.41730428,-0.5691991
0.8281482176418044,0.7478072,0.9407636,0.9289213,0.22039942,0.3095804,0.00950392,0.06642456
0.7893881457515257,0.62188125,0.9250866,0.92194265,0.13039306,0.14529057,0.3367531,0.10102222
0.8573524473820977,0.79523224,0.9639975,0.9620997,0.18370257,0.2057353,0.6130097,0.29077765
0.8816619863116394,0.6464586,0.97335196,0.97312087,0.10837974,0.104793556,-0.35996437,-0.36643136
0.8992157400646295,0.841344,0.9692063,0.9649958,0.25699925,0.26204494,0.050565835,-0.11034116
0.8999012695640507,0.6995128,0.9714466,0.9724201,0.13680905,0.16386065,-0.30571583,-0.3134032
0.8428221095208843,0.8292061,0.9526592,0.9529943,0.20879151,0.2549251,-0.8445067,-1.0858657
0.7540652425146096,0.70982563,0.9337918,0.949591,0.15403803,0.11647321,-0.36247706,-0.34563905
0.8715051054842041,1.0262197,0.94580775,0.9462857,0.42602077,0.43707594,0.5001118,0.6016698
0.8929042859296011,0.69392914,0.9727428,0.9760491,0.13149352,0.10995205,0.34600723,0.46389216
0.8946607642344305,0.59873396,0.9757831,0.97840595,0.07373197,0.08485859,-0.07881883,-0.12957768
0.9293780685351226,0.6996874,0.9880907,0.9846808,0.09996116,0.095624834,-0.5981383,-0.40392068
0.7470628432764433,0.6760264,0.9426439,0.93412066,0.124462985,0.13863367,-0.74864435,-0.95162016
0.6238364674644308,0.49910912,0.9276669,0.91010135,0.056040082,0.0820892,-0.055465247,-0.04673208
0.7870207821048311,0.8627833,0.9041644,0.89955425,0.34651375,0.41616496,-0.9746751,-0.9037864
0.7682248637554319,0.77735555,0.91679883,0.9161988,0.27965266,0.21754044,-0.495943,-0.46780363
0.84675644342658,0.62869763,0.96192443,0.94845855,0.12103656,0.122855626,0.27100205,0.08030651
0.6902594641709447,0.5886554,0.9319394,0.91990924,0.089878336,0.13350028,0.5420284,0.43876824
0.950644874409795,0.6655985,0.99307424,0.9887274,0.08344707,0.10831572,0.38652188,0.86403286
0.9082581724263269,0.84817487,0.9740547,0.96658355,0.1941116,0.27817032,0.32816717,0.32078466
0.8359063890443792,0.5425734,0.9794981,0.9760885,0.043655347,0.047970336,-0.26119968,-0.283397
0.9341057242506475,0.7367333,0.9862433,0.9802445,0.15343107,0.16401634,0.64781797,0.68268645
0.9320095872323834,1.0415952,0.97893435,0.9721308,0.37436277,0.47798377,0.07267675,0.1783913
0.8158282351611292,0.5658191,0.9564716,0.96076053,0.08034662,0.094392054,0.80580395,0.78817105
0.9222446924159216,0.9868421,0.97568303,0.9674003,0.33207536,0.46252108,-0.07272121,0.068509325
0.919253396040198,0.7073843,0.98737085,0.98316026,0.110989474,0.10205047,0.92713296,0.90160114
0.9042091030060653,0.73126704,0.9754689,0.9698809,0.17169009,0.19490224,0.14197955,0.25154465
0.9271108444124336,0.6230243,0.9860991,0.98711514,0.060970947,0.076617524,0.99914825,0.5499308
0.9039449285417971,0.7362813,0.9847848,0.97824293,0.11281254,0.15019631,1.1630763,0.77633095
0.6142260724730427,0.51045674,0.9046579,0.8813484,0.076672494,0.09587198,-0.29389068,-0.29369926
0.7959393811815751,0.6928377,0.90744627,0.93646145,0.20793524,0.19125327,-0.3840003,-0.26500934
0.935488059313974,0.723018,0.98629165,0.9847618,0.13029097,0.11961072,-0.30422437,-0.51691335
0.7673345039733801,0.65426415,0.9543692,0.95746195,0.097965635,0.10563616,0.64204913,0.6615406
0.8747345485893818,0.82597184,0.9608786,0.9742615,0.19626364,0.14516567,-0.1444986,-0.47239706
0.8575548880347768,0.9225516,0.93104136,0.9425342,0.38533556,0.36242488,0.026458258,0.1081851
0.8850682470719715,0.90933484,0.96552306,0.96879315,0.2699055,0.22962147,0.87856805,0.75377846
0.8477873773674949,0.65658146,0.95334256,0.9540193,0.1261608,0.16167554,-0.024747476,0.09925112
0.886725302007575,0.8651534,0.970687,0.9603348,0.21640067,0.2585528,0.45841438,0.49125174
0.8981006713160267,1.0347925,0.9586609,0.95012283,0.46860236,0.5601902,0.5054367,0.5814132
0.85355275244611,0.6911288,0.96439695,0.9622913,0.1351033,0.1301319,-0.2830062,-0.16641645
0.9211266413570653,0.79552484,0.9696317,0.9693106,0.22160205,0.23572826,0.09048196,-0.04523898
0.8737149001965958,0.6961963,0.95835966,0.96460676,0.14133236,0.15513977,-0.4207962,-0.2817969
0.8803103670735423,0.7215912,0.9672157,0.9645262,0.14940673,0.17697766,0.16561086,0.07893755
0.8765817338152693,0.6996561,0.9737227,0.97309285,0.12401624,0.10678228,0.4007329,0.41733667
0.8882203562221316,0.8611914,0.96467507,0.96668035,0.23796538,0.26260564,0.23144948,0.1602111
0.9121025904478847,0.74798375,0.9896037,0.98686516,0.110691324,0.09264638,0.36665234,0.7144151
0.8112264417610576,0.7250001,0.95199066,0.96356404,0.16544534,0.10081778,0.36701956,0.23193224
0.922162854812646,0.96890193,0.9647308,0.97028714,0.35810134,0.32056788,-0.85714173,-0.6569914
0.9527556727662269,0.8604051,0.98996776,0.9880317,0.16706076,0.20672178,-0.2789835,-0.26609194
0.8959435508457421,0.83973616,0.9649882,0.9642879,0.25682136,0.24656583,-0.053340692,-0.025794087
0.6530228696885874,0.5509335,0.9447628,0.946267,0.062634625,0.061353907,0.5752417,0.51586723
0.8740227905658882,0.59201235,0.96273106,0.95716447,0.09898218,0.102589495,0.15396634,0.14090894
0.8637390938775635,0.7548468,0.9620291,0.9640734,0.18160318,0.14861515,-0.13272099,-0.087361135
0.8501192958171747,0.6825983,0.9670054,0.95987725,0.13320439,0.14290872,0.15647972,0.00055438856
0.8577762426630496,0.6043773,0.97177166,0.9672107,0.07163754,0.10793886,-0.011054417,0.21562244
0.9271754478070178,0.70883936,0.98298377,0.9785716,0.1255361,0.12692213,1.5709829,0.9397816
0.9322532588548783,1.0136632,0.9815982,0.972174,0.3315312,0.49706405,-0.14734904,0.06997276
0.8979314665788091,0.7742227,0.97460276,0.9709722,0.16442403,0.1939236,0.9699388,0.65693206
0.9479314971812598,0.80956256,0.9918831,0.98478794,0.16925184,0.19971818,-0.6521637,-0.16815968
0.9314941500597659,0.75543433,0.9862433,0.97677785,0.15343107,0.20938969,0.64781797,0.61066914
0.7650190642031229,0.59062415,0.9653668,0.96973926,0.07200039,0.052622758,0.21876495,0.3395604
0.8999285004187383,0.76718146,0.97022235,0.9717166,0.15842818,0.20260248,0.42606485,0.0035801784
0.8480314198136096,1.0128869,0.9454784,0.9492108,0.4063553,0.2641841,-0.0032840942,-0.17759529
0.8952597352343894,0.8123028,0.9727488,0.97613275,0.16596538,0.21446262,-0.19668819,0.18230262
0.894000381936015,0.575399,0.9841219,0.9744408,0.051987782,0.08416432,0.044495527,0.12401618
0.8498665138666605,0.49193817,0.97756696,0.9738682,0.046537526,0.03731757,0.48458788,0.35873735
0.9380220898408835,1.0126333,0.97893435,0.9723027,0.37436277,0.45653,0.07267675,0.18616112
0.8946970904438836,0.7155364,0.9718835,0.9699832,0.14675608,0.17262264,-1.1969001,-0.85021967
0.940957628934305,0.5899048,0.99070185,0.99008524,0.05126543,0.062664,-0.03611125,-0.2582289
0.9035142822902557,0.7319966,0.9754689,0.96731716,0.17169009,0.20097734,0.14197955,0.2512443
0.828996951947774,0.7434884,0.96726006,0.9665777,0.11716426,0.1434389,-0.19124244,-0.1609223
0.9379848154393925,0.9437652,0.9761517,0.9688801,0.36093777,0.4005517,0.28669873,0.3264443
0.8144601729944069,0.69725096,0.9465221,0.95199615,0.13123058,0.14440732,-0.6510955,-0.48371512
0.6024581967383278,0.5191346,0.9046579,0.9259728,0.076672494,0.052002598,-0.29389068,-0.25619328
0.9749022312434868,0.7745137,0.9948592,0.99327135,0.10713266,0.13885747,-0.67627203,-0.27242497
0.9618352555934101,0.6749283,0.9921357,0.99157876,0.08884134,0.10526354,0.27711886,0.18522367
0.7906047471761898,0.678859,0.95331055,0.93991196,0.12993841,0.1454432,0.5067966,0.4326346
0.7620467910921609,0.56520706,0.943087,0.936379,0.089856885,0.116707966,0.15229155,0.14369556
0.8791972882878915,0.6167099,0.9680346,0.97119313,0.10195783,0.09779589,0.18944791,0.15895957
0.863216191957365,0.6354383,0.9729672,0.96979594,0.07929799,0.11127277,0.08383922,0.2975899
0.8850942772597711,0.62952065,0.97348833,0.97250265,0.09110702,0.109012574,0.15604939,0.039429303
0.8285361329494453,0.89949465,0.92932487,0.94172645,0.3317595,0.26899624,-0.6252267,-0.42790267
0.863467707434708,0.9008957,0.9511489,0.9567432,0.31610513,0.31388003,-0.015415794,0.23227166
0.834489430339577,0.6615162,0.97381365,0.9720604,0.09793072,0.0848021,0.32712272,0.38361385
0.7707867725914709,0.8197704,0.9306929,0.9548108,0.1899411,0.105573215,-0.028383791,0.010432055
0.9115250826748799,0.76180303,0.970687,0.9623296,0.21640067,0.27767545,0.45841438,0.48959365
0.7708371879239876,0.6367637,0.96587926,0.953784,0.08145743,0.08092884,0.46286336,0.5064628
0.9319266855650673,1.0664704,0.9755071,0.97537345,0.41554058,0.35293812,-0.84995425,-0.45252702
0.8983437842433116,0.6626465,0.9875381,0.97902983,0.08161797,0.12020046,0.2137229,0.46901324
0.9444357575534302,0.7242509,0.990577,0.9873228,0.120732814,0.116439715,-0.61868685,-0.46394697
0.7913476719099066,0.61733025,0.94748795,0.9514692,0.102205105,0.10616877,0.31175905,0.2822524
0.8919635236465407,0.99812055,0.9650948,0.95816594,0.34456563,0.46006086,0.35962707,0.25375664
0.7081723587908942,0.5679074,0.9142903,0.94205976,0.09050032,0.072032094,-0.577552,-0.53085303
0.8902058786269649,0.7116899,0.974933,0.9728046,0.1138085,0.15509365,0.42925346,0.40041032
0.918272626618905,0.61490864,0.9833376,0.9831203,0.08242141,0.09751542,0.4254815,0.34222177
0.7579614853264593,0.5999753,0.95280486,0.94798815,0.0926146,0.08586926,0.3392742,0.31817183
0.685578628752053,0.6437034,0.936127,0.9294085,0.1044012,0.11339911,-0.2718411,-0.41458437
0.9142611480904457,0.7821614,0.97072685,0.97432584,0.19913352,0.15640958,0.28581002,-0.07240222
0.8692894217475767,0.72259355,0.9714339,0.9710218,0.121455394,0.10272496,-0.29681227,-0.07296575
0.9314001122000044,0.8896656,0.98902905,0.9808533,0.1908909,0.26213568,-0.20284857,0.11579816
0.8692535755590052,0.73459387,0.9769695,0.97727776,0.13890389,0.12636867,-0.11324726,-0.17360692
0.9098912899316515,0.78509617,0.9762276,0.97493726,0.16938229,0.18044218,0.23978357,0.07085414
0.9260522515060898,0.7665724,0.97761047,0.97926676,0.13269958,0.1267165,-0.3023316,-0.3853687
0.865313681332547,0.9040515,0.9551161,0.9626109,0.27964547,0.24301772,-0.43758905,-0.37281263
0.9142223481528938,0.8720258,0.96392304,0.9641509,0.31939283,0.289708,0.1536712,-0.03482487
0.9211686990547479,0.7978989,0.9862433,0.97981524,0.15343107,0.18198887,0.64781797,0.71557665
0.9492069688802786,0.7091577,0.99495065,0.9901741,0.09887913,0.10236142,-0.2291487,0.1569111
0.7799412472670872,0.6837464,0.953737,0.9437061,0.11529327,0.13278016,0.69808924,0.8009805
0.9318387218175488,1.0153346,0.97893435,0.9722315,0.37436277,0.43759763,0.07267675,0.23530535
0.6130353242961258,0.5515311,0.9271639,0.9358422,0.06809419,0.06744538,0.33437487,0.34007367
0.9130838033452662,0.7222425,0.9754689,0.96690804,0.17169009,0.20915096,0.14197955,0.26292452
0.8621603754464149,0.76283896,0.9635058,0.95731175,0.20803715,0.20059428,0.51601636,0.29912344
0.7627868659034746,0.56831646,0.95539725,0.9505538,0.07041808,0.082133174,0.34840855,0.55699235
0.8642695479467818,0.6692359,0.9607193,0.95686126,0.15120058,0.1451094,0.4490202,0.37492257
0.8254411473536457,0.84729475,0.9441485,0.94676834,0.2710218,0.2532499,0.08007685,-0.07439202
0.8933887504769914,0.57338226,0.9752118,0.9763896,0.070758015,0.07998351,0.10418924,0.047185916
0.7867253703170147,0.7451794,0.91982424,0.9174725,0.22099426,0.27288404,-0.44479048,-0.43836546
0.8440524519060979,0.67873967,0.96974695,0.96534103,0.11546088,0.12023493,0.17339937,-0.15493552
0.7230063976562559,0.7699145,0.92509437,0.9166303,0.19035374,0.2411301,0.36554593,0.35031366
0.6989692326947693,0.7549832,0.9339309,0.9214882,0.1695336,0.2171182,0.5269682,0.67790294
0.9037747814949911,1.173683,0.9420535,0.93894535,0.79778296,0.84201694,0.31342208,0.358264
0.6533771637664487,0.6076602,0.9190759,0.9166906,0.099213,0.110632434,0.6767961,0.80311793
0.7868330036973201,0.67299116,0.9352372,0.9191518,0.16167444,0.17247878,-0.25746837,-0.2734293
0.9104372003854878,0.7877763,0.97864264,0.96873546,0.17927001,0.23764768,-0.39414176,-0.40003145
0.8242340155613604,0.7379956,0.95639473,0.96108305,0.1461186,0.13812558,0.24742468,0.35432374
0.8416580049303201,0.6366537,0.96760666,0.95926446,0.100357406,0.11435143,1.0204685,0.84797406
0.9055697134125222,0.7415969,0.9793131,0.9812315,0.13124096,0.12585126,0.67743975,0.30501428
0.9529078248043128,0.75361526,0.9858136,0.98748213,0.13840139,0.15131196,-0.2010202,-0.32283938
0.9369684894147394,0.89072,0.9835943,0.98232955,0.22924584,0.21336964,0.30698004,0.25585663
0.9066195829207832,0.85075074,0.9598966,0.96844923,0.27810293,0.25761774,0.38878414,0.37595406
0.6239548652141945,0.49856752,0.9046579,0.89090055,0.076672494,0.092227556,-0.29389068,-0.27410746
0.7280820331117033,0.6498627,0.9450324,0.9344162,0.11177275,0.13253286,-0.8588685,-0.9051808
0.8917437411417495,0.7861362,0.9761495,0.97574097,0.17292279,0.17302045,0.8745435,0.8713144
0.9197586467743457,0.77356625,0.98254967,0.9831855,0.14821444,0.11345855,-0.32773802,-0.19710383
0.9068710703126077,0.77904195,0.970687,0.9605539,0.21640067,0.27172473,0.45841438,0.51095015
0.9517813343340962,0.8206796,0.9860863,0.9839968,0.16605331,0.21745554,-0.6902836,-0.38683417
0.9130490892899634,1.1523899,0.959642,0.9569443,0.63763064,0.6440271,0.17197637,0.25261262
0.8808450879378035,0.85356426,0.9703899,0.9650418,0.22764009,0.23531084,-0.48556554,-0.28829446
0.8459404626419211,0.76857096,0.9689728,0.9726674,0.14176002,0.12219196,-0.02563219,-0.17845118
0.8618058818002351,0.6791245,0.97676617,0.965802,0.10204465,0.12909491,0.8548651,0.8415616
0.9483773367006155,0.8529054,0.983842,0.9892608,0.18239705,0.15700282,0.63485897,0.27841115
0.8461959108078364,0.6567902,0.9666096,0.9562996,0.10391269,0.12890725,-0.85830724,-0.8484346
0.8925248392209933,0.92038524,0.9597498,0.9650689,0.3078084,0.2703893,-0.5632434,-0.51546186
0.8350623968584958,0.6468939,0.9566756,0.957821,0.12973191,0.12680817,0.3939817,0.47899336
0.8725061785482471,0.79385185,0.9633948,0.9627948,0.21918383,0.22039825,0.62701064,0.28645325
0.7805791311298992,0.652187,0.942664,0.9343443,0.14045668,0.13678156,-0.013231468,-0.09046148
0.910117203162531,0.8450795,0.96910596,0.96596706,0.2263936,0.28023762,-0.19709682,-0.1445986
0.7429767293350691,0.6486608,0.9489923,0.9469618,0.109649286,0.11423441,0.2827899,0.35289443
0.9465878722955148,0.8029633,0.98435974,0.98516035,0.18306425,0.15255642,0.03869042,-0.003588473
0.774344176765767,0.8320294,0.9247561,0.9338046,0.26603448,0.21653083,-0.39377514,-0.34505662
0.8403598577423941,0.6247998,0.95846987,0.9636028,0.10591581,0.12222115,-0.39773107,-0.4921121
0.927810350744414,0.64647216,0.98837054,0.99062395,0.087399915,0.063930705,-0.027533537,-0.09747519
0.8235496567819862,0.552893,0.9667946,0.958153,0.071548335,0.076036535,0.48223534,0.51446706
0.9233233936049355,0.7811259,0.9862433,0.9803224,0.15343107,0.1662237,0.64781797,0.66591287
0.9219869754394789,0.585769,0.9872968,0.9866319,0.075458765,0.06562196,-0.014619098,0.31269288
0.8912820318112812,0.7874392,0.97262037,0.97044843,0.17570572,0.19124702,-0.22203419,-0.3463873
0.9181841193894011,0.8530012,0.98268753,0.9776215,0.20051219,0.19494545,0.26893976,0.35273468
0.9345041449321656,1.0100571,0.97893435,0.9698713,0.37436277,0.4621208,0.07267675,0.25839943
0.8968418861456753,0.7143383,0.97215146,0.9659419,0.16177224,0.18616432,-0.31499174,-0.31126192
0.8084139515365579,0.6708227,0.9562937,0.9614362,0.116143495,0.102895185,0.96476966,0.98981535
0.6275535874692049,0.5744452,0.9374459,0.91935843,0.06734148,0.108479865,-0.42837006,-0.28122652
0.8955746892629876,0.5907461,0.97884566,0.98093516,0.07222993,0.07267463,0.6514816,0.49515155
0.8126788732626593,0.60120213,0.96124744,0.9616324,0.08237036,0.08232135,-0.39339146,-0.46259764
0.9219011640120465,0.9194259,0.97460103,0.97398025,0.26022187,0.27488247,0.4293915,0.36943722
0.9239663170546526,0.8824344,0.9818175,0.97619605,0.2005224,0.27180094,-0.04146342,0.101497084
0.9347923181021278,0.63156503,0.98885536,0.9866744,0.080006674,0.08379241,-0.42456257,-0.24004978
0.8835049648330152,0.8058391,0.9754689,0.9741046,0.17169009,0.15462677,0.14197955,0.24154909
0.529138800909552,0.5405269,0.9046579,0.9208134,0.076672494,0.061336294,-0.29389068,-0.25231272
0.6806475979779039,0.6306198,0.9202412,0.9351649,0.11831472,0.09793654,-0.17389616,-0.28470907
0.8922050829842032,0.81861985,0.96195424,0.96650547,0.21324879,0.21221611,0.832838,0.66948414
0.7873257083570282,0.6051987,0.95536286,0.97378755,0.09498314,0.050947536,-0.3335796,-0.22846866
0.8972156141821578,0.79892945,0.970687,0.96523786,0.21640067,0.23822024,0.45841438,0.50302005
0.8742988635159543,0.6643391,0.97676617,0.9680732,0.10204465,0.1090539,0.8548651,0.84763455
0.942207949422931,0.99436927,0.9837745,0.9852958,0.22828005,0.21394545,-0.42407513,-0.30174756
0.9337217474928697,0.95730644,0.9789484,0.9729883,0.35022256,0.3725259,-0.10270901,0.12940471
0.9237373954454957,0.7561128,0.9808749,0.97922254,0.16634548,0.15038054,-0.011617826,-0.07999498
0.8970577049758377,0.6131914,0.9776617,0.9770724,0.08568451,0.09361735,-0.21968794,-0.016694149
0.8867219937088796,0.83932376,0.962793,0.9686657,0.22281533,0.21601623,-0.28760004,-0.4036058
0.7796132129125283,0.6586543,0.94788533,0.9470772,0.12608875,0.119127065,0.43308356,0.47161472
0.9415139571165583,0.7793108,0.99003625,0.9828924,0.15954292,0.18512207,0.38936272,0.53241605
0.9373097557963901,0.72649366,0.991658,0.9853025,0.12325262,0.13637213,0.5800143,0.6736752
0.890347353117894,1.003212,0.9521718,0.963182,0.39450574,0.25390124,0.8825923,0.76362604
0.8064088598403544,0.74358064,0.94590086,0.9437234,0.16938248,0.19228266,0.22716565,0.439507
0.7810062477792264,0.80132926,0.93086123,0.9318758,0.24100144,0.24250473,-0.6272914,-0.5944682
0.9135446982597131,0.8160469,0.97790104,0.9722292,0.18636681,0.19540896,-0.31413564,-0.45811507
0.6508051350882054,0.65206033,0.9264433,0.9271948,0.103818074,0.09462914,0.32241848,0.3671477
0.9086668460746737,1.176788,0.9527819,0.94814104,0.6842935,0.7159812,-0.4728113,-0.22620548
0.8369261790171334,0.7319443,0.95634115,0.9504033,0.13050751,0.21720637,0.06650831,0.07498976
0.9446127247031797,0.8548227,0.9908985,0.98421246,0.17391014,0.19899513,0.10286886,0.32395062
0.9522690188656152,0.69934267,0.99482924,0.9875794,0.104753435,0.14001608,-0.17344546,0.22784765
0.7474935544757421,0.8292761,0.9261899,0.93302643,0.25565195,0.1745402,-0.85302454,-0.8947491
0.8139245680449827,0.6423981,0.96635693,0.960642,0.082863055,0.13169909,0.2594329,0.3767494
0.8969732879749315,1.0261621,0.9517129,0.95644855,0.4218383,0.40960714,0.52953523,0.5251524
0.9480214150088565,0.98371845,0.98839283,0.9897319,0.22494158,0.18700117,-0.6627171,-0.7008013
0.8997960699758427,0.5899024,0.9814753,0.9788034,0.08923147,0.09158678,0.7601268,0.51274
0.7940468589938743,0.76846343,0.9341759,0.9538444,0.19529362,0.15243483,0.048021954,0.037117567
0.8718885835475432,0.8049437,0.9445825,0.95252395,0.26145294,0.26263648,-0.50719994,-0.3934354
0.8870411233536448,0.76211476,0.96694344,0.9701073,0.16970405,0.16586097,0.07569312,0.077425815
0.8774916834087271,0.5949345,0.972072,0.9748311,0.089740716,0.07586284,-0.21403489,-0.24600212
0.9107522123020884,0.95025885,0.95778567,0.95223516,0.43829122,0.4532275,-0.07385402,0.027136067
0.9025463066938522,0.80520093,0.96622646,0.9687409,0.23999952,0.205822,-0.03282861,0.03292928
0.7995720955060736,0.66777515,0.96434283,0.95183796,0.083290115,0.15181363,0.31399235,0.34643108
0.8922788135791525,0.5966178,0.98151326,0.97829914,0.073126696,0.08085306,0.21298388,0.23901246
0.8656908794531885,0.6999289,0.9695213,0.9632753,0.12453211,0.16546446,-0.16364972,-0.30321467
0.9184566903062675,0.8392726,0.9692713,0.97012275,0.2522034,0.26149935,-0.047980003,0.09172554
0.9395257225381264,0.827451,0.9869593,0.9859058,0.14249791,0.1749951,-0.47334704,-0.2840544
0.8680205525448219,0.73020667,0.9744831,0.96601856,0.1452981,0.1563186,-1.0231944,-1.1163099
0.8876111105124442,0.8079986,0.9640715,0.9705527,0.17900041,0.159789,-0.9220815,-0.58539474
0.741632853793314,0.6928562,0.9274689,0.9223665,0.16155982,0.15271269,-0.05292825,-0.06655112
0.9166900115696011,0.9133005,0.9797338,0.9786834,0.20019917,0.2499156,-0.23243034,-0.21567151
0.8770833155953325,0.82525533,0.96750426,0.9639573,0.18454841,0.23594959,-0.41532436,-0.1402629
0.9371461907978474,0.71260625,0.9880829,0.9865049,0.09845753,0.12654364,-0.101676956,0.32407764
0.6547715180617188,0.53763217,0.9396165,0.93434805,0.061789922,0.07872534,-0.82859904,-0.79300356
0.9099153893144536,0.7210901,0.9728517,0.9726468,0.14232181,0.17905207,-0.16213001,-0.5959782
0.772244101993764,0.76766837,0.93175775,0.9208094,0.20570804,0.2408266,-0.48240608,-0.48989663
0.6750245085369803,0.63579065,0.90842587,0.90525126,0.13861668,0.12449681,0.08600785,0.14365071
0.9341021379080854,0.76517725,0.9882402,0.98842955,0.13187678,0.10625121,-0.6074095,-0.5133302
0.6728842045156668,0.6126448,0.9278872,0.91298884,0.1080352,0.1335857,-0.09815392,-0.014521018
0.8721025424730322,0.9369999,0.94797176,0.9464484,0.33978692,0.39817378,-0.39400214,-0.32934478
0.874547894095894,1.2141585,0.9468463,0.9444848,0.6685146,0.66166997,-0.10703235,0.009840431
0.8576762113722167,0.7807515,0.964744,0.9717343,0.19282815,0.11304308,-0.17248185,-0.37915388
0.9282402566176101,0.6175203,0.98910725,0.9880784,0.0669265,0.06760773,-0.5389521,-0.60361904
0.8092933324037331,0.79217196,0.94278264,0.9426305,0.20912848,0.19109061,-0.14287084,-0.09907606
0.6488086836803472,0.7651309,0.90330434,0.8989931,0.19195047,0.20139419,-0.052253693,-0.10259029
0.7333730740389229,0.5985329,0.92316604,0.9306667,0.110682674,0.108609885,0.11250676,0.11998352
0.8730122823814436,0.86020243,0.97605723,0.9681415,0.18762393,0.22053786,-0.31620994,-0.32943156
0.8426686828629714,0.58038646,0.96469223,0.9633746,0.07938502,0.08446194,0.99009585,1.0144255
0.8732691579917248,0.86176497,0.97513974,0.96052444,0.19720638,0.22581413,0.11844282,0.5811277
0.6896287365451493,0.65921533,0.9412424,0.9424542,0.11069397,0.08471029,-0.7189181,-0.6004418
0.8932840490328009,0.76818097,0.98542917,0.9829283,0.11409396,0.12190246,-0.630897,-0.83298117
0.8142370232894808,0.79646546,0.9500696,0.9460973,0.18369305,0.16840763,0.19548315,0.21344188
0.9615230668449226,0.75681806,0.9929183,0.9919208,0.12029062,0.09945987,-0.11898154,0.38636592
0.8555003288120131,0.7832342,0.9595042,0.9624992,0.17658147,0.16064452,-0.2713734,-0.27162337
0.9252504972020197,0.8242646,0.9862433,0.98164994,0.15343107,0.18348984,0.64781797,0.69353724
0.9250918823476753,0.66815317,0.98204714,0.98278236,0.1037041,0.11471387,-0.25575802,-0.47884378
0.7545374704694987,0.7009979,0.9372324,0.9247782,0.16653398,0.20929368,0.26971325,0.26913777
0.8198097275123889,0.8253967,0.9377234,0.93933284,0.24889037,0.26119965,-1.1476605,-1.11713
0.9384869317474771,1.0036153,0.97893435,0.97383624,0.37436277,0.38785854,0.07267675,0.24991342
0.9435542867661713,0.9954266,0.98608315,0.9844768,0.26054078,0.28365618,-0.41404495,0.070453964
0.7115958531529124,0.64958906,0.9332803,0.9234197,0.12522341,0.12115685,0.2477677,0.33186543
0.7194896505395859,0.6408607,0.9175849,0.92566574,0.14579268,0.110704795,0.618757,0.70259637
0.8523725074709001,1.0698967,0.93831336,0.9402301,0.5398401,0.5648777,1.048238,1.39227
0.6727660263827874,0.61910504,0.9357976,0.944961,0.1043178,0.077602364,-0.7116889,-0.71075416
0.8074222922042699,0.8258571,0.90711325,0.9107576,0.31719726,0.3667408,-0.15937278,-0.21407036
0.8087451780458069,0.7568877,0.9308436,0.9165789,0.20494758,0.27993488,0.5719148,0.46399075
0.9056844884948522,0.61214966,0.97987455,0.97333217,0.09075628,0.1064946,-0.3835133,-0.26820067
0.9160763895070554,0.87119913,0.9834875,0.98383135,0.14870605,0.13037278,-0.80708694,-0.6511325
0.9095162030366479,1.0655564,0.96522146,0.9511349,0.42564765,0.6670072,0.21068318,0.015050689
0.819861282202451,0.67812264,0.94584596,0.9508833,0.15270136,0.14566377,0.29538962,0.110116124
0.9721745839749831,1.0664105,0.99440193,0.9938099,0.11332927,0.1572841,-0.5988662,-0.280006
0.832528276981131,0.6427209,0.95817,0.9510917,0.1028847,0.13244602,0.23633958,0.20353444
0.8635058149242325,0.69898754,0.9624687,0.9588914,0.15330721,0.20765343,0.07900543,-0.09158612
0.9031136552925461,0.8335856,0.960361,0.9622299,0.26733392,0.3137194,-0.13440278,-0.25853273
0.8970536694501466,0.8594295,0.95375985,0.95043707,0.30371776,0.36097175,0.037243884,-0.010313736
0.9312441065297642,0.7549443,0.9862433,0.9793864,0.15343107,0.17224613,0.64781797,0.6722555
0.9227139299965572,1.0612575,0.97893435,0.9735076,0.37436277,0.37615442,0.07267675,0.21560186
0.8689859583434383,0.6520458,0.97180957,0.96866596,0.11375687,0.12787995,-0.35938922,-0.34131125
0.9001316712052667,0.8658988,0.97040254,0.96423435,0.2722613,0.30338147,-0.5190121,-0.36685166
0.8875623926437971,0.67186004,0.9776732,0.97891,0.09234076,0.08836545,0.024336185,-0.4167866
0.8581104455770125,0.622029,0.968841,0.9646543,0.094794236,0.10949031,0.005724679,0.024592176
0.899935739203028,0.7565553,0.9754689,0.9692563,0.17169009,0.1964542,0.14197955,0.27685383
0.8985312938292517,0.94798636,0.96837735,0.966451,0.3240555,0.3441497,-0.97374284,-0.896175
0.9316394488495777,0.8494717,0.9876792,0.9818885,0.19139001,0.21156855,0.6526875,0.6203194
0.8837249567249982,0.79984874,0.9759186,0.9781269,0.14380673,0.12904583,0.26552165,0.4976694
0.911698553267942,1.0160657,0.9635329,0.9740862,0.3437432,0.32755893,0.14059223,0.24951458
0.5725872907754915,0.5246459,0.9046579,0.9013842,0.076672494,0.0852771,-0.29389068,-0.26688018
0.5826349056193459,0.62008846,0.91616875,0.9350591,0.10069234,0.05716621,-1.198255,-1.2086647
0.8906361999454477,1.0615327,0.9593039,0.963491,0.46818805,0.43481547,-0.34882337,-0.1645122
0.8586165837846633,0.91528106,0.962464,0.96315163,0.23618126,0.20979868,0.7483527,0.92953837
0.9130620920104836,0.7167587,0.9824403,0.9834542,0.10425884,0.0848005,1.0260799,0.71671146
0.9455542829741712,0.76789576,0.9825759,0.9794042,0.17436478,0.21159019,0.3745966,0.23218262
0.8268305987052238,0.7045733,0.9529661,0.9581931,0.14748448,0.13374549,-0.04586902,0.1452044
0.9174247054730609,0.54618263,0.9902665,0.98716056,0.046438094,0.054400586,0.4261847,-0.10732642
0.7748927233797088,0.6450166,0.9430186,0.9465003,0.11660696,0.13310413,0.17896609,0.18030027
0.8317837286953491,0.85654974,0.94331753,0.9383257,0.294539,0.324203,-0.32444063,-0.42099372
0.9114456460317005,0.6666003,0.98694324,0.9787516,0.09459479,0.12649906,0.022480614,0.01057968
0.8644776702158542,0.7955503,0.95316213,0.9552986,0.23265003,0.18092693,-0.46687534,-0.4191973
0.9408880648355225,0.870308,0.9769252,0.97915864,0.23800318,0.25443318,-0.37203717,-0.092315875
0.8790544445061776,0.7541381,0.9656704,0.96073383,0.16184804,0.19984645,-0.4161842,-0.75605583
0.9332132374885294,0.68251806,0.9844775,0.98637766,0.10154041,0.12885287,0.1477043,0.10256022
0.6771036716281468,0.54564375,0.92317253,0.9335115,0.09000599,0.08834967,0.15516366,0.18715006
0.9404903460356137,0.9600712,0.9795094,0.97227836,0.337413,0.3924401,-0.29123718,-0.016138174
0.8840180705607227,0.57498467,0.9762795,0.970466,0.06318683,0.1087133,-0.7519446,-0.5653749
0.7911375486375019,0.8225713,0.93344766,0.9388316,0.22356032,0.20659462,-0.2937639,-0.16569175
0.7504835255413526,0.5818254,0.94233286,0.93280536,0.104210034,0.11644219,-0.30639783,-0.43869242
0.8842811480112458,0.7889997,0.9575533,0.96026593,0.23936622,0.21563014,0.3837073,0.4142557
0.8492579831863193,0.7659719,0.96199334,0.9591906,0.12630682,0.16360968,0.694753,0.6755099
0.9000724128988964,0.720467,0.9727905,0.9764941,0.13704097,0.11462865,-0.27306578,0.04382168
0.924434514711567,0.7577795,0.9772043,0.97637206,0.14456576,0.20294297,0.16931453,0.18176898
0.856698058336483,0.7158776,0.9705793,0.967796,0.10383527,0.14682959,-0.38702396,-0.316035
0.8379129901007396,0.62744975,0.96923035,0.96941984,0.08574255,0.07248025,0.4176073,0.39403445
0.9399778719031147,0.9711638,0.98243916,0.97556514,0.3068599,0.35160926,0.01651711,0.20186433
0.9164175407847015,0.67602026,0.9820581,0.9811676,0.09266414,0.115415,-0.055936255,-0.3949939
0.6398323680726506,0.6666476,0.9327301,0.9231203,0.0988303,0.15933806,-0.6983846,-0.62609285
0.8869586720223467,0.73358136,0.9797415,0.9774767,0.107466,0.13940828,-0.3073634,-0.11339387
0.7568182748487309,0.6206564,0.95221215,0.93229777,0.084850684,0.13284849,-0.8356637,-0.8935619
0.8929818192287045,0.82293683,0.970687,0.96748936,0.21640067,0.22814414,0.45841438,0.47326943
0.8594999877239994,0.74265844,0.96484417,0.9639362,0.14840342,0.11232877,-0.31374207,-0.27825272
0.8713427206137088,0.68795884,0.96331227,0.9665522,0.13883486,0.1410106,0.035770997,-0.19207932
