correlation,rmse,generative_a,estimated_a,generative_sigmasq,estimated_sigmasq,generative_mu_x,estimated_mu_x
0.5014673178692713,0.69861966,0.9611305,0.95026284,0.07085304,0.114668906,0.17737187,0.42101088
0.6533861975447902,0.650319,0.93115824,0.94624966,0.102121845,0.18049313,0.040762052,0.16454771
0.8732059568238273,0.75748444,0.95995235,0.9653393,0.1314148,0.24690315,-0.6910442,-1.0153189
0.8428906675626702,0.4978631,0.9561979,0.94780755,0.08041293,0.10897307,0.92426217,0.6182038
0.9063471133884536,0.8720058,0.9751533,0.9729147,0.20043157,0.19739625,0.8757046,0.8783926
0.585564998259993,0.55921626,0.932136,0.9504466,0.10233722,0.07728189,-0.14911726,-0.3666709
0.921443173772695,0.5794082,0.9683527,0.96720725,0.06369313,0.08504703,0.39510047,0.3086617
0.8868098832395329,0.83254486,0.9872458,0.9696332,0.21193163,0.19676118,-0.21406764,-0.67092985
0.7799459037836151,0.47373593,0.92279685,0.9521462,0.07826912,0.08648719,-0.031697787,-0.084110476
0.7676658226632906,0.7335017,0.93256086,0.96443486,0.160125,0.1176572,-0.03551748,-0.352897
0.7557787671150684,0.59257084,0.9558992,0.94667584,0.08348831,0.1386244,-0.46249187,-0.05067036
0.7798032472129889,0.61198866,0.9470106,0.96221507,0.12201212,0.1260903,0.33586124,0.55028737
0.9318956955827823,0.83516043,0.9865268,0.97489446,0.13874981,0.18411522,-0.06461232,-0.2362006
0.9150222840891363,1.1112351,0.98462296,0.96797657,0.48608705,0.7026295,-0.8772522,-0.018308496
0.8200512162048648,0.61997575,0.9545666,0.95983714,0.13624984,0.12913929,0.24977958,0.62167275
0.810623786495146,0.96489435,0.9604785,0.96459186,0.26784047,0.24618284,-0.5016184,-0.47196025
0.7805220980883923,0.7552666,0.95026714,0.9600483,0.093959175,0.15217942,-0.35504133,-0.36603138
0.8313491173964694,0.6589278,0.9369267,0.9537072,0.15919317,0.12732431,0.0056986813,-0.06204717
0.736751779007116,0.89741606,0.9363535,0.96521246,0.22008368,0.14215307,-1.0679272,-0.8629857
0.8884456337825349,0.8010379,0.9862433,0.9689041,0.15343107,0.32611418,0.64781797,0.62620497
0.8476388465553861,0.57356316,0.95904994,0.9536032,0.07544837,0.12111011,-0.22193277,0.12731637
0.7336406945627781,0.62110066,0.9201084,0.95910186,0.10583509,0.1095831,-0.34900257,0.089181684
0.8100276241104964,0.622396,0.9746619,0.9569867,0.13707659,0.12926266,0.5693308,0.83051187
0.8189549878199512,0.70016104,0.96692616,0.95949566,0.14736347,0.15179306,-0.0782879,-0.51105493
0.8860442801771207,0.91587555,0.9465095,0.95103145,0.40443906,0.5651394,-0.29934466,-0.1633758
0.829316885267541,0.5462368,0.9751945,0.9604223,0.09848594,0.124838114,-0.12735234,-0.023472333
0.7959204636818547,0.7672631,0.967562,0.96510947,0.07262571,0.15879418,0.052438397,0.2897432
0.7886131064524259,0.8618545,0.9228234,0.9618127,0.30023518,0.15345469,-0.6186461,-0.60524887
0.8904570338281352,0.97407246,0.9798257,0.9761049,0.2212032,0.28191587,-0.3348652,-0.29678828
0.8846564026256105,0.67581797,0.98337346,0.97098684,0.1435217,0.14327353,0.29432687,0.441105
0.752685826743307,0.6017282,0.9423335,0.95601076,0.12162848,0.10859788,0.12173692,-0.081789404
0.874448681794727,0.81110036,0.9668351,0.9583366,0.1836623,0.2541645,0.19334419,0.17370585
0.7956833427333709,0.6575364,0.9325231,0.9712821,0.13252874,0.06394443,1.1074411,0.8873073
0.794687914751659,1.1190903,0.9082826,0.95926255,0.42190465,0.14223984,0.94725657,0.6357141
0.7756163824655298,0.8556936,0.9531788,0.9585007,0.23937507,0.22034958,0.54861647,0.24160463
0.8518519194076777,0.90679955,0.96184295,0.9622441,0.23169358,0.21008307,-0.44201306,0.19090395
0.582686906747627,0.5901419,0.9624956,0.95591825,0.06131891,0.055444583,0.23539725,-0.19180731
0.7143928095712383,0.5707319,0.97623384,0.9567492,0.06348583,0.079244986,0.19282536,-0.25015894
0.6839885279541118,0.62728393,0.9614423,0.95608366,0.12122505,0.06712981,0.7366967,0.8297824
0.82137563750255,0.68972415,0.9492084,0.963869,0.19789046,0.118064255,0.12861249,0.12533408
0.9406431545726184,0.7938807,0.9653838,0.96879727,0.1960415,0.34938422,0.38812226,0.15972602
0.8158619514478056,0.5643413,0.9831877,0.9745163,0.06137288,0.07890587,-0.04046847,-0.02051542
0.9373581174324698,0.92015374,0.9844866,0.98071665,0.14330126,0.2080749,0.33388287,0.75514007
0.9059384397537591,0.659736,0.9864927,0.96392876,0.07056443,0.26408246,-0.016117308,-0.11599829
0.8949351637406551,0.9716254,0.9711609,0.96143264,0.3100181,0.5564337,-0.4600701,-0.37030458
0.9242313129252516,0.809145,0.99258447,0.9817594,0.18822756,0.15796162,-0.15547529,-0.2949589
0.9051047724190896,0.90169907,0.9602967,0.973201,0.24217382,0.21987392,-0.25171316,0.26694968
0.8460375601502406,0.6498433,0.9835243,0.97647977,0.12652679,0.06342199,0.11236703,-0.21547107
0.8861062004248016,0.71860677,0.98472244,0.96370476,0.13086171,0.12516613,0.04357731,-0.18845423
0.772190896763587,0.55292904,0.9516821,0.959863,0.07031743,0.06856072,-0.29676667,-0.34489316
0.8812588530354121,1.0021827,0.9668599,0.96109265,0.51733273,0.37648645,0.14783385,-0.11145495
0.7819276397105588,0.689674,0.9355888,0.9521102,0.2024319,0.13329609,-0.855133,-0.36994264
0.9399020316081264,1.1276838,0.9574155,0.9708991,0.5051887,0.4517825,0.22876734,-0.05515105
0.9061551126204505,0.7830083,0.9757611,0.9582413,0.2486623,0.32289612,-0.17496094,0.031228539
0.8664133536534145,0.48295647,0.9722038,0.9627255,0.082109585,0.08929699,-0.28743696,-0.7367698
0.6378076392305568,0.6176992,0.91685414,0.9487361,0.13776676,0.07388734,0.3961317,0.15246643
0.9313874695498782,0.54119617,0.9741541,0.9746814,0.061579265,0.1259026,0.25091547,0.25894314
0.5621679766719068,0.624654,0.9059326,0.95046437,0.13319297,0.07691387,-1.5075035,-1.2082652
0.7625014820059279,0.96581924,0.91640186,0.94528705,0.35078338,0.41981655,0.43385503,0.3556717
0.8399312637250549,0.5455973,0.962257,0.93853176,0.07714125,0.14024702,-0.48110437,-0.1032172
0.7533656054624218,0.6358409,0.9670718,0.95449525,0.08607633,0.11465873,0.21402873,0.37986976
0.8412865971463884,0.6450302,0.9936069,0.96464044,0.12485739,0.1565807,-0.293068,-0.54457974
0.8903631454525818,0.73354787,0.9839941,0.9642112,0.21168295,0.26689264,-0.5086233,-0.4030615
0.8208006912027648,0.6445534,0.9564842,0.9616706,0.07654506,0.14750668,-0.09239524,0.32681185
0.9015288541154164,0.81019115,0.9683729,0.97019744,0.1765051,0.25571978,0.15304527,0.4754513
0.8713450853803416,0.710751,0.97706157,0.9678284,0.103332385,0.12088755,0.9966512,0.20130932
0.8542338809355237,0.7359665,0.968905,0.9552866,0.21899061,0.20108299,-0.29954433,-0.027804172
0.9221672086688345,0.73846716,0.9901441,0.9685717,0.1784751,0.18891962,-0.28724068,-0.04335074
0.9524227856911426,0.9656781,0.9881183,0.98575157,0.18624261,0.24961616,0.24764203,0.24587926
0.7784856419425676,0.59942317,0.9544096,0.9715573,0.10085183,0.08547562,0.23283048,-0.38411713
0.7312894531578126,0.5543331,0.9662488,0.9626582,0.04714951,0.084749974,-0.1042536,0.10423699
0.8306251785007139,0.7728634,0.9639701,0.9535793,0.2510646,0.3163562,0.2612861,0.44033203
0.74825310501242,0.9074665,0.96794695,0.9529858,0.19493555,0.14597996,0.55320716,0.37203637
0.8587187308749235,0.63354325,0.9752604,0.9637452,0.07152021,0.122150026,-0.37515533,-0.22219053
0.9020614642458569,0.9530509,0.9846628,0.9726015,0.18761249,0.32513765,-0.89191055,-0.44298366
0.7069535478141913,0.63180476,0.9578268,0.9631374,0.06239267,0.09436924,0.3985665,0.0041646454
0.8059059436237744,0.5370504,0.96068376,0.96933603,0.079366416,0.10272854,-0.1867169,0.014480744
0.8804077136308545,0.8033991,0.9862433,0.9702736,0.15343107,0.19460298,0.64781797,0.72774583
0.8558315193260774,1.0955074,0.98523605,0.9861617,0.24846397,0.27905056,0.23192437,0.6562503
0.6124933939735758,0.76352715,0.9139068,0.96019965,0.17768236,0.0778945,0.8198238,0.9002861
0.9067108588434355,0.7016905,0.9911209,0.97029495,0.093482584,0.14851865,-0.27689648,0.22621965
0.7038430393721574,0.7935733,0.94646025,0.9572747,0.17347233,0.19171266,-0.29113874,-0.4808174
0.765320437281749,0.78384566,0.942399,0.9601433,0.1403197,0.14493532,0.28174928,-0.36298913
0.914132456529826,0.6846129,0.97015166,0.9704766,0.20975994,0.228313,-0.26052022,-0.10568081
0.8817978951915806,1.09302,0.93264025,0.9609327,0.6576878,0.4646088,0.64967966,0.20847107
0.860942195768783,0.654453,0.9503099,0.9714426,0.13766947,0.11154151,0.17417309,-0.283103
0.6900291601166404,0.7037042,0.96994245,0.97018135,0.08898451,0.09539877,0.7624272,0.87964725
0.9090506762027049,1.0809597,0.9624287,0.96415335,0.31028652,0.6718426,0.20220414,-0.23082049
0.9073650054600217,1.0546682,0.9691477,0.9788414,0.30833167,0.33151886,0.44990575,0.2084453
0.7162364969459878,0.6072422,0.9463194,0.95649517,0.13564835,0.097171344,-0.29401287,0.117255986
0.9350344281377125,1.3454089,0.99328065,0.9786551,0.23729329,0.6465866,0.17782271,0.19775309
0.5960726242904971,0.59900784,0.93589425,0.9556359,0.10635664,0.08025659,0.0065792007,0.112019524
0.8051090444361777,0.7220764,0.9414933,0.95099723,0.20494013,0.27351075,-0.0033353423,-0.4743722
0.8012737330949324,0.5472634,0.96615106,0.9534395,0.06739162,0.15769058,0.32295263,0.1373401
0.887498493993976,0.7506031,0.98004174,0.9593552,0.20046599,0.30989176,-0.21100023,0.27514374
0.8683240492961971,1.1873039,0.9941139,0.97789323,0.22333673,0.40017635,1.004937,-0.41983694
0.9316147024588097,0.92617184,0.9705295,0.9817439,0.31205118,0.3534163,0.11251474,-0.02015012
0.8679379357517429,0.77928966,0.9816262,0.9657043,0.14539163,0.19561581,0.48313984,0.075805366
0.7971095244380978,0.7564369,0.95248795,0.95964664,0.15982752,0.18036668,-0.4621125,0.2533427
0.9132793971175883,0.6329763,0.9752957,0.97514445,0.10186751,0.08627224,-0.29508644,-0.28543708
0.860756531026124,1.2943596,0.978037,0.9636164,0.41688707,0.76739967,-0.84465283,0.064485766
0.8261809367237468,0.85926485,0.9693397,0.9589046,0.23287998,0.3588553,0.039396275,-0.25012594
0.9191430045720184,0.7933629,0.97073066,0.9692974,0.23720945,0.26362523,0.0046042185,-0.0065528434
0.8999287197148788,0.7390536,0.9862433,0.9689411,0.15343107,0.27548382,0.64781797,0.63022584
0.7904615938463754,0.5757942,0.9536461,0.9478199,0.07081899,0.08156228,-0.61118764,-0.29079264
0.7647094908379632,0.54456687,0.9615063,0.95411944,0.08008788,0.08442443,0.41481942,0.252902
0.6903293533174133,0.65790856,0.95572543,0.94622034,0.07767997,0.15734498,0.61438555,0.99386734
0.9153542534170136,0.76707685,0.9584634,0.9609873,0.27626562,0.39478293,0.0069249594,-0.058209367
0.9174539738158953,1.3504411,0.96510494,0.96607363,0.6085096,0.8435539,0.08908143,-0.045566652
0.8568432673730694,0.69852906,0.9906778,0.9620829,0.23881562,0.2285862,-1.0948275,0.5844358
0.8573595574382296,0.86655647,0.95661587,0.9625147,0.24081635,0.22747143,0.53878826,0.5649041
0.7879322717290869,0.8058521,0.9360615,0.94741863,0.28388178,0.15903373,-0.79711777,-0.9845648
0.7953100932403729,0.7051488,0.96775234,0.96381426,0.102102645,0.15124281,-1.0002847,-1.4030657
0.6156367345469381,0.5648764,0.9366185,0.94433063,0.07340661,0.06876871,-0.20783277,-0.32178757
0.8654713978855915,1.112329,0.94465035,0.95491356,0.46546182,0.16956414,-0.48407972,-0.20908296
0.688119616478466,0.62145543,0.9476887,0.9428269,0.098020844,0.14328498,-0.12364843,0.048114557
0.9116604466417866,1.0599834,0.99423546,0.9815649,0.24501708,0.30319965,-0.22017476,0.47679037
0.7598980475921903,0.70444036,0.9613752,0.9622746,0.15241641,0.16882692,0.18360828,0.57948023
0.9414013656054623,0.68605405,0.99384016,0.98008364,0.078169845,0.21786277,0.2823988,0.86389416
0.7510424921699687,0.658564,0.9638646,0.95589226,0.07512282,0.15577638,-0.4356734,-0.5151625
0.7258596714386857,0.63887507,0.9544161,0.9392243,0.1261487,0.13627021,0.07840323,0.0977766
0.8706566666266665,0.7665816,0.9706446,0.9539068,0.11626817,0.14100315,0.7857349,0.7142062
0.922561770247081,0.78243047,0.98024964,0.96996915,0.13575043,0.24505879,-0.02561334,-0.27501363
0.9128540194160775,1.0007056,0.97859156,0.9635455,0.36784753,0.44791573,-0.21637136,0.1990515
0.8646785307141228,1.0035743,0.98161304,0.97110546,0.2433016,0.35184714,-0.5393636,-0.18119407
0.7340082800331201,0.75861037,0.9508786,0.9419661,0.17694063,0.18692891,0.027502486,0.22281885
0.7379205836823346,0.66854835,0.9913103,0.96100736,0.05398351,0.1346158,0.73132753,0.35522982
0.8449215556862228,0.5772472,0.9737446,0.9644076,0.05967101,0.10879019,0.1174558,-0.05080748
0.8152349729398918,0.81632334,0.96765125,0.95696795,0.18115665,0.23863621,0.15426166,0.50988233
0.8665716582866331,0.80063003,0.9649503,0.9538412,0.2611792,0.3002617,0.10774735,-0.49387607
0.8290429961719846,0.8994012,0.9860801,0.9711767,0.19989093,0.18103504,1.039788,0.8102243
0.8246799707198829,0.6081383,0.9367777,0.95688665,0.082595065,0.18303365,-0.18824957,-0.0029528793
0.6348366193464773,0.5689444,0.94978905,0.9486674,0.091549054,0.10936429,-0.29104707,0.067880854
0.7829054996219984,0.9010597,0.94540435,0.9580667,0.28345034,0.30258337,0.9554262,0.7557385
0.6790625562502249,0.67534256,0.971551,0.9520957,0.06963659,0.13466021,-0.9555676,-0.6704311
0.8079920319681279,0.643803,0.9607832,0.9551299,0.1263802,0.09800349,0.69841814,0.611065
0.8284871539486158,0.85934454,0.9459315,0.9516404,0.18761773,0.39030018,-0.51120025,-0.24246441
0.9278221112884452,1.22872,0.95364994,0.95630294,0.59845686,1.2671762,0.8698783,0.11051218
0.9024118656474626,1.0163869,0.9832782,0.9729283,0.32556662,0.24704841,-1.0066881,0.3248171
0.8531624206496825,0.7810016,0.9514401,0.96348774,0.19757754,0.19298509,-0.20282115,-0.0589769
0.9374007416029664,0.82307196,0.98948956,0.97823113,0.12153916,0.25686458,0.042962443,-0.0502176
0.821566486265945,0.61712915,0.98156446,0.97626954,0.08331356,0.06775897,-0.3478472,-0.9863886
0.9411712526850107,0.5316369,0.9823217,0.9731193,0.10601431,0.11656352,-0.28582084,-0.5515829
0.8265919143676574,0.7228003,0.99065536,0.958415,0.12862757,0.1483232,-0.027164547,-0.55845463
0.8612956691826766,0.91118616,0.92986995,0.95234865,0.45124236,0.39023715,0.18512829,0.3871457
0.8826178344713378,1.0153688,0.9726792,0.96339446,0.34144172,0.49617714,0.25653088,-0.03305443
0.8625863943455773,0.8069305,0.988141,0.97246206,0.14347559,0.13449119,0.3690898,0.13395478
0.9229078516314065,1.0353128,0.98938894,0.9710346,0.22123054,0.572761,0.33863726,-0.61422575
0.9246674426697706,1.7690258,0.9812768,0.9577598,0.576933,2.160119,-0.19078198,0.17091438
0.8392681890727562,0.9312252,0.9424644,0.96727884,0.31941864,0.1617242,-0.30505523,-0.20655897
0.6306091464365857,0.5609206,0.94721043,0.95451045,0.06926688,0.06478777,-0.9526868,-0.73520523
0.8604277297109189,1.0167702,0.9744041,0.96555763,0.26658475,0.35233453,-0.649617,-0.5571659
0.8246936987747951,0.6406639,0.9873854,0.97403485,0.10458064,0.090653196,0.10405915,-0.41631758
0.8790996123984496,0.78910434,0.9481106,0.9804769,0.20430057,0.117245555,-0.31414458,-0.11373532
0.5280180480721922,0.6409068,0.9278519,0.956588,0.09997527,0.06129667,0.2607353,0.162947
0.6530251401005603,0.633143,0.9479291,0.95817614,0.09692404,0.10307307,-0.35728693,-0.33605438
0.9450041640166562,0.8120917,0.9922051,0.99094987,0.11432058,0.13193679,-0.45263198,-0.56127053
0.9476753747014987,1.0131497,0.97416943,0.985868,0.25811675,0.17097987,0.8754381,0.102597505
0.9417191268765075,1.0095272,0.96147764,0.98001647,0.437713,0.19804615,0.23423132,0.16693042
0.9615354301417205,0.5811426,0.9933243,0.98742867,0.08124454,0.11037425,-1.7428838,-0.40921417
0.8007229788919155,0.7025332,0.9511826,0.9645843,0.18687534,0.16552946,-0.3554921,-0.15674275
0.884126480505922,0.5100011,0.9849024,0.9693129,0.07235534,0.077497944,0.3297403,0.59967124
0.783311773247093,0.7089774,0.96630627,0.97267354,0.13557781,0.11958755,0.89317226,0.6178334
0.8021629846519387,0.8448941,0.9573909,0.9470483,0.2357167,0.34407222,-0.4678325,-0.533304
0.914943563774255,0.99470115,0.9934449,0.97469366,0.37898588,0.45601052,0.30576852,0.11321541
0.9517849591398365,0.73865473,0.9932276,0.9898545,0.090422206,0.11489049,-0.17026426,-0.09394048
0.8058277033108132,0.6053116,0.97008,0.97109735,0.1272435,0.091595985,0.008790234,0.07670129
0.7621733526934107,0.53786135,0.964377,0.95135903,0.0770589,0.12736101,-0.027930373,-0.11805792
0.926195096780387,0.809311,0.97936636,0.9723188,0.19299471,0.22667803,-0.8546709,-0.07693123
0.8932902931611727,0.68706834,0.97092205,0.96829665,0.11394554,0.13700621,0.001415518,0.44116366
0.7230323641294565,0.75053656,0.9477548,0.957277,0.20404123,0.106857605,-0.2728894,-0.0058070025
0.8419769359077436,1.028285,0.94049007,0.97371906,0.44634488,0.28609332,-0.78186727,-0.14397992
0.8339622478489914,0.9413442,0.9862433,0.9796996,0.15343107,0.15895958,0.64781797,0.45754853
0.5025385861543445,0.8088088,0.9165171,0.95814186,0.15955628,0.048320692,-0.93646115,-0.5149529
0.9582778491113964,0.6492149,0.9844422,0.97761613,0.122757845,0.25373584,0.30712906,-0.11969662
0.8472135648542594,1.286741,0.9455621,0.96644974,0.7709623,0.24803263,0.70531183,-0.14935204
0.7645269941079764,0.915711,0.92441833,0.9413016,0.25938857,0.45077613,0.04920921,0.25801036
0.9329543878175511,0.69240505,0.9723445,0.98398507,0.10650798,0.12663577,0.28768897,0.46310613
0.944565538262153,0.5850039,0.9888472,0.97845215,0.13286756,0.21464027,-0.62412685,-0.44244006
0.8249822759291037,0.54858196,0.96991897,0.9700814,0.073839925,0.07350424,0.7780353,0.2510642
0.7920358081432325,0.8449153,0.96191144,0.9733853,0.048752703,0.15392293,-0.15975559,0.17796409
0.9535963903855615,0.6138962,0.985281,0.98669094,0.088097066,0.12529197,-0.8172735,-0.43311402
0.7955444301777207,0.73464036,0.95739883,0.9673514,0.154216,0.1291266,0.21624823,0.27005902
0.7426317065268261,0.7967533,0.9308489,0.9500987,0.27370217,0.15224233,-0.72464585,-0.63476473
0.7866160104640417,0.58739406,0.9318905,0.95948184,0.13440792,0.16715847,-0.354215,-0.38867465
0.9315744782979132,0.8857595,0.9906691,0.9833733,0.18323122,0.22300999,0.15238497,-0.03875028
0.7292255409021636,0.629855,0.9156775,0.9545324,0.13956147,0.09041259,0.96707344,0.6843381
0.6277918231672925,0.5296397,0.94761777,0.9462289,0.06434575,0.08069549,-0.67768615,-0.6705718
0.8570995883983537,0.79547477,0.9658399,0.96135503,0.1549636,0.15430988,0.5118953,0.07849684
0.8741154644618577,0.744681,0.9794679,0.97546124,0.17687708,0.095646806,0.43014792,0.010356464
0.8720306241224963,0.53752524,0.93761283,0.95736176,0.08011624,0.09252642,0.7178204,0.35373867
0.7159074076296305,0.76300186,0.9409127,0.94944626,0.12606071,0.2363722,-0.44211373,-0.21664529
0.868883731534926,0.6985548,0.9808302,0.9767787,0.11924677,0.13952878,-1.0963156,-0.7655948
0.926438361753447,0.5235593,0.97509533,0.9731161,0.0871201,0.112677954,-0.052408125,-0.1451026
0.7493064212256849,0.61235744,0.94501084,0.9672379,0.09266335,0.065231495,0.67005575,0.866529
0.907184524738099,0.60423356,0.9767433,0.97661954,0.10940706,0.104222335,0.31717613,0.59815043
0.8022636890547562,0.48351112,0.9545331,0.9536046,0.07071403,0.064915136,0.10790471,0.1998749
0.8663905055620221,0.793803,0.96057516,0.96238846,0.21008581,0.2320505,-0.5434537,-0.624116
0.8680276001104005,0.555126,0.9412176,0.9644013,0.08951777,0.07941599,-0.7209731,-0.78380483
0.9442981771927086,0.64170825,0.9783933,0.9810559,0.13733852,0.10024616,-0.7518123,0.44776767
0.7539165516662066,0.90821886,0.96410894,0.96569616,0.29187334,0.09942148,-0.10201391,0.37995803
0.8189726518906075,0.7576222,0.9657004,0.9488565,0.19573723,0.22407237,-0.06891277,0.30322567
0.9285435541742167,0.9327854,0.98447585,0.9701293,0.22898236,0.3294017,-0.2218251,-0.20105964
0.9014126936507746,0.9538366,0.9757383,0.96912557,0.30196273,0.41698018,-0.618691,-0.107944414
0.8381588086352344,0.5953549,0.96069086,0.95770043,0.09535804,0.20036744,-0.41151422,0.024546184
0.7838863355453421,0.978332,0.9520867,0.96913743,0.29498824,0.17747386,0.042877715,-0.48864335
0.6477558710234841,0.87538403,0.918625,0.9486116,0.21292096,0.10693906,0.035765152,-0.2918125
0.9309615158460633,0.89245015,0.9936576,0.9890324,0.1261762,0.2646656,-0.48148924,-0.121308215
0.9063265693062772,1.0351224,0.98110944,0.96596193,0.3471058,0.4224661,0.04960452,0.28946102
0.759374365497462,0.93037593,0.9153555,0.9513046,0.40827385,0.24444596,-0.5523852,-0.5967824
0.6458109992439969,0.78775376,0.9622266,0.94811076,0.09882132,0.16863221,0.024115851,-0.08201395
0.9212757491029964,1.0093724,0.98656076,0.97204494,0.1514152,0.3826321,-0.19352864,-0.24472755
0.8965118740474962,0.8909145,0.9740109,0.9546145,0.20609508,0.18110606,0.19535896,-0.32633567
0.8579135756543026,0.8845475,0.9862433,0.96344954,0.15343107,0.34189492,0.64781797,0.59975624
0.8973175092700371,0.9636746,0.98817736,0.9869848,0.18202618,0.19497916,-0.6176839,-0.48318967
0.7686816987267949,0.586233,0.9787202,0.96265566,0.08127748,0.09128004,0.21715647,-0.71907157
0.7588881235524941,0.7447084,0.9429081,0.9583743,0.13238417,0.16178073,0.6987619,0.65049917
0.9008828675314701,0.6380498,0.9772905,0.97208637,0.10641131,0.11030507,-0.16551894,-0.19815773
0.8214947739790959,0.6021771,0.9415353,0.96188617,0.08263473,0.116556145,0.7737234,0.5322297
0.8725223380893523,0.56645083,0.98622966,0.9593699,0.103615254,0.1683296,-0.23893672,-0.10929868
0.8652078768315073,0.76883984,0.95872074,0.9521266,0.22766122,0.31228626,0.6534999,0.12631719
0.8905509222036888,1.0445831,0.9902225,0.9801675,0.14343461,0.4868636,0.39289594,0.6400104
0.8263017052068208,0.9172234,0.96465373,0.95283717,0.3334722,0.30631948,0.13150144,-0.015318345
0.6694253657014628,0.67396337,0.9358072,0.94644845,0.13681734,0.10970721,0.008829534,0.088374004
0.8783232572930292,1.444181,0.9810185,0.9716678,0.6419332,0.77825916,0.044213086,-0.494129
0.8980443281773127,0.657725,0.9758314,0.9728211,0.14586075,0.13059196,0.33352652,0.3789505
0.6408276193104772,0.59181917,0.95750386,0.95093876,0.08465395,0.10771208,0.120680206,0.15665022
0.9057921351685406,1.0031633,0.99252176,0.97615415,0.23841983,0.31657144,0.22210515,-0.7503599
0.8438783195132781,0.5231473,0.97637373,0.9610419,0.075495474,0.13350137,-0.50294226,-0.48303735
0.8379165036660147,0.672705,0.9794386,0.96773404,0.11669114,0.13963825,-0.06577543,0.20929465
0.9367658910635643,0.9992284,0.9874694,0.9714179,0.26892078,0.5015852,0.8812297,-0.02567904
0.8741304405217621,0.6870949,0.960755,0.96112305,0.18087831,0.20494959,-0.84824073,-0.6049905
0.8113284293137173,0.7319337,0.95101166,0.9593566,0.11668572,0.27544224,-0.11165425,-0.12614127
0.785636230544922,0.6679767,0.94936365,0.9650553,0.13508417,0.072954014,-0.34265363,-0.6503788
0.862255001020004,1.0086056,0.95797426,0.9662431,0.4531003,0.37033552,0.24950017,0.39912802
0.891881295525182,1.1165767,0.9678521,0.96080667,0.4320692,0.7731823,-0.093330994,0.12718928
0.9127224988899955,1.4094982,0.96044564,0.96437067,0.6769799,0.9158505,0.120066084,0.34198904
0.8867370189480756,1.3617752,0.95576936,0.96609366,0.7243973,0.5319742,0.3716261,0.2940803
0.9008805635222541,0.8557757,0.98108554,0.96954554,0.29997295,0.17391618,0.41043046,0.51603866
0.9144681698726793,0.7718899,0.9622017,0.970185,0.19128709,0.27791536,-0.27434453,0.18906243
0.8627350989403958,0.8281857,0.9862433,0.96934104,0.15343107,0.26626036,0.64781797,0.6283936
0.8693450133800534,0.6368001,0.974507,0.9646721,0.08666115,0.18554114,-0.09067051,0.05341403
0.9165092340369362,1.0181658,0.9794358,0.97428936,0.24461783,0.24366507,-0.0143863745,-0.64367825
0.8955814383257531,0.9949547,0.9776122,0.9639395,0.16798826,0.4763269,0.2701509,-0.13465133
0.9242813291253165,1.1422141,0.96880895,0.9786654,0.3578264,0.2336305,-0.5133288,0.17045434
0.8749928119712479,1.0890965,0.95659304,0.9548737,0.4305743,0.36513424,-0.15942167,-0.1124394
0.707316525266101,0.82986814,0.9310828,0.9567365,0.25887144,0.17417923,-0.016000412,-0.23555166
0.6328345313381254,0.6547744,0.93447864,0.9531307,0.0685548,0.12322467,0.08271832,-0.2656491
0.917377173508694,0.6806585,0.99069804,0.974286,0.13719404,0.21953425,-0.29761115,-0.05670944
0.8917780951123805,0.916626,0.9664815,0.9665074,0.36895362,0.25890297,0.40561014,-0.19024701
0.6741360085440342,0.8090622,0.94368535,0.9540965,0.18095636,0.12265499,-0.93726605,-0.60884434
0.9106155784623138,0.746117,0.9898099,0.97639924,0.13373792,0.16082358,-0.8410519,0.06290165
0.9305851943407772,0.7177225,0.9889686,0.9877471,0.08920941,0.1376617,-0.05325204,-0.07328926
0.8403845775383101,0.57711905,0.9843581,0.96112615,0.06748247,0.11717585,-0.6367817,-0.32122082
0.9040489601958408,1.179248,0.9818975,0.9829116,0.4056597,0.45679116,0.25583068,-0.06582941
0.7565896823587295,0.90027356,0.9447657,0.9618027,0.2899909,0.120299414,-0.75892884,-0.41174844
0.9403108972435889,0.67601174,0.9872227,0.9842919,0.1366344,0.19590272,-0.32402375,-0.2936354
0.6130392521570086,0.6663408,0.9158628,0.94321835,0.12521748,0.091433235,-0.20173864,-0.19250806
0.8675056460225841,0.58272886,0.9625023,0.9668475,0.08892025,0.09780736,-0.5875955,-0.18955146
0.9130766443065772,1.1561366,0.9840817,0.9597071,0.39625654,0.65987355,-0.20931123,0.027093207
0.698501098004392,0.57645875,0.8957179,0.9455721,0.12387681,0.071524754,-0.52382684,-0.49533522
0.8613961815847263,0.9208456,0.9430323,0.94989663,0.4646059,0.41527998,0.00017424552,-0.17820485
0.9466988587954351,0.9761701,0.98192424,0.98937124,0.13542745,0.14034157,-0.23010615,-0.3858683
0.9039335677342709,0.9515594,0.9634135,0.957271,0.44776198,0.6017436,0.00538939,0.24388923
0.5663914175656702,0.6618893,0.9293003,0.9518482,0.09622883,0.09509304,-0.0065030716,0.21475478
0.7007408829635318,0.82305974,0.9604615,0.959063,0.097249396,0.14543983,-0.015089489,-0.0891214
0.8731791727166909,0.62978786,0.9595769,0.9666405,0.113010235,0.10677221,0.01374823,-0.28141364
0.8153211812847251,0.73241556,0.9794675,0.9782384,0.1217492,0.13480793,0.80674815,1.0810179
0.7675477421909688,0.4918433,0.92721623,0.945425,0.061561577,0.10718672,0.07129996,-0.2619638
0.8910411961647845,0.6636181,0.9647921,0.9532611,0.1905271,0.20698377,-0.021313602,0.040928278
0.8899874959499836,0.713012,0.9732851,0.98248124,0.16002712,0.14278732,0.2100846,0.5761763
0.8661421525686103,1.1548797,0.9846383,0.9720375,0.3418516,0.4562298,0.20763497,0.5094844
0.8614384217536869,0.936195,0.9862433,0.96998227,0.15343107,0.18288809,0.64781797,0.48822987
0.8423382813531254,0.9089932,0.9626457,0.953126,0.21286538,0.4293558,0.017590325,0.0045248293
0.7797669590678362,1.0013705,0.9735469,0.96437824,0.32475883,0.181447,-0.047040332,-0.16026719
0.6957866871467485,0.61922014,0.9472729,0.92350227,0.087060176,0.13459192,0.14220868,-0.28039065
0.8623401533606133,0.7862892,0.961354,0.95302564,0.2278102,0.2822011,0.14679044,0.02330638
0.8921164004656017,0.8082755,0.9942329,0.97095466,0.20747492,0.20954284,-0.115740694,-0.030206302
0.917432277729111,0.8860523,0.9748344,0.979901,0.21638277,0.18625163,-0.53036904,-0.23896725
0.8852354769419079,0.9376661,0.94930315,0.96472883,0.4272221,0.21410002,0.23137213,0.36136794
0.8948700754803018,0.53593385,0.9901902,0.9749789,0.070074424,0.0925192,-0.32740396,-0.09217691
0.709880119520478,0.689441,0.96925503,0.94637007,0.14673695,0.155633,0.027596457,-0.23184921
0.822068856275425,0.9039377,0.96998984,0.9453282,0.29415715,0.3187862,0.28829035,0.017994093
0.8949605078420313,0.5982281,0.97178483,0.9668603,0.0965145,0.12732603,-0.36415073,-0.19706905
0.7524407377629511,0.54202366,0.94593406,0.9401266,0.07372085,0.09949702,-0.2705553,-0.38075584
0.8211267085068339,0.75381297,0.947542,0.9449805,0.15722342,0.17093284,0.29800907,0.46658742
0.9126513626054503,0.8592709,0.98570186,0.9903655,0.1868554,0.12925486,0.6384887,0.42595723
0.8968571874287495,1.052645,0.99397004,0.9740507,0.23555732,0.32614818,-0.0688547,0.38495985
0.764383953535814,0.7726123,0.9453405,0.9426926,0.22583279,0.16063322,0.031161333,0.2858301
0.7494513818055272,0.5189487,0.9351614,0.93013215,0.06670816,0.105253026,0.3873239,0.47357517
0.6528990915963664,0.5704238,0.9384959,0.92237455,0.10533074,0.10313613,0.2510573,0.15708148
0.802005736022944,0.81585515,0.94659823,0.9341735,0.23411745,0.30775094,-0.27407694,-0.6281908
0.9278751035004139,1.2471696,0.9875211,0.97511166,0.35251203,0.57689816,-0.016539311,-0.19963038
0.777251173004692,0.64586306,0.9604198,0.94701105,0.13373049,0.13462585,0.47877264,0.5264187
0.8536322465289861,0.5776457,0.93542725,0.9631072,0.12834935,0.08065977,-0.27859065,-0.2154239
0.9003196332785331,1.0096368,0.9377647,0.94631517,0.46420324,0.5211222,0.6065515,0.22767623
0.8034204936819748,0.60821116,0.9556385,0.9532025,0.100284524,0.102320656,-0.37123248,-0.8269615
0.8903321373285493,0.8701716,0.96778077,0.9606558,0.18165757,0.45276913,-0.6368321,-0.5893078
0.7253970455881823,0.61409074,0.9547027,0.9596719,0.13917728,0.09205269,-0.20269057,0.3013847
0.8296012384049536,0.55909866,0.97473794,0.9447862,0.08441965,0.17625429,-0.35331267,0.08549553
0.8982423769695078,0.9046376,0.9746876,0.97484624,0.24410188,0.25160787,0.09479188,-0.1907195
0.5594586538346153,0.74642426,0.9382842,0.94963616,0.11395483,0.10170642,0.41015175,0.16835383
0.8619069036276144,0.64686674,0.98901063,0.97603166,0.085873954,0.1083377,-0.7382262,-0.93841803
0.8703279613118452,0.6624151,0.9657592,0.9743008,0.1411114,0.13153717,0.46195665,0.14144889
0.9175757023028092,0.82448,0.9633493,0.9650884,0.39708027,0.36381412,0.27194217,-0.06919584
0.9077135828543313,0.876831,0.9723286,0.9855839,0.12945972,0.13964583,-0.23331892,-0.086675785
0.8361712166848667,0.78138965,0.9346031,0.9671724,0.21042016,0.17121916,0.5296892,0.7695813
0.9015868383473534,0.7213232,0.9818021,0.97686416,0.15827525,0.1942826,0.4442513,0.21127135
0.8955494701978808,0.86145735,0.98616385,0.97504437,0.22494732,0.2924221,0.67235386,0.5330909
0.8495939903759614,0.5615215,0.99050504,0.96742266,0.08276512,0.12197198,-0.6015358,-0.6159759
0.7735836703346812,0.8061279,0.9636642,0.9722123,0.20189594,0.100208744,0.20916373,0.22330815
0.8701014004056017,0.661334,0.9697037,0.96295816,0.19279955,0.12172329,0.24706692,0.053526744
0.8959846399385597,0.67512417,0.9746183,0.9800303,0.12540537,0.117825255,0.1737737,0.5021831
0.7902381049524198,0.80517733,0.935956,0.9595434,0.20379306,0.203826,-0.04988808,-0.14081956
0.8589453877815509,0.9759935,0.98626244,0.9762299,0.15485306,0.13776116,0.6491043,1.0309517
0.9188620114480458,1.0697861,0.9724649,0.967484,0.15307179,0.61718875,-0.056705635,-0.14544688
0.8720912003648014,0.93361485,0.98129714,0.9857643,0.20369406,0.18384598,-0.33056086,-0.5277559
0.8930894603578414,0.7588578,0.98245716,0.97244054,0.17351528,0.19814585,-0.26119438,0.162129
0.8392823011292044,0.6943055,0.95435655,0.96149266,0.12940483,0.15356505,0.38664174,0.67
0.8601658406633627,0.69581515,0.97101223,0.97742236,0.12040572,0.09277558,0.5758114,0.6634683
0.7004958899835598,0.5930435,0.94850457,0.96146524,0.15258056,0.067851394,-0.23285122,-0.21523823
0.8387916431665727,0.5798886,0.9561905,0.966591,0.09251853,0.16669399,-0.23084638,-0.6796808
0.9429407317629271,0.8033482,0.9780787,0.9861473,0.13361092,0.19506426,0.28571978,0.25521305
0.8391034524138096,0.8954405,0.9836802,0.98576874,0.1872246,0.13151343,-0.011422798,-1.2632725
0.8653216372865492,0.85139644,0.9652268,0.9801811,0.18965246,0.12669238,0.0776481,0.36754915
0.904810627242509,0.7362124,0.988021,0.9802652,0.12284225,0.17068335,0.3624305,0.15880033
0.9329002436009743,0.6251651,0.97730696,0.9824159,0.13985485,0.15292628,0.6207308,0.24424912
0.8226824907299629,0.73265046,0.96942943,0.9611891,0.21717103,0.19339879,0.3183564,0.13205352
0.8578849675398701,0.65601134,0.9641771,0.98064804,0.09005452,0.08896679,-0.90408325,-0.61270577
0.9496123744494976,1.107584,0.98524785,0.9882051,0.15201074,0.25730008,0.5108062,-0.048278034
0.7062430489721958,0.7867777,0.9416164,0.9470031,0.13366134,0.094368294,0.51844716,0.17703834
0.701058740234961,0.5966218,0.9423171,0.95816416,0.099376604,0.050168376,0.84694177,0.5562532
0.8217211428845715,0.91384095,0.9604503,0.96385944,0.25654602,0.13462062,0.04142196,0.1972724
0.9194567338269353,1.0131118,0.9854126,0.9742977,0.32941523,0.36159205,-0.20379208,0.16031156
0.7839126396505586,0.63488936,0.9428851,0.9641792,0.11962876,0.09004548,0.4774272,0.41603848
0.7763207372829491,0.75289303,0.9786391,0.97373945,0.16961853,0.107602805,0.41098356,0.003356245
0.7830870363481454,0.81971586,0.9669508,0.96442336,0.16887495,0.1341,-1.1189462,-0.035211008
0.9201848007392028,0.6368989,0.9725532,0.97940105,0.10387451,0.15185209,-0.12685962,0.1154531
0.7484582578330313,0.5302635,0.9669643,0.9666532,0.07094694,0.05807488,0.05736017,0.18307151
0.8880758403033612,0.9931064,0.9703495,0.97932863,0.19094922,0.14564894,-0.5116977,-0.42858264
0.8347697070788284,0.6740687,0.96284175,0.9740929,0.12425549,0.08012377,-0.44410092,-0.4018794
0.9438049272197088,0.7213898,0.9893202,0.9851812,0.11335064,0.16642854,1.3629799,0.39148867
0.8933691094764379,0.6452898,0.96760833,0.97697794,0.1268948,0.12658146,-0.33935347,0.14895487
0.7978543914175656,0.6046384,0.9585767,0.9667803,0.057422727,0.10340313,0.5056774,0.21704313
0.865191652766611,0.5873976,0.96623087,0.960495,0.11607982,0.14877793,0.3390564,0.23340173
0.8541180084720338,0.9427047,0.98192585,0.96100026,0.4081819,0.24214342,-0.060717434,-0.36722574
0.5351390685562742,0.59974104,0.9097386,0.95246464,0.14297946,0.07344918,-0.62594336,-0.45793158
0.836932019728079,0.62079144,0.9524083,0.97002876,0.08100448,0.107047305,0.6086753,-0.015488125
0.8636979827919312,0.71371,0.9892693,0.9846594,0.12762031,0.111571185,0.09324653,0.2797569
0.9303556574226296,0.8614262,0.99452776,0.9859692,0.11638007,0.20320487,-0.39525023,0.24573237
0.9511854367417469,1.0464915,0.990108,0.98800284,0.24600649,0.24949858,0.0500757,0.06461824
0.834881739526958,0.9262719,0.98962677,0.9859247,0.20633559,0.1705925,-0.3932337,-0.0020970418
0.8998375193500775,0.7777543,0.9880421,0.9584295,0.17979197,0.46894583,-0.9442874,-0.053379603
0.5979853359413437,0.6246308,0.96879494,0.9257714,0.06482214,0.12958035,0.9640556,0.88308436
0.7841583046332186,0.9417747,0.96695065,0.95083964,0.23383236,0.33076826,0.7008814,0.4447236
0.8815719102876411,0.7952066,0.9748159,0.9810368,0.1723419,0.13244675,-0.23417354,-0.36165816
0.8120400801603207,0.77420574,0.9547166,0.94286954,0.15020776,0.28317747,-0.5795549,-0.38974038
0.7401732326929307,0.47767305,0.9176728,0.9167359,0.067981966,0.09032428,0.5094458,0.2860648
0.9289717158868634,1.0224273,0.98983824,0.98271847,0.30616453,0.19697517,0.012213156,-0.034532335
0.7260892083568334,0.7086531,0.94737744,0.92799765,0.19537225,0.27189043,0.20640793,0.15324375
0.8546582986331945,0.598418,0.97403693,0.9690432,0.08485032,0.15068433,-0.07890808,-0.37670022
0.8827948591794366,0.69562817,0.96607316,0.95803756,0.14053732,0.27319106,-0.031612754,-0.21057212
0.8914875979503918,0.7896093,0.9760585,0.98110473,0.2213561,0.17162998,-0.19025181,-0.092328124
0.841371461485846,1.0571358,0.93611187,0.92157745,0.39548573,0.4569176,0.31373617,0.72956043
0.8787580430321721,1.0461361,0.9738564,0.9699747,0.3375767,0.21478646,-0.41182482,-0.5247671
0.9091306445225781,0.7905085,0.9620034,0.97107106,0.18543665,0.28764322,-0.59369737,0.2866783
0.8364206256825027,0.72389704,0.9528512,0.9364082,0.20280857,0.25795025,-0.17545931,-0.342378
0.5752668450673802,0.62734765,0.94439465,0.90682405,0.09606097,0.18558653,-0.41295195,-0.7522181
0.9365778263113053,0.7931084,0.9689932,0.9738133,0.2221452,0.29803732,0.6635501,0.17504579
0.4935247260989044,0.6623543,0.9618585,0.87717354,0.09374356,0.1211907,-0.3933033,-0.5483854
0.899560366241465,0.7276464,0.9792851,0.9753525,0.13702773,0.19407788,0.65188867,0.47508582
0.7303567134268537,0.61141753,0.9709794,0.9371384,0.068232715,0.1670915,0.07601444,0.7584251
0.6475396781587126,0.6809279,0.94162834,0.9029697,0.12397314,0.20047484,-0.52042663,-0.6797518
0.8702105528422113,0.9610418,0.9716953,0.96105814,0.20008196,0.3673299,0.87893003,0.39268056
0.7825235140940563,0.73647267,0.9313582,0.92020416,0.25982103,0.25519514,-0.08362642,-0.041910913
0.9059993999976,0.66530967,0.9740643,0.9662897,0.20202917,0.24990508,-0.6031508,0.020841822
0.9093879255517022,0.74447834,0.9735873,0.9756869,0.18077509,0.1730105,0.26618314,0.18523523
0.695058524234097,0.49267045,0.9234954,0.9550227,0.06942444,0.09760118,0.36685604,0.2737658
0.8798272953091812,0.809992,0.9833096,0.97502166,0.19266917,0.18247285,0.70047575,-0.03705008
0.7933638774555097,0.79921037,0.9573875,0.9685461,0.22363341,0.15364519,0.8882229,0.60036683
0.8534341017364069,0.6036615,0.96197677,0.96962625,0.11929377,0.11200006,0.5890164,0.25814205
0.9162364009456038,0.79472786,0.98103315,0.97707,0.14931712,0.17315467,0.5770513,0.19748116
0.8935049500198,0.62756646,0.9656813,0.972032,0.13594727,0.1272192,0.43272927,0.06539573
0.8982778971115885,0.87869924,0.97234845,0.96955764,0.27701417,0.3684941,-0.32750118,-0.37159565
0.7712157248628994,0.6607292,0.9210677,0.9583858,0.098257236,0.22190405,0.67487746,0.45748764
0.8773708374833498,0.54788435,0.946073,0.9634142,0.11642579,0.13238436,0.468226,0.17606428
0.7324588338353354,0.8064911,0.95808524,0.9658982,0.19586213,0.15420139,-0.4893728,-0.45265028
0.8514661898647594,0.68421745,0.9469212,0.9590175,0.15981479,0.18424466,-0.3368713,-0.15783802
0.9203484813939254,1.1646547,0.9881252,0.97755057,0.29861215,0.54503644,-0.04693108,0.26018733
0.9195284461137843,0.62647754,0.9768017,0.97226655,0.099318236,0.140683,0.20340161,0.22349711
0.9115421741686967,0.64189994,0.98740333,0.97945225,0.092746094,0.109778054,-0.47537392,-0.5515822
0.8719464317857272,1.1843159,0.99428046,0.9714567,0.22266433,0.28787842,0.10722229,0.48999715
0.733813975255901,0.7143833,0.95968264,0.965455,0.12620477,0.12865825,0.6338432,0.5554124
0.9419317677270708,0.7457049,0.98386544,0.98544794,0.083828725,0.18967006,0.10194595,0.015512488
0.8390814683258732,0.7664458,0.9587793,0.9612121,0.1513879,0.15713392,0.09227039,0.2560011
0.8421626966507867,0.7080624,0.9607707,0.96617746,0.1555619,0.16215666,-0.6261675,-0.24614568
0.9463710174840697,1.208567,0.9936263,0.9834393,0.21681875,0.45363742,0.35597253,0.22443028
0.9263699134796538,0.83025694,0.9882267,0.9756745,0.06935738,0.28710592,0.5601311,-0.061913
0.8164105936423744,0.84639096,0.98630893,0.9831717,0.17824352,0.13943945,-0.014404011,-0.86283726
0.8097877191508766,0.80242085,0.95842487,0.9697292,0.17802887,0.08540926,-0.3084065,0.022830537
0.8655349501398004,0.85567194,0.9545485,0.96127945,0.22279608,0.26152772,-0.10655743,-0.24202885
0.7675803823215293,1.1014869,0.9701577,0.96408576,0.2859086,0.18354703,-0.29779023,-0.6401792
0.6890206760827043,0.6035767,0.94520336,0.9432165,0.09566869,0.10050018,0.35560498,0.31302986
0.9542275929103715,0.73196876,0.9856214,0.98073715,0.13687225,0.14455064,-1.097727,-0.11078939
0.9162875691502765,0.8601874,0.9795654,0.9622628,0.19861974,0.47684237,-0.20786972,0.14313757
0.9002791211164844,0.62855774,0.9804037,0.9645949,0.08620653,0.111152425,0.5598561,0.5890104
0.7425999303997216,0.79701483,0.9574076,0.9521033,0.21889807,0.17623831,-0.26456505,-0.0784569
0.755501902007608,0.9480374,0.9699734,0.97183704,0.24012427,0.15653516,-1.407896,-1.0494452
0.7736634466537865,0.78195864,0.9762999,0.96171325,0.13688806,0.108525366,0.16780317,0.53962064
0.8648647714590858,0.64611363,0.98173094,0.9605696,0.08057095,0.19974197,0.63342005,0.8172954
0.840184512738051,0.6422559,0.97257257,0.96161956,0.084865816,0.1074565,0.63374716,0.47956255
0.7253115092460369,0.6728607,0.9736035,0.95533466,0.1012896,0.14377892,0.663704,0.05320289
0.8651475885903543,0.7190597,0.96494853,0.95748734,0.12518261,0.12973703,0.22765245,-0.34602702
0.9233832455329822,0.8389356,0.96638143,0.9666347,0.18646584,0.3315734,-1.4154704,-0.777187
0.9075302221208885,0.6263885,0.9909093,0.9674982,0.084340714,0.19708793,-0.075081185,-0.06902493
0.8755674702698811,0.5084527,0.96175635,0.94745076,0.08012522,0.20838113,-0.85198265,-0.09647542
0.7895712862851452,0.6441515,0.97388905,0.95508564,0.095754996,0.114152335,-0.17776883,-0.09856065
0.8667868911475646,0.42350256,0.9632566,0.95076925,0.04847176,0.10279262,0.2541021,0.09870928
0.8512155328621314,0.8145696,0.98719877,0.97603786,0.1798543,0.14158009,-0.6079458,-0.5054519
0.6480111360445441,0.6646244,0.9637,0.95000154,0.083735995,0.09408124,0.3228674,0.13881823
0.7727286909147637,0.6883255,0.9489965,0.9557375,0.07995517,0.1845079,-1.0571973,-0.55024403
0.7490062280249121,0.7559636,0.9768378,0.9731549,0.13221121,0.07953814,-0.060918227,-0.68854225
0.6711161244644979,0.72946596,0.9255279,0.94921064,0.11777663,0.18624073,0.7671642,0.6351298
0.8805943383773536,0.4961723,0.971719,0.9602499,0.061152488,0.14829908,0.061532766,-0.23133904
0.9377244548978195,0.6689498,0.98231757,0.9778506,0.113431945,0.14436619,-0.10139921,-0.17372486
0.8683058092232369,0.6378488,0.95857924,0.9540971,0.12246415,0.20032667,0.23425949,0.07891258
0.7884893619574478,0.78514993,0.9645912,0.94792485,0.14171018,0.16020952,-0.17146422,0.05047297
0.9137316549266198,0.8489634,0.9800149,0.9853228,0.16227266,0.10171706,-0.122801036,-0.32131025
0.7902496249984999,0.89528984,0.96890265,0.9673827,0.18073405,0.16983472,0.40196347,-0.2477123
0.8695580382321528,0.65418726,0.94602716,0.95727867,0.17025712,0.21323088,-0.8771686,-0.51582766
0.9147817071268285,0.78415847,0.9815445,0.9791731,0.16548201,0.19262826,-0.29795456,-0.36330196
0.8772854931419727,0.8121382,0.98875785,0.986845,0.107297026,0.12610225,0.52019644,0.106552854
0.9024394177576709,1.0864689,0.9550885,0.95152503,0.46374628,0.8009331,-0.55794775,-0.40249527
0.6445498421993687,0.71860135,0.9417173,0.94546646,0.10183133,0.110960044,-0.43307063,-0.09106383
0.7288069792279169,0.83587056,0.95665,0.9608045,0.1331891,0.08534099,0.75876886,0.6483781
0.9425732422929691,1.1247761,0.9718348,0.9649483,0.32800058,0.89551544,0.6452654,0.13090979
0.6833570374281496,0.49708456,0.9043527,0.9368522,0.08205921,0.090737246,0.28674537,0.44674423
0.9110774101754987,0.8451722,0.97140956,0.96073234,0.15754768,0.12706818,0.58916026,0.35638067
0.8469243156972627,0.876822,0.9862433,0.9695862,0.15343107,0.2996279,0.64781797,0.5236618
0.9030255001020004,0.86246777,0.9861549,0.97227705,0.28593764,0.21832538,-0.044995427,-0.18514079
0.714812619250477,0.6401208,0.9321358,0.9532426,0.09202215,0.11730573,0.011544372,0.057035044
0.7149859959439837,0.6350064,0.9522221,0.9401593,0.08741257,0.09311009,-0.5565807,-0.7231162
0.9202611210444841,0.9123489,0.96900165,0.9687797,0.2515017,0.2960001,-0.38939482,-0.5297825
0.856883875535502,0.72503763,0.950777,0.95549417,0.16980378,0.25756443,-0.3496628,-0.14739804
0.889186372745491,0.7781288,0.97933173,0.9774754,0.15627292,0.1712468,-0.7647744,-0.34155095
0.9355468781875127,0.55019003,0.9863486,0.9765684,0.12686141,0.11269391,-0.8978993,-0.6400293
0.7032185568742274,0.73249495,0.9197109,0.92854124,0.1928113,0.18274188,-0.33928707,-0.14167437
0.7545522662090648,0.50211763,0.9548122,0.9457216,0.07840475,0.08830903,-0.07378136,0.018556237
0.843252397009588,0.727054,0.9576729,0.9627098,0.19404784,0.13477421,0.3320636,0.16341797
0.9082746090984364,0.8210495,0.9842716,0.9667626,0.15320916,0.29733405,0.13241929,-0.07772084
0.9146642026568107,0.8062552,0.9722397,0.97275096,0.2236257,0.1817068,-0.14720924,0.011516621
0.8751450685802743,0.7260595,0.9391147,0.95628613,0.2374064,0.19420698,-0.4108815,-0.23579425
0.8352056448225792,0.73617214,0.9319775,0.9430778,0.3011326,0.28913948,0.09442212,-0.054005098
0.786816267265069,0.738893,0.9354975,0.9594118,0.14650072,0.14373076,0.06058521,0.0055352226
0.8587236268945075,0.87119305,0.9838187,0.9564968,0.2771149,0.2914785,0.1508996,0.462148
0.7414603098412393,0.68793905,0.9382217,0.94774896,0.15955383,0.17104843,-0.14630735,-0.13451728
0.6952543650174601,0.81947124,0.9574954,0.95776457,0.13742602,0.12605411,1.0560331,0.84381545
0.6736561026244104,0.6743716,0.938093,0.93983793,0.14385317,0.15139052,-0.10213747,0.4395361
0.8605837303349213,0.76248145,0.9799626,0.96846575,0.16823949,0.1660073,0.35968167,-0.10498726
0.8684677618710474,0.6054648,0.9755921,0.95957386,0.07621883,0.16379863,0.9819656,0.59326017
0.7890077640310561,0.73292726,0.9589498,0.94721866,0.12612072,0.14634557,0.30455914,-0.06429987
0.8582021528086111,0.7808515,0.9660068,0.9495218,0.2283214,0.24565369,-0.38734055,-0.73481166
0.8303242172968691,0.6506888,0.96786475,0.9519185,0.12440902,0.24452722,0.49430624,0.056325335
0.8570703082812331,0.7407366,0.97464657,0.9596607,0.12869637,0.18061604,-0.7285333,-0.3797071
0.9134348217392869,1.0518351,0.9790991,0.96069425,0.40860328,0.65022767,0.037358798,0.24302222
0.8970433321733288,0.87995374,0.98540026,0.9619787,0.24247555,0.32926038,0.7255633,-0.4076196
0.9279734078936317,0.9743587,0.9888777,0.9844815,0.14904648,0.173156,0.8840534,-0.2006634
0.8939678638714553,0.62305444,0.9790593,0.98140204,0.07669955,0.088559344,-0.04458201,-0.30140558
0.7112711650846604,0.56100637,0.9507036,0.95071423,0.070499465,0.10394049,-0.33311424,-0.28235742
0.811690638762555,0.728935,0.97368246,0.96338576,0.1549402,0.19214198,-0.94197744,-0.37829116
0.745252613010452,1.1035342,0.9793614,0.9757159,0.30537707,0.19570677,0.7562902,0.7235948
0.9241062244248976,1.2755764,0.99474347,0.97656876,0.27291045,0.21987186,0.05243449,0.5242202
0.860877011508046,0.87554795,0.96261895,0.9593809,0.31883192,0.28601736,0.05176391,0.38048697
0.9095432541730165,1.0108378,0.9631695,0.972431,0.30389154,0.3459635,0.60314506,0.4737141
0.2681746726986908,0.5702972,0.8569484,0.934844,0.07054459,0.08666051,-0.5036562,-0.4765566
0.8138551309530472,0.66715485,0.9659166,0.9441353,0.12173794,0.25928614,0.017728016,-0.54235476
0.8682300649202596,0.6058718,0.952923,0.96119916,0.07829784,0.11334052,0.6882313,0.26890007
0.8522241128964516,0.8059031,0.9790192,0.96614534,0.12927811,0.19242133,0.10253606,0.6007822
0.7579523118092473,1.0345671,0.9674267,0.955167,0.18955977,0.36880407,-1.3301562,-0.9104465
0.9344708098832394,0.7081934,0.98516995,0.9814229,0.13283505,0.21510205,0.30282637,0.42616433
0.8554923499693999,0.8410706,0.94737315,0.95784336,0.25187638,0.23636839,-0.8093479,-0.35164282
0.9493075732302928,0.9396089,0.9905446,0.989131,0.19897571,0.19976,-0.43858212,0.26127443
0.7016330145320581,0.7767552,0.9520536,0.95362645,0.17485757,0.12274798,-0.06403488,0.45515323
0.963133836535346,0.86358905,0.9922905,0.9859096,0.18345436,0.26744923,-0.027983494,-0.12528297
0.8778000552002209,0.6696601,0.98767096,0.9843448,0.0721866,0.11392342,-0.27306858,-0.060816493
0.8381809847239389,0.87297297,0.96966916,0.964546,0.28091267,0.25523075,-0.43246633,-0.07750272
0.7826634826539306,0.802416,0.9559518,0.937878,0.20998006,0.39699787,-0.27448854,-0.6807069
0.8965962583850335,1.0943776,0.9574876,0.9417919,0.6356718,1.0203222,-0.031640902,-0.29676557
0.8626462025848104,0.7339734,0.9799092,0.97353786,0.18122612,0.19241135,-0.22549295,-0.07514753
0.7229478837915351,0.66428185,0.9391112,0.9524136,0.15870611,0.1443853,0.67355984,0.4413184
0.8258589514358057,0.6216431,0.9205503,0.9673693,0.12200931,0.09678948,-0.59900767,-0.42408827
0.7287217308869235,0.60166776,0.9431356,0.95750785,0.11286554,0.10560135,-0.8842408,-0.67149043
0.9159615518462073,0.82780427,0.9784337,0.9799063,0.2711064,0.32131806,0.81383145,0.30036163
0.9138329353317413,0.8395662,0.9949574,0.98835224,0.14346458,0.25315288,-0.102146626,-0.60487574
0.6443950895803583,0.6002252,0.9237468,0.93539053,0.114288785,0.105924636,0.12610734,0.22950692
0.6418508874035496,0.5241076,0.9484476,0.94389015,0.05904655,0.11171091,-0.34893835,-0.287654
0.8695972063888255,0.6433392,0.9682346,0.953502,0.10160536,0.16124128,0.20854372,0.18212032
0.9339246636986546,1.1310232,0.9789463,0.9680614,0.4000855,0.5230828,-0.9152323,-0.10477921
0.8019827919311677,0.74662113,0.9655964,0.96082544,0.22755429,0.14482684,0.24238218,0.57354164
0.7336516386065544,1.0384319,0.98944527,0.97550434,0.23548749,0.26447752,0.44070995,0.97646713
0.5318293593174372,0.5580241,0.9344205,0.932042,0.06344655,0.096272856,-0.73361236,-0.70049095
0.850498025992104,0.73778737,0.96153545,0.97067815,0.17314099,0.10630511,0.5769961,0.2133684
0.7836770547082188,0.5504711,0.96163654,0.93938243,0.09785669,0.16216275,0.09034786,0.19634797
0.9240531362125447,0.9030341,0.99156326,0.9916101,0.13616894,0.21841706,0.29488474,0.04625642
0.8564825939303757,0.75682944,0.97030777,0.9558614,0.121088974,0.15024462,0.08692295,0.1988549
0.8447591230364921,0.8322168,0.9862433,0.98089355,0.15343107,0.15233481,0.64781797,0.56217885
0.6934912219648879,0.72548217,0.9293837,0.93668956,0.16942982,0.10464998,0.21818604,0.7717922
0.8607488509954039,0.6921374,0.9652044,0.92724204,0.16584548,0.2861746,-0.01040928,0.040077154
0.8998299353197413,1.0202422,0.97893435,0.9694838,0.37436277,0.40041476,0.07267675,0.22042386
0.9013892695570782,1.0472108,0.99167764,0.971687,0.2909155,0.29136783,-0.3714234,-0.16185366
0.8657789831159324,1.2092395,0.9663591,0.9696504,0.5193248,0.59280926,-1.1076418,-0.64136577
0.9447340189360757,1.1334853,0.9819816,0.9843849,0.28302094,0.3478043,-0.31913033,-0.3317478
0.9082046248184993,0.7901898,0.9750061,0.9702266,0.20955157,0.25625262,-0.63263565,0.21502548
0.9058216072864291,1.0010501,0.9921853,0.9729484,0.1461721,0.30915624,0.41804796,-0.17855293
0.8559685118740473,0.62680733,0.96840715,0.9486636,0.13249932,0.20902982,-0.09164486,-0.2524589
0.8260138000552003,0.84455895,0.9670623,0.9624034,0.30499882,0.26812795,0.75804377,0.20631874
0.7652487249949,0.59337723,0.96240866,0.9607248,0.09422366,0.097478844,0.18719716,-0.4458169
0.8593509894039576,0.62605846,0.9718102,0.954897,0.10608875,0.17604041,-0.04954394,-0.3398012
0.9593725414901658,0.8117868,0.9861854,0.98525053,0.17717046,0.30854043,0.2050076,0.16662538
0.8860630002520009,1.0394189,0.9904079,0.9706027,0.20136614,0.337108,0.49766627,0.6144446
0.8400574082296328,0.8141237,0.9581155,0.96427107,0.19630222,0.21615064,0.28358305,0.024241636
0.7888250753003011,0.89398813,0.9669355,0.961566,0.12980564,0.23548459,-0.20349276,-0.024975542
0.6758542234168936,0.49511573,0.9744145,0.9328543,0.054885276,0.078028634,-0.75989896,-0.8723869
0.5632968451873808,0.55398315,0.98301303,0.91217387,0.04816007,0.13527572,0.13010703,-0.47788468
0.8717823671294684,0.84070605,0.9640578,0.96743387,0.3183373,0.23335548,0.33039108,-0.06518845
0.8396104304417217,1.0019723,0.9355982,0.96729773,0.32593575,0.23779568,0.3915885,0.37340164
0.9072047808191231,0.89149237,0.98251045,0.982631,0.10731723,0.19642901,0.4380695,0.5419279
0.7877636950547802,0.7914969,0.971568,0.9487569,0.18903534,0.13384503,-0.009166276,0.104786
0.8960357121428485,0.64489704,0.94327086,0.9666481,0.14218837,0.14672363,0.18554644,0.08629076
0.9035577262309048,0.8825001,0.98116964,0.97442794,0.14713496,0.27559355,0.026518105,0.35696235
0.9065781863127452,0.9318498,0.98185736,0.9630691,0.427439,0.4904506,-0.21395038,-0.3972715
0.8735974463897855,0.9020201,0.9862433,0.9706659,0.15343107,0.36255503,0.64781797,0.575066
0.7305745382981531,0.8108568,0.9328948,0.9600208,0.20113686,0.14327237,-0.22225498,0.23151179
0.9233898695594783,1.1978865,0.9664554,0.965715,0.586859,0.43046945,0.10425581,-0.0657723
0.8660737042948172,0.773807,0.9669864,0.9758187,0.09968732,0.187645,-0.79836285,-0.4329702
0.8128381313525255,0.77143466,0.9413534,0.95794845,0.2747384,0.18949656,0.19958659,-0.3762072
0.8985288421153684,0.8679378,0.9655251,0.96621096,0.20919581,0.3050967,0.25953975,-0.18158968
0.7916376945507781,0.6484658,0.9693602,0.96419,0.09452004,0.1816934,0.4496189,0.4900502
0.9291143724574896,0.95493865,0.99448836,0.9877998,0.15356152,0.26115432,0.44045377,0.44829756
0.8631743966975868,0.9243672,0.9550199,0.9684016,0.27766225,0.21321072,-0.18429881,0.013418642
0.9394725258901034,0.67965776,0.9908159,0.9880233,0.071304575,0.1707859,0.061039463,0.31430018
0.6990861243444974,0.77583396,0.97918206,0.9490529,0.1754951,0.22011644,0.09071692,0.62430096
0.8909889719558878,0.8770562,0.9729053,0.9704627,0.20406272,0.31044227,0.2015261,0.30680665
0.7903045372181488,0.58485454,0.96401525,0.96499246,0.06354035,0.10546532,-0.5575985,-0.040550444
0.876495121980488,0.6956102,0.9928151,0.9691672,0.12472683,0.1419987,0.078883044,-0.34643617
0.6969894759579038,0.57745403,0.9782166,0.96356744,0.08001129,0.13406941,0.42937857,0.67589897
0.8883915855663423,0.90309113,0.9856483,0.9801426,0.15426663,0.19107398,0.18330161,-0.17008108
0.9197462709850839,1.0779402,0.98607916,0.9763245,0.19837396,0.3808403,-0.043414064,0.08608531
0.7539624398497594,0.86283094,0.91432196,0.9524981,0.26238778,0.20901968,-0.27960083,-0.11980166
0.8834076296305184,1.1507729,0.97822803,0.9760815,0.4130676,0.30830717,1.0440114,0.39099142
0.8945860103440415,0.6322128,0.9893201,0.9757678,0.11282709,0.10816724,-0.42527393,-0.46797124
0.9001517286069145,0.71063685,0.9803317,0.9829893,0.09267452,0.12334992,-0.25759035,-0.14761692
0.6685504182016727,0.62564826,0.930207,0.9459898,0.10456993,0.100575455,-0.16514795,-0.3122629
0.8530551882207528,0.7914143,0.9500387,0.95646083,0.2075896,0.3259322,0.035615366,-0.0363049
0.9115194220776882,0.8284454,0.9878081,0.97143316,0.22951333,0.2934272,0.03363891,0.40822017
0.9382076248304992,0.63293344,0.9871643,0.98439044,0.058438905,0.08178998,0.5076446,0.14787276
0.7947815151260604,0.65477747,0.9644589,0.96195066,0.13525072,0.13170095,0.24274418,-0.10071903
0.8864849219396878,0.7523964,0.9927667,0.96560663,0.11541981,0.18134634,-0.27619854,0.11927355
0.5690845163380653,0.6159294,0.9356368,0.92872334,0.09881029,0.06891515,-1.0598876,-0.6233345
0.8833593414373657,0.8561286,0.9634674,0.9611916,0.21083458,0.22759688,-0.047061495,-0.28321585
0.6043576494305977,0.58146214,0.94350487,0.93507636,0.1026258,0.12184119,-0.29388395,-0.037203614
0.8953282853131411,0.9012813,0.9769268,0.9755129,0.23918113,0.25997326,0.28465146,0.46187985
0.6840992163968657,0.70143765,0.9844601,0.9660883,0.0993373,0.07820714,-0.10460283,-0.6820175
0.8489002916011663,0.7371337,0.98135287,0.97822434,0.18769424,0.1123811,0.538575,0.49028757
0.848312097248389,0.91714144,0.9862433,0.95009536,0.15343107,0.6312587,0.64781797,0.62753344
0.852128016512066,0.88192827,0.97983706,0.9726334,0.19886456,0.3034601,1.3680632,0.8484418
0.8423886815547261,0.858861,0.9725984,0.97482055,0.2372715,0.2845354,0.7565201,0.2874274
0.7869188916755666,0.87065965,0.9516398,0.9521447,0.18434183,0.14805996,0.21371326,-0.06293585
0.9284523538094153,1.0296859,0.972624,0.96346635,0.5792717,0.66521585,-0.3846919,-0.33008167
0.8823610334441337,0.8916072,0.9898116,0.98183745,0.14186734,0.18040147,-0.20194563,0.4283433
0.908374065496262,0.7570794,0.99181414,0.98222214,0.11989864,0.18510887,-0.34208357,-0.7453634
0.8274048456193825,1.2338749,0.94445145,0.9437607,0.5244078,0.34201154,-0.46285984,-0.4685039
0.844134256537026,0.69167125,0.9503036,0.96010745,0.12666537,0.18711397,-0.19447325,-0.04143975
0.5661134964539858,0.5760963,0.9756263,0.9448422,0.068310134,0.11530484,-1.2228657,-1.2081891
0.9000164640658562,1.1451645,0.9718864,0.9647306,0.48830068,0.53235793,0.010582854,0.34444857
0.9399782559130235,0.654544,0.9791113,0.9830413,0.13049379,0.13310929,-0.3020009,-0.22044413
0.8512181248724995,0.59386843,0.9880668,0.97331864,0.08738775,0.107965395,-0.02431203,-0.10360493
0.8641032004128015,0.85825187,0.96782565,0.9824421,0.22552103,0.080177955,0.48656213,-0.17830922
0.501252373009492,0.7885848,0.9657126,0.9671737,0.13038859,0.06380806,0.09255596,0.34725562
0.9375376381505527,1.0250782,0.97689885,0.9724612,0.34146455,0.7570487,0.17986654,-0.22584046
0.917629654518618,0.66444826,0.9909067,0.98388165,0.06250945,0.109961696,0.5964401,0.07967796
0.7529183396733586,0.69820267,0.95142514,0.96937686,0.1706034,0.15025209,0.5012551,0.018967347
0.8893444853779414,0.94010234,0.99222726,0.97935003,0.21404353,0.26607123,0.0681835,0.26943636
0.7252912531650126,0.75832057,0.97505933,0.9757027,0.1385101,0.08375054,-0.2813663,-0.03854932
0.7150625082500329,0.69886804,0.97443193,0.97277445,0.12863517,0.07874033,0.008476134,-0.4093941
0.8788814035256141,0.71642095,0.9657049,0.97143656,0.19023022,0.13170731,0.104208484,0.07210302
0.7614898299593198,0.54815406,0.9570651,0.96800786,0.07174636,0.105432026,-1.0110387,-0.36656103
0.838564122256489,0.9153923,0.9862433,0.9805555,0.15343107,0.12902066,0.64781797,0.45349324
0.9344268417073668,0.80799586,0.98028636,0.9838877,0.21170832,0.22232336,-0.40653363,0.16272111
0.8684265777063109,0.86411375,0.9555894,0.98105985,0.20934391,0.07377398,-0.052743297,-0.21828023
0.8998470233880934,0.75323236,0.9826181,0.9823228,0.10435546,0.1411269,-0.0373782,-0.20692281
0.9365566102264409,0.99573606,0.97852194,0.9815841,0.27403167,0.39294893,-0.058051057,-0.21863319
0.9417361189444758,0.83501476,0.9841513,0.98541754,0.113306575,0.22254837,-0.04644279,0.21021208
0.6005065940263761,0.67921,0.9453355,0.96089923,0.1232441,0.09561214,-0.37447342,0.07906832
0.8577176388705553,0.59201634,0.9897623,0.9828897,0.09273111,0.072134726,-0.31378993,-0.2798383
0.9707962991851966,0.8507378,0.9921349,0.9867898,0.1030867,0.22219351,-0.6458522,0.05481802
0.89125076500306,0.6906173,0.9614094,0.97655183,0.18965079,0.13213429,-0.12281368,-0.23642062
0.9197290869163477,0.6931362,0.98449314,0.9738139,0.14279673,0.20926234,0.16228773,-0.02747532
0.7823953535814143,0.9106236,0.9661114,0.9736547,0.25353485,0.11842701,0.20393161,-0.39484337
0.9143272413089651,0.9492044,0.9647619,0.9826878,0.2665418,0.123672105,0.19977234,0.029301252
0.937997191988768,1.0681508,0.97542685,0.96728665,0.58889574,0.6193745,-0.75936407,-0.27896282
0.8931712526850107,0.74163854,0.98353106,0.9822963,0.14652522,0.14668326,-0.20309855,-0.52011245
0.8468592274369098,0.49142948,0.94910455,0.96258026,0.07349037,0.10478338,0.4316606,0.5556609
0.8657113028452114,0.63507074,0.9553573,0.95907104,0.13448907,0.21014106,-1.1377709,-0.39983317
0.9097691430765723,0.70120466,0.9734834,0.9705114,0.16307701,0.14019522,0.25442126,0.17452615
0.7752955491821967,0.66062075,0.95406425,0.9461185,0.1833757,0.14891867,0.546452,0.06536173
0.9440426241704968,0.99583536,0.98613954,0.9721247,0.37560937,0.42556018,0.1627042,0.09549652
0.8568489313957255,0.84579676,0.9646708,0.9767368,0.21550168,0.17443708,0.19322248,0.19467182
0.7027866511466045,0.5907152,0.9419551,0.93857014,0.15835686,0.12345063,0.93501365,0.55726427
0.800128256513026,0.6847597,0.96995443,0.96528405,0.15154015,0.18355586,-0.1144552,-0.4870378
0.8049133956535826,0.653048,0.96029544,0.9571381,0.1313333,0.12243637,-0.90193343,-1.168119
0.9267990351961407,0.8294053,0.97594863,0.98386997,0.24449837,0.14926612,-0.34525466,-0.167213
0.8845591542366169,0.7228612,0.976257,0.9694924,0.17856404,0.18995595,-0.44841,-0.5331637
0.8531546446185784,0.7090883,0.9730206,0.9687408,0.07734418,0.21058202,-0.15892485,-0.081787854
0.7453018612074449,0.7513236,0.97113097,0.9386712,0.16998611,0.20448293,0.045967218,0.4163916
0.7114205416821667,0.6103338,0.9011053,0.94309163,0.12495781,0.10196992,0.32739538,0.1408374
0.9250898443593774,1.0510744,0.98656845,0.97408795,0.34925488,0.32583922,-0.07370811,-0.7315045
0.9352320929283716,0.69364715,0.97873163,0.97853506,0.12920336,0.18966393,0.26160058,0.10658115
0.8371623246492985,0.880673,0.9719175,0.95816636,0.29956424,0.25128892,-0.1290254,-0.7084815
0.9330319561278244,0.89091706,0.9871545,0.9804095,0.3041185,0.23454368,0.25359395,0.33377486
0.9396230544922181,0.89532304,0.9810196,0.98035127,0.24542786,0.28466284,-0.535078,-0.18049727
0.7816613346453386,0.55379546,0.9608792,0.9594853,0.065744065,0.114082314,-0.60311335,-0.39338118
0.7888951555806223,0.7039733,0.9872462,0.96115947,0.08750016,0.1962006,-0.0072273137,0.16122375
0.9060603602414408,1.1842448,0.9911538,0.98807514,0.09369181,0.2541295,1.0490829,0.413879
0.8736596546386185,0.8987566,0.9433929,0.93958837,0.3774307,0.56656116,-0.5659251,-0.19160862
0.7305927783711135,0.65937006,0.9625368,0.9273322,0.13389042,0.18982308,-1.1510189,-0.961781
0.8231647006588025,0.5799099,0.94556046,0.957486,0.110185415,0.1123894,0.084447496,0.2917832
0.8420021840087359,1.023897,0.9775614,0.9632128,0.20685342,0.368276,0.22166762,-0.15574336
0.8633425893703575,0.6029485,0.9618206,0.9596127,0.11586183,0.14507821,0.27010888,0.15238373
0.724879123516494,0.594482,0.9614565,0.93777317,0.0893379,0.15846997,0.326393,0.40118167
0.90713201252805,1.1749165,0.9913351,0.9738622,0.34995586,0.37050837,-0.68004763,0.2942644
0.6860309361237444,0.6106643,0.9234871,0.9402188,0.10474647,0.115188986,0.032998927,0.19256407
0.7846007704030815,1.1417373,0.9687499,0.94949996,0.21051462,0.5739307,-0.01808211,-0.29446632
0.9040263041052164,0.90255356,0.98942363,0.9845985,0.30093092,0.24489507,0.077867076,0.54904675
0.5047644631721999,0.64882636,0.91890824,0.9398339,0.08855205,0.12619129,0.26055574,0.4553641
0.8667180588722355,0.9171582,0.96877587,0.9712695,0.21547884,0.15214224,0.23722023,-0.13072148
0.755068364273457,0.71437967,0.93720555,0.95285195,0.15169986,0.11845074,0.5004842,0.6390443
0.871128604514418,0.60805506,0.94520456,0.9631413,0.12780635,0.16874646,0.87786597,0.18273282
0.810008808035232,0.7032752,0.94881713,0.9692568,0.119549036,0.10360159,0.45243338,0.5721329
0.7738445993783974,1.0622638,0.99383146,0.97550577,0.14650014,0.13800249,-0.45394394,0.91625035
0.7406498745994984,0.88688195,0.95390624,0.95602494,0.25170782,0.16218667,0.24810006,0.52203023
0.6789938199752799,0.7141116,0.9169141,0.9417876,0.21739872,0.12954628,-0.27222985,-0.6386361
0.9217202308809235,1.0544448,0.9890564,0.98332375,0.25688365,0.4640416,0.25584975,0.43171275
0.8650521642086568,0.934852,0.9946628,0.98786944,0.14164455,0.24769242,-0.6626244,-0.7061807
0.8911814527258107,1.1269002,0.9899485,0.9766158,0.30278,0.30137947,0.2595548,0.63009685
0.8900791763167053,0.61903495,0.9699483,0.97660285,0.122037254,0.11852983,-0.37173453,0.009072728
0.8983615134460539,0.9937349,0.99046415,0.97957027,0.21142711,0.16501893,0.46479934,0.7169065
0.8899912399649599,0.964551,0.98073536,0.977053,0.35537586,0.26719362,0.16346887,-0.76679385
0.8629915159660638,0.6340955,0.96918225,0.96268106,0.11155851,0.16558322,0.24808872,0.2019313
0.8271735806943228,0.7112198,0.9568726,0.9620537,0.15241566,0.15972373,0.1909095,0.6073364
0.9208335713342852,0.6501905,0.9907839,0.9762272,0.11599406,0.15513624,0.1893394,-0.18188389
0.7887256189024756,0.77919304,0.97798926,0.93997145,0.23646693,0.2852273,-0.22621612,-0.51957875
0.7449511718046872,0.79299843,0.95501524,0.95520794,0.2004614,0.15630506,0.22702834,0.29312712
0.7737708710834843,0.8885799,0.9490045,0.9397649,0.23127688,0.20820224,0.06907274,-0.19952448
0.6965819543278173,0.65383065,0.9343787,0.92284954,0.08566927,0.09855725,-0.77932006,-0.6024757
0.8691053964215857,0.9952153,0.9769152,0.97073567,0.38158438,0.3171538,-0.23982507,-0.027960954
0.7871952767811071,0.50658906,0.96891403,0.92984,0.07078937,0.10279764,0.124242134,0.046328023
0.869312757251029,0.84714746,0.9862433,0.9757765,0.15343107,0.13299519,0.64781797,0.47726706
0.9546839787359149,0.6618655,0.99309164,0.9878859,0.12871905,0.1783678,-0.121163644,0.15453042
0.7499036396145584,0.7726471,0.94259834,0.932132,0.32200783,0.16869164,0.85475814,0.027884971
0.7855948543794176,0.7918367,0.96020085,0.95200264,0.19014263,0.20305732,0.2392147,0.29108453
0.8686166584666339,0.62453896,0.98321444,0.9683058,0.04784183,0.1306141,0.3832644,-0.022456814
0.810322729290917,0.6963266,0.96372175,0.9655329,0.14266047,0.15209192,-0.52241564,0.036178812
0.9520803523214093,0.528288,0.98701495,0.9831241,0.093163125,0.08279581,-0.087890156,-0.090618834
0.7612123888495554,0.7186608,0.947022,0.95805585,0.17466107,0.1566862,1.0424609,0.5480146
0.7085090420361682,0.97074556,0.9284807,0.9473431,0.30160215,0.17493969,0.41639644,0.12773071
0.8113867015468061,0.6494931,0.95170087,0.94025457,0.123937964,0.17060758,-0.24632841,-0.07556454
0.821628886515546,0.8059796,0.9573405,0.9476481,0.13901676,0.21182187,-0.1577489,0.016725343
0.8631719966879867,0.7956855,0.9731451,0.9312315,0.21998028,0.20505352,-0.1368528,-0.43757138
0.7915735662942651,0.6671329,0.93715274,0.94258875,0.1643563,0.10213331,0.11600628,0.084624454
0.8756670226680907,0.86209595,0.9676077,0.96087795,0.29396987,0.17151569,-0.5391418,-0.32999757
0.9119666878667514,0.8792571,0.9778183,0.97965336,0.2707264,0.21783601,0.06379876,0.14985514
0.9150973563894255,0.6185468,0.975057,0.9801474,0.11592083,0.1469687,-0.4875532,-0.12300706
0.7187265549062196,0.80609375,0.94805855,0.94443154,0.27702168,0.16474858,0.2726825,0.57922405
0.8480926403705613,1.0557182,0.95842457,0.9736793,0.34047145,0.27485132,-0.65470135,-0.59307605
0.846632474529898,0.7359344,0.988744,0.96876985,0.13656215,0.20467381,-0.39443234,-0.53603077
0.7297758151032604,0.6464084,0.9729859,0.95131403,0.086057924,0.14943202,-0.20615114,-0.78208786
0.8790743642974571,0.94147176,0.98131007,0.967878,0.25678396,0.4211578,0.03693691,0.6118093
0.6659675278701114,0.713305,0.9891901,0.9529859,0.10882401,0.115994036,-0.3039102,-0.15276644
0.7741746486985948,0.9889669,0.934689,0.9528073,0.38811195,0.19936524,0.48949614,0.1684562
0.8983843615374462,0.6912579,0.9588652,0.9729982,0.16454794,0.17104852,-0.50096095,-0.08126601
0.7940247440989763,0.78967154,0.97452784,0.9509594,0.15492748,0.058586784,-0.12596138,-0.4447115
0.8801332485329939,0.73207873,0.978451,0.96750253,0.115002945,0.13519856,0.388993,0.36286032
0.9426677066708267,1.1116425,0.98140866,0.986128,0.33224028,0.2421934,0.94569427,0.13691291
0.895244092976372,0.8010703,0.98162156,0.97693557,0.10114948,0.17625055,-0.4894323,-0.1515027
0.8202120168480674,0.8100306,0.9622777,0.96906,0.12250742,0.08826439,-0.57959884,-0.68196255
0.8202372649490597,0.72636145,0.96699846,0.95677286,0.19252002,0.18700624,-0.7424943,-0.78222793
0.8592739970959883,0.8186861,0.9841701,0.96632487,0.20860657,0.25097442,0.94720536,0.7595974
0.8978090312361249,0.83325946,0.9870245,0.9781432,0.15298013,0.21028343,-0.19957066,-0.18707485
0.829883671534686,0.6602077,0.9781657,0.9609103,0.1306444,0.16777074,-0.34117863,-0.30762312
0.9518294073176293,0.804977,0.9946615,0.98926383,0.19880258,0.2162029,-0.87916654,-0.28893983
0.7196889587558349,0.77029526,0.9076033,0.94803435,0.16621457,0.12342244,0.18685219,-0.09784946
0.6600873123492493,0.59387106,0.91146296,0.93618536,0.11951301,0.13428427,0.8575353,0.833876
0.9162401449605798,1.1142178,0.9661839,0.9687821,0.38316813,0.29179218,0.73020685,0.5240341
0.8526675386701547,0.6553761,0.96611756,0.9612097,0.16413912,0.18436114,-0.31385234,-0.43344215
0.899688718754875,1.0720193,0.9854777,0.992143,0.13175991,0.13379371,0.47857583,0.6159262
0.9255539102156408,0.96478,0.9905404,0.9866707,0.22159196,0.23433758,0.15528423,0.103917696
0.8695152220608882,0.8432868,0.9425392,0.966656,0.33456764,0.2524671,0.76388735,0.18855733
0.9110705242820971,1.24175,0.97375154,0.9653093,0.7288596,0.4807475,0.87292576,-0.27412808
0.6307127308509234,0.6849825,0.9754817,0.956095,0.09107752,0.07772544,0.5756977,0.025845746
0.9101346165384662,1.0501229,0.9655663,0.96562725,0.33571604,0.1617587,0.35196778,0.23444377
0.8162883851535405,1.1960983,0.93842417,0.94402117,0.5193954,0.24871571,-0.45499808,-0.5415956
0.866069384277537,0.8516479,0.93982947,0.9610224,0.20358816,0.19062473,0.404904,0.06357867
0.5400385441541766,0.5747883,0.95776576,0.9164969,0.10637541,0.08988539,0.28474703,0.41365808
0.9053253813015253,0.8201688,0.9870947,0.9766414,0.08400427,0.14401856,0.5218835,-0.09466113
0.7625469861879447,0.7020048,0.9511726,0.9358422,0.1666401,0.16064873,0.5020207,0.17606632
0.7592779811119243,0.72978973,0.93558764,0.9264897,0.18895143,0.1787295,-0.47898945,-0.22359596
0.9560525602102407,0.7262227,0.9897769,0.98696405,0.07889221,0.15489225,0.084795326,0.016854921
0.7491309325237301,0.7082901,0.9180351,0.9481886,0.15455794,0.13449137,-0.2573089,-0.08858336
0.9354781419125677,0.6526247,0.988894,0.981145,0.06239703,0.10244161,-0.0034190118,0.36092538
0.6595740942963771,0.5090229,0.9378212,0.9198876,0.050513502,0.14779459,0.056632023,0.20632324
0.9182978171912687,0.78493637,0.9738527,0.97197,0.16853519,0.20824473,0.5622769,0.37728453
0.6953635174540699,0.56725806,0.9477239,0.9241962,0.09705156,0.109177716,-0.22236598,-0.3433077
0.6360783843135372,0.9217213,0.9286118,0.9236712,0.21595763,0.32918918,0.5454667,0.45334706
0.8262760731042924,0.77626693,0.9469404,0.96527606,0.18133205,0.1690492,-0.21791106,-0.44044095
0.6960506882027527,0.5388017,0.92661744,0.92074096,0.112087406,0.12441438,0.030115463,-0.21001859
0.9157115668462674,0.8322592,0.982583,0.97170603,0.11817284,0.2781827,0.26636085,0.26982826
0.906380233520934,0.64550436,0.9821129,0.978373,0.072775245,0.14337999,0.35630065,0.2582575
0.6417910791643165,0.6863828,0.93054354,0.9222486,0.14409655,0.12036773,-0.029747939,-0.17757052
0.8077691190764763,0.7053194,0.9780144,0.9624704,0.15143363,0.10972605,0.30541646,0.40383598
0.7632414529658118,0.5653856,0.95331264,0.944101,0.10027333,0.087130345,-0.75192016,-0.41429773
0.7883897135588541,0.63918525,0.93221265,0.9465575,0.13960192,0.13748157,-0.31180903,-0.6265556
0.8834039816159264,1.02628,0.93092906,0.9614972,0.51945955,0.26559302,-0.40730697,-0.31025892
0.8025728102912413,0.73124015,0.9672316,0.9493019,0.14739652,0.22785372,0.5552403,0.624684
0.5654718298873195,0.89495945,0.9304999,0.95471287,0.16603737,0.13224635,-0.43682438,-0.40194795
0.9007042108168432,0.9927757,0.96141404,0.9738818,0.35205436,0.39440015,-1.0112224,-0.2654549
0.5497729830919323,0.76607174,0.96257836,0.95491946,0.13857625,0.12925541,0.60432875,0.29835513
0.8668652274609099,0.6320194,0.96773124,0.9735496,0.105152495,0.06884387,0.4746681,0.099097624
0.7642876651506606,0.7058645,0.94418836,0.9644734,0.15932512,0.10431669,0.23161297,0.3114862
0.8311420445681782,0.71666306,0.9541215,0.96421295,0.1252479,0.09426902,0.5546273,0.40064597
0.8413262453049812,1.1330324,0.9559939,0.9662565,0.48897383,0.31244713,-0.08379976,-0.29921365
0.8644157776631105,0.65241426,0.9685585,0.95741695,0.10303874,0.18640058,-0.25910622,-0.31106088
0.8258506954027816,0.69489086,0.9567904,0.9466584,0.15903561,0.18204038,-0.11410063,-0.22810125
0.8871755487021946,0.86753774,0.97734016,0.96816164,0.28409308,0.21004365,-0.65122634,-0.28454676
0.7404754419017675,0.7198768,0.9686872,0.9597902,0.13615862,0.10121668,0.3211878,0.66549075
0.8326592346369386,0.8579963,0.9760421,0.9811828,0.08918348,0.15669116,-0.8232567,-0.22772448
0.8644471697886792,0.6050564,0.9605172,0.9728748,0.11987446,0.117359154,0.18553348,-0.21521796
0.9267016908067631,0.94119275,0.99246264,0.9821561,0.32929277,0.23781534,-0.34865016,0.19946207
0.7328649154596617,0.7124255,0.9539789,0.9273804,0.14283483,0.09615071,-0.5907566,-0.182661
0.9114329257317028,0.88567734,0.9673253,0.98763406,0.2841655,0.07951125,0.071428105,0.41828543
0.8891925167700668,1.1013335,0.98659855,0.9859239,0.3039388,0.24681206,0.1769083,0.35277334
0.9108454033816136,1.0386775,0.9442866,0.97449875,0.41825095,0.18978803,0.38207075,0.2667177
0.940257713030852,0.7014845,0.9923334,0.9866663,0.12583733,0.16091578,-0.30546927,0.14677548
0.6195197580790323,0.880671,0.9485484,0.9466873,0.13467576,0.11434145,0.850941,0.386377
0.7734233496933988,0.5457361,0.9324548,0.955159,0.085634306,0.11977732,-0.17096739,-0.4842266
0.588622514490058,0.8518975,0.94973046,0.93737113,0.16045082,0.12715825,-0.5480717,-0.4936085
0.8776623906495625,0.6042174,0.9630105,0.95728797,0.13121109,0.115692444,0.746403,0.5070324
0.8635342061368245,1.1486572,0.98775005,0.99141586,0.12997791,0.15475762,0.25597236,-0.12058425
0.8848839235356941,0.6502405,0.95108545,0.9678484,0.11443378,0.100551724,-0.199636,-0.20947786
0.8890849003396013,0.70831734,0.979488,0.97487295,0.14845286,0.15908062,-0.25673786,0.014412701
0.7113825255301021,0.70232373,0.9716052,0.95909804,0.112250075,0.10502356,-0.45670098,-0.07608726
0.9460013200052801,0.9088992,0.9881222,0.9772415,0.21150474,0.23385538,0.3437253,0.18766089
0.5814152856611426,0.5705838,0.9418219,0.9561341,0.08864096,0.061712656,0.2951269,0.15735397
0.7642018408073632,1.096623,0.9608894,0.9715273,0.31013504,0.1572809,-0.37811,-0.7743785
0.7235400141600566,0.49539047,0.9293289,0.9428012,0.060055654,0.09967055,0.66187996,0.605179
0.895746750987004,0.7683636,0.97588223,0.96330655,0.20419993,0.30099759,-0.47573,-0.0010453305
0.6425909543638175,0.49948552,0.91248846,0.93649465,0.103498615,0.05476655,0.48286226,0.40654022
0.6938517034068136,0.80579954,0.9485278,0.956428,0.20423515,0.1139867,0.28000876,-0.1477882
0.918491545966184,0.7487046,0.9708459,0.9833862,0.11762751,0.117025696,-0.15336542,-0.13921389
0.7596583346333384,1.1538082,0.9736249,0.9750337,0.5080854,0.3660616,-0.47604582,-0.11705274
0.8573138612554451,0.7336942,0.961585,0.9515933,0.21250463,0.18005201,-0.01904585,0.021200255
0.8330090600362401,0.8566567,0.9418313,0.96071535,0.25707418,0.14617957,-0.22419727,0.05489524
0.8149588758355032,0.7351999,0.9383122,0.96601903,0.14482494,0.14188518,-0.37600818,-0.16610502
0.8713383653534612,0.72008234,0.9711162,0.96525013,0.21267962,0.2720005,0.46703008,-0.33792904
0.7715517262069048,1.0288814,0.9676869,0.973895,0.30097502,0.14526142,0.736703,0.34088013
0.8042292969171877,0.671289,0.9831646,0.97106594,0.14701785,0.09926378,-0.103154644,0.574061
0.7862050328201313,0.6930125,0.9445249,0.95588887,0.14542581,0.055425372,-0.28915748,0.1694174
0.8235885423541695,0.4895055,0.9621722,0.962616,0.0609508,0.08424564,-0.17127346,-0.32840088
0.8291075084300338,0.7582543,0.9320681,0.95903546,0.3061541,0.18088026,-0.8695951,-0.6367979
0.7788683954735818,0.62156874,0.942758,0.9698724,0.10243397,0.07777196,0.52228814,0.46476546
0.8865416581666328,0.641568,0.9680044,0.97548455,0.10926306,0.11505027,0.12030828,-0.047640745
0.8773748694994778,0.69911486,0.9803155,0.96812814,0.13781977,0.09845276,0.521408,0.5767719
0.7069886839547357,0.73728627,0.9879538,0.94374067,0.13058501,0.10926238,0.16428755,-0.8372975
0.5867130668522674,0.5850105,0.920697,0.93892837,0.11113508,0.07696529,-0.4566237,-0.39447287
0.7521000324001296,0.8088561,0.9122832,0.9606979,0.1544384,0.06767514,0.91496557,0.74069655
0.8063366973467894,0.777575,0.93858594,0.9574524,0.2395148,0.13491765,-0.0515582,-0.32481217
0.9083406573626294,0.7541878,0.9786927,0.96580195,0.1947623,0.26984686,0.16446891,0.08937646
0.9695135420541682,1.1815265,0.98777014,0.9859266,0.15621129,0.35216853,0.019320289,-0.60981596
0.7642846891387565,0.6920839,0.96363837,0.95470625,0.16020828,0.07128657,0.09314741,-0.12968306
0.7766617306469225,0.66726,0.94614017,0.964547,0.1202637,0.08368535,-0.036442008,0.07706841
0.9338159912639652,0.6166295,0.9823026,0.97649086,0.13190283,0.19648084,1.4065986,0.4801291
0.7877497749990999,0.63976574,0.95797896,0.9697892,0.09340034,0.06946208,-1.0897131,-0.782059
0.9316615506462026,0.88764095,0.9815554,0.98180085,0.17816389,0.1953369,-0.2067035,0.11739406
0.9191428125712502,0.66667295,0.9745105,0.9818071,0.12519228,0.11254043,0.43251225,-0.35236314
0.864436225744903,0.9258354,0.96459424,0.96727806,0.24720705,0.23600294,0.58965445,0.24674597
0.7600933123732495,0.5968918,0.95528996,0.9588156,0.088630244,0.07839599,-0.17996003,-0.43631288
0.9132262129048515,0.83476967,0.9931899,0.9861933,0.086341016,0.17313504,0.5454548,0.75253415
0.9363768015072059,0.77230126,0.9886216,0.9698153,0.20474043,0.3573132,0.4769532,0.03861709
0.5857037188148752,0.5107691,0.9453832,0.95242035,0.035959784,0.08401901,1.0794467,0.9701726
0.6955993903975615,0.42954654,0.92912287,0.95035714,0.051285736,0.06530327,0.3095171,0.40863732
0.8606497785991143,0.89288443,0.9862433,0.97437966,0.15343107,0.15713014,0.64781797,0.5668371
0.8792414049656198,0.49897593,0.9681934,0.97117007,0.069696926,0.10206492,0.18366678,-0.07460866
0.798751899007596,0.633581,0.9578141,0.974211,0.1169662,0.06494054,0.30301467,0.88196397
0.8281340645362582,0.8011011,0.956844,0.97019905,0.18261798,0.14220016,-0.44439247,-0.6717212
0.7360439681758727,0.60978574,0.9491407,0.94927424,0.097048655,0.0752099,-0.6831296,-0.64374536
0.5731330445321782,0.74640554,0.92019,0.9545559,0.1365767,0.085977845,0.24955922,0.3415749
0.8800570242280968,1.1553142,0.9862252,0.9735938,0.18039496,0.41077846,0.4341477,0.5049812
0.7888955395821582,0.64274156,0.9727163,0.96415925,0.10746077,0.11944358,-0.45906562,-0.529763
0.8685680822723291,0.74044895,0.90935993,0.96514505,0.3775391,0.22704461,0.6109548,0.22562076
0.7721403045612182,0.70626915,0.9632066,0.9608162,0.15732197,0.079797834,-0.4528938,-0.5227141
0.8581668246672985,0.87798935,0.9743938,0.9645331,0.25359467,0.25740725,0.4069075,-0.09855744
0.7914191016764066,0.68946165,0.97311205,0.9597942,0.12681973,0.1801316,-0.65372545,-0.50345284
0.7147787311149244,0.6710506,0.9256283,0.9559617,0.095247604,0.081869364,0.03266099,0.21877989
0.7529623078492315,0.6234423,0.96992075,0.9444582,0.09216792,0.09081861,0.53881097,0.3579352
0.7689543398173593,0.652394,0.973413,0.9526666,0.09463508,0.15078714,0.86740255,0.13898316
0.8057490789963159,0.9966076,0.93452215,0.96233255,0.42736888,0.1873409,0.5256162,-0.21276928
0.9389353077412308,0.81880665,0.9849799,0.97911346,0.17475435,0.33763632,0.62834775,0.47324935
0.7606363865455461,0.8492743,0.9483447,0.95718634,0.19021633,0.15740655,0.4931035,0.028007615
0.9546522986091945,1.4264476,0.98024243,0.9770278,0.17408046,0.65354437,-0.0036993055,-0.18012919
0.9167266749066996,0.88430494,0.97724694,0.97346014,0.121172465,0.20761262,0.4235668,-0.09730995
0.7573258133032532,0.70367825,0.9731075,0.96276474,0.1016744,0.16820802,0.04630287,-0.5389748
0.9291093804375216,0.7827325,0.97911525,0.9764737,0.22971608,0.31054348,0.4346885,0.085383564
0.7494922779691118,0.84936666,0.94249094,0.9478143,0.22616513,0.18662538,0.674672,0.36606687
0.8951599966399866,1.1705326,0.9884955,0.9894123,0.2581166,0.2629166,-0.3111326,-0.5174098
0.6968362593450373,0.8586785,0.9499203,0.9669992,0.15681116,0.18021348,-0.6256752,-0.6101569
0.8429878199512798,0.6515906,0.9586428,0.96512806,0.14218916,0.16267665,0.5813518,0.45637003
0.8184540578162312,1.1395073,0.9902457,0.98658,0.24059615,0.1640419,-0.58952403,-0.62702703
0.846629306517226,0.6771584,0.9841436,0.9478035,0.13827685,0.2114038,0.15487003,-0.017542252
0.8205100020400082,0.78850615,0.95880085,0.95128334,0.23628303,0.15299667,-0.20547564,-0.56353396
0.7769370597482389,0.67199636,0.96045434,0.94566095,0.18004651,0.16132598,-0.21290231,0.088259034
0.8482385609542438,0.6881256,0.95997775,0.9610929,0.1268184,0.08922942,-0.30619958,-0.26199803
0.8630590042360169,0.65074813,0.9830623,0.9616516,0.105255984,0.13354862,-0.060034312,-0.41210866
0.8411059244236976,0.6812396,0.98653466,0.9718339,0.085035935,0.12429778,-0.08497608,0.1659821
0.8738064392257567,1.0346969,0.9644867,0.9780599,0.24777506,0.31577125,1.3017592,0.24585217
0.858253897015588,0.78280914,0.9799021,0.96458584,0.15340032,0.2547556,0.17724364,-0.5058572
0.9025150660602643,1.0544401,0.9871046,0.98815936,0.20411672,0.16046214,1.0342388,0.21354456
0.734562874251497,1.1229867,0.9948425,0.99088395,0.08654503,0.23165922,-0.061912972,-0.1173447
0.8103059292237168,0.8587123,0.9560117,0.94258034,0.18199638,0.117225334,0.6518394,0.71473324
0.8843150252601011,0.6809762,0.98983157,0.97523856,0.05731968,0.13636553,-1.4185961,-0.805615
0.9575168540674162,0.90134746,0.99446446,0.9872388,0.28582644,0.25358322,-0.15498565,-0.14373963
0.8568712994851979,0.7955668,0.96962583,0.9614526,0.14545338,0.24725649,0.49035653,0.6438147
0.9108759315037259,1.473012,0.98146546,0.9822564,0.16944209,0.4307719,-0.3417565,-0.12676205
0.6956043824175295,0.78461397,0.9531494,0.932893,0.103212915,0.16017327,-0.16597052,0.44875354
0.8524383857535429,0.6173659,0.98591816,0.94649327,0.11495175,0.23797433,0.16315842,-0.21505477
0.9132733490933964,1.5716162,0.989342,0.99074906,0.22150195,0.2768506,0.4745366,-0.16894971
0.8655381181524726,1.2977147,0.94860035,0.96249807,0.5647061,0.23511662,-0.45600647,-0.3271055
0.8297217188868755,0.5428956,0.9402993,0.9498671,0.09021927,0.15413043,0.31538108,-0.016345497
0.7472745730982924,0.534225,0.9409194,0.93871045,0.10315604,0.15150587,-0.24228697,-0.32701832
0.7687646430585722,0.6575068,0.9316939,0.95022064,0.14090805,0.1570099,0.1551287,0.4142295
0.941067476269905,1.2338642,0.954211,0.9769112,0.53578836,0.37234256,-0.30744603,0.07455692
0.7688381793527174,0.9594778,0.95705116,0.96057194,0.29766175,0.22757536,0.05258187,-0.12258723
0.8428362353449413,0.7188631,0.9556978,0.9617308,0.22775891,0.12968138,-0.32110453,-0.10607
0.7653341653366613,0.69873,0.94422525,0.9397076,0.17955592,0.19644691,0.20100637,0.28891206
0.8765676022704091,0.8297034,0.9691524,0.96760684,0.23458216,0.17394245,1.27574,0.5219381
0.9092986190176433,1.012166,0.9843631,0.9765066,0.26794285,0.22742571,-1.2455617,-0.2680834
0.8232162528650113,0.6657736,0.9634476,0.94689834,0.142314,0.14724803,0.23190357,0.26232845
0.9044795219180876,0.70043254,0.97488755,0.9696236,0.1662308,0.16555825,0.07665399,-0.18335441
0.8499875919503677,0.7761901,0.98394877,0.9729995,0.15575024,0.18468675,-0.2987886,0.3845412
0.5700120720482882,0.5931254,0.94141686,0.9224113,0.08974861,0.096413545,0.21476449,-0.0054098456
0.7368986595946384,0.94127905,0.9416539,0.9575434,0.3026598,0.17935662,1.0951787,0.2259803
0.9020488881955527,0.71971524,0.9615273,0.98171514,0.11801038,0.09452645,-0.7739622,-0.60931474
0.9247718910875643,1.0596519,0.9908995,0.9915852,0.13127208,0.1699461,0.03631026,0.16934101
0.941812055248221,0.84324545,0.99098504,0.9868917,0.1448247,0.16044514,-0.23983379,0.30133447
0.8775977823911296,0.7996128,0.95274466,0.98267263,0.23313981,0.110043034,0.69961303,0.11999022
0.9239546398185593,0.82351863,0.98604316,0.98468244,0.11436947,0.07842107,0.27788725,0.35842863
0.9544600098400392,0.8516857,0.9827038,0.9861491,0.19684651,0.20452599,0.11514756,0.03728416
0.8926034104136417,0.8544783,0.9353591,0.9765649,0.21650138,0.23877464,-0.4128378,-0.23932834
0.6563974415897663,0.7262052,0.95465726,0.94954485,0.15692623,0.07293862,0.39184114,0.5040598
0.7357316789267156,0.9186909,0.926309,0.9616999,0.23522161,0.13171391,-0.17656834,-0.5284052
0.537315973263893,0.52733546,0.95771235,0.949019,0.058673378,0.0640055,-0.67357075,-0.10485352
0.6017146628586515,0.700034,0.9554817,0.9474217,0.08648026,0.04671508,-0.16833933,0.13222915
0.7913837735350941,0.83545715,0.9354447,0.9575228,0.19942035,0.12087892,-0.5233522,-0.55403167
0.8574844539378158,0.7820069,0.9614714,0.9580678,0.28735405,0.36865768,1.0157465,0.12415497
0.9017621350485402,0.84900326,0.98830694,0.9771796,0.24113674,0.34661275,-0.038465567,0.16507854
0.9034627818511273,0.83211917,0.96032524,0.98173684,0.18294047,0.16096897,0.7061622,-0.036932975
0.8900942483769934,0.6661811,0.985223,0.97838473,0.08160414,0.118445225,-0.2946205,-0.054408647
0.9042765771063084,0.5595292,0.99426955,0.9754977,0.101975285,0.13131647,0.2507489,0.23188306
0.8975153660614642,0.5792814,0.95955724,0.98311806,0.13766271,0.09085582,0.64584374,-0.11765728
0.5305950823803295,0.65835917,0.9234321,0.9526439,0.14794487,0.05202904,-0.23385863,-0.05562231
0.9067207468829874,0.6400686,0.9841887,0.97448725,0.1336839,0.19560333,0.24046819,0.20766737
0.8570339241356966,1.0013688,0.9343078,0.9649349,0.39605626,0.20890279,0.2655667,0.323922
0.6642776331105323,0.5336746,0.9239503,0.9506424,0.096987076,0.07760861,-0.7506875,-0.46420303
0.9350449881799527,0.7006078,0.99471027,0.989764,0.08501238,0.079066224,-0.28534633,-0.14282991
0.6896537986151944,0.73002565,0.9801925,0.95057184,0.14685288,0.11872302,0.036551747,-0.421017
0.9307446509786038,1.1555506,0.95906776,0.97953534,0.8918064,0.5631221,-0.28765714,-0.18040949
0.8671150204600818,0.9546534,0.9233159,0.96486884,0.20192522,0.29295924,0.7391314,0.73059124
0.6529562118248473,0.68594193,0.9628422,0.9365667,0.08521439,0.1512361,0.37684122,0.112955965
0.7692732530930123,0.67740285,0.93559784,0.9472259,0.06621794,0.20813712,0.29399115,0.22109881
0.6339661838647355,0.52110845,0.9562112,0.93604946,0.0739812,0.099091835,-0.53775597,-0.31204483
0.9685796503186013,0.8579733,0.9843766,0.9867503,0.22727734,0.28632164,0.8459512,-0.05615467
0.9464795939183757,0.9468875,0.9815527,0.97742105,0.25279498,0.39196712,0.42732882,0.17592555
0.5797752151008604,0.6351516,0.96575916,0.94044524,0.06214858,0.12579952,-0.19738558,-0.15987882
0.8784085056340226,1.2606524,0.97225547,0.9770282,0.45032907,0.24232551,-0.65239453,-0.23942506
0.8430403321613286,0.7667452,0.9387967,0.9577924,0.20356733,0.21095665,0.099408746,0.276307
0.8472912291649165,0.93190277,0.94675654,0.9698783,0.16062284,0.24072707,-0.07905119,0.100629635
0.9136341185364742,0.72082025,0.98933583,0.971928,0.14862901,0.20853128,0.40224323,0.4731111
0.6339155916623666,0.8060638,0.9812265,0.9406429,0.08970722,0.19898266,0.46750337,0.49564058
0.9431077724310896,0.9964774,0.9838865,0.97696817,0.33132276,0.6381648,-0.11105724,-0.050135516
0.7357143028572114,0.87682366,0.9669466,0.96228284,0.15480982,0.1492721,-0.057519663,0.38535896
0.6939045036180145,0.8247295,0.9675054,0.9555045,0.13155816,0.2281761,0.32555574,0.28875986
0.7794491017964071,0.83876127,0.9571224,0.94582224,0.17448032,0.2727994,-0.027818292,0.26741615
0.9177427429709719,1.036962,0.9696209,0.960163,0.5513386,0.77370197,0.071359426,-0.13711503
0.7276591026364105,0.60672885,0.9544009,0.94239056,0.088531405,0.128332,-0.020838812,-0.40252554
0.9066438505754022,1.0861983,0.9570805,0.97890073,0.51361656,0.24665396,0.17113395,-0.005815533
0.8858281833127333,0.6969526,0.98353267,0.9685939,0.12310442,0.20082936,0.31307283,0.3442726
0.6650231720926884,0.5010585,0.93926597,0.92878795,0.046640985,0.12624289,0.85726106,0.7113592
0.7033536294145176,0.8163334,0.9281347,0.9507235,0.21185984,0.13478339,-0.042577736,0.011380181
0.846624986499946,0.81798464,0.9815621,0.9747657,0.082029805,0.16286337,0.39024323,0.6637614
0.9044555218220873,0.92959076,0.94483125,0.9644049,0.3470306,0.40257362,0.03381666,-0.1750619
0.8663004572018288,0.85079914,0.9911396,0.9829649,0.09757954,0.20627049,0.22955477,-0.50743836
0.8279189276757107,1.1921568,0.95454645,0.9638582,0.5025889,0.29479262,-0.46845567,-0.30471218
0.8744534818139272,0.5493555,0.97578937,0.9664849,0.089215614,0.09915037,0.110623516,0.15542331
0.7604179856719427,1.0525018,0.96422076,0.94259745,0.30385062,0.33626273,0.34466618,0.4053617
0.9487456829827319,0.9518305,0.98405284,0.97102225,0.28904718,0.45064992,-0.8046436,-0.09894991
0.7545546662186648,0.63692975,0.9372547,0.94932586,0.12843806,0.08325661,0.37035844,0.5338953
0.9476367825471301,0.72918653,0.98992604,0.98098004,0.108893625,0.20650576,-0.45046833,-0.14977008
0.7505484741938967,0.7874698,0.9571712,0.9491537,0.16459528,0.18912612,-0.086173505,0.42899463
0.5871930687722751,0.663836,0.9571345,0.9429536,0.10861229,0.094391756,0.067114756,-0.03487024
0.6806068184272737,0.7575641,0.9399931,0.9359414,0.14133699,0.14224178,-0.0029902055,0.10612452
0.6519235356941427,0.6438347,0.97751516,0.9463487,0.1064716,0.078517586,-0.061822794,0.49873677
0.88425790503162,0.8899294,0.97951555,0.96995384,0.1908104,0.36842912,0.66138905,0.89754766
0.7773641654566618,0.9563113,0.98571366,0.96609366,0.31794348,0.29219455,0.12947765,-0.23829024
0.8607014268057073,0.79198194,0.9503313,0.96495724,0.21330127,0.17873229,-0.5723865,-0.42601967
0.7315194700778802,0.67726856,0.94343007,0.96121234,0.16625604,0.08042175,-0.3829367,-0.1291369
0.889877095508382,0.6173066,0.9652687,0.9600255,0.12176929,0.14808299,0.63058394,0.4491705
0.9402137448549794,0.6781951,0.97219235,0.9653866,0.15620072,0.27767286,-0.4089746,-0.013060691
0.8454343897375589,0.69066966,0.96494836,0.96436673,0.13593102,0.16150707,-0.124719486,-0.15693592
0.7276943347773391,0.6556365,0.97680914,0.9432989,0.10003295,0.09084756,0.45003122,0.4374435
0.7993543014172056,0.70568377,0.97808754,0.9620131,0.13509293,0.11157836,-0.059472285,-0.057402898
0.924055536222145,1.1530693,0.98904234,0.9895174,0.20656982,0.14244673,-0.6200239,0.052939188
0.8129827079308316,0.7881597,0.9851799,0.9486294,0.19401361,0.17040452,0.40405145,0.07790035
0.8580287761151044,0.7636844,0.99183714,0.95957756,0.21197398,0.1742992,0.29668248,-0.47483405
0.7777700550802203,0.7979417,0.9361496,0.9510463,0.24572103,0.20769587,-0.6396551,-0.58276844
0.8442631850527401,0.64841837,0.96344954,0.9644722,0.07794336,0.13429897,-0.28221932,-0.14519255
0.937258181032724,1.0152228,0.98632294,0.9637084,0.38935512,0.6963651,0.16736065,0.027035322
0.6227223308893236,0.67180556,0.934345,0.9472756,0.113558084,0.12926404,-0.011896995,0.1788791
0.5564403057612229,0.83457243,0.9675976,0.9652824,0.124978215,0.12682635,0.7849045,0.46786177
0.7370253801015203,0.9640783,0.9434289,0.959871,0.3036706,0.16967528,-0.07968484,-0.38460004
0.8989006516026065,0.9207233,0.9785073,0.9773038,0.27750468,0.17599155,-0.8527589,-0.26713222
0.9245909303637214,1.4107435,0.986642,0.97755486,0.6295192,0.33630487,0.08536499,-0.31012535
0.9484701618806475,0.77476,0.9804733,0.9800973,0.17607757,0.23013537,0.46622157,0.01585361
0.8711551006204025,0.9780554,0.98496443,0.9793824,0.25022614,0.54738814,0.31742594,0.43079484
0.9422541370165481,0.63712084,0.99108326,0.9825882,0.110750295,0.11821293,1.2635003,0.17824008
0.7568889155556622,0.56990576,0.9171677,0.95244485,0.11330341,0.10867902,0.78359073,0.557702
0.8503691934767739,0.6716517,0.98336977,0.9667879,0.12105347,0.12208852,-0.060259752,-0.062463097
0.786632330529322,0.54984,0.9173844,0.9438702,0.14577721,0.12434102,-0.325537,-0.2168378
0.918563354253417,0.8940323,0.9428854,0.97330034,0.30729765,0.26932502,-0.84652466,-0.3633644
0.7648053952215808,0.75501674,0.9796256,0.95843565,0.17852251,0.18631269,-0.060729023,-0.22470674
0.8101218964875859,0.50760585,0.9676319,0.95816106,0.08963474,0.10100935,0.17430183,-0.08709314
0.6858989355957423,0.6830168,0.90865225,0.94799906,0.15300582,0.122711964,0.43178207,0.17130668
0.8879919359677438,0.90761524,0.96300614,0.9692389,0.2615475,0.2866546,0.4552426,0.0008337617
0.8301053364213455,0.6161681,0.96314013,0.963017,0.105950765,0.12133284,0.17258547,0.26306772
0.8842667370669482,0.6447043,0.93489224,0.9604632,0.17799921,0.14353092,-0.027908526,0.19305633
0.6798455353821415,0.6522936,0.94412374,0.9649476,0.11551893,0.07532367,-0.8325872,-0.6390276
0.858573482293929,0.6608459,0.9576217,0.9581895,0.12873426,0.12820014,0.10286352,-0.33591613
0.9209976359905439,1.0936747,0.97337604,0.97789395,0.45848164,0.5678325,-0.4043407,0.16888161
0.947752463009852,0.651963,0.9898757,0.9846247,0.082462914,0.16898748,-0.37061945,-0.03317251
0.9140687122748492,0.97937727,0.9445048,0.963326,0.33634302,0.2583509,0.011385213,0.0027529446
0.8692532370129481,0.66829884,0.96536237,0.96096575,0.1594004,0.21812883,0.08349498,0.015416768
0.8909043956175825,0.97419536,0.985025,0.9826883,0.23646702,0.16369428,0.9433401,-0.3527656
0.8512455809823238,0.8146295,0.94927484,0.9767989,0.30813715,0.15047318,0.79021615,0.11864976
0.803934191736767,0.72922456,0.9834184,0.97956204,0.06314643,0.098188415,1.0727853,-0.010721062
0.8551106524426098,0.85235524,0.9614116,0.9741102,0.25741544,0.15616065,-0.24891259,-0.2764644
0.8026774507098029,0.69621515,0.95839345,0.96986973,0.17107071,0.108081326,0.4387959,0.26234424
0.5719830559322238,0.7077405,0.935271,0.97058576,0.09976835,0.08216448,0.7272695,0.35216555
0.9418460393841575,0.6324158,0.97088885,0.9832973,0.13232155,0.12748316,0.6086443,-0.018002447
0.8598619994479978,0.7890194,0.9761505,0.97607225,0.20707819,0.11414989,0.216294,-0.41359875
0.8121754407017627,0.764931,0.98145616,0.97434396,0.12560561,0.13903409,-0.0021539654,-0.06210558
0.9221107604430419,0.7237873,0.98996043,0.9780657,0.2614368,0.19983302,0.48715934,0.30971515
0.9496416545666182,0.90787196,0.97130793,0.9842625,0.33322838,0.20464627,0.5505567,-0.0021890227
0.9102012408049631,0.82837266,0.9646281,0.9808046,0.2690834,0.20663475,-0.010200066,-0.018675182
0.833567494269977,0.8092567,0.9440313,0.9734119,0.25914952,0.20936884,0.2878175,0.29595405
0.8323992655970625,0.9466992,0.9466797,0.97941995,0.2428163,0.19885363,-0.2634948,-0.009357571
0.8870116760467042,0.5571823,0.97936547,0.9784776,0.07420576,0.06815444,0.16493423,0.24921061
0.8675455821823286,0.8951844,0.98973054,0.98665106,0.12232731,0.16049246,0.3753277,0.45778653
0.8053272533090132,1.2022549,0.9762505,0.98338974,0.26656047,0.31748256,-0.9361506,-0.42074892
0.873562886251545,0.79902375,0.9689245,0.97851336,0.208788,0.0992055,-0.5091184,-0.01537477
0.9335905823623295,0.7693773,0.98139745,0.98448294,0.18895486,0.11224235,0.2633143,-0.26064333
0.9330766923067692,0.7213782,0.97434247,0.98070323,0.12399638,0.10627248,-0.055054568,-0.017703975
0.9332712850851403,0.9901492,0.9884207,0.98490113,0.24571843,0.20208998,-0.13405599,-0.005715307
0.9085224820899284,0.88774055,0.99076444,0.9801292,0.18451299,0.3304452,0.1873709,0.18144792
0.8564531218124871,0.75360924,0.9630829,0.97468305,0.13859312,0.15161759,0.625462,0.2260033
0.7096507746030983,0.8231112,0.9629,0.97592294,0.13606614,0.114270724,0.358608,0.06385531
0.5814532058128232,0.53887033,0.9252909,0.9670766,0.08089219,0.07070556,0.6994278,0.31861958
0.8056354145416581,0.7986132,0.9643826,0.9798631,0.11939129,0.10115641,-0.29207563,0.0024191816
0.8034937419749677,0.8237138,0.950048,0.93875474,0.1632512,0.09099576,-0.36609292,-0.3583106
0.7010850443401773,0.71807337,0.9721541,0.96062493,0.11191627,0.10783409,0.24188492,0.7987298
0.7985167940671762,0.8761208,0.9857903,0.97092587,0.1026675,0.1376079,-0.45326596,-0.7908522
0.8238655994623977,0.6407877,0.9403833,0.946148,0.19728775,0.12589736,-0.27545467,-0.06952948
0.8462058488233953,0.6012612,0.97727627,0.9484043,0.087480746,0.102360964,0.8167768,0.58795303
0.9190607322429288,0.8949789,0.9933526,0.97845465,0.18651724,0.29294997,0.025704525,-0.32970154
0.6633882855531421,0.6381799,0.925188,0.9380153,0.1114994,0.080635436,-0.7926332,-0.98729575
0.8768198912795651,0.72731596,0.94367635,0.9511121,0.26629257,0.22677058,-0.24117562,-0.30079004
0.8313903015612062,0.5230703,0.98776585,0.95950395,0.080394834,0.07997275,0.14088121,0.06528304
0.9485556982227928,0.5427368,0.9822158,0.98333025,0.05771101,0.09728728,0.57375425,0.56039315
0.6397256309025235,0.747993,0.9404613,0.9575767,0.17685188,0.13340364,-1.0769508,-1.1308204
0.8221566966267866,1.189796,0.97822917,0.96426225,0.4837997,0.22077638,0.22157265,0.0609094
0.8984098976395904,0.85392463,0.976028,0.9782945,0.21932487,0.16439591,-0.42813888,0.11233579
0.859190476761907,0.79081947,0.96922153,0.9726693,0.17865936,0.1514958,-0.48334396,-0.2752334
0.7682692810771243,0.5943594,0.9647505,0.962675,0.07191099,0.09171846,0.436548,0.5841847
0.8995597902391608,1.05483,0.9849325,0.9769494,0.2393179,0.18024275,-0.23881935,-0.104792
0.6914554378217512,0.6414616,0.9633398,0.9303333,0.12362397,0.1384881,0.076275624,0.23771913
0.8373820695282781,0.7942367,0.9703151,0.96106064,0.14660728,0.19506504,-1.3531139,-0.54056895
0.8207918591674367,0.7985169,0.95172215,0.9454776,0.2346183,0.19168471,-0.6506859,-0.46870714
0.8870252121008484,0.7779526,0.9807442,0.97864336,0.16146374,0.16436012,0.4683694,0.49317545
0.7703098652394609,0.5644614,0.94240946,0.9247605,0.10720525,0.115659,-0.48953706,-0.16442081
0.873185124740499,0.8576325,0.9923616,0.97126055,0.1676943,0.17877327,-0.4168462,-1.0236768
0.6426436585746342,0.8987916,0.9027064,0.9350014,0.20125836,0.09372488,0.16528136,-0.025892003
0.613689654758619,0.5431957,0.95319855,0.9334853,0.05275008,0.099169314,-0.4374136,-0.65269136
0.8665526502106009,0.8227088,0.9862433,0.97194195,0.15343107,0.16677517,0.64781797,0.64476055
0.9421170484681938,0.781064,0.98494214,0.9822542,0.13444592,0.22499321,-0.038262375,0.24386524
0.9061240084960339,0.74228895,0.9657793,0.9694999,0.13190845,0.15169676,-0.07753068,-0.1944305
0.9064890019560078,0.75859654,0.973358,0.9708268,0.2008011,0.1904586,0.6595426,-0.41610005
0.583811743246973,0.45855537,0.91504836,0.9219582,0.061135285,0.08815125,-0.49439642,-0.3952389
0.8819737678950715,0.7576782,0.98058933,0.9787822,0.12314916,0.14740722,0.2609152,-0.15169585
0.8531846927387708,0.5893436,0.96357226,0.96648324,0.119309396,0.08967495,0.38038436,-0.106781445
0.8725204180816722,0.95345205,0.99126023,0.98790103,0.16415882,0.1927231,0.3967217,-0.11838122
0.7449678758715035,0.779867,0.96482646,0.9613162,0.18389653,0.12276798,-0.7442866,-0.28723085
0.9077656150624602,0.62558854,0.97925407,0.975689,0.12557143,0.16286267,-0.027542962,0.36358804
0.9093821655286621,0.62267977,0.98654646,0.9780434,0.08278185,0.09107372,1.0270807,0.12298289
0.8616124704498817,0.8181922,0.9407287,0.9546764,0.27868214,0.2221681,1.1630675,0.72748196
0.8664206496825987,0.77466047,0.9665894,0.94521123,0.1857397,0.45032305,0.6128184,0.3520633
0.6801531206124825,0.8376916,0.944025,0.9656071,0.16409019,0.09285876,-0.46171215,-0.58573514
0.9391608126432505,1.0123746,0.98636407,0.9891044,0.15748632,0.09846318,0.08245766,0.09055346
0.8621662006648027,1.0811027,0.9768274,0.95851004,0.22370622,0.48427388,-0.46930337,0.5399993
0.6840223200892803,0.7243813,0.9553721,0.9314488,0.10817167,0.1721222,-0.32557562,0.013821545
0.7960166560666243,0.8889361,0.9569092,0.95162165,0.21990462,0.24542148,0.72167885,0.34556416
0.8351114684458738,0.7214349,0.93906957,0.9513632,0.15228625,0.21668534,0.43521792,0.020623852
0.7622019608078432,0.63266623,0.94127923,0.9564802,0.11160526,0.12427865,0.04403655,0.4012588
0.6718627194508777,0.7057078,0.9610092,0.95495707,0.11531959,0.07854461,-0.019002043,0.009857634
0.8025086820347281,0.5724479,0.95093334,0.95190936,0.13960657,0.105422534,-0.32834038,-0.38689783
0.9173062292249169,0.6596933,0.9827376,0.9642951,0.11004446,0.21633762,-0.024727132,-0.3740063
0.5747608270433081,0.8037635,0.9031271,0.93104166,0.19797006,0.1310036,0.15536669,0.2130916
0.7486822267289068,0.79734725,0.9651142,0.94633365,0.15413883,0.16109589,0.13077636,0.113612
0.9351012444049775,1.0486648,0.9803516,0.981157,0.39463207,0.24429055,0.2955261,0.21657903
0.8907169068676274,3.0822663,0.99364984,0.98924404,0.17001277,0.4913498,-0.720718,-0.67605436
0.8862910971643886,0.9168507,0.98653674,0.9761341,0.107096754,0.21636942,0.059351075,0.32715923
0.9532384049536198,0.68609786,0.9733628,0.9803161,0.14807704,0.15555863,-1.1953769,-0.014904215
0.8766626426505706,0.6652903,0.96225953,0.97722805,0.115215704,0.14054249,-0.18634081,0.18752079
0.8922915051660207,0.6721127,0.9676389,0.97655153,0.12695166,0.118150994,0.008112578,-0.2915071
0.884558098232393,0.9724418,0.9687983,0.96395147,0.28385517,0.30579787,-0.58635366,-0.5630082
0.8893371893487573,0.9305278,0.95024943,0.9681686,0.36327887,0.25513583,-0.26010484,-0.051030714
0.6459641198564794,0.5423134,0.9219131,0.9310542,0.09479487,0.07166469,-0.17800438,-0.111157715
0.8978422473689894,1.3736765,0.9532725,0.96327204,0.769103,0.48201346,0.5699849,0.0035051238
0.5716454225816903,0.80932915,0.95011854,0.9526658,0.12174542,0.14122957,0.58309066,0.3666728
0.9009908679634718,0.73471,0.9644933,0.9605998,0.15792993,0.23365298,-0.19183555,-0.087199084
0.7805360181440725,0.6898071,0.97312534,0.97347516,0.12917718,0.13258125,-0.7132981,-0.68208194
0.9407350269401078,0.8709912,0.96962595,0.97395253,0.36800957,0.29616764,0.20510478,-0.004215113
0.7469021876087505,0.7169178,0.94740987,0.9525626,0.19500759,0.16758527,-0.37683135,-0.5923112
0.8182146328585314,1.0692273,0.9174875,0.94402826,0.63350433,0.3575643,0.47908515,0.044315446
0.9000154080616322,0.78654736,0.9665804,0.97494745,0.17246696,0.15112402,0.6974337,0.42357063
0.7882611690446761,0.90010655,0.97771776,0.9351664,0.289219,0.34363672,-0.1131924,-0.4812432
0.8996651026604106,0.96636397,0.98485625,0.97241384,0.3504686,0.34396127,-0.7188879,0.035726707
0.9139953899174492,0.83920103,0.9587604,0.9800552,0.22276558,0.22585432,-0.40845394,-0.3514825
0.86688058752235,0.6727018,0.98257625,0.9642046,0.11203389,0.19449735,-0.18133573,0.35689133
0.842501386005544,0.81075543,0.99424964,0.9641591,0.2747251,0.20186265,-0.048691805,-0.6945922
0.7604272977091908,0.8260021,0.9078725,0.9370684,0.37922943,0.18904246,0.115865394,-0.019550947
0.8708999315997265,0.934968,0.95499915,0.96021795,0.34984857,0.42016107,-0.1872482,-0.19176511
0.9080369121476485,0.62628347,0.9754097,0.9642309,0.11407669,0.18004368,0.30092016,-0.33549765
0.7589726998907995,0.7330436,0.94068015,0.95754004,0.21263152,0.15116411,0.25307003,0.3453006
0.8406793947175789,0.80738246,0.95192957,0.9729763,0.14169724,0.17955114,-0.012922688,-0.16528095
0.8287863871455485,0.92820483,0.93085366,0.9653917,0.36867505,0.24972029,0.8462508,0.7716828
0.895998175992704,1.0130541,0.9727399,0.9783962,0.37134534,0.21512546,0.23646422,0.4907428
0.7726588986355946,0.71398693,0.97336537,0.9566347,0.055477828,0.054307934,-1.3959556,-1.2570677
0.8516569426277704,0.72358257,0.99172556,0.969705,0.13321823,0.19814627,-0.33589798,0.23717754
0.7990172440689763,0.659026,0.9273942,0.95691425,0.11871041,0.08884252,0.8439172,0.6984156
0.7758974715898863,0.69272107,0.99008286,0.9721219,0.08135119,0.14477155,-0.081086196,-0.59428215
0.6768984195936784,0.65029866,0.94999146,0.9542294,0.11831549,0.06531354,0.3315975,0.055644616
0.9293052212208848,1.0917895,0.9784655,0.9750093,0.513019,0.4048767,-0.28382424,0.34129497
0.9082622250489,1.2497897,0.97760266,0.9864844,0.17248432,0.15264662,-0.23463428,-0.3072248
0.8933255253021013,1.1805605,0.9406946,0.96020454,0.67289406,0.58423597,0.102905795,0.39247724
0.8310771483085932,0.7343945,0.9831334,0.9751339,0.14737426,0.12676997,-0.22160967,0.47623673
0.9278858555434221,1.2505987,0.9806481,0.96981955,0.29088253,0.8011864,0.5446197,-0.2086519
0.9205235860943443,0.7079691,0.99339586,0.98254675,0.10270596,0.11134316,0.3467732,0.18984653
0.9136705986823946,0.752412,0.9642002,0.9663896,0.19010875,0.33283967,-0.005685756,0.0779733
0.880699266797067,1.2842321,0.989164,0.972786,0.31280237,0.32176638,0.42550766,0.62504995
0.9327421309685239,0.86673206,0.9839825,0.9745196,0.2232779,0.40469924,1.0018451,0.1290138
0.8947158028632114,0.7271381,0.9897478,0.98032206,0.13693644,0.10567388,0.50173765,0.3593313
0.8230349081396325,0.66232204,0.9451837,0.9704819,0.15419054,0.08508536,-0.7964322,-0.34491304
0.5962973611894447,0.57286096,0.93285483,0.9547445,0.07849956,0.08217197,0.96268266,0.77547115
0.8704117696470787,0.83905816,0.96200883,0.9736801,0.29800224,0.21190503,-0.18699712,-0.3282081
0.885377749510998,0.6038852,0.9558414,0.96846735,0.09879253,0.08393338,0.36858052,0.17707734
0.8570693482773931,0.685886,0.96159333,0.9638026,0.18339023,0.16791995,0.090678334,0.7485108
0.8845566582266329,0.6788654,0.9703018,0.9728042,0.12730296,0.12229261,-0.11790409,-0.23222432
0.6662338329353317,0.63272184,0.9802907,0.9657668,0.06297911,0.08482561,-0.03633026,0.1247551
0.9016636386545546,0.89751357,0.9926257,0.9781184,0.11934015,0.37052864,0.073060594,0.16719127
0.4792273889095556,0.68250775,0.9358866,0.94524574,0.09646462,0.061324485,0.1796466,0.2741692
0.895616478465914,0.8628727,0.9746011,0.9777915,0.19092125,0.16387686,-0.24220316,-0.17165212
0.9072107328429313,0.99663687,0.99189556,0.97537696,0.25680402,0.44597256,-0.15404364,0.3725457
0.8922709610838442,0.99158937,0.96939975,0.95856595,0.42986393,0.62309426,-0.025906118,-0.12525605
0.9086828027312107,1.3558872,0.94679296,0.96597517,0.73253644,0.6471454,0.051629774,0.30926657
0.8240486721946887,0.5925453,0.9637613,0.96763825,0.09660859,0.08218487,-0.2168599,0.17561267
0.7614013176052704,0.69163907,0.95402557,0.9665959,0.14384143,0.10997821,0.42511013,0.5316157
0.9051485485941944,0.88134104,0.97624284,0.9715745,0.21867757,0.46698856,-0.48063296,-0.16646077
0.8300776883107531,0.88238823,0.9722004,0.9659499,0.17180596,0.11845572,0.3864486,0.79489225
0.7637156948627795,0.59060776,0.97304696,0.9681719,0.06360082,0.06128664,-0.285579,-0.071611956
0.8112879171516685,1.111027,0.96015304,0.96586096,0.4829295,0.2981053,-0.38527364,0.026935294
0.9089564998259991,0.7602663,0.98932534,0.97009575,0.12691316,0.20712993,-0.2473025,0.11326703
0.8220597362389449,0.7858868,0.9672054,0.97298276,0.20890598,0.118079685,-0.013573882,-0.07116875
0.7206212184848739,0.66460145,0.95649636,0.9582957,0.11012698,0.10670524,0.8908079,0.83054996
0.8152836451345804,0.9183727,0.93007267,0.96062946,0.3603824,0.20838737,0.066303015,0.18059404
0.7412979731918927,0.7446892,0.96401584,0.95759904,0.11434798,0.102551535,0.42543,0.46112433
0.8166173784695139,0.8158133,0.94474685,0.96578157,0.14887431,0.23129335,-0.11254516,-0.27940005
0.9146765867063468,0.6098545,0.9655315,0.9777443,0.14202082,0.10311897,-1.354474,-0.49444208
0.9503684734738939,0.84722567,0.99448204,0.98447627,0.17055623,0.29978016,-0.033264335,-0.53020996
0.8996771987087949,0.9659943,0.9937677,0.97748625,0.24880216,0.2580055,-0.5099883,0.22100267
0.8483736334945339,0.80575675,0.946716,0.9464543,0.32057378,0.2673324,-0.51244134,-0.5336262
0.6927416509666038,0.73412937,0.9234174,0.9601634,0.17435388,0.12721643,-0.58609724,-0.35848624
0.9145110820443281,0.67602354,0.97798294,0.9772576,0.091912165,0.10323549,-0.01699705,-0.34057397
0.8304068736274945,0.61519676,0.976633,0.96761996,0.092077196,0.12064606,0.8996585,0.5321267
0.9134949179796719,0.6248854,0.9574781,0.96488106,0.13639528,0.27201012,0.34790894,0.19280902
0.7557167508670034,0.98362577,0.97998446,0.9722654,0.19914001,0.15297712,-0.09560667,-0.2545435
0.9082843051372206,1.2561405,0.97438645,0.9795906,0.30450866,0.17073423,0.73527807,0.33182484
0.9211317485269941,0.72416574,0.9896421,0.9797103,0.13567215,0.16027908,-0.9752071,-0.23415437
0.7742946491785967,0.58612955,0.9478983,0.94798523,0.110243276,0.15990607,0.80210924,0.53976125
0.872314785259141,0.78582627,0.9694656,0.97353274,0.2254872,0.19643265,0.24785775,0.3311943
0.593063300253201,0.6695958,0.9488165,0.9462392,0.1131653,0.09622356,0.52236885,0.27756393
0.8675266701066805,1.1969681,0.9345886,0.96397054,0.77044404,0.5545979,0.029178381,0.42783687
0.8749057396229585,0.7773659,0.97874683,0.9717085,0.24213819,0.17067957,-0.53504807,-0.5951835
0.8359743198972797,0.58890074,0.94497365,0.9523252,0.14925364,0.1709907,0.121969335,-0.29224995
0.8537403429613718,0.99041694,0.96052855,0.97931594,0.21189067,0.1567123,-0.4568282,-0.43138853
0.8768033792135168,0.6218923,0.96944535,0.96346146,0.14014748,0.104167625,0.23243725,-0.25073183
0.7908616274465097,0.86833745,0.9483108,0.9495894,0.33841836,0.34681305,0.3457878,0.3246837
0.9421360565442262,1.2840064,0.9794603,0.9770163,0.5152053,0.3202865,-0.026010245,0.259176
0.845690806763227,0.8900329,0.92134976,0.9481578,0.28466898,0.25485027,-0.905492,-0.33328256
0.8247459229836919,0.8788008,0.9833724,0.9788641,0.11403049,0.18110007,-0.30154613,0.64438313
0.8961670406681627,1.2383251,0.92369425,0.9591912,0.6305504,0.35922262,-0.041453525,0.15992948
0.919887295549182,0.95539147,0.98506993,0.9763915,0.33756608,0.3660957,0.6114376,-0.30093366
0.7104542018168073,0.5616907,0.9539568,0.95137703,0.10587726,0.15378168,0.5504771,0.39931014
0.8939907119628477,0.7595008,0.9703986,0.97871464,0.11357056,0.13606699,1.2232481,0.66432476
0.9014851739406957,1.1982825,0.9903112,0.9874169,0.2505015,0.18652634,0.51731265,0.28565368
0.8096857667430668,0.5867507,0.9859225,0.97062767,0.09224218,0.094069175,-0.08071956,-0.1616741
0.8725237780951123,0.7310407,0.97071207,0.96923846,0.13645834,0.17820981,0.026069263,0.12796669
0.81961950247801,0.9960239,0.9368427,0.9569818,0.41555932,0.18595769,-0.5420503,-0.08012524
0.9466133224532898,1.0120715,0.98815376,0.9769929,0.19676769,0.36082134,0.5645858,0.2617112
0.861636950547802,0.726569,0.95627046,0.95326567,0.18389012,0.3094315,-0.3515603,0.10291989
0.8160346561386245,0.8749413,0.956279,0.96721303,0.16621216,0.24956751,-0.5164182,-0.15262888
0.8855725342901372,0.78161985,0.9862433,0.97899204,0.15343107,0.13987769,0.64781797,0.49652785
0.8006409945639782,0.69980717,0.95684505,0.9483378,0.14644244,0.16896045,-0.010676628,-0.22307627
0.8078808635234541,0.6596375,0.93832207,0.9671178,0.15067938,0.10453374,-0.8405905,-0.7671007
0.8174226296905188,0.51464397,0.9460249,0.9536121,0.0873443,0.14127415,-0.346276,-0.26352096
0.8639038076152304,0.9004953,0.9813001,0.9773338,0.2194635,0.25219107,-0.0013582205,-0.21646363
0.8858724394897579,1.0631984,0.97893435,0.9697156,0.37436277,0.49530527,0.07267675,0.13052711
0.7084098736394945,0.7996297,0.9590206,0.9741228,0.14812607,0.065104134,-0.19785163,0.12327503
0.7821373045492181,0.59211314,0.9255726,0.95750564,0.08856797,0.11745808,-0.94335467,-0.5632435
0.8576961347845392,1.0493025,0.9676736,0.960188,0.53885525,0.45854062,0.32580623,-0.09973868
0.8776244704978818,0.89033294,0.99218154,0.9902755,0.14216083,0.21218917,0.46614286,-0.04703509
0.6392805731222924,0.76335096,0.9389782,0.9669627,0.17029198,0.07068722,-0.08479101,-0.31250253
0.7322946731786927,0.6094515,0.964042,0.9588062,0.09276071,0.059154674,-0.24080545,-0.4312796
0.7634477577910311,0.6972221,0.96461827,0.9395381,0.14419074,0.21535456,0.49550152,0.15417567
0.8042561770247081,0.66070306,0.96552765,0.9553785,0.108976886,0.11954247,0.45968547,0.3155019
0.8373719894879579,0.7014984,0.944834,0.9601682,0.16897883,0.14775974,-0.26374698,-0.11493427
0.607068028272113,0.5950677,0.94864273,0.9442586,0.076112196,0.07861836,-0.113500975,0.019224603
0.8453377173508694,0.6955777,0.9717365,0.96507174,0.14249155,0.10601278,0.08814864,0.29922938
0.8755527822111288,0.7893971,0.9754689,0.9602548,0.17169009,0.306257,0.14197955,0.25330353
0.931880143520574,0.73179203,0.9856868,0.976804,0.19895092,0.16080745,0.40823177,-0.12473813
0.8387094668378673,0.8245263,0.95961815,0.9507264,0.2760883,0.3437179,-1.0601648,-0.48223943
0.8758641114564458,0.6815734,0.9626608,0.95050836,0.13312137,0.3400161,0.45017773,0.15305471
0.8941948087792351,0.8195559,0.98433626,0.97873354,0.12010043,0.20090073,-0.20326245,0.16605534
0.9436443185772743,1.1652923,0.97809786,0.9813794,0.2813592,0.22863466,-0.8283656,-0.1508863
0.9164121776487106,0.7472169,0.983001,0.9701446,0.16125122,0.1967043,0.14034465,-0.2359664
0.9002296809187237,0.72326463,0.96145755,0.9618992,0.21111137,0.22995839,0.1849006,-0.15652527
0.6528657794631179,0.7204861,0.95836115,0.9626502,0.058948033,0.11189919,-0.9288956,-0.38431937
0.8228605714422857,0.72947246,0.9858325,0.9611266,0.11695466,0.11686314,-0.076068014,-0.7856227
0.857500678002712,0.5796493,0.9635038,0.9595149,0.091481,0.09333009,0.01893992,-0.10239504
0.6395757743030972,0.5817829,0.95286524,0.9568255,0.07046053,0.08713024,-0.23238657,0.028380463
0.8774077016308065,1.0589539,0.9203501,0.95740813,0.39874637,0.38066956,-0.3121474,0.029890934
0.7768860835443341,0.6339874,0.95905906,0.95455885,0.08060457,0.1406357,-0.26500356,-0.4300279
0.8922231528926114,0.80054635,0.9755854,0.9690521,0.14961995,0.24896243,0.5226056,-0.14876273
0.8426359785439141,0.73876053,0.96586555,0.9626028,0.16143739,0.2008363,0.40016028,0.37027296
0.9219599438397753,1.0395913,0.9668252,0.96313626,0.5362045,0.4974725,0.67705053,-0.097719386
0.8584891939567758,0.6535594,0.956757,0.96354324,0.12107902,0.103957735,0.26334795,0.15221477
0.7345840903363613,0.7424418,0.94157976,0.9506907,0.19118635,0.19699946,0.36362728,0.2741988
0.8317990711962848,0.6483254,0.9928392,0.9667965,0.05086688,0.15806523,0.88804984,-0.32990438
0.8029762999051996,0.9127054,0.9377715,0.9606098,0.3371003,0.22655973,-0.21304564,-0.19616377
0.8130934923739696,0.632457,0.93913895,0.96681905,0.101536855,0.09211565,0.086375125,0.19475546
0.7428236112944452,0.7790855,0.9283115,0.9612798,0.12557828,0.15598178,-0.4633003,-0.35257912
0.8493041652166609,0.7312663,0.96611273,0.96075344,0.18156716,0.22266917,0.7400661,0.6741814
0.8528063552254209,1.1561117,0.97727734,0.9662665,0.4021607,0.20779438,-1.0893729,-0.67407465
0.7562738410953643,0.7360895,0.9590204,0.95243114,0.20842122,0.22813472,0.28825775,0.2690871
0.9470818043272173,0.87795156,0.97123545,0.9719202,0.2100152,0.19195384,0.26585457,0.041096292
0.7480239520958083,0.6351921,0.9388105,0.9581905,0.12133681,0.1174379,0.0008329799,0.13605379
0.8671483325933304,0.55690175,0.9856963,0.965027,0.080799095,0.12038966,-0.14156108,0.13399647
0.9407662270649082,0.6879408,0.9870572,0.9739016,0.11735784,0.20555457,0.2902642,-0.08465024
0.8533089172356688,0.55735254,0.9734773,0.96072304,0.110547744,0.13690095,-0.32182136,-0.18593588
0.874753963015852,0.6361862,0.9553153,0.9514603,0.13101868,0.2034308,0.51942617,0.1925575
0.7782909531638126,0.83510023,0.91622645,0.94781363,0.18293695,0.35656053,-0.7159339,-0.7241581
0.915188940755763,1.0000623,0.98109,0.9664308,0.31267002,0.324961,0.12799424,0.35165474
0.9277086388345552,0.68964756,0.98703897,0.97284853,0.10707648,0.18330689,0.2858647,-0.2939731
0.48160503042012165,0.75228566,0.9311933,0.9426094,0.11220347,0.08332072,0.3789291,0.2967141
0.839377821511286,0.58597744,0.9738822,0.959012,0.05415789,0.1253195,-0.052215233,-0.058605727
0.7564690098760395,0.7403335,0.9442612,0.94148797,0.1583963,0.19719684,0.33943462,0.0738199
0.8025076260305041,0.73104507,0.9505343,0.93528044,0.18636245,0.19697316,-0.75612396,-0.4525033
0.8559664958659833,1.0040097,0.9924918,0.9804298,0.18334161,0.16665992,0.5794916,0.59092814
0.738122664490658,0.8035331,0.9453571,0.95411015,0.2202326,0.17562844,-0.20128329,-0.29357716
0.9367620510482041,0.8182128,0.9865545,0.9770065,0.165957,0.20327201,0.2101037,-0.27815998
0.9118045432181728,0.83753854,0.97104657,0.95543855,0.21647364,0.47496518,-0.265892,-0.13466492
0.9394418283139173,0.89830786,0.9917654,0.9771388,0.3271793,0.34446615,-0.9892467,0.07893558
0.8818611594446378,1.3154949,0.9913879,0.9746783,0.42453906,0.6439481,0.37650526,-0.22617893
0.6654711098844395,0.61793554,0.92467546,0.9379855,0.13105136,0.11873876,0.20847283,0.18220347
0.8808412513650054,0.724058,0.98585874,0.95878464,0.15059976,0.30483937,0.115084045,0.11798269
0.8683855855423421,0.87786627,0.98526347,0.96693414,0.20706412,0.16420293,0.25509506,0.7606544
0.8535506462025847,1.346124,0.96609765,0.9633311,0.22504285,0.70982176,0.38127375,0.17346385
0.9145025380101519,0.6716262,0.9874229,0.9779104,0.08567548,0.14206034,-0.34476674,0.015915362
0.910375673502694,0.7525282,0.97957546,0.97407115,0.1603646,0.22739653,-0.2860026,-0.4878702
0.6407056988227953,0.63731176,0.9378775,0.95967287,0.11246597,0.081876375,0.0057001747,-0.28149232
0.8271445885783543,0.79011077,0.9613319,0.9633444,0.18049979,0.21792081,0.10513089,0.05665117
0.9390435001740007,0.82122654,0.9795049,0.97942084,0.26235256,0.1816983,-0.8030778,-0.042393543
0.7939860559442237,0.8094809,0.94707423,0.942048,0.2083878,0.29276425,0.7067861,0.5197332
0.8300906483625934,0.8489275,0.99352616,0.96154517,0.20656821,0.29780984,0.2880127,1.180986
0.9042642890571562,0.58495367,0.9678923,0.96575564,0.117253326,0.14278422,-0.20142055,-0.1047819
0.831631646526586,0.7522521,0.9737637,0.9684119,0.11008356,0.12668565,-0.936155,-0.11744
0.8251666926667706,0.7314079,0.9322834,0.949816,0.25562868,0.20681827,-0.14685823,-0.18514606
0.903069276277105,0.90772456,0.95770293,0.97921413,0.23252593,0.12809129,-0.6401268,-0.48830205
0.8717124788499154,0.70029724,0.97569543,0.9774152,0.13148557,0.13939273,-0.10849959,0.05917816
0.9260436081744327,1.0030254,0.97147334,0.9688218,0.37979248,0.35430756,0.047373872,0.18440033
0.7849156516626067,0.6729515,0.9592716,0.9415148,0.12597768,0.12470345,0.35434145,0.069664165
0.6132994131976528,0.72754556,0.9389673,0.9402721,0.15815279,0.10294556,-0.0762958,-0.22420347
0.5751162204648818,0.79884773,0.93976045,0.9488047,0.18823037,0.14288487,-0.54652977,-0.22091371
0.9222270169080675,0.71457887,0.9704087,0.97538006,0.17003219,0.17999373,0.3508957,0.2680882
0.7864509858039432,0.6141036,0.92288154,0.9425069,0.09826448,0.12550887,-0.16250153,-0.019838108
0.6707320269281077,0.7138417,0.9371067,0.93970096,0.1392817,0.106034905,0.6167104,0.41793576
0.8991777087108348,0.8776893,0.9856804,0.9814446,0.0803395,0.20346738,-0.7261322,-0.28608778
0.8358476953907815,0.46371815,0.95884466,0.95660734,0.060298588,0.09443432,0.049336974,-0.007694152
0.8640396481585926,0.83371186,0.9399559,0.9555529,0.27116242,0.34531868,0.5899543,0.47145072
0.8603926895707583,0.99743307,0.99459696,0.986065,0.084530406,0.2167241,-0.36310652,-0.13529542
0.9644421297685191,0.8804409,0.9931346,0.98920697,0.10372653,0.1772666,0.74086183,-0.21092305
0.7220760083040332,0.5421641,0.9292752,0.94452894,0.074891716,0.11401471,-0.115162365,-0.28512797
0.8688941955767822,0.9719645,0.9587838,0.9643394,0.39004862,0.27387905,-0.4522135,0.31532755
0.9441374725498901,0.8665344,0.97312003,0.98466486,0.23595333,0.14620896,-0.31087714,0.14396082
0.892760467041868,0.73281795,0.97482085,0.96294105,0.11873238,0.1380178,0.19723237,0.21138225
0.9010149640598561,0.68870145,0.99221796,0.9791399,0.13043487,0.1344404,0.7703126,0.32161918
0.859625550502202,0.89626664,0.9862433,0.9716686,0.15343107,0.21328095,0.64781797,0.53815967
0.8808948195792782,0.7645749,0.9853934,0.9835508,0.13628994,0.16664898,-0.17343532,-0.28147078
0.7729828999315997,0.9797806,0.9300064,0.93935454,0.35638133,0.17145042,-0.6087836,-0.57263947
0.7829216276865107,0.6135756,0.961837,0.9678936,0.08776867,0.098813936,-0.5646534,-0.35171506
0.8495913983655935,0.60416126,0.9550093,0.970942,0.10757525,0.08255728,-0.029546333,-0.1688263
0.8125004020016079,0.66614044,0.95932037,0.9603731,0.17458081,0.11247424,0.1693131,0.30473375
0.736316417265669,0.9492291,0.9578188,0.966427,0.28828377,0.12516867,0.28915,0.25614974
0.85388040752163,0.61048186,0.99212205,0.9732897,0.081095144,0.08857984,0.06260687,0.13025084
0.8535134940539761,0.85611254,0.9537697,0.96608454,0.2649899,0.22793731,-0.3380445,-0.59770143
0.8562475849903399,0.6530742,0.9609006,0.9706164,0.20378211,0.17949145,0.48691177,0.14742732
0.7722631850527402,0.550164,0.9596912,0.95620316,0.10638002,0.110548235,-0.3795878,-0.29403034
0.8934958299833199,0.8493595,0.9922425,0.981638,0.1459491,0.18603268,-0.61578923,-0.29861292
0.8457608870435481,0.86586684,0.9862433,0.97691363,0.15343107,0.16497438,0.64781797,0.45002383
0.9263970815883263,0.66773975,0.97622645,0.97335404,0.15944114,0.16872774,-0.49448368,0.019111276
0.8197962391849567,0.67180204,0.95433396,0.96942776,0.16788599,0.11803884,-0.3999964,-0.088596016
0.8549902679610719,0.60097146,0.9729438,0.97113055,0.10591306,0.08955177,-0.1716463,-0.15972891
0.9262912891651568,0.8726432,0.9933398,0.9866316,0.09310161,0.08627555,0.34130284,0.4990606
0.7865724262897051,0.8694941,0.99191296,0.97905743,0.10004402,0.17577231,0.5959334,0.5065249
0.5757996471985887,0.72496974,0.9040797,0.9564853,0.14499447,0.113875456,0.4291185,-0.04583851
0.7937778311113245,0.75106084,0.9252492,0.95177746,0.16434184,0.14204322,0.4645962,0.121129185
0.8237599990399962,0.77677304,0.9518925,0.9605416,0.28303638,0.16828416,-0.33888954,-0.4037939
0.9155575822303289,0.9699069,0.97893435,0.9684952,0.37436277,0.4292427,0.07267675,0.3272173
0.9159664478657914,0.9631686,0.9814642,0.9786033,0.24915302,0.34628412,-1.0988843,-0.18582508
0.6934128856515426,0.73832595,0.9354372,0.9592803,0.10621021,0.14685091,0.9181671,0.62379986
0.8489460837843351,0.7064803,0.9872047,0.9765331,0.07804867,0.1203242,0.47921476,0.45557547
0.8033541574166296,0.6238999,0.9815848,0.9635487,0.10764912,0.11510084,0.0816263,0.023403294
0.842879051516206,0.86273265,0.9647206,0.9755473,0.20247628,0.13524821,0.0740133,0.31098932
0.6769165636662545,0.605459,0.94915915,0.95947516,0.06692507,0.07748602,-0.1458385,-0.18081068
