correlation,rmse,generative_a,estimated_a,generative_sigmasq,estimated_sigmasq,generative_mu_x,estimated_mu_x
0.5443455053820215,0.69870347,0.9611305,0.9475458,0.07085304,0.14125262,0.17737187,0.2607049
0.6501210324841299,0.6508333,0.93115824,0.9401622,0.102121845,0.19207473,0.040762052,0.2077459
0.8768537794151177,0.73467773,0.95995235,0.9677444,0.1314148,0.24755728,-0.6910442,-0.93821114
0.8428253873015491,0.49221092,0.9561979,0.9407526,0.08041293,0.117801294,0.92426217,0.6062658
0.9098346153384612,0.8695964,0.9751533,0.97912174,0.20043157,0.20479669,0.8757046,0.6522443
0.5768066912267649,0.5570278,0.932136,0.9452016,0.10233722,0.07788381,-0.14911726,-0.41522697
0.9081921447685791,0.6018408,0.9683527,0.9687173,0.06369313,0.12176698,0.39510047,0.3464141
0.8762825771303084,0.83391607,0.9872458,0.97363394,0.21193163,0.21176025,-0.21406764,-0.57433933
0.8001512006048024,0.44885963,0.92279685,0.93982786,0.07826912,0.093452804,-0.031697787,-0.08519492
0.7727978111912447,0.6886059,0.93256086,0.96568877,0.160125,0.102447204,-0.03551748,-0.32834193
0.7399503198012792,0.5946688,0.9558992,0.93907094,0.08348831,0.14657463,-0.46249187,-0.041228373
0.7667649550598201,0.6326266,0.9470106,0.9687616,0.12201212,0.114901766,0.33586124,0.43898153
0.933136596546386,0.8203991,0.9865268,0.9804775,0.13874981,0.17972939,-0.06461232,-0.19263625
0.9174384217536868,1.1245025,0.98462296,0.9733018,0.48608705,0.5143643,-0.8772522,-0.014898778
0.7833181092724371,0.66273427,0.9545666,0.9575812,0.13624984,0.16007547,0.24977958,0.5352304
0.8009696998787995,1.0220199,0.9604785,0.9721407,0.26784047,0.2317545,-0.5016184,-0.3959606
0.768066528266113,0.7863989,0.95026714,0.96378386,0.093959175,0.13575025,-0.35504133,-0.33338794
0.8267074028296114,0.65408677,0.9369267,0.9467568,0.15919317,0.15687351,0.0056986813,-0.074441455
0.7161765927063707,0.9116034,0.9363535,0.9680375,0.22008368,0.17442039,-1.0679272,-0.7409374
0.8903423133692533,0.7516712,0.9862433,0.9708317,0.15343107,0.29597867,0.64781797,0.5066591
0.8464906819627277,0.60839987,0.95904994,0.95348173,0.07544837,0.13454306,-0.22193277,0.16368519
0.7709523958095832,0.5519682,0.9201084,0.95865285,0.10583509,0.10069672,-0.34900257,0.09702564
0.8091352045408181,0.6220447,0.9746619,0.95773786,0.13707659,0.13477921,0.5693308,0.7542716
0.8174785019140075,0.7000634,0.96692616,0.9597021,0.14736347,0.15342192,-0.0782879,-0.4788874
0.8863013692054768,0.91153103,0.9465095,0.9435503,0.40443906,0.6417754,-0.29934466,-0.15051612
0.8135257821031283,0.8564008,0.90794146,0.94312567,0.36533302,0.36638036,0.096972,0.17328064
0.8761470245880982,0.8464838,0.9924448,0.9784013,0.12993649,0.11371657,0.20584643,0.5408172
0.9299267277069108,0.8428456,0.9926659,0.98202515,0.16614152,0.26426983,0.24996307,-0.52237546
0.8287677630710522,0.5241468,0.93885636,0.9489348,0.109778896,0.14207034,0.33283105,0.4084378
0.9113960615842464,1.2108449,0.9638623,0.97073823,0.55447876,0.5682089,-0.55915016,-0.23964185
0.8082350089400357,0.6653338,0.9627608,0.95669997,0.16337553,0.17582414,0.77937675,0.76175195
0.8529153156612626,0.6870101,0.9660274,0.96304023,0.12645754,0.1482189,-0.47749168,-0.13462906
0.8540108720434882,0.5517032,0.9824252,0.9606336,0.043929864,0.08573746,0.05832234,-0.6118145
0.857571334285337,0.66942054,0.97038144,0.96925884,0.15734655,0.15768,-0.094119236,0.0637814
0.7817722150888603,0.8810401,0.97984475,0.9843658,0.10221573,0.13047102,0.6708253,0.8562672
0.7892589010356041,0.51853377,0.94462013,0.9480516,0.07996757,0.10613863,-0.95995504,-0.42398357
0.8209423114718616,0.74664444,0.98325396,0.94830227,0.10661639,0.124491416,0.53646,-0.10794888
0.8652899571598286,0.73079664,0.96477896,0.9626959,0.10766228,0.114249915,0.08954643,0.3502313
0.8531179724718898,0.865977,0.9502583,0.9550863,0.22584848,0.25511235,0.31756103,0.59063244
0.7045887703550814,0.60133135,0.9467816,0.9349775,0.14046979,0.12074201,0.25213155,-0.21986172
0.860570866283465,0.9040114,0.97342175,0.97403806,0.21461274,0.25961304,-0.026728095,-0.42777094
0.7833480613922456,0.9406166,0.9409366,0.9495236,0.17962547,0.3799792,0.7104656,0.6191482
0.8574129336517345,1.1670871,0.9291382,0.9608095,0.42566952,0.18278718,0.87132734,0.65403765
0.88025574502298,0.6301341,0.9801898,0.97674835,0.09377436,0.10367923,-0.31311,-0.13097611
0.8850844683378732,0.9249058,0.99063575,0.98425615,0.21549402,0.18917815,0.45878112,0.7257782
0.8557081588326353,1.0079929,0.95602185,0.9677892,0.3077702,0.31365418,1.0125535,0.84421843
0.9234798219192876,0.78204644,0.9762438,0.97520685,0.18750179,0.14191596,-0.33626056,-0.08154009
0.7927108828435313,0.705717,0.95583665,0.96828544,0.14912744,0.14568335,0.5541116,0.42223403
0.808999747998992,0.75553524,0.94179267,0.9528432,0.17136005,0.17384417,-0.21401866,-0.34767675
0.8077071028284113,0.57027084,0.97129035,0.9578992,0.0842709,0.11598618,0.17935324,0.25090897
0.9401496165984663,0.98221856,0.9807092,0.97971475,0.22408877,0.29735556,0.6149132,-0.03629278
0.7916178224712899,1.1057763,0.98662686,0.98281693,0.15620455,0.13802156,0.38074788,-0.31288868
0.6218231912927651,0.55081344,0.94118977,0.9258248,0.067223005,0.17330793,-0.028760163,0.16206565
0.6562432649730598,0.6613014,0.9450937,0.9420271,0.13561435,0.11201904,0.20783447,0.19148059
0.8497259909039636,0.71044,0.9733257,0.9554362,0.14087127,0.12600936,0.30834278,0.3478945
0.8877639350557402,1.1175951,0.9719926,0.96593326,0.5135249,0.63775486,-0.2824778,0.15226413
0.821441973767895,0.71484804,0.9533044,0.96012676,0.17963617,0.10335608,0.06964838,0.15107447
0.7796205584822339,0.6867521,0.96896464,0.95885,0.11735011,0.09808172,0.43387374,0.20993654
0.8621072564290255,0.6932318,0.9541863,0.9714335,0.1270498,0.15841426,-0.463899,0.02554692
0.889127236508946,0.8403847,0.9318217,0.94437563,0.37411928,0.4138636,-0.9406859,-0.4715841
0.8541011124044496,0.73609096,0.9778922,0.95540434,0.19958828,0.23905236,-0.4280889,0.12288106
0.8750618362473449,0.8983183,0.97244847,0.95974016,0.20431447,0.34714773,-0.76262814,-0.08768999
0.5909971799887199,0.68448627,0.9424,0.9431633,0.12905507,0.0976751,0.5328073,0.7242321
0.7071442045768183,0.73340863,0.92981154,0.9402336,0.104427665,0.16455545,-0.016254986,0.28151068
0.7118951675806703,0.5655513,0.9446398,0.95588666,0.08200662,0.087755695,0.09930071,0.22396556
0.8876470065880263,0.7772859,0.9474377,0.97515845,0.2143151,0.13063407,0.19809265,0.12770966
0.8409897639590558,0.8852044,0.97152257,0.9571645,0.20939057,0.3943954,0.73468024,0.24604675
0.9234787659150636,0.7612497,0.95416415,0.97005856,0.29130664,0.27242586,0.09355791,-0.14167725
0.8516284305137221,1.2101996,0.96830064,0.9640633,0.30456376,0.63065237,-0.4682442,-0.39976078
0.8911128124512497,0.61494184,0.9746293,0.96739405,0.10571244,0.17396021,0.5597577,-0.045399092
0.881915180826688,0.7157472,0.9719743,0.9804934,0.11475651,0.14841574,0.28512892,-0.13152939
0.8613261973047892,0.57141334,0.9771411,0.9729452,0.078608245,0.114892945,-0.34902963,-0.4024732
0.7720290401161605,0.76187384,0.9195101,0.9429759,0.28977752,0.25373238,0.3028368,0.41726422
0.4980416401665606,0.56395483,0.9481367,0.9366453,0.056716833,0.09813367,0.22341968,0.31903893
0.9586452425809703,0.90158373,0.9931993,0.98925024,0.14020918,0.23449299,0.045138314,-0.09124718
0.8732075888303553,0.6996533,0.9719778,0.96502393,0.12553173,0.11179308,-0.02783999,-0.064843945
0.9142325849303398,0.641182,0.9868274,0.9834768,0.091577955,0.12570281,-1.2537627,-0.3100957
0.8851780687122748,0.9511247,0.9646665,0.9659224,0.26427996,0.33365172,-0.08354975,0.050129786
0.8366777147108587,1.2160538,0.9643134,0.97348917,0.48108554,0.39924392,0.15191177,-0.10545236
0.925202260809043,1.1740654,0.9861468,0.9731068,0.1755306,0.6584415,0.6929135,0.38512227
0.928882339529358,0.88856953,0.9834989,0.96992755,0.27557942,0.4026545,0.7611915,-0.08929958
0.8213285973143892,0.97889346,0.9802501,0.96295184,0.11344329,0.12125285,-1.285725,-1.0607518
0.8110737402949612,0.7727864,0.9701551,0.96465755,0.13378422,0.2602754,0.53682935,0.22234252
0.7798344473377893,0.5697205,0.95258343,0.96664786,0.09577999,0.082025066,-0.47491473,-0.52514905
0.8394484777939111,0.68311596,0.9557675,0.9573456,0.23331209,0.2020181,-0.32663035,0.039587475
0.9115407341629366,1.005472,0.99228334,0.9917479,0.07580507,0.13317174,0.9175822,0.6868272
0.913062340249361,0.89683723,0.96385974,0.98242784,0.18367586,0.16297792,0.8701125,0.21063489
0.9244067056268226,1.1960254,0.9747644,0.98525625,0.32234013,0.2796617,-0.8214915,-0.44642475
0.9303080412321649,0.66546017,0.9944998,0.9757377,0.08584488,0.20302314,0.15532766,-0.03208169
0.9750301081204323,0.6293957,0.99322903,0.98889285,0.1451975,0.16091157,-0.35054788,-0.3898441
0.8821718166872666,0.7705279,0.9722536,0.9704946,0.15038374,0.15522978,1.0059131,0.6340355
0.8865194820779282,1.0280296,0.9836905,0.9822932,0.32978082,0.19495714,0.8544608,0.4552984
0.783690398761595,0.7651701,0.92301893,0.96276456,0.13868652,0.10916024,-0.22196,-0.2804376
0.5406605306421225,0.59704447,0.94776803,0.93292105,0.08217268,0.08474415,0.16225308,-0.1840698
0.8737127428509712,0.8285174,0.9705434,0.95528203,0.19205955,0.1391171,-0.30469394,0.05696056
0.8700223920895683,0.66053516,0.98410213,0.97534883,0.10021156,0.144016,0.15224679,0.71389335
0.7959712478849914,0.646919,0.9610072,0.96474344,0.13967088,0.12840895,-0.05022593,-0.6719274
0.6816323905295621,0.57981837,0.89186096,0.9355468,0.11077016,0.14794718,0.6911726,0.44387746
0.9381385045540181,0.8678092,0.99451596,0.9890026,0.15080775,0.15487842,0.15315926,-0.006242395
0.7488532994131976,0.8859628,0.9407354,0.9496385,0.21124728,0.2680552,-0.085863724,0.5103843
0.8285898743594975,0.52377707,0.9751945,0.95856607,0.09848594,0.11466696,-0.12735234,0.04306467
0.8298558314233256,0.65229326,0.967562,0.9591029,0.07262571,0.16377825,0.052438397,0.2878345
0.7595439981759926,0.9008006,0.9228234,0.95989627,0.30023518,0.1823191,-0.6186461,-0.52716994
0.8988594674378697,0.97259027,0.9798257,0.9780557,0.2212032,0.29443178,-0.3348652,-0.24178988
0.8947476749906998,0.656912,0.98337346,0.9707605,0.1435217,0.1955845,0.29432687,0.36713657
0.7226762987051948,0.64016557,0.9423335,0.9523752,0.12162848,0.11200119,0.12173692,-0.16448238
0.8794237096948387,0.8141585,0.9668351,0.95812285,0.1836623,0.24060725,0.19334419,0.13708504
0.7908041232164928,0.6730447,0.9325231,0.9712493,0.13252874,0.0769776,1.1074411,0.81874067
0.7908327313309254,1.1196619,0.9082826,0.9605974,0.42190465,0.13735883,0.94725657,0.6157451
0.7802630890523562,0.8530793,0.9531788,0.95998305,0.23937507,0.21110001,0.54861647,0.23606482
0.861563126252505,0.88828796,0.96184295,0.95777917,0.23169358,0.27049154,-0.44201306,0.14377043
0.603185964743859,0.59227043,0.9624956,0.95366365,0.06131891,0.07428287,0.23539725,-0.2371617
0.7546594986379945,0.5470748,0.97623384,0.9524351,0.06348583,0.101323836,0.19282536,-0.20764454
0.6039538718154872,0.68727607,0.9614423,0.9630073,0.12122505,0.093594044,0.7366967,0.71370405
0.8401078084312337,0.6753038,0.9492084,0.96399146,0.19789046,0.13325357,0.12861249,0.17657167
0.9497683750735001,0.7769448,0.9653838,0.9682392,0.1960415,0.33594808,0.38812226,0.113836154
0.8328632354529418,0.56721884,0.9831877,0.97400993,0.06137288,0.095127836,-0.04046847,-0.0708257
0.9295276541106164,0.96632665,0.9844866,0.9850126,0.14330126,0.18642059,0.33388287,0.6335816
0.9162604970419882,0.6250186,0.9864927,0.9634273,0.07056443,0.22453488,-0.016117308,-0.15239225
0.8935628382513529,0.9754128,0.9711609,0.95955354,0.3100181,0.53741294,-0.4600701,-0.2766606
0.9178883755535023,0.8005343,0.99258447,0.98510355,0.18822756,0.15018268,-0.15547529,-0.21343897
0.9077473749894999,0.8636754,0.9602967,0.9736998,0.24217382,0.23930214,-0.25171316,0.19514036
0.8290788043152172,0.6698419,0.9835243,0.97671866,0.12652679,0.07080131,0.11236703,-0.1796925
0.8845443701774807,0.7665638,0.98472244,0.96459466,0.13086171,0.10485291,0.04357731,-0.17129765
0.7646088824355297,0.55332345,0.9516821,0.95880914,0.07031743,0.08764406,-0.29676667,-0.29844123
0.6543882495529981,0.69817084,0.9220994,0.9565744,0.15637939,0.06005222,-0.79759353,-0.640558
0.8124088176352705,0.80272526,0.96223927,0.96735954,0.19308895,0.1449867,0.048905652,-0.012375645
0.9299657998631995,1.0518283,0.99484223,0.98570293,0.20053978,0.27805758,-0.15497217,0.28132746
0.8250896043584174,0.73002243,0.9729783,0.96873134,0.099998616,0.10812293,1.0332851,0.52681816
0.814189528758115,0.7907702,0.9652176,0.96707404,0.17301315,0.13344847,0.025700783,0.2491947
0.912317377269509,0.80147225,0.98885226,0.9737928,0.10301653,0.20334162,1.0052458,0.34992042
0.6442582890331561,0.54775125,0.9212794,0.95876366,0.07571131,0.064505026,-0.7290641,-0.5603344
0.7842687050748203,0.5689636,0.9537906,0.9585053,0.07689827,0.1080462,0.09024412,0.109442376
0.8360874083496334,0.61996704,0.9242814,0.95474845,0.18853274,0.19590025,1.2351696,0.56506294
0.7472867651470605,0.8169744,0.976094,0.95445853,0.127373,0.17485727,-0.7416328,-0.23256129
0.8628132432529729,0.74937284,0.9617558,0.96846855,0.15018298,0.23279804,0.17742532,-0.24227968
0.946191592766371,0.76234245,0.98833716,0.9755905,0.23688668,0.34392294,-0.05790395,0.11209118
0.8812258289033156,0.9442701,0.98964775,0.9830036,0.1371361,0.1691425,-0.15216799,0.17502968
0.9475165900663604,1.401745,0.9938882,0.98926884,0.14018326,0.38275322,-0.0434811,0.19408558
0.784131136524546,0.74405164,0.9637971,0.94548845,0.15528537,0.18674092,0.06669989,-0.33318055
0.8659771279085116,0.56438756,0.95263296,0.9625225,0.09339359,0.11214675,0.68744963,0.28271973
0.8515659342637371,0.7992014,0.9696887,0.9828189,0.13581279,0.13870768,0.26090714,-0.030306417
0.9350467161868647,0.9062433,0.98528504,0.9798177,0.12751485,0.16582142,-0.2998143,-0.6450929
0.7565787383149533,0.8301311,0.9678741,0.96400183,0.11611802,0.16567221,-0.17685096,-0.34646735
0.7896390625562502,0.7358352,0.97301656,0.9599363,0.15072517,0.15489957,0.006426793,-0.5200573
0.8655804543218173,0.9485372,0.9919143,0.97566634,0.18802917,0.24193117,-0.0900386,0.29378662
0.875566894267577,0.7630419,0.960512,0.96157646,0.23564398,0.23217076,0.041235764,0.06375654
0.9055161340645361,0.9616484,0.9546793,0.96448004,0.41230172,0.52064687,0.4124723,0.045444567
0.8676219984879939,0.91246265,0.9899397,0.9905501,0.11271932,0.19057032,-1.0394526,-0.6503037
0.8879642878571513,0.7277616,0.992946,0.97163266,0.22687352,0.25152484,-0.25170434,-0.7008069
0.8976440065760264,0.9203857,0.9762126,0.9596465,0.33931407,0.57105947,-0.15404256,0.13425955
0.7984521858087432,0.48183256,0.9586711,0.9605846,0.062884346,0.0755939,-0.8644616,-0.5768845
0.8659319117276469,0.81504685,0.9862433,0.97867125,0.15343107,0.13211566,0.64781797,0.5760989
0.8617429349717399,1.0955051,0.96901345,0.9662007,0.36248302,0.24323645,0.14937304,0.5111285
0.7987401869607479,0.7063911,0.9686221,0.9655587,0.20831968,0.13497822,-1.1552241,-0.05523829
0.9374368377473509,2.0131567,0.97236425,0.9813206,0.35854238,1.0664276,0.89576566,0.24839255
0.6876590066360265,0.58452785,0.9475383,0.950116,0.09445732,0.10251546,-0.0336908,0.34293538
0.6264569378277514,0.7847819,0.9631627,0.96774113,0.07493437,0.09413558,-0.20066729,-0.3022607
0.5784343777375109,0.75634754,0.93147653,0.9535339,0.15128432,0.10263572,-0.488315,-0.17086817
0.8249062436249746,0.7394547,0.95634824,0.9591037,0.18388453,0.25433472,0.23507866,0.05570704
0.8371055884223537,0.88216406,0.933016,0.96278703,0.41616783,0.2473081,-0.8359628,-0.29402098
0.9478717914871658,1.2172177,0.99369484,0.98870915,0.15405521,0.19948481,-0.06160736,0.24212004
0.8446511226044904,0.5663341,0.96316665,0.96264553,0.07700465,0.10644062,0.44370726,0.5206112
0.8813242292969171,0.79243207,0.9567475,0.96441925,0.21814696,0.29062206,0.42423132,0.61544156
0.9090529802119209,0.8906603,0.99403054,0.98197955,0.1777411,0.23063423,1.037812,0.5794231
0.9209259237036949,0.89090174,0.980386,0.9843506,0.17653297,0.18671551,0.011214097,0.50122964
0.8900975123900494,0.7684859,0.9510794,0.97226596,0.20616277,0.13685887,-0.58545303,-0.42675886
0.8519603038412152,0.7896371,0.9496039,0.9726894,0.26171643,0.13631266,-0.8872651,-0.2581927
0.9318364633458532,0.91863346,0.97632146,0.97649604,0.28773668,0.23877549,0.9012087,0.044825677
0.7993162852651411,0.7707401,0.95708615,0.9564035,0.15040746,0.13452794,-0.39796072,0.02052901
0.7960036000144,1.0016203,0.9570382,0.9599893,0.30083162,0.26706776,0.19725952,0.68468887
0.9520204480817922,0.94123685,0.9889175,0.9864951,0.1923638,0.21202284,-0.14226554,0.12575307
0.839444637778551,0.7770544,0.9906118,0.9792391,0.13911153,0.15487513,0.41850907,0.3371669
0.7756471985887944,0.6943738,0.96214265,0.9663989,0.104792,0.17754962,-0.22017147,-0.15277024
0.9352730850923403,0.9887751,0.980225,0.97253436,0.28040045,0.50788844,0.58282673,0.14586164
0.7358144312577249,0.5937157,0.9612019,0.95383906,0.07639156,0.10780883,-0.117639564,0.21421155
0.7216519746078983,0.8625879,0.93974,0.96312493,0.19836222,0.098944426,0.073717095,-0.3129364
0.736625538502154,0.72448164,0.9597669,0.95537746,0.18018103,0.1497874,-0.095611386,0.07447759
0.8734137976551906,0.6780941,0.98217815,0.97112966,0.053245943,0.15704486,-0.026585357,0.0395399
0.8610485641942567,0.7063935,0.9528668,0.96775657,0.13577557,0.16220517,-0.47466516,-0.2284149
0.7275602222408889,0.62216336,0.95585746,0.943586,0.10332652,0.113280006,0.21899582,-0.24688092
0.9146488425953703,0.6476354,0.9936131,0.985669,0.061462704,0.08341605,-1.217336,-0.7032902
0.890065832263329,0.7699796,0.9742661,0.96501666,0.21207625,0.3187442,-0.011194445,0.12019204
0.8051423565694262,0.5692649,0.957168,0.96509,0.09666156,0.124217205,0.048564732,-0.0010940338
0.6581834327337309,0.4612556,0.96555394,0.94735265,0.064285144,0.1095848,-0.17483436,0.043873377
0.49009520838083354,0.55730027,0.91250145,0.94922054,0.08198271,0.07261432,0.10134088,0.19678082
0.8858363433453733,1.0946461,0.98026013,0.9734661,0.3002677,0.3484007,-0.14664842,0.27668065
0.717443221772887,0.5010163,0.9366911,0.95587265,0.07470638,0.08654057,0.38327345,0.051884413
0.9234867339469357,0.7384205,0.9529581,0.9662107,0.22601442,0.1809099,-0.27005658,-0.23040745
0.8698512234048936,0.8053553,0.99071366,0.9698523,0.21305718,0.22290212,-0.46686497,-0.10281313
0.8882487369949479,0.80224776,0.96449,0.97691935,0.274783,0.2663228,0.21424277,0.12821503
0.8437208788835154,0.6975462,0.964764,0.9698253,0.14560513,0.122461185,0.12608622,0.11186039
0.8159582398329593,0.6214882,0.94275993,0.964019,0.1048501,0.118048534,-0.14675075,-0.028506003
0.75338307753231,0.773936,0.9755303,0.96742,0.11760954,0.09582681,0.6649196,0.6630104
0.8109312757251028,1.1300038,0.9871335,0.9854482,0.37241942,0.1190221,-0.20968378,-0.46071386
0.9331753807015228,0.6683387,0.9921358,0.9795175,0.08442781,0.16722023,-0.4306739,-0.41712284
0.9445483541934167,0.80696166,0.98259777,0.98464155,0.15357111,0.21898752,-0.8117301,-0.15519695
0.8670191160764643,0.75837,0.9800787,0.9691482,0.16169044,0.15550375,0.41868126,0.72924346
0.7877473749895,0.5741783,0.9389402,0.95812505,0.09978474,0.095742024,-0.47789705,-0.048394974
0.7393852615410461,0.7546802,0.96964365,0.97873896,0.081820756,0.12624188,-0.83887595,-0.55145264
0.8781840567362269,1.0151117,0.9668599,0.9617286,0.51733273,0.33968148,0.14783385,-0.13646252
0.7477014868059473,0.73283815,0.9355888,0.9535136,0.2024319,0.17360887,-0.855133,-0.36530998
0.9352297889191558,1.1214198,0.9574155,0.9715015,0.5051887,0.48415536,0.22876734,-0.005155031
0.8958514874059497,0.8310249,0.9757611,0.9626471,0.2486623,0.2566302,-0.17496094,-0.00014477874
0.8506683306733227,0.52506703,0.9722038,0.963695,0.082109585,0.10448499,-0.28743696,-0.67887753
0.6385272581090324,0.61393094,0.91685414,0.9463115,0.13776676,0.0797192,0.3961317,0.150262
0.9311442045768181,0.58293366,0.9741541,0.97564214,0.061579265,0.13652825,0.25091547,0.23150836
0.5939551438205752,0.5953664,0.9059326,0.9490428,0.13319297,0.08525471,-1.5075035,-1.0906551
0.7454358777435109,0.93225706,0.91640186,0.9432876,0.35078338,0.37492025,0.43385503,0.33582526
0.8336847107388429,0.5337384,0.962257,0.937447,0.07714125,0.1532586,-0.48110437,-0.14615494
0.7429267157068628,0.65340024,0.9670718,0.9539772,0.08607633,0.12789722,0.21402873,0.36931396
0.8292796371185485,0.6695465,0.9936069,0.97047544,0.12485739,0.1439687,-0.293068,-0.38801286
0.8872037728150911,0.8003726,0.9839941,0.9670313,0.21168295,0.28844002,-0.5086233,-0.33476144
0.8322603530414121,0.67113155,0.9564842,0.95787776,0.07654506,0.1770294,-0.09239524,0.33529836
0.9057739910959645,0.76035845,0.9683729,0.9671081,0.1765051,0.29739308,0.15304527,0.43448567
0.9035249900999603,0.6310185,0.97706157,0.96377164,0.103332385,0.15592933,0.9966512,0.16292384
0.8342014808059232,0.7565154,0.968905,0.95602745,0.21899061,0.20908754,-0.29954433,-0.028928626
0.8860065520262079,0.8160088,0.9901441,0.96826434,0.1784751,0.20329982,-0.28724068,-0.011564194
0.958066840267361,0.9351042,0.9881183,0.98704827,0.18624261,0.20517494,0.24764203,0.19614884
0.7952821571286286,0.58508193,0.9544096,0.970877,0.10085183,0.09352353,0.23283048,-0.36252153
0.7341851127404508,0.5407386,0.9662488,0.95815074,0.04714951,0.09522335,-0.1042536,0.057970334
0.8535412381649525,0.73015165,0.9639701,0.95665663,0.2510646,0.27611443,0.2612861,0.36030343
0.7582621050484202,0.92851746,0.96794695,0.95776117,0.19493555,0.16183503,0.55320716,0.25169033
0.8835339661358645,0.6013292,0.9752604,0.96881497,0.07152021,0.12668529,-0.37515533,-0.1967873
0.9026068424273698,1.020561,0.9846628,0.9745024,0.18761249,0.36664888,-0.89191055,-0.31352177
0.914495913983656,1.2815791,0.97239363,0.9778636,0.5814647,0.29046756,-0.24139117,0.062008414
0.669685622742491,0.693473,0.9576973,0.9482764,0.09057203,0.12102083,-0.012906695,-0.26679757
0.8816943107772431,0.8718551,0.9862433,0.9640579,0.15343107,0.3524498,0.64781797,0.5706442
0.9516096624386498,0.9031502,0.9771065,0.973864,0.20822015,0.5415798,0.66491926,0.23102857
0.9242371689486757,1.4133519,0.9805708,0.9667571,0.19550592,0.92316985,0.4658105,-0.28188062
0.7536796227184909,0.8230731,0.9463601,0.95601493,0.18792067,0.20951945,0.6856632,0.6034124
0.900445873783495,1.2744877,0.9844144,0.9721103,0.37962767,0.28387928,0.2085369,0.21920787
0.30717866871467486,0.74096096,0.93166804,0.9394941,0.08174038,0.093897685,0.2286527,0.2568592
0.8473399013596055,0.55131614,0.94287103,0.9515635,0.1278853,0.1375449,0.27524576,-0.0036646416
0.9105382021528086,1.3658206,0.9801941,0.98836505,0.36133814,0.2899309,0.16170734,0.36598572
0.8784181056724226,0.49443865,0.96276027,0.96830595,0.06149307,0.1385647,-0.2737409,-0.2168512
0.9135557822231289,0.88380504,0.95688534,0.9606038,0.30884805,0.4378664,0.016876932,0.3531153
0.6783565694262776,0.787616,0.96142656,0.9582302,0.11211413,0.15828212,-0.044805065,-0.19293348
0.7590447001788007,0.6822597,0.9741127,0.9641346,0.117563106,0.124063455,0.23812303,-0.0031999722
0.8379041196164785,0.7598063,0.9766986,0.98235756,0.10230192,0.15616181,-0.10356689,-0.28475827
0.9302778971115885,0.97803426,0.99219245,0.99086905,0.20536174,0.1428982,-0.22361244,-0.074663214
0.9584242496969988,0.85543734,0.99444026,0.98406065,0.21082664,0.3259405,0.39242497,-0.01102999
0.5884236016944068,0.47559202,0.92560136,0.93222123,0.0785479,0.06749552,-0.7214399,-0.6688815
0.8932474769899079,0.6501455,0.9889803,0.9747208,0.06614277,0.12848093,0.38816866,-0.10966824
0.9024863619454477,0.77852833,0.9770351,0.97158396,0.14449869,0.18898736,-0.17023528,0.30511978
0.8518131352525409,1.2730079,0.9913812,0.98019,0.25261363,0.23236491,1.0198625,0.522518
0.6107144108576434,0.5789736,0.9159266,0.9446221,0.09900496,0.099216074,-0.27459848,-0.3267632
0.8741267925071701,0.83562464,0.9747744,0.9640416,0.16691151,0.27259484,0.68581825,-0.18880433
0.8611438925755702,0.79995817,0.9534089,0.9733943,0.18020009,0.17432968,-0.57802385,-0.39672253
0.8937049188196753,0.750424,0.9721683,0.96872914,0.15917397,0.14010976,0.35079214,0.09830569
0.8890360361441446,0.9747817,0.9724645,0.96265066,0.20370243,0.3563135,-0.68897283,-0.48665804
0.8902547610190441,0.5564984,0.979547,0.96657133,0.07651877,0.12524542,-0.04515444,0.10035262
0.6994024456097824,0.7287932,0.9387074,0.9430246,0.1401209,0.13143262,0.2605631,-0.03138863
0.8617895911583645,0.8427444,0.9536481,0.9645718,0.20363845,0.24921387,-0.13278846,-0.2913561
0.774188088752355,0.81219155,0.9606861,0.9609736,0.18319742,0.110818304,-0.15329462,-0.42851964
0.7325917943671774,0.70240164,0.9651073,0.96205413,0.11523065,0.20939535,0.56455755,0.50801516
0.8135583262333049,0.7538087,0.9766166,0.9618251,0.105142616,0.11431254,-1.0518891,-0.8453718
0.4521534566138265,0.6599914,0.9305221,0.9426087,0.110617414,0.09716131,0.022857057,0.20208058
0.8902330649322597,1.1861225,0.97893435,0.9634914,0.37436277,0.56844205,0.07267675,0.09842649
0.8756678866715466,0.6766957,0.980266,0.9628416,0.17466256,0.23594117,0.45736817,0.505244
0.8902894171576685,0.800058,0.9702166,0.9698018,0.28260294,0.16819681,0.095977284,-0.023201086
0.8918535514142057,0.6170698,0.9540208,0.9612411,0.104689665,0.22680596,-0.91257554,-0.1438491
0.7406472825891304,0.7130373,0.9454282,0.940902,0.14755186,0.25068468,-0.46444815,-0.24315946
0.7349906519626078,0.70753825,0.9563475,0.9647271,0.1107664,0.102770746,0.31915405,0.44380295
0.5694403897615591,0.91223603,0.9469788,0.9575072,0.114903025,0.15302116,0.42452863,-0.09684839
0.8470899163596655,0.97054905,0.96865994,0.95719767,0.40992126,0.2332666,0.38138312,0.46554646
0.7417660710642842,0.8121091,0.96706176,0.96711236,0.10462838,0.11549965,-1.119895,-0.67162293
0.8947941391765567,0.8293663,0.9600068,0.9530175,0.2614542,0.35731056,-0.13059542,-0.109381825
0.8547616910467642,0.8702638,0.96614933,0.9690305,0.22308937,0.23480763,-0.44513392,-0.2686139
0.9721473125892504,0.9748948,0.9938026,0.99031436,0.10661285,0.14162156,-0.28460938,0.0065622167
0.9143986655946624,0.6523102,0.96371555,0.96730596,0.13432239,0.18760069,0.2789396,-0.07049259
0.8255616382465528,0.8938464,0.9864931,0.9511293,0.3008053,0.37947986,-0.0038600718,-0.244301
0.8735144060576241,0.81193334,0.98745865,0.97615725,0.120382614,0.22590406,-0.12461884,-0.2558373
0.879875295501182,1.3222184,0.95646584,0.96926063,0.89054626,0.45639223,0.8641751,0.34556657
0.7186836427345709,0.6259724,0.94688225,0.9580541,0.09814521,0.12850426,-0.45194486,-0.086104564
0.6984211296845186,0.52132833,0.9339218,0.9475852,0.05420557,0.10060532,0.57722527,0.4300341
0.9011000204000816,0.853839,0.99471873,0.9792747,0.2768015,0.1869709,0.42654857,-0.03867843
0.9446859227436909,0.98155946,0.98851377,0.9842006,0.20394976,0.4031918,-0.3599818,-0.1602425
0.8309260437041748,0.9286971,0.9860491,0.9679871,0.20536566,0.23327734,-0.6601728,0.27742043
0.8736105024420097,0.76540077,0.9754689,0.95877117,0.17169009,0.2581816,0.14197955,0.32424685
0.7657874791499166,0.86054635,0.9413714,0.95773005,0.2537398,0.16868532,0.56799227,0.06786409
0.8775393181572725,0.4408586,0.98963994,0.96790385,0.053083014,0.105341785,0.31119433,0.100408286
0.7668095952383809,0.84241974,0.94166046,0.9525641,0.2521634,0.15161023,0.3874298,-0.034013666
0.7839509438037752,0.60016465,0.96148807,0.9431264,0.092536375,0.16032574,-0.12942752,-0.22538175
0.7615712382849531,0.72390234,0.9871622,0.97553116,0.09109863,0.11552566,0.24721666,-0.4617514
0.9134132216528865,0.94829553,0.9704609,0.9735701,0.3580965,0.33041677,0.48373428,-0.29915896
0.892067920271681,0.8297477,0.98321164,0.9737043,0.128756,0.15785325,-0.8834226,-0.76053447
0.8308416593666373,0.652291,0.96731085,0.96365935,0.12392585,0.12006337,-0.2182788,0.04823544
0.9225420901683608,0.6420004,0.98135924,0.9720258,0.097496405,0.19647704,-0.01344983,-0.0634562
0.7774212856851427,0.6974983,0.9644447,0.9618619,0.17468812,0.110441625,-0.04794593,0.7617669
0.9450447721790888,1.0274411,0.9826825,0.97475225,0.3826252,0.31169137,-0.33713174,-0.03202207
0.8962293449173796,0.8241487,0.9932521,0.9751393,0.18849859,0.30062023,-0.15696454,0.37068775
0.9324320497281989,0.81044054,0.99387634,0.9787879,0.22044136,0.32821167,-0.8053989,-0.14985088
0.9402886251545004,0.60669863,0.9858623,0.9705592,0.08136667,0.22498152,0.8124701,0.30482337
0.6168193632774531,0.6995053,0.9504223,0.95281416,0.08094704,0.11232114,-0.120432645,-0.23677903
0.7212673010692042,0.75437516,0.9544172,0.95928234,0.17898366,0.10721483,0.86123073,0.5091204
0.9486522746090982,0.6867819,0.99393964,0.98448455,0.07235039,0.1231828,0.18747059,0.13540842
0.8529925959703839,1.3060857,0.95918626,0.96162057,0.7930418,0.5182571,-0.35567105,-0.4416335
0.8754698378793514,0.6201863,0.97766674,0.9641442,0.09124914,0.1413257,-0.8966165,-0.2783182
0.825681638726555,0.94945675,0.9674873,0.9648133,0.25492102,0.14813846,-0.06383891,-0.2264567
0.7077874071496285,0.6006918,0.9578268,0.9570389,0.06239267,0.100735344,0.3985665,0.010979373
0.7743870015480061,0.5796138,0.96068376,0.9645009,0.079366416,0.12113651,-0.1867169,-0.0414575
0.8678499993999976,0.78952736,0.9862433,0.97036624,0.15343107,0.1931486,0.64781797,0.4942525
0.8298645674582698,1.1681585,0.98523605,0.98885113,0.24846397,0.27555788,0.23192437,0.21133685
0.6217015588062352,0.76342374,0.9139068,0.95426387,0.17768236,0.09177606,0.8198238,0.8222702
0.9007696830787322,0.68641645,0.9911209,0.96972674,0.093482584,0.15945894,-0.27689648,0.14800222
0.7284723218892875,0.75502026,0.94646025,0.9475223,0.17347233,0.21559003,-0.29113874,-0.42314824
0.7665852423409693,0.771418,0.942399,0.95637715,0.1403197,0.15311456,0.28174928,-0.23237199
0.9019146796587186,0.74474716,0.97015166,0.96884173,0.20975994,0.2480085,-0.26052022,-0.10281277
0.8824926499705998,1.123211,0.93264025,0.95505804,0.6576878,0.50763375,0.64967966,0.14953208
0.861949239796959,0.63386655,0.9503099,0.9687205,0.13766947,0.12189492,0.17417309,-0.24968305
0.6492984051936207,0.7530404,0.96994245,0.9663864,0.08898451,0.12029602,0.7624272,0.68501973
0.9183681854727419,0.9863541,0.9624287,0.96492386,0.31028652,0.54703623,0.20220414,-0.18996403
0.9077949911799648,1.0403788,0.9691477,0.9810003,0.30833167,0.30249858,0.44990575,0.1384221
0.7017280549122196,0.61717814,0.9463194,0.94587713,0.13564835,0.10997901,-0.29401287,0.0797529
0.9356445105780423,1.2237966,0.99328065,0.982201,0.23729329,0.47495705,0.17782271,0.13441624
0.5677730550922203,0.6204431,0.93589425,0.94458526,0.10635664,0.09332657,0.0065792007,0.1283321
0.7983641534566138,0.72494656,0.9414933,0.9433406,0.20494013,0.28316316,-0.0033353423,-0.36234277
0.8137437029748118,0.53288394,0.96615106,0.94676924,0.06739162,0.15002216,0.32295263,0.12614739
0.8754839499357997,0.7943807,0.98004174,0.95794404,0.20046599,0.3234615,-0.21100023,0.23358701
0.8720856323425292,1.1320286,0.9941139,0.9832679,0.22333673,0.30090475,1.004937,-0.16762763
0.9205788823155291,1.0585328,0.9705295,0.980732,0.31205118,0.47705677,0.11251474,-0.04217069
0.8802973131892526,0.73337126,0.9816262,0.9611645,0.14539163,0.18603957,0.48313984,0.066116974
0.8073106212424849,0.7233259,0.95248795,0.95628655,0.15982752,0.17321904,-0.4621125,0.21269338
0.9127082908331632,0.6296201,0.9752957,0.9726484,0.10186751,0.107336745,-0.29508644,-0.23809639
0.9638038232152928,0.5797182,0.9896813,0.9901132,0.07319443,0.105366595,-0.51685274,-0.07234835
0.8431514046056183,0.79995185,0.95346564,0.9492867,0.3546197,0.32367116,0.0025226304,-0.6044035
0.9009050436201743,0.7710784,0.98608893,0.97331524,0.14954743,0.2362273,0.46206132,0.00013039446
0.8653387253549014,0.86595327,0.9532557,0.96821326,0.2036987,0.12713219,-0.014362459,0.0750649
0.9375500222000888,0.8962825,0.97528285,0.97454715,0.3037833,0.3184208,0.05591167,-0.27867424
0.8727536030144121,0.64501035,0.9720952,0.9687006,0.06991428,0.15762503,-0.30089015,0.12832002
0.9127595550382199,0.8103109,0.9709953,0.96305424,0.30197945,0.29053542,-0.7225736,-0.3632883
0.8448457153828615,0.9646887,0.95505154,0.96963567,0.19588485,0.17056158,-0.50803685,-0.0016398588
0.9007846591386365,0.8089443,0.98954415,0.9676475,0.15279076,0.23074406,0.3049076,0.37030634
0.7685996183984736,1.0347556,0.98324466,0.9714241,0.2022303,0.12488051,-0.08970379,0.055415705
0.8900660242640969,0.77279603,0.96575296,0.9742469,0.13691962,0.19792122,-0.108002804,-0.18748757
0.9098561194244776,1.1543709,0.98057973,0.98001724,0.42869246,0.42952698,0.24440867,-0.31453145
0.7555068940275761,0.6507843,0.9447866,0.9431114,0.12585415,0.09293109,-0.67362887,-0.69608486
0.8978426313705254,1.0847497,0.97893435,0.9698708,0.37436277,0.34074903,0.07267675,0.114189744
0.7582938811755248,0.7401754,0.9542061,0.94923365,0.13740769,0.16507432,-0.466752,-0.40524647
0.8112352129408517,0.72681874,0.9389155,0.95500016,0.2021771,0.17044406,0.35107386,0.24306424
0.8193656774627098,0.675575,0.94034374,0.96294636,0.15424922,0.1241012,-0.78464615,-0.72570384
0.8699054636218544,0.9276912,0.9641285,0.96679616,0.26602525,0.19835557,-0.17974854,0.005163903
0.9232327169308678,1.0576242,0.9856111,0.970277,0.26688063,0.21494249,-0.46314543,-0.05501929
0.6501440725762901,0.84886044,0.89119494,0.9425744,0.32961366,0.09543236,0.24157827,-0.21080182
0.8451391885567542,1.1630473,0.9675296,0.9506047,0.46721488,0.31794125,0.48366508,0.1400601
0.8064280897123589,1.0327207,0.9511043,0.9523102,0.43459713,0.26427546,-0.15544361,0.09395624
0.8301565046260185,0.8771634,0.9908764,0.98792404,0.08865006,0.20120673,0.19642243,0.07619155
0.8363511214044855,1.0042579,0.98945475,0.9879742,0.17639962,0.18924479,-1.2227587,0.096919805
0.8557263029052116,0.64246744,0.96838784,0.96557355,0.11372421,0.12279747,0.08671332,-0.15555839
0.9230143160572643,0.6767976,0.9733505,0.9795285,0.1220111,0.21986692,0.46012,0.08326105
0.8282447529790118,0.9859012,0.93807465,0.94535834,0.4151966,0.26750126,-0.2400093,0.30328357
0.8438316633266533,0.83194876,0.9754689,0.95942813,0.17169009,0.208653,0.14197955,0.25904423
0.8729757479029916,0.61449707,0.9881786,0.9632885,0.08500988,0.11512669,0.37816077,-0.20893116
0.8499180876723507,0.69556075,0.9652838,0.9613271,0.17453803,0.18291613,0.7721152,0.48271504
0.9233681734726937,0.7353823,0.98205394,0.9752525,0.12447584,0.16823448,0.41363347,0.07208113
0.8317624950499801,0.63952595,0.9818198,0.9598646,0.09846384,0.20211357,0.10558994,-0.24374036
0.6795373741494966,0.6178955,0.9227745,0.9416293,0.103593044,0.108063154,0.47198075,0.12888591
0.7697834951339805,0.6790311,0.9763025,0.9596118,0.092844464,0.11749982,0.5430998,0.20220637
0.8580731282925131,1.0260546,0.9735881,0.98462087,0.2940256,0.20861608,0.32917577,-0.2626075
0.7648402433609734,0.6698529,0.89296055,0.94235253,0.1406853,0.14541245,-0.12128074,-0.037932694
0.9354023016092063,0.8291997,0.99416643,0.9854091,0.1589951,0.14029674,0.11404781,0.09478432
0.6168978915915663,0.77306783,0.91859823,0.9475664,0.21396163,0.08804958,-0.17572312,-0.28945836
0.6146608906435626,0.7436504,0.9339791,0.9367724,0.2245254,0.10827973,0.2045832,0.15077454
0.678312505250021,0.79419136,0.9524043,0.9531883,0.15855986,0.15644379,-0.8897401,-0.5958979
0.9504141696566785,0.57124877,0.98677665,0.98222184,0.0819119,0.122989215,0.54230654,0.07457301
0.8395440941763768,0.7178346,0.9661242,0.9711807,0.09735938,0.10444683,0.597155,0.41300452
0.8990267961071844,1.0469925,0.97112757,0.9787146,0.24383034,0.2368723,-0.17953528,-0.11218368
0.7994746858987436,0.73677397,0.96879995,0.9686907,0.09016241,0.14526337,0.16280091,0.09068178
0.8022247128988516,0.6228095,0.9578836,0.93976444,0.12474652,0.19419326,-0.12751378,-0.46327034
0.8260085200340802,0.7932644,0.97098726,0.96462727,0.12218907,0.09445058,0.79446596,0.69372326
0.8913634694538779,0.77955514,0.97970676,0.97259516,0.11630427,0.20065121,0.84188414,0.3420088
0.8686865467461868,0.97636235,0.9358557,0.9728393,0.42960083,0.22204576,-0.6930034,-0.44447812
0.9274546218184871,1.3109944,0.9805006,0.9744718,0.61790687,0.39054456,-0.17802477,-0.06596577
0.584442177768711,0.60340744,0.93529224,0.94755584,0.06076486,0.08986348,-0.2238651,0.11011561
0.7918457273829095,0.5769147,0.93430793,0.94597983,0.09871549,0.13877574,-0.08539645,0.20572533
0.9067228588914356,0.98617977,0.9915466,0.97143954,0.2626452,0.37286994,-0.27606297,0.2680577
0.8129296197184788,0.7927343,0.96406484,0.94799554,0.17162752,0.17057252,-0.35984105,-0.024007393
0.5053500534002136,0.5163486,0.90164405,0.93409014,0.06698856,0.08159675,-0.0135027375,0.015961653
0.8637022068088271,0.87104934,0.969987,0.97460574,0.27626863,0.29107928,-0.11259757,-0.4602027
0.9126704666818667,1.0340137,0.9898117,0.97635275,0.23834547,0.20401603,0.49882734,0.22806865
0.9117786231144923,0.7025558,0.9816593,0.98109466,0.107013956,0.118171304,-0.14877208,0.07123944
0.9644935859743439,1.0423721,0.993922,0.9858865,0.34180376,0.30490458,-0.28427354,0.08253529
0.8923228972915891,0.7444459,0.9612013,0.95137113,0.19997884,0.14686197,0.15349187,0.2690312
0.7118891195564782,0.6457158,0.91134346,0.9470531,0.09676701,0.14320105,-0.4515691,-0.23024836
0.6465212100848402,0.5702254,0.9311434,0.93291116,0.083235994,0.08209963,-0.36866036,-0.23237368
0.8171415405661622,0.78572035,0.9487151,0.94561017,0.24888611,0.28471652,-0.19085671,-0.0690223
0.8914077256309025,1.0203075,0.99268234,0.9913813,0.15503073,0.16298528,-0.015744649,-0.26048937
0.7075923343693374,0.76206744,0.9275772,0.9335152,0.18350883,0.26019815,-0.4884474,-0.5438501
0.5623454813819255,0.7557276,0.9496961,0.9254609,0.19397856,0.09961206,0.0912551,-0.15961176
0.6798573434293737,0.5478238,0.9280748,0.93858343,0.09931514,0.09975826,-0.35350007,-0.048828755
0.8193195012780051,1.0370129,0.9296494,0.9415713,0.54850054,0.5141925,-0.3041525,-0.12256645
0.8680309601238405,0.9338661,0.9637826,0.9821555,0.14858732,0.18448271,-0.29082885,-0.37114966
0.7997319669278677,0.78540874,0.9748644,0.9407165,0.17693716,0.40612125,-0.6109521,-0.18596059
0.8794251497005988,0.883718,0.95424587,0.97456986,0.18192081,0.21931663,-0.48685956,-0.22739995
0.8404737618950476,0.78545314,0.9791406,0.9711486,0.16961731,0.10370551,-0.2834361,-0.18299153
0.6342685850743403,0.63255817,0.94666904,0.9429633,0.07515426,0.1649069,0.4035658,0.28654242
0.7338659114636458,0.7111321,0.9607525,0.9473725,0.14020881,0.15548429,-0.121921696,-0.13228981
0.8005020820083281,0.9444414,0.9522338,0.95580024,0.55627704,0.22115953,0.15607871,0.06143806
0.8317011508046032,0.81735116,0.99141026,0.9810949,0.1328329,0.11173667,0.20385532,0.7088917
0.8764884019536078,1.1341311,0.978037,0.96671677,0.41688707,0.55754906,-0.84465283,0.04661986
0.795194796779187,0.94139755,0.9693397,0.9621841,0.23287998,0.36591634,0.039396275,-0.04344726
0.9182024888099553,0.7819135,0.97073066,0.97144884,0.23720945,0.2774841,0.0046042185,-0.0027515974
0.8939903279613117,0.7476798,0.9862433,0.9728937,0.15343107,0.22394603,0.64781797,0.53416836
0.7843423373693494,0.6217539,0.9536461,0.94527346,0.07081899,0.07927932,-0.61118764,-0.2232866
0.7019899439597758,0.61268437,0.9615063,0.9544495,0.08008788,0.09611453,0.41481942,0.17774774
0.6846333625334501,0.63541245,0.95572543,0.95193577,0.07767997,0.117961764,0.61438555,0.82396734
0.920061344245377,0.76074845,0.9584634,0.96319145,0.27626562,0.4069057,0.0069249594,-0.035112888
0.9188951315805262,1.3608772,0.96510494,0.97048604,0.6085096,0.78605425,0.08908143,-0.01770277
0.8656861507446029,0.6785886,0.9906778,0.96236664,0.23881562,0.25858518,-1.0948275,0.48684385
0.864435457741831,0.86168,0.95661587,0.96646845,0.24081635,0.19083408,0.53878826,0.3985195
0.7877251029004115,0.8086726,0.9360615,0.95392275,0.28388178,0.1422681,-0.79711777,-0.85647756
0.8154047976191905,0.6346104,0.96775234,0.9691753,0.102102645,0.16083066,-1.0002847,-0.97079426
0.5254705818823275,0.60259306,0.9366185,0.9453223,0.07340661,0.07311226,-0.20783277,-0.26840582
0.8667357229428918,1.0404016,0.94465035,0.9559477,0.46546182,0.20486677,-0.48407972,-0.22204258
0.703378205512822,0.6113817,0.9476887,0.9410248,0.098020844,0.14608951,-0.12364843,0.097891875
0.9248520514082056,1.0322807,0.99423546,0.98576015,0.24501708,0.27256435,-0.22017476,0.3219225
0.7687792351169405,0.6949933,0.9613752,0.9652182,0.15241641,0.17463149,0.18360828,0.50055635
0.9375306301225206,0.74376607,0.99384016,0.9854384,0.078169845,0.201779,0.2823988,0.54515725
0.7516860787443149,0.66248494,0.9638646,0.95936733,0.07512282,0.15474941,-0.4356734,-0.45883438
0.7022223608894435,0.65556407,0.9544161,0.9434879,0.1261487,0.1150003,0.07840323,0.022462545
0.8822746330985325,0.7365873,0.9706446,0.9587503,0.11626817,0.13832319,0.7857349,0.6002509
0.9268432913731656,0.7540495,0.98024964,0.97143483,0.13575043,0.25430772,-0.02561334,-0.22521448
0.91250237000948,0.99514616,0.97859156,0.9645265,0.36784753,0.4908723,-0.21637136,0.1411875
0.8591995007980031,0.9827639,0.98161304,0.97377676,0.2433016,0.26498318,-0.5393636,-0.10480127
0.948011664046656,1.1282474,0.9823225,0.9823884,0.33578098,0.55839235,-0.12848623,-0.2513214
0.8349626678506714,0.7268799,0.9614144,0.9570544,0.12884748,0.20440681,0.70842344,0.12582713
0.8648553634214536,0.99554014,0.98205495,0.9836729,0.12185584,0.15709464,-0.77480143,-0.39809555
0.8373466453865815,0.78289044,0.9813614,0.97705615,0.14945634,0.14053509,-0.13451153,-0.6324682
0.7416854307417229,0.732859,0.9180103,0.9458947,0.2124378,0.082026735,-0.3686537,-0.5859943
0.909758007032028,0.6973692,0.9658733,0.9729777,0.14094953,0.20245945,-0.17678131,0.10136255
0.8664810339241356,0.73334366,0.9910179,0.9688662,0.1443663,0.32222635,-0.5084469,0.44992408
0.9027244428977715,0.89026433,0.96361977,0.9526857,0.2902824,0.36696032,0.5811762,0.23741256
0.8777655910623643,0.87892544,0.96727645,0.9782935,0.20586966,0.18100248,-0.43555814,-0.40866223
0.8908320113280451,0.47619778,0.97627074,0.9693176,0.06722703,0.086671196,0.28990582,0.36583835
0.9142352729410919,1.277706,0.98885936,0.97363615,0.38712856,0.3297712,-0.37044838,0.21054015
0.9160139680558721,0.6501373,0.97104055,0.9668445,0.11610332,0.18153895,-0.20279373,0.01923382
0.8469540758163031,0.8081276,0.96828043,0.9658297,0.20252527,0.09902201,0.86435413,0.26116794
0.7961698726794907,0.63720524,0.98530674,0.96661246,0.10398862,0.11359,-0.4241475,0.3974974
0.7920896643586574,0.56026995,0.9685759,0.94514763,0.09114299,0.12952332,0.58353317,0.42228886
0.7473997575990304,0.79566914,0.96808964,0.96457464,0.10519477,0.12131106,-0.06967244,-0.79770803
0.823685502742011,0.7156301,0.98062783,0.9791263,0.112798765,0.13388944,-0.527148,-0.6892914
0.7814752859011436,0.6836809,0.9520457,0.95429903,0.13675009,0.17959245,-0.46059874,0.04415787
0.7266318985275941,0.7131567,0.97104436,0.96428496,0.08169171,0.114834115,0.3364126,0.59217733
0.942826203304813,0.64931464,0.98387355,0.98400974,0.12982798,0.15381438,-0.37802526,0.12319017
0.9591269725078901,1.0374632,0.9907258,0.98583764,0.24186073,0.43566585,0.7873625,0.06798942
0.8791541406165624,1.0937892,0.98239106,0.9785795,0.24526553,0.1545314,-1.3643688,-0.32371163
0.8096323905295622,0.6464379,0.97328436,0.9620701,0.08230863,0.16232224,-0.06946909,0.17426524
0.9073026052104207,0.94440883,0.9932328,0.97528917,0.35526684,0.35832322,0.49091122,-0.062224578
0.8063042492169967,0.8620571,0.9860634,0.97559446,0.118218176,0.10783547,-0.7533925,-0.8222368
0.9187685070740284,1.1000341,0.9613993,0.9748771,0.49375013,0.58530885,0.61795753,-0.06925997
0.9095368221472886,0.9406044,0.9922506,0.98309803,0.25392362,0.23390749,0.07336505,-0.16291907
0.8670068280273121,0.68371654,0.9800868,0.95975435,0.10417263,0.21776703,-0.14148751,0.15395676
0.8616263905055619,0.79601353,0.9756019,0.9598774,0.1900969,0.24147591,-0.98144853,-0.27153808
0.8795243180972725,0.8313997,0.94671655,0.96418625,0.27073455,0.3222996,0.3622761,0.10363262
0.9390859323437293,0.75065976,0.976514,0.98675686,0.11798329,0.14771241,-0.8024489,-0.25318465
0.8974734138936555,0.9157333,0.95466715,0.96256083,0.26551074,0.40011978,-0.22388509,-0.36356083
0.9241552806211226,0.472103,0.9573539,0.9667267,0.0877165,0.13504487,0.3198425,0.13946609
0.8343641054564218,0.6957374,0.9526067,0.95861703,0.19486699,0.16068317,-0.23700295,0.009833949
0.6684596018384072,0.84080553,0.92169553,0.94478536,0.2442628,0.2466356,-0.113070995,-0.23051478
0.8063377533510134,0.6240142,0.96246576,0.95405865,0.12810822,0.17621471,-1.122444,-0.5196035
0.8270399481597925,0.62892604,0.9799025,0.95805424,0.09119568,0.11147062,-0.6323257,-0.24065492
0.8687427069708278,0.96921706,0.962896,0.9368819,0.38101628,0.6958778,0.14586975,0.17280246
0.8105898983595934,0.7990933,0.97228914,0.97337896,0.14352453,0.12479477,0.0130943395,0.2275965
0.8666793707174827,0.65555656,0.97777355,0.9685435,0.1250508,0.14267582,0.6175921,0.18780842
0.652002928011712,0.618347,0.945981,0.9428715,0.08567528,0.12544663,0.3635189,0.48448348
0.9146800427201708,1.1245426,0.9892727,0.97828186,0.33645415,0.3251599,0.38711092,0.21520075
0.7176671906687626,0.6605086,0.9514677,0.94391686,0.12605394,0.1497552,-0.010619692,0.09341348
0.9013938775755103,0.46719494,0.9561548,0.9513814,0.06003242,0.11584735,0.21292382,-0.06612116
0.7601112644450578,0.64494634,0.9699435,0.95996565,0.12577997,0.111061595,-0.50370383,-0.64947313
0.829063636254545,0.60176617,0.98616594,0.9581866,0.07136666,0.081986606,0.51076263,0.57896197
0.8051797967191868,0.64785826,0.9319745,0.9596168,0.13603498,0.11691123,0.4018409,0.25190777
0.5989921879687519,0.6539646,0.93616724,0.9366979,0.095274724,0.092881806,-0.44749564,-0.59156084
0.9478261913047652,0.8125451,0.9691976,0.9760462,0.293274,0.3202064,0.4386086,0.16537319
0.91487434749739,0.86614764,0.9729734,0.97363836,0.111851685,0.0948806,-0.09371535,-0.0324608
0.8473270373081492,0.48807666,0.9785121,0.96014714,0.06887046,0.12995194,0.36009303,0.7165495
0.6339153996615986,0.66097456,0.94897366,0.9425942,0.14464693,0.10651932,0.0704067,0.48545322
0.6257414469657878,0.6070631,0.9449655,0.95245916,0.0714412,0.09808768,1.3389062,1.0757674
0.8406555866223464,0.6287978,0.9213871,0.9633303,0.1457765,0.0854568,-0.73036,-0.40279323
0.9245422581690325,1.1815628,0.9949125,0.98720247,0.16065063,0.20250739,0.38247582,0.5247626
0.9536327745310981,0.93575084,0.9868069,0.98424447,0.23460647,0.28429645,-0.8432539,0.008966962
0.8218131112524449,0.79229367,0.96376675,0.96768326,0.13132297,0.17107725,-0.09402176,0.319503
0.9414711578846315,1.0557064,0.9907167,0.9837018,0.20486337,0.31374007,-0.35705283,-0.062006306
0.948815955263821,0.9944352,0.99292773,0.9889507,0.16658893,0.21920438,-0.09372251,0.028826427
0.9089684038736153,1.0372202,0.99473965,0.9809221,0.18848462,0.20251957,-0.09844623,0.5337676
0.9525171540686161,0.675244,0.98117614,0.97904176,0.15998347,0.19722828,0.078587614,-0.07257387
0.7482021288085151,0.9125203,0.9272767,0.9386353,0.271143,0.13181746,0.33803555,-0.14906679
0.7933268213072852,0.805045,0.9503718,0.9698326,0.17393643,0.12270336,1.1049992,0.6011784
0.7974972699890799,0.5663982,0.9583527,0.96039367,0.10938985,0.1139319,1.0080408,0.44433355
0.6642921291685167,0.82707006,0.9549774,0.9506696,0.14173432,0.14988181,-0.15916075,-0.32074058
0.6842419689678758,0.5968401,0.9573241,0.94345206,0.06599754,0.09013982,-0.8775901,-0.60235614
0.8509450997803991,1.0604767,0.968403,0.96729803,0.36112905,0.26928186,-0.11007891,-0.01922604
0.853937911751647,1.2847623,0.945594,0.9806834,0.35696933,0.31753132,-0.02699637,-0.16547455
0.6769755079020316,0.5956107,0.9102557,0.9474721,0.12774123,0.10192722,0.31348464,0.38414472
0.9258901035604142,0.8642472,0.9647885,0.9775569,0.19160095,0.26397938,0.5187378,0.23138405
0.8506723626894506,0.88983524,0.96203667,0.95063674,0.3299087,0.27242854,-0.607974,-0.47547045
0.8902563930255721,0.6527581,0.9472572,0.95687574,0.124645434,0.23888609,-0.009427335,-0.0871995
0.7985244740978963,0.5836193,0.9539253,0.9521649,0.10609389,0.1362021,-0.14420374,-0.057521224
0.880000672002688,0.86008096,0.97280985,0.9611516,0.27966624,0.47600758,-0.48463294,-0.58029985
0.8330794283177132,1.1872352,0.9913851,0.9901883,0.14550357,0.30564418,-0.82330894,-0.089513615
0.7146514997576351,0.80994695,0.9508786,0.93807036,0.17694063,0.19930092,0.027502486,0.111711316
0.7281529286117144,0.64200217,0.9913103,0.9591376,0.05398351,0.14205423,0.73132753,0.41187477
0.7996670706682826,0.554889,0.9737446,0.95947737,0.05967101,0.11428496,0.1174558,-0.026782189
0.8617006948027793,0.71491015,0.96765125,0.9590372,0.18115665,0.20842993,0.15426166,0.3226061
0.8648859875439501,0.84377444,0.9649503,0.95601803,0.2611792,0.23153427,0.10774735,-0.41974968
0.8291323725294901,0.9022474,0.9860801,0.9778422,0.19989093,0.16413364,1.039788,0.5683113
0.8352668930675722,0.56238407,0.9367777,0.9567428,0.082595065,0.15009202,-0.18824957,0.009820882
0.6349993399973599,0.58505225,0.94978905,0.9442399,0.091549054,0.12546216,-0.29104707,0.032480523
0.7974733658934636,0.8721641,0.94540435,0.9602781,0.28345034,0.28069147,0.9554262,0.633258
0.6626842187368749,0.70901555,0.971551,0.9567698,0.06963659,0.11494778,-0.9555676,-0.5807228
0.787745070980284,0.66659075,0.9607832,0.95296323,0.1263802,0.109298415,0.69841814,0.5673403
0.831065436261745,0.8004573,0.9459315,0.9529495,0.18761773,0.2922,-0.51120025,-0.17327888
0.9241819687278748,1.1936634,0.95364994,0.95835114,0.59845686,1.0780284,0.8698783,0.096135914
0.9099081516326066,0.9396384,0.9832782,0.9811171,0.32556662,0.22719389,-1.0066881,0.23341352
0.8399671678686714,0.82753414,0.9514401,0.9665441,0.19757754,0.1726981,-0.20282115,-0.045672126
0.9372088368353473,0.72963834,0.98948956,0.9817736,0.12153916,0.21461122,0.042962443,-0.028560197
0.8183400093600375,0.6798014,0.98156446,0.9840841,0.08331356,0.07996999,-0.3478472,-0.5545795
0.9322034728138912,0.54590535,0.9823217,0.97844285,0.10601431,0.12361565,-0.28582084,-0.328425
0.8215768543074171,0.7441024,0.99065536,0.9587587,0.12862757,0.15675633,-0.027164547,-0.58005667
0.8472993891975567,0.95002085,0.92986995,0.95398456,0.45124236,0.31811404,0.18512829,0.3364035
0.8911728126912506,0.9644666,0.9726792,0.9665898,0.34144172,0.4538803,0.25653088,-0.026357222
0.846632858531434,0.8262695,0.988141,0.97449785,0.14347559,0.13625026,0.3690898,0.07268964
0.9206267865071458,0.91977036,0.98938894,0.9732748,0.22123054,0.48218814,0.33863726,-0.40915254
0.9225904743618975,1.3241247,0.9812768,0.95935285,0.576933,1.439852,-0.19078198,0.15491791
0.8511486205944824,0.9184699,0.9424644,0.97139776,0.31941864,0.16700944,-0.30505523,-0.11656794
0.79937935751743,0.8343764,0.94526154,0.948014,0.23139237,0.29409325,0.42702731,0.21529245
0.9136265345061381,0.81134135,0.9842015,0.9842443,0.18715099,0.18187705,-0.12342075,0.15516077
0.817186372745491,0.6387538,0.94980603,0.96106035,0.16793124,0.11356816,0.25390354,0.4043196
0.856253153012612,0.70936394,0.94505274,0.9473418,0.2153754,0.24433847,-0.44138378,-0.4260156
0.877887223548894,0.8288929,0.96127445,0.9718108,0.27756873,0.20221049,0.20484623,0.39774856
0.6490601322405288,0.6342393,0.90511227,0.9376531,0.11927145,0.11358649,0.15385245,0.11409201
0.7052020208080831,0.7443999,0.97654927,0.9733786,0.10688309,0.08858364,-0.31936628,-0.37179667
0.8888975075900304,0.67946434,0.98358905,0.97379464,0.08339504,0.15230827,0.24114315,0.09006192
0.8822274969099875,0.75094736,0.9862433,0.9677947,0.15343107,0.33484292,0.64781797,0.4829233
0.9071312445249781,0.711367,0.99473214,0.97649586,0.07114704,0.18952657,0.9499038,-0.30020097
0.7624606818427273,0.8799177,0.9573183,0.96176285,0.29391307,0.11777363,-0.08744955,-0.065432444
0.9161936807747232,0.80614847,0.9933962,0.9877586,0.12374897,0.22156017,0.19355835,-0.04614165
0.8305492421969687,0.65467626,0.98106825,0.9657149,0.077088855,0.14071591,-0.23062582,-0.18269016
0.7061437845751383,0.57279336,0.9512632,0.93827784,0.083713494,0.12569462,-0.13678114,-0.31731594
0.9291604526418105,0.9060164,0.98298705,0.98145366,0.23154609,0.32628816,-0.16755891,-0.25405142
0.8502982491929967,0.67112243,0.9665139,0.9541883,0.12883127,0.23826051,-0.495077,-0.08386022
0.8121428005712023,0.79726845,0.965165,0.97389007,0.13824002,0.17835835,0.07309412,-0.22124003
0.9259174636698545,1.0936985,0.9935162,0.99237525,0.12695563,0.19400324,0.19850625,-0.04715955
0.9321219684878739,0.86868685,0.9841509,0.9725192,0.13729626,0.41422626,0.7819157,0.44925892
0.8330633002532009,0.7349604,0.98392195,0.9671818,0.11361295,0.13879764,-0.5726521,-0.905866
0.6600826083304333,0.5892638,0.93568456,0.94140214,0.11491451,0.110266894,-0.26329896,-0.17011805
0.8936795747182986,0.6478252,0.9734882,0.9629827,0.14494912,0.17825046,0.13543464,0.094781145
0.9163860655442619,0.82608,0.9703808,0.9812339,0.19729535,0.248878,0.76778626,0.4580007
0.8860853683414733,0.64529985,0.9893095,0.967184,0.12951615,0.17959201,-0.37497342,0.37779275
0.792189888759555,0.95211726,0.9424981,0.96996516,0.35626504,0.16964208,0.80810755,0.02296689
0.9400844323377292,1.0408179,0.99244595,0.9874201,0.19684295,0.23434645,-0.62173057,-0.039520323
0.8956943347773391,0.6445417,0.9488688,0.95976895,0.14515427,0.21941681,-0.42016357,0.017955732
0.8968007392029567,0.69899356,0.9830939,0.98045623,0.09525223,0.13733597,0.4606272,0.46946383
0.8210020040080159,0.7987001,0.9601717,0.9655125,0.26047623,0.15676127,-0.41753078,-0.4683493
0.8493915255661022,0.73350585,0.961664,0.9554349,0.1493359,0.17580621,-0.26598597,-0.06425835
0.9238559514238055,0.7775254,0.9917315,0.98084366,0.13354546,0.17638546,0.24771112,-0.18999559
0.8252877491509966,0.642676,0.9504852,0.94302773,0.16360512,0.26448116,0.47792098,0.06354161
0.7841553286213144,0.6742788,0.957467,0.9690114,0.13413133,0.12211818,-0.36170396,-0.35916135
0.6361462565850263,0.6014327,0.9234499,0.9334348,0.16039568,0.14462364,-0.27126783,-0.07770556
0.8464124416497665,0.65258425,0.9713671,0.9592731,0.14798908,0.17345469,-0.42902493,-0.37847292
0.8401579206316826,3.0653305,0.98252577,0.99041814,0.2835415,0.44980803,-0.19429745,0.2231431
0.7381354325417301,0.8342768,0.93460417,0.95339996,0.19205946,0.16221103,0.28183874,0.05472845
0.8629032916131664,0.6927149,0.9691543,0.97062266,0.11927344,0.16072378,-0.40368074,-0.04558703
0.9092222288889156,1.14914,0.968823,0.9525216,0.3059658,0.31304458,0.10124068,0.31782705
0.8221582326329305,0.77126914,0.95669425,0.95006365,0.12156682,0.15158424,0.2959881,-0.00082839315
0.8336592706370825,0.7405574,0.9717937,0.9781033,0.08739269,0.1378937,1.623559,0.69797647
0.8583569054276217,0.64122903,0.97278327,0.9493042,0.14831561,0.15606877,-0.010591596,0.17660908
0.8616781347125387,0.7736349,0.97231174,0.9725285,0.15407172,0.12280994,-0.19977649,-0.4344447
0.8771429325717303,0.6918921,0.97856104,0.95348275,0.15127015,0.3176303,0.53109115,0.16280292
0.9583002172008688,0.99495804,0.9878611,0.9819221,0.20172803,0.41807497,-0.038674165,-0.093893394
0.853570422281689,0.69521433,0.98128915,0.97088534,0.09853204,0.13045658,0.037911523,0.4825091
0.7944573218292873,0.63471204,0.942421,0.9468088,0.1198558,0.18100105,0.66523993,0.54913586
0.9365468181872727,1.1419061,0.9824187,0.9719689,0.49132445,0.7012959,-0.62860405,-0.022399958
0.9445301141204565,0.7760175,0.98173076,0.98212475,0.13886325,0.25010356,-0.12599468,-0.3700785
0.8513597254389017,0.73006254,0.97041005,0.96536833,0.14888711,0.1269131,0.03378791,0.09723718
0.8533722774891099,0.8431979,0.958625,0.96020424,0.22552963,0.23666666,0.69038343,0.23931387
0.8304949059796239,0.61903846,0.97085744,0.95920134,0.117738485,0.14294843,0.33496258,0.2270756
0.8747736430945723,0.7445855,0.9513442,0.9616039,0.17475401,0.194422,-0.3705473,-0.5383476
0.9178366313465254,1.0954767,0.98828185,0.9661296,0.27244323,0.40648937,-0.5598107,-0.3933428
0.7603274573098292,0.74139225,0.95650584,0.9578605,0.16081582,0.14912894,-0.31926295,-0.25441498
0.8613597974391898,0.53353643,0.9613967,0.95308894,0.08034731,0.13619576,0.04607,-0.18447602
0.876634610538442,0.6350962,0.96104467,0.96650577,0.11108308,0.19402033,0.2716318,-0.03247753
0.956755763023052,0.729208,0.985258,0.98318595,0.11128211,0.1397023,0.22268128,0.29416037
0.6547721550886203,1.5548563,0.9944483,0.99171424,0.2106057,0.19623943,0.44011274,0.33689106
0.7892137808551234,0.6853328,0.9444073,0.93488544,0.14852004,0.11206385,0.20789117,0.4624192
0.9089460357841431,1.1358685,0.9799106,0.96380246,0.41195112,0.8252894,-0.16738743,0.045632366
0.8309084756339026,0.8567268,0.9798586,0.9594111,0.1545858,0.3307598,0.8501562,0.7678855
0.9611621806487227,0.77187526,0.98383445,0.9816732,0.17407297,0.19665925,-0.14980248,-0.11996079
0.7398570074280296,0.7158444,0.9373503,0.950225,0.17330632,0.14190847,0.31326243,0.31400725
0.9233335173340693,0.9904381,0.99254096,0.9745332,0.3351437,0.26228556,0.09735036,0.46903574
0.9180626162504651,0.88696223,0.97158027,0.98008466,0.23464067,0.21629798,-0.56130946,-0.24632926
0.8425955623822495,0.7720512,0.95325816,0.9662897,0.24080774,0.1439796,-0.19322771,-0.29150185
0.8500554642218568,1.250999,0.9435944,0.93944246,0.72990716,1.0612403,0.45635313,0.40292084
0.8630860763443053,0.8116634,0.9550376,0.96842146,0.22546348,0.14435224,0.315733,0.08778068
0.6080883203532814,0.5924389,0.9637795,0.94637054,0.075812735,0.11306914,0.68380594,0.72422767
0.47443437773751096,0.5982588,0.93941534,0.93867546,0.084341556,0.0944623,0.6923931,0.43564227
0.81037485749943,0.7366178,0.95158577,0.9501684,0.13442448,0.30778196,0.14688216,0.10014235
0.8375438301753206,0.75656277,0.97605425,0.97009176,0.07670286,0.121189095,-0.7683091,-0.49347854
0.5945202020808084,0.62792265,0.9783415,0.94862664,0.06478226,0.10947297,-1.4913579,-1.069559
0.891557390229561,0.8165968,0.9691106,0.97028726,0.12178613,0.21376371,-0.47988102,-0.60715616
0.653940887763551,0.54966563,0.94721043,0.9429226,0.06926688,0.087579876,-0.9526868,-0.7421951
0.8449528518114072,0.9322354,0.9744041,0.95965916,0.26658475,0.33048803,-0.649617,-0.5052662
0.8230732122928491,0.6451324,0.9873854,0.97013235,0.10458064,0.10830002,0.10405915,-0.37499002
0.8725487381949527,0.8021379,0.9481106,0.9789091,0.20430057,0.12367702,-0.31414458,-0.10676011
0.5253384853539415,0.6516241,0.9278519,0.9494383,0.09997527,0.08321163,0.2607353,0.15182346
0.6448505154020616,0.62721723,0.9479291,0.9494469,0.09692404,0.13532113,-0.35728693,-0.350537
0.951572702290809,0.7453189,0.9922051,0.99048066,0.11432058,0.13185416,-0.45263198,-0.4880135
0.9504860739442959,0.94671476,0.97416943,0.9855015,0.25811675,0.20475654,0.8754381,0.079893485
0.9368307873231493,0.9934333,0.96147764,0.9787036,0.437713,0.2245559,0.23423132,0.11840169
0.9613465013860055,0.6071902,0.9933243,0.9879113,0.08124454,0.1104169,-1.7428838,-0.34232676
0.7943490333961336,0.7029491,0.9511826,0.9587339,0.18687534,0.17288335,-0.3554921,-0.16424304
0.8625731462925852,0.5327966,0.9849024,0.9616448,0.07235534,0.10848502,0.3297403,0.61194736
0.8043222252889012,0.6681137,0.96630627,0.96379215,0.13557781,0.13396,0.89317226,0.70212907
0.799056124224497,0.86056024,0.9573909,0.93992436,0.2357167,0.3507182,-0.4678325,-0.48690286
0.9195367021468086,0.9788314,0.9934449,0.9748821,0.37898588,0.44902423,0.30576852,0.035697192
0.9568532034128135,0.7848603,0.9932276,0.988846,0.090422206,0.12750717,-0.17026426,-0.05375215
0.8210911883647535,0.59863174,0.97008,0.96558493,0.1272435,0.11531672,0.008790234,-0.028010018
0.763308557234229,0.52398455,0.964377,0.9417716,0.0770589,0.14222574,-0.027930373,-0.15650995
0.9249719558878235,0.8262927,0.97936636,0.9698205,0.19299471,0.23870222,-0.8546709,-0.08701535
0.8903725534902138,0.6885667,0.97092205,0.9654511,0.11394554,0.16633464,0.001415518,0.40201
0.724314257257029,0.7686608,0.9477548,0.949557,0.20404123,0.1438121,-0.2728894,-0.08362475
0.8712067488269953,0.9872833,0.94049007,0.9708896,0.44634488,0.3209513,-0.78186727,-0.15025538
0.8060243120972483,0.9942877,0.9862433,0.97708017,0.15343107,0.16364124,0.64781797,0.47738063
0.549188916755667,0.7830583,0.9165171,0.94960195,0.15955628,0.07184781,-0.93646115,-0.49621376
0.9526760347041389,0.66424394,0.9844422,0.9767538,0.122757845,0.2043855,0.30712906,-0.12656485
0.7988949395797582,0.58024865,0.95926005,0.95225066,0.09747365,0.14511622,0.82965165,0.3810375
0.8482643850575403,0.86552906,0.9719659,0.9535742,0.2256752,0.19153629,0.32008892,0.4634462
0.7157681110724443,0.7007829,0.9387184,0.94369155,0.14830258,0.19023621,-0.33620325,-0.14523353
0.8372181008724036,0.62425435,0.954508,0.95174116,0.15884481,0.16051087,-0.060983695,0.43801674
0.7830517082068328,0.8002694,0.96470535,0.95196575,0.29771394,0.19997463,-0.27946183,0.2641512
0.9297527750111,1.2161255,0.97777843,0.96992594,0.43437767,0.38854042,-0.53238374,-0.00043396713
0.9096704546818188,0.8723785,0.9914146,0.97386795,0.20853461,0.24137872,-0.41413462,0.23422568
0.8913681734726938,1.1073607,0.97893435,0.96748096,0.37436277,0.38358864,0.07267675,0.27285805
0.8993342853371412,0.97307414,0.9737897,0.97985077,0.17358863,0.18306153,-0.99233073,-0.2570144
0.7187454669818678,0.5633969,0.96512794,0.9554058,0.06900339,0.11368275,0.21425782,0.19512193
0.9227033708134833,0.7567304,0.98260874,0.9740403,0.17724665,0.19504857,0.38781476,-0.4009015
0.8695319261277045,0.92615426,0.9499794,0.96705884,0.37225547,0.37227583,-0.09897182,-0.17020795
0.590687482749931,0.56585497,0.9038258,0.9434504,0.09264598,0.08439441,0.4156399,0.56117713
0.8423304093216373,0.8379196,0.9754689,0.96859777,0.17169009,0.22068599,0.14197955,0.2732576
0.8717795831183325,0.91261166,0.9656068,0.9671585,0.19444326,0.1434636,-0.71122795,-0.412922
0.8877482869931479,1.0064656,0.96382,0.9592881,0.44327655,0.65584743,0.4613528,0.332535
0.8754110856443426,0.84405667,0.97796786,0.9862447,0.15523587,0.13531527,-0.5714418,-0.04220038
0.8917180948723794,0.79378796,0.9752388,0.9790683,0.16774899,0.15722063,0.06627709,-0.257436
0.8700861363445452,1.3726034,0.9441854,0.9629219,0.82937914,0.4091202,0.2948419,-0.2848906
0.8372544571119357,0.8919043,0.9713717,0.98237896,0.098791614,0.10391068,-0.033136908,0.22546436
0.6796639026556106,0.84021896,0.9473563,0.95358396,0.28267106,0.12746413,-0.909985,-0.6047843
0.8012972531890126,0.8058226,0.9865718,0.95623636,0.14069375,0.16617651,-0.75255996,0.5822586
0.7596520946083783,0.85490996,0.98941797,0.9806158,0.105701454,0.11444007,1.1383597,0.86287653
0.9188283373652297,0.59073293,0.99367636,0.98912174,0.076256014,0.11333988,-1.050383,-0.3114204
0.8929876039504157,0.7303586,0.9562378,0.9774971,0.15685228,0.137647,0.5380647,0.06589441
0.8959173436693747,0.6305154,0.96795624,0.97061384,0.13668618,0.17046759,0.87793577,0.24468727
0.8615390301561207,0.76654553,0.9816037,0.9633787,0.20672104,0.26746926,0.4750997,0.44826242
0.8578309193236774,0.7695393,0.9719198,0.97220916,0.16953032,0.13673007,0.11458274,-0.034321744
0.8913173892695571,0.7178201,0.9830812,0.9597177,0.15320052,0.1696773,-0.078059666,0.19133347
0.9306344425377702,1.4183662,0.98301715,0.97372955,0.5830094,0.9866481,0.73770636,0.12602371
0.8866361225444901,0.93052936,0.97644556,0.9750441,0.25876775,0.1810344,0.30335584,0.26059872
0.4502634010536042,0.6892984,0.9049783,0.9338929,0.16921557,0.08355994,-0.024906794,0.05032079
0.7572971091884367,0.598248,0.9038642,0.943414,0.14992584,0.11759415,-0.5118823,-0.3538074
0.5431065244260977,0.6015442,0.89055103,0.93778676,0.14316665,0.10893578,0.8068602,0.80021065
0.9020146160584642,0.9625777,0.95300573,0.9738757,0.28936127,0.17201069,0.01565115,-0.081601955
0.7455082620330481,0.66372824,0.9468569,0.95674014,0.12602633,0.13452357,0.79813504,0.67231715
0.7996555506222025,0.73793626,0.9649433,0.9558135,0.10982275,0.23785472,1.2297095,0.4723074
0.8678196632786531,1.1484568,0.9345684,0.9847563,0.4696332,0.13935725,-0.82856184,-0.12650159
0.9238822555290219,0.8189018,0.9794334,0.9589553,0.20908447,0.4690456,-0.63809705,0.47499025
0.9584936579746319,1.2965798,0.99263465,0.9913077,0.20760837,0.10999777,0.05195603,-0.14430004
0.8809373477493909,1.0049628,0.95190847,0.96615154,0.37556288,0.23679034,0.1433927,0.084069885
0.7151611006444025,0.64866227,0.97579205,0.95145327,0.073890895,0.15207784,-0.17253862,0.099165455
0.738003816015264,1.1823369,0.99344,0.99249184,0.101099335,0.14588732,-0.5646026,-0.19823873
0.8958813435253739,0.9424548,0.98245496,0.98780304,0.092650734,0.12630956,0.8642609,0.44037592
0.9125287701150805,0.92144114,0.94005746,0.9685035,0.44008183,0.34352934,-0.7386062,-0.3177623
0.8330396841587366,0.5914962,0.94533,0.942868,0.145416,0.192852,-0.06318734,-0.43726858
0.6431994047976192,0.55920845,0.9450928,0.9508481,0.05706978,0.09871096,-0.22830665,0.09031416
0.8740186960747843,0.95332384,0.98963475,0.9848272,0.219046,0.22910738,-0.8417722,-0.6006239
0.7397319189276756,0.75031596,0.9802448,0.9509132,0.14707808,0.12998518,0.26062948,-0.38408583
0.9536707906831627,0.7049672,0.97176254,0.9743227,0.1476982,0.3085171,-0.49593028,-0.22014414
0.9203687374749498,1.0285803,0.9558885,0.96012884,0.4905472,0.3654627,0.075953834,0.09141887
0.9333962775851102,0.913667,0.97758347,0.96843976,0.28512812,0.44365335,-0.3671824,-0.058748722
0.8814074616298464,0.651849,0.97468376,0.9607513,0.09158385,0.15410367,-0.20156087,0.051255368
0.8793565094260376,0.7639801,0.9760571,0.9685213,0.1879649,0.13263574,0.1418352,-0.067075364
0.5998812475249901,0.5616892,0.9334946,0.9373886,0.07552298,0.09646309,-0.014117184,0.0040523675
0.8302425209700838,0.8234272,0.966845,0.9618115,0.17911126,0.25732717,-0.6793788,-0.4665891
0.7418699434797739,0.6411953,0.96929127,0.9565581,0.11320423,0.13851497,0.60459006,0.013948265
0.795687758751035,0.6228493,0.9477693,0.93359774,0.15256375,0.20565467,0.24248299,-0.36549935
0.9664028416113665,0.8388178,0.9796368,0.9823819,0.16374701,0.2175536,-0.66498494,0.3762277
0.9131243564974261,0.9124895,0.976703,0.97522825,0.1744985,0.27398384,-0.30386883,-0.20664331
0.6729908199632798,0.76624084,0.9283454,0.93301,0.22594543,0.109912254,0.49086136,0.5779607
0.9669532118128472,0.8482895,0.98504895,0.985909,0.2926526,0.2942775,-0.2729796,0.070036
0.7830681242724971,0.58913994,0.96836936,0.9448709,0.07504699,0.119043976,0.54726124,0.30024678
0.9521553286213145,0.5926618,0.9914196,0.9772087,0.08674651,0.1361168,0.87429464,-0.055775758
0.804748946995788,0.6117688,0.9738745,0.96051514,0.08255364,0.107897446,-0.27828464,-0.30051216
0.9148638834555336,0.99403805,0.9703879,0.9825842,0.19281341,0.20282692,-0.24397023,-0.14552729
0.8868557714230857,0.9149764,0.97255594,0.96968997,0.32336617,0.30450425,-0.36810514,-0.41724032
0.8460167280669121,0.8225452,0.9586102,0.96207774,0.20571075,0.27228278,-0.11807739,0.19357833
0.9080978723914895,1.1785074,0.99453616,0.9843299,0.25051117,0.15863983,0.1293196,0.31884193
0.8188621554486217,0.68054366,0.94724727,0.96537554,0.18114792,0.13830793,0.12111156,0.33656037
0.8224457537830151,0.83868384,0.9558076,0.95457965,0.29314432,0.21824178,-0.16271451,0.3767049
0.9244823539294156,0.7356472,0.9906324,0.9907217,0.10141187,0.11106709,0.06053479,-0.11967964
0.9447617630470522,1.0784471,0.9927765,0.99178493,0.10883172,0.1702381,0.3798959,0.06658408
0.7628832755331021,0.7550788,0.97430414,0.97062385,0.087186426,0.113905825,0.8161241,0.4615776
0.7428886035544142,0.5793412,0.97425956,0.94188577,0.10047223,0.12740365,0.77256495,0.6811966
0.860878643514574,1.2712704,0.9455621,0.96343875,0.7709623,0.26015553,0.70531183,-0.12311979
0.7876798867195469,0.86803776,0.92441833,0.9373869,0.25938857,0.34578842,0.04920921,0.38253954
0.9288793635174539,0.6835152,0.9723445,0.9814676,0.10650798,0.1516164,0.28768897,0.46002284
0.9426684746738987,0.6527576,0.9888472,0.9772654,0.13286756,0.26889783,-0.62412685,-0.41589254
0.8174557498229992,0.5710586,0.96991897,0.9642359,0.073839925,0.09577691,0.7780353,0.25584483
0.7886187704750818,0.67837214,0.96191144,0.9687331,0.048752703,0.12477171,-0.15975559,0.04508646
0.9540850323401293,0.64082646,0.985281,0.9870247,0.088097066,0.13977912,-0.8172735,-0.3567994
0.8118969435877742,0.72675157,0.95739883,0.9618801,0.154216,0.16835117,0.21624823,0.27780592
0.7175599582398329,0.8215627,0.9308489,0.94248515,0.27370217,0.22465684,-0.72464585,-0.6153464
0.8140510962043848,0.5910618,0.9318905,0.94950753,0.13440792,0.23926395,-0.354215,-0.42310047
0.9319804639218556,0.89472127,0.9906691,0.9819943,0.18323122,0.23897284,0.15238497,-0.03955229
0.7501793527174109,0.6207698,0.9156775,0.9511468,0.13956147,0.1070351,0.96707344,0.6365574
0.6592139008556034,0.52838975,0.94761777,0.9385154,0.06434575,0.12078784,-0.67768615,-0.72385126
0.8475823983295933,0.7954,0.9658399,0.9561898,0.1549636,0.1799314,0.5118953,0.015990073
0.8695606302425208,0.7478566,0.9794679,0.9740616,0.17687708,0.105839126,0.43014792,0.017222837
0.8579564878259512,0.54264647,0.93761283,0.9507772,0.08011624,0.1211484,0.7178204,0.35830274
0.6924865779463119,0.8007694,0.9409127,0.93345255,0.12606071,0.32931098,-0.44211373,-0.3245736
0.8488501794007175,0.7040698,0.9808302,0.97332895,0.11924677,0.1615664,-1.0963156,-0.74989384
0.9336831267325068,0.48998994,0.97509533,0.9701489,0.0871201,0.13986395,-0.052408125,-0.07472484
0.7393363973455893,0.60493165,0.94501084,0.9587734,0.09266335,0.08110046,0.67005575,0.8491138
0.8959114876459504,0.6356396,0.9767433,0.9726903,0.10940706,0.11450657,0.31717613,0.60429966
0.7498268393073572,0.5130497,0.9545331,0.9409071,0.07071403,0.08943675,0.10790471,0.16664736
0.8690568202272808,0.78830665,0.96057516,0.951347,0.21008581,0.34086764,-0.5434537,-0.68439263
0.840755043020172,0.58981204,0.9412176,0.9521874,0.08951777,0.101408295,-0.7209731,-0.7407302
0.9399391837567348,0.63628757,0.9783933,0.980967,0.13733852,0.113839865,-0.7518123,0.43275717
0.7471534206136825,0.60520667,0.93255043,0.94326717,0.08203299,0.17366083,-0.6726113,-0.24002048
0.7951707966831866,0.7348149,0.9461292,0.9445833,0.14238851,0.13937332,0.41591752,0.34739894
0.5460997203988815,0.72111773,0.9539358,0.9431988,0.1061996,0.093404956,0.8103117,0.7021967
0.8914146376585504,0.70358944,0.9820917,0.9781,0.11441638,0.13492228,-0.5887093,-0.58361024
0.8581353365413461,0.9062234,0.9578358,0.9493752,0.4393503,0.30074406,-0.17402695,0.29178968
0.9235829263317052,0.7605559,0.9816168,0.95830655,0.24311723,0.322614,-0.53049546,-0.17337242
0.8758362713450853,1.24809,0.97713774,0.9698871,0.32718873,0.18028897,0.44877926,0.51328385
0.8505344101376405,0.62620395,0.9601639,0.9529687,0.1525506,0.1885158,-0.24393824,-0.55861634
0.893689462757851,0.69849366,0.9665866,0.9777561,0.13393243,0.12541911,0.047939252,0.09103233
0.8785270661082645,0.7343421,0.9396019,0.94021994,0.18535608,0.4984897,1.0712899,0.8789367
0.7785576422305689,1.47272,0.940001,0.93696487,1.0491323,0.42719427,-0.20788929,0.20278236
0.7579199596798387,0.6991732,0.9474808,0.9569145,0.09952828,0.08247946,-0.35117736,-0.49684885
0.9205169620678482,0.69795835,0.98591495,0.97441584,0.12249849,0.1929591,-0.07916012,0.4721309
0.8803962895851583,0.5472603,0.9546845,0.9512277,0.13071845,0.1795348,-0.02622,-0.37115043
0.884814419257677,0.575638,0.97949946,0.961287,0.07181025,0.14367335,-1.2243547,-0.87451804
0.9111939807759232,1.5641048,0.98801184,0.9877641,0.16350867,0.26041222,0.25760445,-0.42103517
0.9152912771651088,0.7941293,0.9933857,0.9801575,0.16650015,0.15010314,0.025229093,-0.7772032
0.6339679118716475,0.599948,0.97428674,0.93739945,0.10194053,0.08214409,0.020500941,0.49175265
0.8984266977067908,0.7993996,0.9862433,0.9711664,0.15343107,0.31564862,0.64781797,0.61844987
0.8477726710906843,0.82532376,0.97164166,0.97309184,0.13122757,0.21997933,-0.31477767,-0.038339593
0.7591432925731703,0.8295548,0.98700196,0.9672283,0.14407298,0.12737708,-0.19160996,0.94536406
0.8772807891231564,0.8116922,0.9892221,0.97668093,0.12765914,0.1296071,0.3174468,0.3626933
0.8950000600002399,0.99625427,0.9938997,0.96770775,0.22579932,0.48058406,-0.75953174,0.19146165
0.6001398725594902,0.57968444,0.9414336,0.93643034,0.08372298,0.11759403,-0.0673238,-0.35629627
0.903990687962752,0.89590997,0.97829735,0.9827202,0.20924409,0.21444279,0.28531793,-0.1693535
0.7924450577802311,0.61042506,0.9332342,0.94780695,0.10694101,0.14711113,0.036141735,0.17998932
0.9002946731786927,1.0238117,0.97250354,0.97040087,0.29734343,0.5509196,-0.30048752,-0.42371565
0.8051910287641151,0.797064,0.99435073,0.9871451,0.13068156,0.17345536,-0.38137317,0.58532387
0.8286543866175464,0.9130466,0.9638082,0.96008486,0.17801625,0.20341389,-1.078918,-0.7134451
0.8811376045504181,1.0663046,0.9918607,0.9835073,0.24183823,0.30759296,0.99716806,0.66398174
0.8445556982227929,0.88639873,0.9620498,0.95143276,0.29899037,0.4689797,-0.6345136,-0.4317941
0.8737534470137879,0.8715388,0.98212135,0.9768371,0.23989119,0.19285479,0.31118038,0.26855767
0.8250254761019045,0.80078965,0.96583223,0.95912445,0.21136707,0.15683933,-0.5168453,-0.16679442
0.669941559766239,0.7168129,0.9759563,0.96430814,0.102572255,0.11257655,0.24338886,0.3652563
0.8531530126120503,0.6538353,0.9767199,0.9641582,0.1416127,0.16812885,-0.0849923,0.22578143
0.9346924747698991,0.97710204,0.98024124,0.9786874,0.2399731,0.143515,-0.5550154,-0.2504256
0.8993628934515737,0.79234767,0.9600306,0.96969485,0.24740456,0.2491461,0.06661684,0.3177743
0.9371520046080184,0.90664345,0.9837215,0.982913,0.27187014,0.3849679,0.28653428,0.24533463
0.9169755079020315,1.058482,0.97893435,0.97054726,0.37436277,0.27753603,0.07267675,0.24531938
0.7763974415897663,0.75462514,0.9502966,0.94715536,0.16546829,0.2174749,-0.13691981,0.15788792
0.7502916731666927,0.6321998,0.9574784,0.94964504,0.07490385,0.1412898,-0.23346037,-0.14762092
0.7407578750315,0.8622566,0.94473225,0.935985,0.24284734,0.18004304,0.036030885,0.27562475
0.7368687074748298,0.72109246,0.9778947,0.950107,0.07677471,0.15299186,-0.49321198,-0.4853925
0.7112867171468685,0.9346895,0.9492257,0.94659954,0.22418907,0.23843871,0.28251937,0.36354494
0.890941067764271,1.1433715,0.987028,0.98872584,0.11478534,0.30792361,-0.75214607,-0.49245906
0.6282331369325478,0.6697695,0.9934788,0.93980926,0.06882392,0.18014951,-0.44692388,0.16722342
0.9427348109392437,0.80380625,0.9811377,0.9699092,0.1698376,0.26834524,0.06870862,-0.090743214
0.967323197292789,0.7661187,0.9934215,0.9905397,0.1530523,0.17828162,-0.3119586,0.22668354
0.8486477145908584,0.7612101,0.963446,0.96884686,0.1644136,0.12521571,1.1457382,0.62535
0.7129271717086868,0.8128097,0.96912676,0.930288,0.21619274,0.19080065,-0.316934,0.48645693
0.8960972483889936,1.0305462,0.9551287,0.94992554,0.3298598,0.2800176,0.016581241,0.41990036
0.8776741986967946,0.9700939,0.9824934,0.96315104,0.27939165,0.4448084,0.5500588,0.62333155
0.7739504878019512,0.6318221,0.9761984,0.9542238,0.0685328,0.097826526,-0.08315086,0.5072733
0.7344824259297037,0.6244479,0.9615529,0.9377521,0.09294364,0.11006433,-0.13282761,0.16120706
0.8185902823611294,0.5473433,0.9522713,0.93503034,0.097855665,0.17755927,0.35814136,0.54379934
0.7835385261541046,1.11985,0.94547194,0.95280343,0.26830658,0.25173008,0.59600484,0.019750157
0.891445549782199,0.93836576,0.93843424,0.94968206,0.4806754,0.66569304,0.03354712,-0.2356443
0.8940414961659846,0.6355448,0.96836406,0.96423334,0.10096584,0.21687402,0.79561853,0.85589164
0.74699981999928,0.75163794,0.97180754,0.95921963,0.109958515,0.11631219,-0.90948683,-0.09445784
0.7664062976251905,0.7308758,0.9784887,0.9506401,0.123102434,0.2067567,-0.20973273,-0.13943505
0.7122764811059245,0.52446806,0.913641,0.93644416,0.08010621,0.09032942,-0.21765593,-0.16396119
0.8235099180396722,0.75929594,0.97003615,0.9287306,0.16981287,0.17486332,-0.005683216,0.26298657
0.8200216480865923,0.61075246,0.9786665,0.9476192,0.08381727,0.1049385,-0.34328008,-0.20260002
0.8825767463069851,1.058082,0.9732476,0.98345435,0.37410706,0.21852735,0.09921265,0.45239675
0.9142063507663557,0.96029,0.97013664,0.97118974,0.263538,0.51504654,0.16440867,-0.291422
0.8075095340381361,0.6826666,0.9357725,0.967653,0.108193345,0.12663959,0.11673146,0.017055493
0.8700071280285121,0.8380571,0.9603281,0.9717183,0.16601622,0.17356752,-0.6676325,-0.18652022
0.8033370693482774,0.80288815,0.96369225,0.9517208,0.26198483,0.23195149,-0.26380676,-0.5196195
0.6839859359437437,0.7662894,0.971427,0.9737502,0.09804275,0.0786894,-0.91163373,-0.14665367
0.8461302965211859,0.86538637,0.9784601,0.9570068,0.2132887,0.25470644,0.69319934,0.62535405
0.6507263149052597,0.60432285,0.95502025,0.93199867,0.06729647,0.08511767,0.031790383,-0.2878363
0.9607522590090362,0.8772939,0.9898915,0.98227227,0.2567324,0.29866812,-0.5181775,-0.14933191
0.8180470161880647,0.65039194,0.9601569,0.9526453,0.11368782,0.15095611,1.3000969,0.8219236
0.8109803319213277,0.69936633,0.9798398,0.9661492,0.08135625,0.12953195,-0.16522224,0.27182093
0.9117376309505237,0.64227635,0.9792495,0.9705384,0.10913117,0.1698451,-0.5736505,-0.0992287
0.7484736178944715,0.92385256,0.96410894,0.96848387,0.29187334,0.13868055,-0.10201391,0.3281708
0.8106829227316908,0.78450906,0.9657004,0.9476314,0.19573723,0.25579396,-0.06891277,0.3076621
0.9344804099216396,0.91558754,0.98447585,0.97129947,0.22898236,0.2762245,-0.2218251,-0.19010158
0.8983285853143412,0.98437846,0.9757383,0.9691808,0.30196273,0.37447712,-0.618691,-0.03576582
0.8401213444853779,0.60581124,0.96069086,0.95790774,0.09535804,0.1895966,-0.41151422,0.056917183
0.7980989043956175,0.9595936,0.9520867,0.9697901,0.29498824,0.16207941,0.042877715,-0.46266925
0.5964695858783434,0.9233311,0.918625,0.9527428,0.21292096,0.116369136,0.035765152,-0.3244382
0.9276895347581391,0.9555134,0.9936576,0.9887558,0.1261762,0.29348084,-0.48148924,-0.14988683
0.906191976767907,1.0397203,0.98110944,0.9646823,0.3471058,0.45318896,0.04960452,0.28193432
0.7727958911835647,0.919873,0.9153555,0.9545556,0.40827385,0.22605601,-0.5523852,-0.5542288
0.6420524882099529,0.77151096,0.9622266,0.94844294,0.09882132,0.13841775,0.024115851,-0.10720411
0.9287872031488125,0.8805753,0.98656076,0.9768587,0.1514152,0.25155076,-0.19352864,-0.27794236
0.9080350881403524,0.813622,0.9740109,0.9527909,0.20609508,0.2405503,0.19535896,-0.41504103
0.8782462649850599,0.8279716,0.9862433,0.9658311,0.15343107,0.24157734,0.64781797,0.59738827
0.8976014784059136,0.90914375,0.98817736,0.98702395,0.18202618,0.19516197,-0.6176839,-0.42217636
0.7489241476965908,0.6905463,0.9787202,0.9582551,0.08127748,0.09842009,0.21715647,-0.57958484
0.7407677630710523,0.7374707,0.9429081,0.95898455,0.13238417,0.1472886,0.6987619,0.6083249
0.9047726110904443,0.6356807,0.9772905,0.97405595,0.10641131,0.11824575,-0.16551894,-0.22585773
0.8169263077052308,0.59314275,0.9415353,0.9588127,0.08263473,0.12552153,0.7737234,0.5092196
0.8451416845667383,0.61497134,0.98622966,0.95542127,0.103615254,0.19557455,-0.23893672,-0.07615
0.8595940623762495,0.78083926,0.95872074,0.95321625,0.22766122,0.29345807,0.6534999,0.109926835
0.8896721346885387,0.97152156,0.9902225,0.98049885,0.14343461,0.4367885,0.39289594,0.599566
0.8247717470869884,0.88712686,0.96465373,0.94828445,0.3334722,0.30464852,0.13150144,-0.010113843
0.6683049452197809,0.6847484,0.9358072,0.9427533,0.13681734,0.13441476,0.008829534,0.16887999
0.8885743702974811,1.3080158,0.9810185,0.9709037,0.6419332,0.69912076,0.044213086,-0.4660592
0.8293505814023256,0.73883486,0.9670278,0.9613936,0.1624079,0.17966545,-0.06999048,-0.16068637
0.872497953991816,0.8715774,0.97170097,0.97108084,0.22751518,0.17218503,-0.043103483,-0.17893623
0.9160310561242246,0.9161254,0.9870651,0.9706861,0.26908347,0.44885328,-0.62864524,0.06721994
0.9162376489505958,1.0038563,0.9501022,0.97653055,0.3961908,0.22404692,0.09242602,0.12944922
0.7851077484309936,0.7866409,0.96380657,0.95959836,0.17603706,0.20055951,-0.70473915,-0.17807437
0.8104165216660867,0.91131306,0.9924899,0.9564091,0.1432059,0.13417545,-0.1056386,-0.42310324
0.8300864243456973,0.6422486,0.96069556,0.95366186,0.16446261,0.13609104,-0.28129154,-0.61588126
0.9074092616370465,0.7504356,0.9687578,0.9728915,0.16285741,0.18081835,-0.95622164,-0.10870591
0.9256590306361224,1.0473112,0.9830468,0.9858251,0.13229808,0.22821043,-0.24945575,-0.49939835
0.8607141948567795,0.7972989,0.9599949,0.9503991,0.29483244,0.3315613,0.1226142,0.45809352
0.8300321841287366,0.6338033,0.9849194,0.9571689,0.10526964,0.13828993,-0.7577881,-0.13740279
0.8956078384313538,0.6851375,0.97541857,0.96651226,0.1054141,0.15138464,0.41088557,-0.49942026
0.6820489361957448,0.64314884,0.9652296,0.9388519,0.11556309,0.09997829,0.10738205,-0.15181799
0.6600157920631683,0.5495375,0.9531866,0.9461519,0.060087383,0.08559438,-0.5149169,-0.18640901
0.6473102372409489,0.75849307,0.98828226,0.9441983,0.15895788,0.11626636,0.16783525,0.7621242
0.8427062508250032,0.6497946,0.9663358,0.957529,0.17051706,0.18463416,-0.1053474,0.18638842
0.8512536174445567,0.67558974,0.9403407,0.9578112,0.26984957,0.22312278,-0.31292242,0.21516813
0.9185038340153361,1.0511352,0.9710248,0.97033834,0.35934716,0.35838988,0.20839006,0.019947195
0.925821655286621,1.0792754,0.98843753,0.97492605,0.4199783,0.40241602,0.0069496143,0.045872845
0.9028168912675649,0.7893243,0.9782555,0.964574,0.16110836,0.2921479,0.26358774,0.0945915
0.9590117720470882,0.9678988,0.9911227,0.98872674,0.19577534,0.21541373,0.60855526,0.34309667
0.9125853143412573,0.6216931,0.9677651,0.96626663,0.14016476,0.18644194,0.29998216,0.38364312
0.771757263029052,0.7011937,0.9225177,0.94070673,0.20140015,0.17404678,0.31827882,0.11873185
0.8929128196512786,0.7795714,0.9716238,0.97208405,0.19802245,0.1751724,0.5885409,0.40027767
0.43221321685286734,0.5791595,0.9300039,0.93350106,0.05910297,0.104533434,0.2393137,0.26030254
0.9177965991863967,1.2043608,0.99242806,0.97437537,0.31330615,0.3180572,-0.08399446,0.28958675
0.624379393517574,0.7562127,0.9506649,0.9502827,0.07919647,0.19412756,0.85124815,0.30480856
0.9040210240840963,0.6689093,0.96710783,0.96794343,0.12826216,0.20298254,-0.24955523,-0.058092337
0.7291825327301308,0.78006804,0.9336472,0.9450297,0.23561795,0.18823218,0.17678997,0.0021347057
0.8952284449137796,0.9554928,0.99025583,0.97282535,0.28638044,0.40239823,0.22742574,0.48441538
0.727073212292849,0.5924977,0.9465821,0.95117706,0.10938244,0.14726938,1.031226,0.3775436
0.9350437401749607,0.8169781,0.9830996,0.9818323,0.22357476,0.25653756,0.099603824,0.3504205
0.8505221220884883,0.59199077,0.98781335,0.9640782,0.12369891,0.17313987,-0.13526067,-0.6348587
0.8923360493441974,0.7092509,0.98037004,0.9762415,0.16373163,0.17762089,0.48448393,0.70513636
0.9258729194916777,0.6957245,0.9830122,0.9851679,0.14087527,0.14058939,-0.2059872,-0.03466042
0.8780199920799684,0.6977113,0.9480488,0.9639983,0.12766954,0.1792891,-0.07177098,-0.08124798
0.8678437593750374,1.0373782,0.9635799,0.9794664,0.32816687,0.15634984,0.81625885,0.7299999
0.8132015888063552,0.81287843,0.9858211,0.9628596,0.113449894,0.1494,0.20293787,-0.17150058
0.9037507830031319,1.0415909,0.97893435,0.9734542,0.37436277,0.26414558,0.07267675,0.22850275
0.7475124620498482,0.68733007,0.9064238,0.9506052,0.21925154,0.09233055,0.1028826,-0.19590458
0.8558192312769249,0.77120733,0.9754689,0.96036446,0.17169009,0.31004494,0.14197955,0.23392965
0.8849088836355345,0.90026987,0.9620042,0.96014696,0.30577603,0.36817738,-0.3473592,-0.18762626
0.9052322609290437,0.8901081,0.9454199,0.9556325,0.3023618,0.45338118,-0.36285976,-0.29638326
0.9364281617126468,0.82674515,0.96888113,0.9765685,0.28511712,0.261006,0.59916365,-0.25136685
0.753815175260701,0.71613306,0.97657835,0.9536463,0.10143755,0.15484162,0.04889049,0.32911566
0.8736063953921352,1.0361891,0.9544482,0.957601,0.52658576,0.5194121,-0.17408395,0.0950432
0.9166387385549541,0.95025754,0.9924024,0.9831784,0.11682577,0.17109546,-0.34847856,-0.23803596
0.8156927987711952,0.60759795,0.9636729,0.94996,0.10927453,0.09150857,0.5770386,0.2999779
0.8692253009012034,0.6930007,0.9499315,0.969305,0.14692047,0.20664878,-0.9574431,-0.48169094
0.9049290917163668,0.8385115,0.98841274,0.97962356,0.2485382,0.27276966,0.09333411,0.35768536
0.6910912123648494,0.72858703,0.9375679,0.9533043,0.1198724,0.15067661,-1.0011693,-0.825093
0.7552901251605005,0.63515484,0.92785937,0.9459468,0.15158583,0.11285207,-0.059691817,-0.23523368
0.7981206964827859,0.7669683,0.9338101,0.9602134,0.20491374,0.16910145,0.091830924,0.045062836
0.7491599246396985,0.72163945,0.9311615,0.9432044,0.15469576,0.20304017,0.27220792,0.3427914
0.7508327313309252,0.73249453,0.97767055,0.9483225,0.105584845,0.19946375,0.085346185,0.27598035
0.9131084204336818,0.7768785,0.99087614,0.975918,0.1666444,0.18789943,-0.57715183,0.55084145
0.7117246708986835,0.6947184,0.96818393,0.9600798,0.09401345,0.096358754,1.03545,0.64876497
0.9003170412681649,1.2026947,0.98988855,0.97138464,0.29999384,0.3120118,0.25865564,0.42342785
0.653126804507218,0.5071339,0.9046579,0.9359791,0.076672494,0.1260429,-0.29389068,-0.13070908
0.8816803907215628,0.6835207,0.9673934,0.97318417,0.11949492,0.14258048,-0.92192763,-0.67238504
0.9145233700934803,0.6588249,0.97516066,0.97444266,0.12585491,0.15260302,0.032867014,-0.3495556
0.6400531842127368,0.6434805,0.93286234,0.93573904,0.0845216,0.14345294,0.109572366,0.38413498
0.704248928995716,0.617384,0.9400211,0.948253,0.11915645,0.10405767,1.6372471,1.3533083
0.8200412321649286,0.76813984,0.95671505,0.95179284,0.1759249,0.12263304,-0.31288898,-0.16268063
0.7296450625802503,0.7753322,0.9280838,0.9569362,0.15286753,0.13000527,0.75442976,0.61316013
0.8516393745574982,0.85539,0.97262657,0.9776673,0.19726513,0.13392062,0.2251396,-0.10846114
0.7578445033780135,0.7530236,0.9331709,0.9491889,0.19237033,0.21570182,0.13752137,0.31883138
0.7562058728234912,0.62428844,0.9572956,0.9458691,0.14285587,0.15930226,0.59988606,0.6989695
0.9498012072048289,1.4039505,0.994763,0.983795,0.3172266,0.56985384,0.06762285,0.1933918
0.7416600866403465,1.1257564,0.94399905,0.9589835,0.30176765,0.15975478,0.2876821,0.56154245
0.9174691418765675,0.7262313,0.98334014,0.97275805,0.0980762,0.19023235,0.53212845,-0.21345472
0.9121253765015059,0.66987276,0.978383,0.96365154,0.13152425,0.21526387,0.4549858,-0.32469985
0.8723560654242617,0.8252696,0.970687,0.96278566,0.21640067,0.25320756,0.45841438,0.49258783
0.908871923487694,0.8238605,0.9810274,0.96958727,0.18717714,0.17124173,0.4238708,0.47998613
0.9146715946863787,1.0929765,0.96380734,0.9670009,0.4132819,0.60460293,0.24986099,0.076779395
0.8909252277009109,0.71433806,0.9758314,0.97518104,0.14586075,0.13550168,0.33352652,0.33369923
0.6338568394273576,0.59396803,0.95750386,0.9515079,0.08465395,0.099855445,0.120680206,0.1393906
0.9058354313417254,1.0533528,0.99252176,0.97856283,0.23841983,0.42984927,0.22210515,-0.46466932
0.8458423913695654,0.5050452,0.97637373,0.95996296,0.075495474,0.12671256,-0.50294226,-0.47473305
0.8338959115836463,0.6682739,0.9794386,0.96895754,0.11669114,0.14901352,-0.06577543,0.17822963
0.941254869019476,0.944173,0.9874694,0.97196,0.26892078,0.4923075,0.8812297,-0.021043792
0.8720261121044484,0.7044246,0.960755,0.96211636,0.18087831,0.18791561,-0.84824073,-0.53919303
0.8222327289309157,0.7385819,0.95101166,0.9609157,0.11668572,0.27832896,-0.11165425,-0.17571998
0.7691419245676983,0.6751742,0.94936365,0.96381956,0.13508417,0.077043846,-0.34265363,-0.60070086
0.8696696866787467,0.9840167,0.95797426,0.9671984,0.4531003,0.34960556,0.24950017,0.3670458
0.8930452041808168,1.0814282,0.9678521,0.9613431,0.4320692,0.6917654,-0.093330994,0.12555778
0.9165986103944415,1.3180513,0.96044564,0.9663245,0.6769799,0.7033318,0.120066084,0.3251111
0.8806904347617389,1.386571,0.95576936,0.9671698,0.7243973,0.47339898,0.3716261,0.25855517
0.896694274777099,0.907886,0.98108554,0.96856827,0.29997295,0.17672308,0.41043046,0.4409463
0.9187020748082992,0.75085515,0.9622017,0.9712566,0.19128709,0.27000105,-0.27434453,0.13889772
0.8695977823911296,0.7923413,0.9862433,0.9719324,0.15343107,0.21609211,0.64781797,0.48110127
0.8640908163632653,0.6240339,0.974507,0.96460307,0.08666115,0.18073675,-0.09067051,0.074079596
0.9041690566762266,1.0781962,0.9794358,0.9790987,0.24461783,0.20638397,-0.0143863745,-0.48054713
0.905059172236689,0.8305369,0.9776122,0.9655944,0.16798826,0.37284303,0.2701509,-0.12262244
0.9180139440557762,1.1792822,0.96880895,0.9821058,0.3578264,0.19485521,-0.5133288,0.14512093
0.8778093672374688,1.0920645,0.95659304,0.9593477,0.4305743,0.26345158,-0.15942167,-0.116443686
0.684496561986248,0.8505777,0.9310828,0.9552575,0.25887144,0.17808503,-0.016000412,-0.23324528
0.5137828231312925,0.76311785,0.93447864,0.9535776,0.0685548,0.13877378,0.08271832,-0.26433975
0.91788184752739,0.6558263,0.99069804,0.9771826,0.13719404,0.2174946,-0.29761115,-0.0951428
0.9009228036912148,0.86650383,0.9664815,0.96655846,0.36895362,0.25035533,0.40561014,-0.2008687
0.8399666878667514,0.9523009,0.9716036,0.96412283,0.3897102,0.32115737,0.2968136,-0.18856448
0.5031632606530425,0.7265965,0.93585265,0.9518073,0.16289929,0.076525286,0.20384881,0.081321806
0.8470703322813292,0.6850278,0.9699414,0.970121,0.13519964,0.13236035,-0.20683941,-0.16093814
0.7811180684722738,0.6198215,0.9581919,0.9644881,0.10812371,0.1289154,0.73384976,0.14857438
0.9032571490285959,1.2805793,0.97893435,0.9609566,0.37436277,1.1020125,0.07267675,0.22278413
0.7957301909207636,0.914103,0.9572544,0.9646297,0.28697014,0.09296995,-0.43243352,0.13703865
0.8553200292801171,0.69584495,0.97618306,0.96331364,0.13907622,0.16654472,0.15043478,0.08843856
0.8913045252181008,1.0301375,0.9944678,0.9793427,0.19150692,0.26930428,-0.17186755,-0.5772887
0.8097126468505873,0.89059025,0.946079,0.96140873,0.26762453,0.20477663,0.3432853,0.038553912
0.8463392893571574,0.68533134,0.96825045,0.9634261,0.13285612,0.10728673,0.010200738,0.19546284
0.6958266233064931,0.58970886,0.95871156,0.9623532,0.08854181,0.087003164,0.29982567,-0.20067666
0.9030265561062244,0.68899775,0.92319083,0.964668,0.19480005,0.19714937,0.1658748,-0.037003014
0.6970950763803054,0.86432636,0.9537405,0.9597089,0.2015984,0.19651742,0.035270117,0.12013353
0.706937611750447,0.5900983,0.9569015,0.96109146,0.0874796,0.13457502,0.84819317,0.8209603
0.9504891459565837,0.9576405,0.9882657,0.98487103,0.24283865,0.26704705,0.12381381,0.057814293
0.8810576362305448,0.85682017,0.9597887,0.9717534,0.29620096,0.20628358,-0.13148078,-0.14687654
0.8519002076008303,0.60832924,0.9748965,0.96795475,0.07691945,0.10609926,0.060941476,0.46271706
0.9130904683618735,0.66760784,0.99222386,0.97249544,0.06976482,0.09438506,0.29197845,0.6709622
0.8500591122364489,0.73479486,0.9829075,0.9713276,0.0789755,0.17402759,0.15721498,0.5666919
0.8687068028272114,0.7661225,0.96564984,0.9740113,0.19406736,0.13458619,-0.23067187,0.27422225
0.8638141432565729,0.65329653,0.9757967,0.96377707,0.10347103,0.14113098,0.1089404,-0.007090158
0.7920492481969928,0.8223727,0.91937405,0.96091264,0.3175291,0.20219557,-0.09288998,-0.12534046
0.9070589562358249,0.91404957,0.9857337,0.9697316,0.2798757,0.3536856,0.11912503,0.08935683
0.6877671990687962,0.65702593,0.94279426,0.9522282,0.14619857,0.14019114,0.3487162,0.22915585
0.9240488161952648,0.98940253,0.9670613,0.9679118,0.31177837,0.49348706,0.65902126,0.22515775
0.7535854463417853,0.68459046,0.960519,0.95505667,0.130511,0.1299863,0.18041465,-0.1881897
0.8407296029184116,0.62284654,0.989864,0.9693603,0.06883197,0.105202794,-0.6342741,0.4409918
0.8689084996339984,0.8041784,0.9754689,0.96059245,0.17169009,0.23549168,0.14197955,0.29994527
0.8890025320101281,0.6359893,0.9879437,0.97263277,0.11284824,0.1236774,0.08607199,0.34075016
0.844437137748551,0.8839285,0.9796539,0.96811676,0.16648714,0.22250737,0.48160324,-0.13554068
0.9179412717650871,0.98908174,0.9886089,0.9743062,0.30351394,0.35009593,-0.8663304,-0.049254917
0.9468573554294216,1.1200712,0.98727494,0.9875368,0.22552161,0.31734228,0.07960366,0.051277533
0.6954638378553514,0.50050133,0.9166094,0.9563925,0.10409564,0.07862273,0.6617157,0.71113724
0.8838511514046056,1.8897136,0.98897374,0.9879117,0.15408495,0.32935688,0.78717625,0.14326628
0.887752991011964,0.64384615,0.9884481,0.9677047,0.09513549,0.16039997,-0.18023409,0.2144246
0.7451860847443389,0.9202922,0.96989226,0.97558016,0.22384022,0.13939235,0.5710965,0.53372705
0.8315596462385849,0.46303824,0.96889925,0.95924395,0.07571171,0.14041895,0.43134466,0.44030154
0.8338265993063971,0.55220664,0.9398431,0.9669039,0.09077303,0.12037627,0.08904757,0.33951035
0.9529580838323353,0.74092746,0.9764465,0.97698003,0.16683851,0.30990538,0.17340985,-0.045724787
0.715999375997504,0.83853406,0.9670035,0.9602001,0.1571164,0.12251964,0.2753732,-0.40171394
0.795439405757623,0.91767055,0.94810104,0.95839435,0.35109708,0.1509478,-0.066302784,-0.2718747
0.8335253501014004,0.8269333,0.9852963,0.9822288,0.17848144,0.16432789,0.0050164503,0.21722022
0.9055116220464883,0.71479464,0.95902056,0.9693172,0.25612995,0.17128514,1.058401,0.12952769
0.9197466549866198,1.0925304,0.9878827,0.9798566,0.5027458,0.31912488,-0.16839072,0.21715005
0.8896387265549062,0.62738055,0.9786962,0.9725558,0.1326624,0.17043144,0.5358284,0.5714771
0.8020571922287688,1.0857439,0.9701543,0.9640938,0.63699335,0.3031628,0.09743853,0.52380043
0.808194592778371,0.73627937,0.96551096,0.96524477,0.11582791,0.13544221,0.33891788,0.35403758
0.7230813243252973,0.8815737,0.9533293,0.9545429,0.23695317,0.190938,0.64508164,-0.031557392
0.9194781419125677,0.60648847,0.9764528,0.9716301,0.08579207,0.16761848,-0.46346167,-0.05515174
0.82212607250429,0.86163205,0.9128943,0.9583967,0.37524796,0.1773782,0.8453193,0.24645771
0.8269401077604309,0.75298464,0.9697322,0.95992595,0.09405874,0.22771901,0.27639478,-0.04183726
0.9657620390481562,1.0708919,0.9873181,0.98593485,0.23411989,0.25888693,0.44534788,0.021665871
0.932815283261133,0.6741378,0.99045706,0.9853005,0.0888471,0.10842245,0.1839075,-0.33156502
0.8047732350929403,0.905721,0.9528354,0.9586651,0.17453332,0.22565544,0.78497416,0.42551368
0.8963446413785655,0.7702812,0.9810427,0.98544073,0.13823415,0.123988226,0.653208,0.25270462
0.802753963015852,0.72417754,0.9675454,0.95544034,0.11807987,0.2651266,0.26107255,-0.10291785
0.8790442201768807,0.8815964,0.9704031,0.96712774,0.21986654,0.23180193,-0.64287513,0.05919876
0.8559769599078397,0.9490702,0.99168426,0.97042096,0.26286885,0.20599467,0.4059491,0.58937126
0.5691029484117935,0.7716204,0.982561,0.9688987,0.08669449,0.101668976,0.10010009,1.0425054
0.6541893367573469,0.63982105,0.9242643,0.9592138,0.10086002,0.09769851,0.5239418,0.5257145
0.8366717626870506,0.7268413,0.9693923,0.9684778,0.16559185,0.17006391,-0.27180126,0.0507073
0.7131513326053304,0.5879205,0.95694786,0.9632858,0.070831366,0.12917604,0.49289456,0.47770172
0.7691784047136188,0.64724153,0.96054965,0.95835066,0.101072535,0.12184633,-0.75292325,-0.30663732
0.7632469249876999,0.9695803,0.9565964,0.9630447,0.25304523,0.18938133,-0.6163217,-0.58739614
0.904555266221065,1.0926412,0.96741325,0.9732336,0.48260072,0.30090788,0.7575547,0.09923703
0.8885345301381203,0.6955836,0.9567641,0.97131467,0.18213467,0.2019286,0.33635658,0.18434928
0.7959869919479677,0.9003279,0.9615596,0.95402455,0.34923157,0.27511844,0.41679683,0.29908913
0.7222326809307237,0.55741656,0.9418899,0.95886904,0.09807616,0.123745486,0.421589,0.41293287
0.8229151956607825,0.45535636,0.9500537,0.94767874,0.065849595,0.08392868,-0.7666001,-0.46297982
0.7573497173988696,0.76985335,0.93845785,0.9550304,0.2158214,0.19266367,0.39844605,0.5235374
0.9057713030852123,0.9971999,0.9861756,0.96754974,0.25890714,0.32202893,0.8164322,0.06285679
0.9457923271693085,0.8086136,0.99186224,0.98647004,0.09452855,0.17848127,0.6618653,0.61819226
0.8988046512186048,0.81041825,0.9695286,0.96956545,0.22521082,0.28568038,-0.13480836,0.20335801
0.8021763287053147,0.89229125,0.96461564,0.96211493,0.25819483,0.16426435,-0.6762944,-0.71503675
0.7786806187224748,0.64069283,0.95971996,0.9562558,0.101502076,0.094071686,-0.4636137,-0.396201
0.6453534614138456,0.8365189,0.94368535,0.96431816,0.18095636,0.094428845,-0.93726605,-0.5059082
0.9090219720878883,0.75800043,0.9898099,0.97652644,0.13373792,0.15654653,-0.8410519,0.07425664
0.9323543854175416,0.70951676,0.9889686,0.9856678,0.08920941,0.1531785,-0.05325204,-0.10025165
0.8219987759951041,0.6054459,0.9843581,0.96426,0.06748247,0.10370043,-0.6367817,-0.27272704
0.9104908739634957,1.1515492,0.9818975,0.98195344,0.4056597,0.46601322,0.25583068,-0.05970251
0.7455487741950967,0.93313265,0.9447657,0.96359354,0.2899909,0.097337015,-0.75892884,-0.41399807
0.9357845751383005,0.80890983,0.9872227,0.982327,0.1366344,0.16191633,-0.32402375,-0.34121266
0.565621494485978,0.6922668,0.9158628,0.951125,0.12521748,0.08755843,-0.20173864,-0.1433878
0.8642267529070116,0.580526,0.9625023,0.97073054,0.08892025,0.087937966,-0.5875955,-0.18143506
0.9139630158520634,1.1160764,0.9840817,0.9625291,0.39625654,0.58765084,-0.20931123,0.028175917
0.6541799287197148,0.5909802,0.8957179,0.9519648,0.12387681,0.077015966,-0.52382684,-0.45126393
0.8702688250753002,0.87941027,0.9430323,0.9569362,0.4646059,0.38347608,0.00017424552,-0.1265035
0.9477882711530845,0.9685692,0.98192424,0.98873526,0.13542745,0.14577515,-0.23010615,-0.35087967
0.904439009756039,0.94215757,0.9634135,0.96112734,0.44776198,0.5004743,0.00538939,0.2366196
0.6138411433645735,0.67464375,0.9293003,0.9611243,0.09622883,0.087858155,-0.0065030716,0.20756537
0.7410134280537122,0.7685262,0.9604615,0.9589056,0.097249396,0.11918073,-0.015089489,-0.103574455
0.8833280453121812,0.61433953,0.9595769,0.9674812,0.113010235,0.10461423,0.01374823,-0.28684595
0.8231578846315384,0.7298205,0.9794675,0.98033136,0.1217492,0.11974632,0.80674815,1.0147914
0.7694185976743907,0.45962042,0.92721623,0.949919,0.061561577,0.08879207,0.07129996,-0.23147482
0.8956786867147469,0.7113347,0.9647921,0.95802265,0.1905271,0.16430469,-0.021313602,-0.015249047
0.8806080664322656,0.7029494,0.9732851,0.9797976,0.16002712,0.1527819,0.2100846,0.6210793
0.876136080544322,1.0636506,0.9846383,0.9762574,0.3418516,0.50949204,0.20763497,0.3615773
0.8773099732398929,0.9121445,0.9862433,0.9711216,0.15343107,0.16783023,0.64781797,0.54797304
0.8531189324757298,0.8768065,0.9626457,0.957361,0.21286538,0.42660108,0.017590325,0.038068436
0.7915276781107125,0.97493047,0.9735469,0.96834743,0.32475883,0.1527893,-0.047040332,-0.14386237
0.852003984015936,0.54755336,0.92771125,0.96121085,0.09995766,0.16697206,-0.33557156,-0.091553226
0.8845318901275604,1.007098,0.9836472,0.9763607,0.2524862,0.2352459,0.34946772,0.4202549
0.6121878247512991,0.64798826,0.9179623,0.956598,0.10844428,0.088553295,0.48455822,0.61144644
0.8223250813003252,0.64233094,0.97536135,0.9663191,0.107408516,0.12640834,-0.44917983,-0.2842831
0.9373284533138131,0.87644464,0.972507,0.97524875,0.28341636,0.30267787,0.16421172,0.25204414
0.8307034188136752,0.7307523,0.94900346,0.9598196,0.13334408,0.09825987,-0.19546436,-0.25113988
0.8385887943551773,1.2984129,0.97893435,0.9722779,0.37436277,0.23498951,0.07267675,0.29077515
0.6734610298441193,0.7506546,0.9728503,0.95756626,0.11881773,0.1107197,-0.6008063,-0.4429698
0.8118587354349418,0.67789483,0.9580717,0.9624689,0.1290531,0.13985236,0.81455654,0.62409437
0.8832067968271873,0.7237635,0.96643436,0.9737882,0.12447675,0.14563307,-0.49215448,-0.28334433
0.9399044316177264,0.9721907,0.9914304,0.9842648,0.15499678,0.17109646,-0.011502602,0.15733002
0.9432988131952529,0.877725,0.9857982,0.9751823,0.1783067,0.25846657,0.69843,0.19717506
0.9626747626990508,1.0275459,0.9841116,0.9858427,0.15947217,0.2546978,0.705084,0.14397447
0.8889126756507025,0.8046589,0.960663,0.96990055,0.2063097,0.25652084,-0.04537617,0.15322648
0.8489338917355669,0.84740084,0.9754689,0.9633793,0.17169009,0.2428839,0.14197955,0.210361
0.8100406801627206,0.7094859,0.96204066,0.9632625,0.14107251,0.12800872,0.23464607,0.32205495
0.9145755943023771,0.73441786,0.977961,0.97792375,0.11924686,0.11500064,-0.8877242,-0.7389682
0.7870420601682406,0.6822541,0.97962177,0.97731143,0.14602877,0.07408702,0.61162543,0.51002944
0.832316033264133,0.7962642,0.9573843,0.97011286,0.18356961,0.3017129,0.6153116,0.69474834
0.8973561974247896,0.85083693,0.9464334,0.963922,0.28698346,0.42340016,0.28874478,-0.010383032
0.8105351781407125,0.57720345,0.9651223,0.9564435,0.11697756,0.096562594,0.05241391,0.5079596
0.793502694010776,0.7547022,0.95011926,0.9545354,0.1079898,0.10674047,-0.1880042,-0.21731324
0.7668454033816136,0.81258553,0.9876585,0.9724716,0.10938966,0.092725985,-0.14720862,-0.9173488
0.7757099828399313,0.67799276,0.96337515,0.9589898,0.12669528,0.12068806,-0.49071175,0.22556852
0.9279096636386545,1.1516684,0.97601193,0.9756029,0.25152567,0.46289974,-0.28537482,0.15894358
0.7941800727202909,0.842133,0.94746566,0.9576708,0.18738563,0.12819564,-0.5046475,0.13768925
0.6534617498469993,0.5640837,0.95105207,0.95361465,0.06809927,0.06048749,0.5019926,0.18257783
0.7543958815835263,0.77024144,0.9261227,0.9602976,0.2285306,0.13998796,0.04102409,0.31794336
0.791561566246265,0.70609504,0.9432084,0.9609652,0.17718996,0.17430386,-0.14733797,-0.10321328
0.9345630662522649,0.9502035,0.98845243,0.98396635,0.21929094,0.19861591,0.037154887,-0.51452196
0.7205573782295128,0.614096,0.9553018,0.94693494,0.16606535,0.12699924,0.04391356,0.31943977
0.8388117072468289,0.7177649,0.9710299,0.9639335,0.14474776,0.13793415,-0.96308774,-0.41158113
0.9080648482593932,0.6488514,0.9586555,0.9699448,0.13242766,0.12937528,0.1810062,0.2143976
0.7901475765903064,0.5983993,0.97440463,0.9644014,0.07598754,0.078055575,0.47859377,0.30157146
0.8425511142044568,0.63020825,0.9572795,0.9740357,0.13280363,0.09905336,-0.85418713,-0.51390505
0.8530492361969447,0.7946583,0.99435794,0.97413456,0.17522669,0.13704698,-0.04086511,-0.84206635
0.8181050964203856,0.608545,0.9612913,0.97858745,0.08838719,0.09146016,1.3789313,0.93294203
0.7726468025872103,0.68971026,0.9755463,0.97529554,0.104570374,0.14209044,0.3554878,0.72533816
0.8362277609110437,0.6416245,0.9644027,0.9715916,0.15836838,0.1204235,-0.21940675,-0.5641937
0.7786186024744098,0.6780079,0.9785762,0.9685042,0.091371626,0.08585831,0.30812854,0.2905631
0.5608138087147664,0.6820431,0.9537282,0.95567805,0.07760392,0.100797124,-0.300293,-0.5401071
0.8201960807843232,0.57381546,0.95867354,0.9628512,0.07645441,0.0843945,0.54734874,0.01631733
0.9116569906279625,0.9030707,0.95980984,0.9695806,0.46283478,0.30664414,-0.72909176,0.100684315
0.828694994779979,0.8410264,0.9940043,0.967564,0.19954114,0.19671278,-0.70880705,0.6793803
0.917382549530198,0.8594847,0.9670817,0.96786845,0.33001205,0.32111087,-0.2543373,-0.1498003
0.7730082440329761,1.1026763,0.9535291,0.9754933,0.2670499,0.20450382,1.5299478,1.0110974
0.8197884631538526,1.0411928,0.99220186,0.98419684,0.26228842,0.16907859,-0.56564534,0.6310322
0.7127372829491317,0.60172427,0.95574373,0.95778304,0.056442644,0.110879324,0.67156905,0.433495
0.9024753219012875,0.9969611,0.9573508,0.9705512,0.27266228,0.1806161,-0.19927058,-0.35098264
0.9236627986511945,1.0912297,0.9774493,0.9723611,0.28701183,0.2822521,-0.19470856,0.057640802
0.9392745730982924,0.796782,0.9801775,0.98746276,0.15943135,0.15855038,-0.14677477,0.4396761
0.8432916611666446,0.7398721,0.93748486,0.96791553,0.20302433,0.15552878,-0.41976237,-0.16339658
0.8322659210636842,0.6964966,0.97826433,0.9671049,0.13628973,0.15127817,0.45569032,-0.21774921
0.9549111865626149,1.0971216,0.9922174,0.9894756,0.28681475,0.13412577,0.26432782,-0.1676961
0.9105176580706322,0.7857114,0.98223263,0.97211945,0.1603797,0.21433647,-0.60651517,0.193047
0.8410918123672494,0.68733376,0.9459569,0.9617004,0.13954641,0.106090695,-0.12024132,0.082749836
0.8689559238236952,0.944854,0.97321427,0.9661457,0.20780222,0.30440193,-0.50118285,-0.0034003325
0.6326710426841706,0.9667085,0.9534767,0.9529136,0.1546776,0.17917044,-0.453249,0.037272103
0.8451799887199548,0.86611307,0.9292283,0.96511847,0.3519107,0.1893904,0.3656679,-0.27584445
0.7989904599618399,0.71324825,0.9800123,0.95984364,0.09186567,0.11129012,0.12457222,-0.27496392
0.8404864339457356,0.844781,0.96155554,0.96295244,0.2728794,0.2122871,-1.1475855,-0.5088867
0.9240251041004164,0.85498315,0.9541877,0.9755542,0.19120234,0.18513142,-0.1700176,0.0069533195
0.7307607790431162,0.6432837,0.9497291,0.95015126,0.121378735,0.10697207,-0.31965983,-0.08211337
0.7789041076164305,0.72703403,0.98386925,0.95872015,0.10889642,0.13259377,-0.35261685,-0.25378636
0.8065943623774495,0.780934,0.9695729,0.9619399,0.14418168,0.1558258,-0.07902502,0.048255064
0.651188940755763,0.614663,0.9740943,0.95625466,0.08501174,0.11690716,-0.34308985,-0.23790467
0.6855481501926007,0.7812658,0.9590973,0.9565301,0.1255065,0.09942461,0.406,0.453277
0.9128303073212293,0.636913,0.9707217,0.97596884,0.13279173,0.14385861,0.72424865,0.49371254
0.847885183540734,0.6135568,0.950107,0.96328235,0.12964652,0.12875473,-0.15204829,0.026420387
0.8299095916383665,0.5768742,0.950427,0.9598229,0.11881141,0.121550664,0.24193378,0.098052636
0.9237489109956439,0.8617256,0.97727406,0.97023636,0.23848957,0.2541645,0.4293861,0.5188468
0.7975247260989043,0.5080919,0.9408942,0.9466942,0.077718236,0.07750223,0.17962255,0.43113565
0.9026826827307309,1.1550392,0.98842347,0.98684907,0.20245764,0.12243601,-0.77543044,0.35890287
0.7136386305545221,0.6684129,0.95997745,0.9482778,0.1111008,0.15904452,0.32474688,0.3731599
0.9466699626798508,0.7369048,0.9789769,0.97853583,0.21437109,0.17621517,0.2779227,0.41883808
0.700442801771207,0.60425013,0.9472729,0.9400844,0.087060176,0.11425156,0.14220868,-0.22735478
0.8464781059124236,0.8238057,0.961354,0.9580126,0.2278102,0.24848066,0.14679044,0.05016856
0.9039716798867196,0.7889291,0.9942329,0.97268784,0.20747492,0.26191467,-0.115740694,-0.06421294
0.9283862095448381,0.8311239,0.9748344,0.9789496,0.21638277,0.19492257,-0.53036904,-0.2064415
0.8925837303349213,0.9173316,0.94930315,0.9694917,0.4272221,0.19173895,0.23137213,0.27305782
0.8854073176292705,0.6083817,0.9901902,0.9789814,0.070074424,0.084597,-0.32740396,-0.040382065
0.6776260065040259,0.71630657,0.96925503,0.95512486,0.14673695,0.12020828,0.027596457,-0.18645401
0.8109397237588951,0.95212984,0.96998984,0.9542476,0.29415715,0.31056905,0.28829035,0.10479561
0.8546635786543146,0.68003696,0.97178483,0.9689214,0.0965145,0.13418962,-0.36415073,-0.119211525
0.8152053088212353,0.5252931,0.94593406,0.9526449,0.07372085,0.13206312,-0.2705553,-0.35206246
0.8281210084840339,0.73849607,0.947542,0.9509518,0.15722342,0.14746256,0.29800907,0.4640972
0.8750581882327528,0.8890992,0.98570186,0.9904245,0.1868554,0.15263878,0.6384887,0.34542444
0.9048835875343502,1.0416807,0.99397004,0.9745157,0.23555732,0.35541335,-0.0688547,0.32202134
0.7646959547838191,0.7410981,0.9453405,0.94941413,0.22583279,0.17122799,0.031161333,0.17832716
0.698631466525866,0.505342,0.9351614,0.9447126,0.06670816,0.1003583,0.3873239,0.398615
0.6428805875223501,0.5733162,0.9384959,0.9384052,0.10533074,0.07983299,0.2510573,0.17221838
0.7862102168408673,0.8344887,0.94659823,0.9447549,0.23411745,0.2883337,-0.27407694,-0.53948665
0.912385153540614,1.3910068,0.9875211,0.97531843,0.35251203,0.65087223,-0.016539311,-0.06254173
0.7631595646382585,0.6916112,0.9604198,0.9590661,0.13373049,0.12575088,0.47877264,0.4175278
0.8557231348925396,0.60040367,0.93542725,0.96247137,0.12834935,0.082533784,-0.27859065,-0.17436177
0.8904518498073993,1.0377005,0.9377647,0.9575577,0.46420324,0.4056415,0.6065515,0.09042559
0.8559753279013115,0.5265421,0.9556385,0.95299983,0.100284524,0.1110671,-0.37123248,-0.7888477
0.8755197580790324,0.90815747,0.96778077,0.9660559,0.18165757,0.37163532,-0.6368321,-0.47010994
0.7238283993135973,0.609157,0.9547027,0.9626284,0.13917728,0.08264214,-0.20269057,0.2659199
0.8381068724274898,0.54567504,0.97473794,0.9504274,0.08441965,0.1691316,-0.35331267,0.060445655
0.34291634766539064,0.587696,0.9157441,0.9394361,0.061815917,0.07112645,0.59642947,0.5277584
0.8870941403765613,0.7643349,0.97152054,0.96669245,0.17786478,0.2048057,-0.714161,-0.25802216
0.8476962547850192,0.6685491,0.94447905,0.95555377,0.14565493,0.1752296,0.03386233,0.102986604
0.7291862767451069,0.5874909,0.95439893,0.94111264,0.13274164,0.14023155,-0.30820158,-0.23950423
0.8393336613346453,0.5751365,0.95897037,0.9566509,0.09444626,0.10443203,-0.37826252,-0.2762384
0.8899097356389424,0.72103643,0.989381,0.977707,0.08734572,0.07561267,-1.0453626,-0.33762872
0.9275376621506485,0.98925114,0.9793974,0.98156047,0.1639463,0.10501469,0.5370834,-0.12264568
0.8680008160032641,0.69889677,0.9920277,0.96534854,0.10257191,0.14091578,0.14434102,0.08223993
0.7590159000636003,0.5941102,0.9126116,0.94975954,0.09266176,0.10119112,-0.14447117,-0.15526856
0.9092952851811406,0.6575102,0.9668455,0.95780325,0.14675942,0.25943458,0.46559352,-0.14549467
0.8667404269617077,0.8433617,0.966547,0.97147065,0.17610545,0.23922132,-0.03768055,0.08345832
0.909429013716055,0.78767407,0.97378206,0.95961326,0.23670743,0.36205116,0.23830327,0.30399635
0.8101246804987219,0.9925114,0.9418999,0.96745455,0.3296861,0.17737943,-0.21182153,-0.40343618
0.8476723506894027,0.58557934,0.9420604,0.9578594,0.11555245,0.14311536,0.6206449,0.2792731
0.6558724154896619,0.90095025,0.9601932,0.959763,0.13960359,0.08695988,0.71307266,0.32058573
0.8518153432613729,0.53992057,0.9667455,0.9717869,0.06413472,0.07465432,0.16296239,0.12335948
0.6723230412921651,0.6807707,0.9628866,0.9402475,0.13696204,0.0854224,-0.4962798,-0.15348387
0.5969776199104796,0.8210481,0.91340077,0.9544964,0.16951492,0.12606482,-0.06516769,0.1325908
0.839057756231025,0.6132152,0.9482594,0.95126593,0.09955742,0.12646137,-0.3165732,0.13571565
0.8776882147528591,0.8161589,0.96892583,0.95884097,0.1743226,0.26776657,-0.40317965,0.021990933
0.5018030312121249,0.65532714,0.92837036,0.9517724,0.100832276,0.08024288,-0.682614,-0.4405666
0.7750503642014568,0.9932794,0.97944957,0.9802885,0.24137236,0.09786467,-0.29730815,-0.55087614
0.7776714626858507,0.7365311,0.9725389,0.96386623,0.12170631,0.11742751,-0.74574107,-0.21719496
0.8759708638834556,0.78461444,0.95355636,0.9686215,0.21124142,0.21914919,0.47794294,0.5153693
0.9169052356209425,0.88712007,0.99415827,0.971827,0.14850973,0.42371035,0.6083338,0.3590605
0.9100846003384012,0.68744415,0.9736236,0.96504325,0.23849685,0.23750399,-0.18909584,0.124829486
0.8866758667034667,0.47995293,0.9850303,0.9659068,0.05132681,0.081753686,-0.35292253,-0.5188534
0.7876376465505861,0.65115345,0.95926905,0.97496307,0.08648115,0.0901547,-0.38557592,-0.41908583
0.8192584450337801,0.6926575,0.9672397,0.96701455,0.102625966,0.15797144,0.35115665,0.5627647
0.7136327745310981,0.658543,0.9491337,0.94468206,0.11359061,0.121536694,-0.27764836,0.017041063
0.8799859839439357,1.1442628,0.9931252,0.98296726,0.24857944,0.24747536,0.4414589,0.37134165
0.9499056556226224,0.85102296,0.9845719,0.97810966,0.12240922,0.3904891,0.10057237,-0.03949489
0.8519149916599666,0.6006591,0.96483845,0.9513625,0.12542242,0.15738623,0.4665999,0.2692607
0.8596080784323137,0.75364596,0.9777856,0.96041006,0.18003786,0.25333467,1.1566525,0.5406728
0.8629772119088476,1.0361615,0.98971325,0.9466833,0.5598754,0.6559786,0.0071281726,-0.302047
0.7557017748070991,0.8083607,0.94304407,0.96406233,0.20596409,0.13116705,0.556525,0.31693992
0.8391469405877623,0.6434955,0.9946012,0.98376,0.06678088,0.09168569,-0.209043,0.49060985
0.7372344689378757,0.64658946,0.93235433,0.95339453,0.106284626,0.1328993,0.118259974,-0.10180601
0.9002429289717158,0.63452053,0.9588805,0.9466662,0.153311,0.26484483,0.33151582,0.016481817
0.7091575246300985,0.63641554,0.9425049,0.9569355,0.11118096,0.09477128,-0.5691781,-0.585826
0.9015428701714806,0.653168,0.962953,0.9643908,0.11673656,0.14887342,0.6950485,0.21430941
0.8987477229908919,0.7835842,0.97875184,0.9721299,0.1593863,0.18917453,-0.013306197,-0.06855083
0.9243762735050939,0.9130878,0.9712329,0.9831906,0.25618204,0.19018091,-0.6683619,-0.0051186318
0.9324233136932546,0.58232105,0.96060055,0.97100043,0.1567193,0.25613263,0.45200226,0.36025622
0.9363940815763261,0.89011514,0.9895948,0.9872251,0.1435295,0.1744867,-0.047284205,-0.2333003
0.820055632222529,0.9247423,0.9489226,0.9623638,0.29378158,0.2593184,-0.45189607,0.39489922
0.8210682442729771,0.5951687,0.95418835,0.95669913,0.08848764,0.12503438,-0.39046687,-0.23183568
0.9016984867939473,0.7082664,0.99188167,0.980085,0.13720666,0.10834146,0.78302395,-0.27530622
0.9041656966627866,1.3860624,0.9398707,0.96956915,0.52453715,0.7227542,0.15621299,0.3132346
0.9285861783447134,0.91472495,0.97181976,0.9735616,0.2981278,0.32597873,0.081039794,-0.11759188
0.8727883551534205,0.8310883,0.97843724,0.98451895,0.13560325,0.15568665,0.48813432,0.37296283
0.7078721754887018,0.99451774,0.99169904,0.94552124,0.3860587,0.17016292,0.41332597,-0.2968285
0.7557242388969555,0.92959684,0.96819663,0.950105,0.20108008,0.28779587,0.8556859,-0.2131791
0.6089918759675038,0.741524,0.9367634,0.94440544,0.1459924,0.109859824,0.2884975,0.1180103
0.8509527798111192,0.8600973,0.962409,0.95291835,0.25429785,0.28126907,0.22387575,0.48980984
0.9031237084948338,0.9692952,0.9864218,0.9805485,0.19050471,0.14411427,0.20839103,-0.06845041
0.6461682166728666,0.74632484,0.9306128,0.9643007,0.12351257,0.088712454,-0.2772179,-0.05966077
0.9021218484873939,0.9974073,0.94555014,0.95961726,0.41483873,0.30548584,-0.0049188086,-0.075752154
0.8564194256777026,0.58816385,0.97475237,0.9620774,0.11146267,0.12920237,0.55534875,-0.35786858
0.5626545066180264,0.563196,0.8646157,0.9414153,0.1042938,0.11016995,-0.62446404,-0.78745353
0.8618680234720938,0.99931246,0.989347,0.95847577,0.24525453,0.13086508,0.58451563,0.5944118
0.8766014904059616,0.7114542,0.98513913,0.95891494,0.08481836,0.1303302,0.22694552,-0.09069253
0.8101820887283548,0.9980042,0.9856768,0.96267426,0.2326487,0.19360386,0.9628811,0.043088075
0.6234239016956068,0.6893377,0.9876819,0.96430254,0.059845816,0.095002316,-0.17020029,-0.6970789
0.8189146676586706,0.95462465,0.99466944,0.98533696,0.17189121,0.15875868,0.06500518,-0.16960418
0.917939447757791,1.1886467,0.9704499,0.97392046,0.54453486,0.45406502,-0.22743677,0.10003698
0.8267647150588602,1.1079361,0.93579435,0.97347075,0.38304844,0.187693,0.55938905,0.13790172
0.8991017724070896,1.0555726,0.97269964,0.977138,0.40835446,0.39350957,-0.5339864,0.14836574
0.9217930951723806,0.71764237,0.9732525,0.96770966,0.13678113,0.30315176,-0.011090732,0.20598395
0.799386365545462,0.63161737,0.98640573,0.9687399,0.06673455,0.09702308,-0.8808723,0.38458553
0.9178420073680295,0.91104895,0.9636855,0.9647391,0.4082496,0.27467778,-0.2189385,-0.21971726
0.9205955863823456,1.5270649,0.96247977,0.97403944,0.70681846,0.6380453,-0.2347674,-0.05955644
0.8142063288253153,0.7996936,0.96653044,0.96257854,0.22750452,0.21955073,0.31760946,0.54952097
0.45741984567938265,0.61867994,0.88842607,0.9322506,0.14193718,0.07444706,0.2380693,-0.04255849
0.7793280453121813,0.6693197,0.9596387,0.95426935,0.12147944,0.114132784,-0.28887743,-0.08815743
0.9049912999651999,0.87131834,0.9746876,0.9723255,0.24410188,0.21573308,0.09479188,-0.17108059
0.5368362593450374,0.7670034,0.9382842,0.9539832,0.11395483,0.1133488,0.41015175,0.20388886
0.85262712250849,0.6404265,0.98901063,0.9773659,0.085873954,0.100878894,-0.7382262,-0.73582673
0.8653004212016848,0.66390353,0.9657592,0.97459507,0.1411114,0.13506445,0.46195665,0.099232845
0.914688778755115,0.82241136,0.9633493,0.9653949,0.39708027,0.3962042,0.27194217,-0.036864817
0.9060982803931215,0.93699163,0.9723286,0.9855297,0.12945972,0.14931187,-0.23331892,-0.05191239
0.8322298249192996,0.781543,0.9346031,0.9679727,0.21042016,0.15992296,0.5296892,0.6509591
0.8974630458521833,0.72886884,0.9818021,0.97603273,0.15827525,0.19617908,0.4442513,0.20611869
0.8962914571658286,0.8468956,0.98616385,0.9751681,0.22494732,0.27626064,0.67235386,0.4134956
0.8316415345661383,0.59308225,0.99050504,0.9625071,0.08276512,0.13418934,-0.6015358,-0.543555
0.763439693758775,0.8446642,0.9636642,0.9683549,0.20189594,0.11838332,0.20916373,0.124188684
0.8600924963699854,0.6673111,0.9697037,0.962958,0.19279955,0.13798682,0.24706692,0.09856328
0.8846654266617066,0.6768976,0.9746183,0.9786161,0.12540537,0.13638484,0.1737737,0.31228983
0.7932198768795075,0.8031019,0.935956,0.96060723,0.20379306,0.20987865,-0.04988808,-0.14207582
0.8626234504938018,0.95442206,0.98626244,0.9790915,0.15485306,0.14299734,0.6491043,0.7162979
0.9106553226212903,1.1003954,0.9724649,0.96806383,0.15307179,0.58107454,-0.056705635,-0.090309165
0.8740306001224004,0.9746439,0.98129714,0.9846454,0.20369406,0.18157157,-0.33056086,-0.5084438
0.8959815679262717,0.72713614,0.98245716,0.97193056,0.17351528,0.19432488,-0.26119438,0.13233463
0.83599831999328,0.71758765,0.95435655,0.96032864,0.12940483,0.15740393,0.38664174,0.6170422
0.8599805599222397,0.694624,0.97101223,0.97636056,0.12040572,0.104252614,0.5758114,0.5502501
0.6699045036180145,0.60286444,0.94850457,0.960363,0.15258056,0.082915016,-0.23285122,-0.20131364
0.8120396961587847,0.6203386,0.9561905,0.9670168,0.09251853,0.1615398,-0.23084638,-0.5874693
0.9478974235896943,0.8290328,0.9780787,0.9858751,0.13361092,0.20894879,0.28571978,0.20527391
0.8490250921003684,0.8711728,0.9836802,0.9864293,0.1872246,0.14229539,-0.011422798,-0.9275921
0.874509066036264,0.8034345,0.9652268,0.9778905,0.18965246,0.13277769,0.0776481,0.34880477
0.8842661822871177,0.7012958,0.9601728,0.97653204,0.16573839,0.13956618,-0.37346715,-0.10213925
0.8377132708530832,0.5732668,0.9506385,0.9588072,0.10966432,0.09316063,0.04669601,-0.15316254
0.9177437989751959,1.0250053,0.9944837,0.982657,0.23968084,0.20377608,-0.3325228,0.37447268
0.8601811047244188,0.9699626,0.9594088,0.9621761,0.3377733,0.29338586,-0.69441944,-0.48751837
0.933000564002256,0.77616405,0.9814737,0.9824318,0.27123857,0.17529504,0.33364597,0.0069516376
0.729874023496094,0.66674244,0.94865423,0.958904,0.13727917,0.10693327,-0.23816109,-0.0033152436
0.7526125784503138,0.58674186,0.9459398,0.9550123,0.10309432,0.15067557,0.2842148,-0.02329068
0.7955878223512893,0.73213756,0.9533518,0.96846515,0.13312204,0.15661655,-0.6281841,-0.13244283
0.7173847575390301,0.7242409,0.95557564,0.9593726,0.13890898,0.15148649,1.0445061,0.56011003
0.8467270349081396,0.6821158,0.9728245,0.96305144,0.096626215,0.098490484,-0.3667394,-0.22745636
0.8360783843135372,0.6793242,0.9535563,0.9639311,0.112879366,0.12654004,0.17632613,-0.4253365
0.8393047652190607,0.6889582,0.96350837,0.9601906,0.12244409,0.20820567,-0.09958591,0.085698284
0.8785382981531925,0.694276,0.99257183,0.96884805,0.12792392,0.18013203,-0.42175353,0.41139114
0.9133188532754131,1.4242153,0.9648514,0.9766062,0.8891615,0.30248058,-0.36494336,-0.19722567
0.7392015168060672,0.9404525,0.9174201,0.967097,0.25118256,0.15232934,0.33420974,0.2690079
0.9071815487261947,1.08239,0.9847809,0.9787287,0.4422876,0.27898932,0.15780832,0.2785094
0.8858604394417576,0.6679199,0.9767491,0.9717546,0.09399064,0.10970238,0.638641,0.3172386
0.9278264313057252,1.0385807,0.98765194,0.9851288,0.13303053,0.23498036,0.2533522,0.24199395
0.843748718994876,0.61043125,0.96711457,0.96543735,0.09922889,0.1511912,0.32125118,-0.088755295
0.6415413821655286,0.6930393,0.9851797,0.9726176,0.092220105,0.10789603,-0.005900916,-0.7441497
0.7882321769287076,0.8968871,0.94745266,0.9612437,0.366391,0.13762477,0.61553913,0.25608882
0.7367224988899955,0.62399435,0.99044645,0.96450514,0.059877086,0.13368577,0.59080416,0.5604938
0.798945531782127,0.75647503,0.9792113,0.9660035,0.10263737,0.13368618,-0.0050086062,0.40435344
0.8450737162948652,0.6692494,0.98043823,0.9657558,0.10956488,0.16153142,0.56532407,0.09842086
0.8672062208248832,0.77373934,0.9862433,0.9768158,0.15343107,0.16068718,0.64781797,0.5733356
0.942379705518822,0.7940495,0.9826376,0.9784986,0.1935509,0.23622672,-0.77624667,-0.28527832
0.8090071400285601,0.83096343,0.9651848,0.9698498,0.23713803,0.11234294,0.55898535,0.15882564
0.9145912423649694,0.7299608,0.98680025,0.9798865,0.15282539,0.14122373,-0.22695222,0.25918728
0.8485321301285206,0.7484904,0.93815386,0.9645672,0.20583159,0.19013013,0.22085576,0.5105416
0.9677149748598992,0.8973291,0.98558444,0.98736703,0.23292352,0.30791774,-0.14478087,0.015885526
0.9420853683414734,0.7163306,0.98966306,0.9823701,0.17113237,0.1885242,-0.7314759,-0.23483382
0.9146005544022175,0.9240954,0.9665225,0.9772371,0.31467843,0.19835381,-0.1709704,0.089636154
0.9273965415861664,0.73627305,0.9873043,0.97972304,0.11652462,0.109859474,0.07228117,-0.051687907
0.8511153084612338,1.2797391,0.95763993,0.97693676,0.7611007,0.20362966,-0.40221754,-0.35321158
0.7489201156804627,0.9683449,0.96621,0.961586,0.20458573,0.25459808,-0.29694095,-0.29032147
0.9529348517394068,0.6889569,0.9843748,0.98288894,0.18589287,0.15212809,0.5694056,0.21859658
0.915189996759987,0.7264522,0.9897058,0.97404134,0.1489888,0.24886252,-0.015345391,-0.3848637
0.686378073512294,0.7098992,0.91170895,0.96106684,0.20225677,0.13102064,-0.5565399,-0.3787818
0.8505436261745046,0.8144152,0.97378075,0.97312796,0.22178295,0.1890232,0.20736478,0.37001774
0.723748526994108,0.7000061,0.9113385,0.96342146,0.17157954,0.09341268,-0.46415362,-0.46411526
0.8372765651062605,0.7493364,0.9521677,0.96824545,0.1929811,0.15878172,0.08433307,-0.42113248
0.9208077472309889,0.9556026,0.98092353,0.9778784,0.22493483,0.29087117,0.61092514,0.55342925
0.9397066708266831,1.00146,0.9804782,0.98470926,0.26398438,0.17379324,0.2614649,-0.1591526
0.8191580286321145,0.8405195,0.9548851,0.9630745,0.19965713,0.13426653,0.05453969,-0.029171428
0.9145410341641365,0.717399,0.9896931,0.96858764,0.12418564,0.13873975,0.056790967,0.49034908
0.7565075060300241,0.6892731,0.93398625,0.9625387,0.16714212,0.13228633,-0.23507841,-0.43553743
0.9443653774615098,0.6248056,0.98642224,0.97186345,0.13764212,0.19689581,0.6826666,-0.19193293
0.8866133704534817,1.0773687,0.9845612,0.9795209,0.23732875,0.38416702,0.36805016,-0.002284523
0.8467756111024445,0.7933032,0.9592059,0.9673538,0.27477542,0.2540739,-0.11933093,0.18202634
0.817058884235537,0.837356,0.9574341,0.9617977,0.23527646,0.17138779,-0.49083006,-0.6056815
0.7414524378097512,0.69173986,0.9622871,0.962102,0.15340868,0.12247326,-0.32185075,-0.2678604
0.9177049188196752,0.8291608,0.96482396,0.9714059,0.26980546,0.2372433,0.07560063,0.13814007
0.8686833787335149,0.70511276,0.9874605,0.9818215,0.052879266,0.12582862,-0.5349323,-0.651226
0.7884021936087743,0.6613639,0.9505042,0.95205563,0.1346348,0.20540276,0.36520618,0.05167554
0.7996067824271297,0.91485745,0.9908061,0.984407,0.08806754,0.11244783,-0.49670514,-0.5520895
0.9237390229560918,0.8127587,0.9912704,0.98309755,0.102521054,0.1279919,-0.24094957,0.13706745
0.9336282145128579,0.873616,0.98013693,0.98339933,0.21554986,0.19492808,-0.9061142,-0.3360496
0.8866717386869547,0.7849982,0.9794791,0.9844509,0.11324257,0.14107883,1.0477998,0.57429016
0.919138204552818,0.8844163,0.95823693,0.97298294,0.2979982,0.22890547,0.83942986,0.5398864
0.6000884163536654,0.7854466,0.9511982,0.9658368,0.10032621,0.1352302,1.1890018,0.6629737
0.7712751491005962,0.69753486,0.9654037,0.9665032,0.1393394,0.119430564,0.18042134,0.4999167
0.8758756315025259,0.8803464,0.96544445,0.97310424,0.2601916,0.25130722,-0.71276194,-0.0646345
0.9005392821571285,0.79023,0.9571588,0.97244,0.2893583,0.19940479,-0.30373782,-0.04228541
0.8124811059244237,0.58218884,0.9901445,0.96635395,0.07191403,0.110157065,0.05854392,0.48055515
0.8507089388357553,0.9636203,0.96115696,0.9716164,0.35247117,0.24055614,-0.24760394,0.0764345
0.9034849579398319,0.6206211,0.9820569,0.9778321,0.08522178,0.09863751,0.17851426,0.25988758
0.8173637814551258,0.55082625,0.9821272,0.9758256,0.08882298,0.14034057,-0.75628716,-0.50893736
0.836874803499214,0.70608354,0.94930303,0.97226226,0.1027763,0.1495277,0.05392141,0.011780207
0.83225190500762,0.57883215,0.96434593,0.9733847,0.08212337,0.10021621,0.015115122,0.15266863
0.8262652250609003,0.7343548,0.9838657,0.9694012,0.18197852,0.25833338,0.14304058,-0.24188145
0.8538421033684135,12.383454,0.9864329,0.9930238,0.1524158,1.3837769,0.25178108,-0.1346431
0.5473627974511898,0.70335877,0.94053763,0.96030813,0.09736075,0.098602444,0.323605,0.72919506
0.8750412921651686,0.62999666,0.97633225,0.9681014,0.15842876,0.13299094,0.7584245,0.18229479
0.8385839943359774,0.72952753,0.96609646,0.9754404,0.17729148,0.142807,-0.88803226,-0.48710516
0.9089733958935834,0.63701266,0.9864137,0.9708098,0.10818805,0.19948064,0.87251943,0.508124
0.9114364777459109,0.6913501,0.988021,0.97803885,0.12284225,0.17586502,0.3624305,0.25135037
0.929258661034644,0.6500857,0.97730696,0.9780975,0.13985485,0.19126539,0.6207308,0.30531043
0.7915468781875127,0.77816373,0.96942943,0.9643704,0.21717103,0.19423276,0.3183564,0.1966729
0.8304184896739586,0.7233415,0.9641771,0.9752144,0.09005452,0.10922985,-0.90408325,-0.7195013
0.9532111408445633,1.0623837,0.98524785,0.9841575,0.15201074,0.30558762,0.5108062,-0.007851182
0.6982325849303397,0.77754694,0.9416164,0.95517915,0.13366134,0.086900495,0.51844716,0.22320732
0.7024671618686474,0.5889966,0.9423171,0.9621763,0.099376604,0.05526736,0.84694177,0.60046107
0.7960877923511694,0.9169416,0.9604503,0.963613,0.25654602,0.1713398,0.04142196,0.2308871
0.914878379513518,1.0230709,0.9854126,0.9718159,0.32941523,0.40046737,-0.20379208,0.16836686
0.7992884451537806,0.6217952,0.9428851,0.9645964,0.11962876,0.092632145,0.4774272,0.4553752
0.8283577454309816,0.66873956,0.9786391,0.97062284,0.16961853,0.1299266,0.41098356,-0.0036291624
0.805126708506834,0.80140394,0.9669508,0.96375257,0.16887495,0.1497658,-1.1189462,-0.00020422174
0.9189926679706718,0.6436666,0.9725532,0.976319,0.10387451,0.15976551,-0.12685962,0.094613135
0.7734771099084395,0.5244819,0.9669643,0.96716577,0.07094694,0.06291483,0.05736017,0.21553563
0.8801675206700826,1.036102,0.9703495,0.97646755,0.19094922,0.16540094,-0.5116977,-0.40780902
0.8254309817239268,0.71089035,0.96284175,0.9697883,0.12425549,0.08184806,-0.44410092,-0.4114252
0.9368714914859658,0.7421873,0.9893202,0.98159415,0.11335064,0.23179261,1.3629799,0.4939206
0.8811540206160824,0.68198234,0.96760833,0.9738137,0.1268948,0.13651279,-0.33935347,0.18714444
0.7590438361753447,0.61978084,0.9585767,0.96585065,0.057422727,0.10626221,0.5056774,0.21894026
0.8439491677966713,0.61944836,0.96623087,0.96297204,0.11607982,0.13765107,0.3390564,0.24530934
0.8533842775371101,0.9235255,0.98192585,0.9609549,0.4081819,0.3272546,-0.060717434,-0.35546127
0.5154719498877995,0.6185548,0.9097386,0.9562141,0.14297946,0.07401447,-0.62594336,-0.3998684
0.8354499657998631,0.62332857,0.9524083,0.9667576,0.08100448,0.12448473,0.6086753,-0.038867302
0.8443099372397489,0.71574175,0.9892693,0.9810978,0.12762031,0.14091922,0.09324653,0.32608455
0.9253383893535575,0.8528654,0.99452776,0.9815076,0.11638007,0.25115052,-0.39525023,0.3829296
0.8863074172296689,0.8200479,0.9734657,0.96682525,0.20373805,0.36486349,0.08588169,-0.26403585
0.7806070584282337,0.5990764,0.9735705,0.96831733,0.0680369,0.0886457,-0.09751276,0.21195687
0.8953077412309649,0.924003,0.98985475,0.9871355,0.099185556,0.17893884,-0.35849333,0.32213446
0.8255754623018492,0.88082105,0.9686975,0.9614448,0.17139849,0.19335765,0.12666544,-0.13955289
0.4451616526466105,0.92630786,0.917614,0.9570865,0.22569332,0.099679485,-0.014430766,0.35951546
0.9136504386017543,0.78583765,0.9622186,0.96965414,0.3082242,0.35561138,-0.10876945,0.13116695
0.8350038520154082,0.9780037,0.9575268,0.9721714,0.35203743,0.23736146,-0.4516466,0.06507282
0.8961710726842907,0.7600847,0.9734316,0.97274476,0.1250183,0.13053419,0.5448074,0.18960653
0.8723644174576698,0.7681362,0.96278554,0.9699363,0.151666,0.15757136,-0.44742787,-0.3540768
0.8522791211164844,1.0908741,0.9651674,0.96898305,0.28468105,0.3105522,-0.33585083,0.2559308
0.8884749138996555,0.8019648,0.98861444,0.970659,0.18113977,0.2396107,0.8444211,0.47474074
0.8046126264505058,0.59332186,0.9613565,0.9657254,0.10731132,0.08765236,0.44098693,0.46261612
0.8112594050376202,0.82401925,0.95820564,0.96569914,0.22975329,0.1809431,-0.43516174,-0.1502608
0.9227468589874359,0.68458074,0.97915196,0.97468114,0.20981269,0.20054609,0.69842553,0.016299888
0.8873764775059101,0.99471265,0.9764523,0.9758924,0.31350312,0.23625642,-0.40990093,-0.20164043
0.9059229836919348,0.95046455,0.9899734,0.97275406,0.25092804,0.33766824,-0.70828223,0.11244176
0.8705105540422161,0.78896534,0.99005824,0.9673011,0.16958186,0.307481,-0.34528747,0.08437635
0.7297331909327637,0.72765076,0.95711523,0.96236295,0.08205115,0.0960976,0.09497428,-0.22339216
0.8373209172836692,0.95464134,0.96123654,0.96591645,0.18962324,0.18981056,-0.7016918,-0.4985787
0.9352997731990926,0.9242125,0.9848895,0.97461784,0.2996218,0.38765875,-0.12139921,-0.02944816
0.8212048528194112,0.78882605,0.9401975,0.97027457,0.23120074,0.11635024,1.2063456,0.4493908
0.8256745346981388,0.70344526,0.97753835,0.9668482,0.10115522,0.10294423,-0.2059831,-0.42100918
0.8196426385705543,0.7077088,0.9693174,0.9665024,0.14549907,0.103847004,0.21989124,0.612425
0.7914460777843111,0.7842379,0.9492649,0.9684323,0.21698713,0.1291247,0.42949674,0.34952566
0.8868269713078852,0.8748027,0.9669282,0.977893,0.274369,0.14124484,0.09298901,0.07955891
0.896939075756303,0.89808047,0.98164093,0.9691812,0.26793236,0.15522712,-0.37461728,-0.5724241
0.869189012756051,0.85941374,0.9862433,0.9697001,0.15343107,0.23506048,0.64781797,0.4632726
0.7920447361789447,1.17995,0.9878432,0.9711952,0.39457995,0.22197352,0.100446284,-0.7978326
0.8037623510494042,0.87595123,0.963524,0.97097623,0.1721968,0.26042116,0.60816693,0.60535115
0.947577646310585,0.97632545,0.9906028,0.9782831,0.26646298,0.39307076,0.09616402,0.13214207
0.7618320713282852,0.7274243,0.9739317,0.9751136,0.20261286,0.111841545,0.05692134,-0.049293082
0.7012332689330757,0.72475874,0.9500528,0.9695491,0.1443809,0.106298454,-0.47885638,-0.6576356
0.8884621458485834,0.73137134,0.9713255,0.97403353,0.1467373,0.1091349,0.3189991,-0.22298035
0.8159264637058548,0.6545246,0.95741254,0.96589226,0.1304849,0.13526033,-0.37994742,0.33877254
0.885504182016728,1.1778797,0.9333258,0.9666077,0.5537707,0.36868948,-0.12396163,-0.2786683
0.895821055284221,0.8020615,0.9610528,0.96688986,0.21413289,0.36093327,-0.5202101,-0.19140816
0.8594006216024864,0.4694459,0.9578245,0.96700895,0.064797804,0.085314326,-0.55314857,-0.2564796
0.8181699926799707,0.5578498,0.96608174,0.970732,0.06221636,0.079497196,0.2809114,0.24122225
0.8353773895095581,0.83962387,0.96172565,0.9721735,0.1704223,0.12439152,-0.38961154,-0.2415898
0.877749462997852,0.5466841,0.98983943,0.9739212,0.07098911,0.085754625,0.48049724,-0.17635103
0.8196092304369217,0.68648344,0.94395584,0.95917755,0.14882211,0.17138371,0.2043043,0.08748601
0.9016795747182987,1.0658287,0.97893435,0.9690979,0.37436277,0.32046092,0.07267675,0.20474695
0.8805108180432721,0.7220382,0.98162925,0.9749959,0.084120594,0.10894838,0.28043616,0.046424445
0.8243463693854775,1.0198575,0.94878507,0.96057475,0.49351972,0.24797302,0.5808499,0.28509203
0.9554962379849519,0.510988,0.99235535,0.9831237,0.08002198,0.10236847,0.07694259,-0.07458154
0.8551768927075708,0.74560505,0.9754689,0.96765864,0.17169009,0.22368503,0.14197955,0.25520644
0.8303534014136057,0.77516127,0.9786265,0.96811026,0.15055732,0.19117343,1.4146715,0.617507
0.8062054648218593,0.62432325,0.96751004,0.9712676,0.10143095,0.108544104,0.46958303,0.51442486
0.7802544490177961,0.7119563,0.9581228,0.95880103,0.19540542,0.14639741,0.15977171,-0.22055204
0.5475131340525361,0.5187589,0.9439744,0.9589556,0.05637263,0.062047318,-0.732085,-0.52424127
0.7344019776079105,0.69034076,0.91950065,0.9592364,0.17882551,0.10569141,0.03454717,0.015153723
0.9406752187008747,0.9856808,0.9743558,0.97276276,0.40129095,0.54231423,-0.7886114,-0.15478516
0.8638881595526382,1.0963019,0.96879846,0.9687343,0.44960725,0.4518486,0.5763758,0.4521834
0.9302490969963879,0.79389596,0.96527636,0.9680438,0.3197307,0.36605495,-0.51586944,0.0128920665
0.9120806403225613,0.85641736,0.9783806,0.97483474,0.23787755,0.24054198,-0.22320896,-0.45419332
0.9370305641222566,0.97536653,0.983609,0.9637215,0.36415902,0.60329753,0.5061405,0.122275256
0.9061362965451861,1.2050823,0.9700025,0.9730943,0.2036585,0.17428324,-1.0292645,-0.21796757
0.7644839859359438,0.5622544,0.95706236,0.9617379,0.067283005,0.076142676,-0.5721165,-0.5390569
0.9191188124752497,0.7355545,0.9816163,0.9751371,0.10625866,0.1697072,0.4297911,0.41396832
0.7806523706094823,0.8198585,0.98394704,0.9788445,0.26962316,0.11918645,-0.7176632,0.46441787
0.7916054384217537,0.76268697,0.9397864,0.9623456,0.21731429,0.13353641,-0.33772403,0.24844514
0.892010032040128,0.96703964,0.99103,0.9666171,0.24197088,0.4807331,0.11735382,-0.22813064
0.7388544754179017,1.0299969,0.98052245,0.97947127,0.18322957,0.12810616,1.4401793,1.0173122
0.8735742142968571,0.9567374,0.985433,0.9688017,0.2773155,0.37537876,-0.15366705,-0.43942645
0.9058702794811179,0.63485074,0.9795846,0.97615725,0.09019055,0.08555202,-0.5912379,-0.25595635
0.9031552926211704,0.6309358,0.9581119,0.9672199,0.13610405,0.1677355,1.0017794,0.67235285
0.7693647414589658,0.71407896,0.94519806,0.9604672,0.15442085,0.20322575,0.6191926,0.28839582
0.9477643670574682,0.67933446,0.99039084,0.9852586,0.08920779,0.2027229,0.2583969,0.086157255
0.8601014244056976,0.7486659,0.977768,0.97813994,0.15517423,0.12381237,-0.63575673,-0.015326423
0.8209748358993436,0.68079436,0.96939814,0.9646125,0.109173544,0.06942155,0.21338934,-0.037402276
0.9587933711734846,0.7779583,0.9903171,0.9876556,0.18918593,0.124752246,-0.11067642,0.19642854
0.6420089040356161,0.85489935,0.9328047,0.9596773,0.2407225,0.14878266,0.23542464,-0.02674512
0.6999039516158065,0.7360932,0.96795136,0.9639529,0.08718291,0.15820496,-0.30464518,-0.045183174
0.7564116976467905,0.6277357,0.9531115,0.9712831,0.09625219,0.09583981,-1.0708135,-0.6657965
0.9198567674270697,0.9680813,0.99293405,0.9844461,0.20731708,0.36848626,-0.043877494,-0.5486134
0.9532022128088513,0.9092389,0.990108,0.9870717,0.24600649,0.20752487,0.0500757,0.035225336
0.8236190704762818,0.9938349,0.98962677,0.9860158,0.20633559,0.15824887,-0.3932337,0.03281934
0.9147890031560126,0.7351612,0.9880421,0.9647714,0.17979197,0.37249863,-0.9442874,-0.032510165
0.5800524642098568,0.65099853,0.96879494,0.9411866,0.06482214,0.10643187,0.9640556,0.82382107
0.7647356029424117,0.9994712,0.96695065,0.9584086,0.23383236,0.31228888,0.7008814,0.3899164
0.8776211104844418,0.8079072,0.9748159,0.9799223,0.1723419,0.12569384,-0.23417354,-0.3355988
0.8472244128976515,0.74605274,0.9547166,0.9535196,0.15020776,0.2649889,-0.5795549,-0.30421078
0.7537248388993556,0.47321716,0.9176728,0.9382425,0.067981966,0.07864112,0.5094458,0.28717965
0.932312145248581,1.0246933,0.98983824,0.9831906,0.30616453,0.19235869,0.012213156,-0.010859022
0.7555320461281845,0.6830204,0.94737744,0.9433242,0.19537225,0.17860588,0.20640793,0.16009009
0.85412079248317,0.57729614,0.97403693,0.97212094,0.08485032,0.123692326,-0.07890808,-0.3627226
0.8958600314401256,0.67054987,0.96607316,0.96813285,0.14053732,0.15620035,-0.031612754,-0.20358089
0.8409509798039192,0.9416452,0.9760585,0.98236746,0.2213561,0.12712424,-0.19025181,-0.120367415
0.8335264061056243,1.0293021,0.93611187,0.94241494,0.39548573,0.42453453,0.31373617,0.54481435
0.8787391309565238,1.0407288,0.9738564,0.9697079,0.3375767,0.2591178,-0.41182482,-0.5186202
0.9109164436657745,0.7761481,0.9620034,0.9720222,0.18543665,0.23162453,-0.59369737,0.22205886
0.8367964671858686,0.711714,0.9528512,0.94884574,0.20280857,0.22567046,-0.17545931,-0.35149837
0.605376789507158,0.59871906,0.94439465,0.93271863,0.09606097,0.13356495,-0.41295195,-0.6961824
0.9406976827907312,0.7861083,0.9689932,0.9706961,0.2221452,0.27673486,0.6635501,0.21484327
0.5438229752919012,0.6483715,0.9618585,0.91878754,0.09374356,0.07750348,-0.3933033,-0.48043784
0.8859135276541106,0.760781,0.9792851,0.97428304,0.13702773,0.20117234,0.65188867,0.43910655
0.7677314869259477,0.57317704,0.9709794,0.9493065,0.068232715,0.14034876,0.07601444,0.7052167
0.6573882615530462,0.67681515,0.94162834,0.93219304,0.12397314,0.1700955,-0.52042663,-0.61607355
0.8632246048984196,1.077318,0.9716953,0.96880877,0.20008196,0.31940857,0.87893003,0.40509602
0.7798886875547503,0.7403868,0.9313582,0.93726397,0.25982103,0.25413388,-0.08362642,-0.06603618
0.8922852651410604,0.8202582,0.97520256,0.96564746,0.19805855,0.32172623,0.6555285,0.39731133
0.9375892863571454,0.82921934,0.9928433,0.9775967,0.18586864,0.34117007,-0.32440537,-0.43101707
0.9388225072900291,0.6047192,0.9838545,0.98083776,0.11596605,0.13542786,0.14439274,0.112968855
0.941565334261337,0.7220428,0.98392904,0.97336775,0.16841534,0.27966407,-1.1088687,-0.8883676
0.8593100932403729,0.76343876,0.9639231,0.9609936,0.12999704,0.20599909,0.345647,0.24729761
0.921245316981268,1.1865,0.9798736,0.9880491,0.30904087,0.23188531,-0.5548428,-0.18006599
0.8414374137496549,0.8703303,0.98498297,0.9570849,0.13746509,0.32179692,-0.015910424,-0.6704182
0.7522685130740523,0.70094174,0.9544194,0.96550167,0.14272872,0.12335761,-0.7232645,-0.47540227
0.755884655538622,0.6263783,0.9550504,0.9522689,0.09128841,0.12964875,-0.19340625,-0.58254445
0.9200142080568322,0.80992264,0.98889244,0.9710314,0.22689883,0.16618416,0.50503343,0.3110282
0.7990992283969135,0.6289766,0.9692004,0.9501226,0.11494983,0.12124634,0.12920189,0.057505686
0.8979462157848631,0.9155391,0.9714132,0.965839,0.41917446,0.40156478,-0.16194925,0.26288804
0.7702222168888675,0.83688784,0.9806466,0.9524311,0.17453615,0.23560634,0.12992622,-0.21484004
0.9337982311929248,1.1823798,0.96329874,0.9567247,0.7486201,1.1764416,-0.23421873,-0.18280806
0.9442185928743714,1.0350437,0.9920258,0.9881455,0.108219214,0.12294303,0.37793332,-0.05465527
0.9062965211860847,0.79381883,0.97784567,0.9810117,0.19501592,0.18281654,-0.7984068,-0.63800853
0.9003612014448057,0.70914453,0.9642261,0.9617393,0.13214982,0.23332164,-0.22277987,0.12154498
0.8735778623114492,0.7624028,0.97968185,0.9817472,0.12619828,0.17075846,-0.13966976,0.19590335
0.8990177720710882,1.0022919,0.9692576,0.9588874,0.48803645,0.5029786,-0.16489157,-0.27971253
0.6671772287089148,0.5485651,0.94574374,0.93028265,0.08803784,0.12872645,-0.46393117,-0.39336047
0.911508862035448,0.58447474,0.98765665,0.9831044,0.05904503,0.09016283,-0.51537234,-0.21555248
0.9304791139164557,0.9210627,0.9794252,0.98220706,0.26791212,0.16797242,0.07591998,-0.06805008
0.6933576854307416,0.6461243,0.951036,0.9415618,0.06599158,0.14739646,0.2622143,0.3067422
0.8978097992391969,1.0375019,0.9871505,0.9721607,0.28873026,0.43029475,0.15153082,0.3358361
0.9568505154020616,1.5474085,0.9850418,0.98237383,0.2892727,0.8028207,0.22140408,0.03144366
0.6563165132660531,0.9213997,0.93868244,0.9559294,0.19770634,0.13555454,-0.18735239,0.1499153
0.576813987255949,0.755419,0.9112553,0.93318105,0.17965364,0.22173834,0.79327345,0.8179103
0.9307669230676922,1.1530368,0.987938,0.98063135,0.33533514,0.47446114,0.2993147,0.29663995
0.7555457741830967,0.71458817,0.97312695,0.95730203,0.08664825,0.16700974,0.32772368,0.033825874
0.9410976203904815,1.035159,0.98936486,0.9822765,0.37520534,0.43682528,0.22422479,0.41999233
0.8333620534482138,0.9073488,0.92497015,0.9556735,0.24048977,0.2806797,-0.70106524,-0.5831253
0.8863591614366456,0.8063428,0.98517966,0.9552812,0.17335893,0.3215047,-0.29601917,-0.25593498
0.7604425617702469,1.0042096,0.92760724,0.96455985,0.29854643,0.22089487,-1.1228026,-0.6440757
0.7125471061884248,0.71014977,0.9550639,0.94591105,0.12561604,0.12293993,-0.27381325,-0.4247039
0.7250742922971691,0.66194904,0.95826036,0.94421566,0.080471314,0.18599598,0.7208318,0.7625635
0.8446828987315949,0.749714,0.98590785,0.9789793,0.10316745,0.16053247,-0.9613506,-0.87551564
0.8648961635846543,0.79509026,0.98934704,0.9711124,0.13333791,0.1968915,0.5612322,0.62622833
0.833437413749655,0.79900306,0.9797618,0.9745766,0.08635117,0.08205511,0.8697101,1.0541986
0.8957124788499153,0.8089325,0.98786503,0.97491324,0.19808406,0.18239616,0.26167992,0.3543976
0.7911215004860019,0.5508119,0.9745146,0.96619177,0.11301142,0.086598,0.002012999,0.6603053
0.7552000768003071,0.6680039,0.95086014,0.9490942,0.086536184,0.164371,0.11119376,0.508608
0.9356003504014015,0.8091379,0.98154575,0.97520006,0.14358506,0.23182976,-0.24311344,0.010288212
0.923871023484094,1.0006042,0.99483895,0.981486,0.27226782,0.2983951,0.1324945,0.5058
0.8739873999495997,0.7849655,0.93098277,0.96480745,0.36820948,0.22729048,-0.39704776,-0.70527935
0.9240495841983368,0.7340268,0.9674092,0.9768269,0.17660783,0.20250586,-0.13172008,0.34280336
0.7987607310429241,0.6562321,0.9483627,0.93363005,0.19026132,0.1923197,0.15862748,-0.22289091
0.8995120780483121,0.8806787,0.9784261,0.9836832,0.19076107,0.13535196,0.048622377,0.11891544
0.8531762447049787,17.148699,0.98285407,0.9775068,0.39603305,23.623001,0.4760462,0.22292225
0.91475751503006,0.5740152,0.9720526,0.97597086,0.09173777,0.14107203,0.19929457,0.2209067
0.9194387817551269,0.97978157,0.963827,0.95790493,0.52447087,0.54843044,0.33954132,0.0745378
0.798189720758883,0.71192324,0.9341906,0.9447818,0.20518993,0.23245096,-0.15418637,-0.0011379991
0.9160826083304334,1.013018,0.9539436,0.96935844,0.17832443,0.4314302,0.35612464,0.40187386
0.8638887355549422,0.5804528,0.93959135,0.95087326,0.10941916,0.14136988,0.19817133,0.14795417
0.6477800631202525,0.5581132,0.9484628,0.9497382,0.069598526,0.09692472,0.865285,0.40206775
0.7354330217320869,0.80602014,0.8990099,0.94618905,0.24764127,0.11845849,0.111829415,-0.17894468
0.7056136704546817,0.45253062,0.9342048,0.935563,0.045980293,0.12559263,-1.0408479,-0.7415813
0.8263285853143412,0.6542417,0.93003994,0.9587742,0.15821956,0.1400984,0.7746781,0.54202783
0.7905277381109523,0.6765769,0.9741872,0.9565896,0.0618445,0.21881053,-0.6194515,-0.30624634
0.9483489361561191,0.80148554,0.97465676,0.97595936,0.15113747,0.26738918,0.042602852,0.1695482
0.8535814623258493,0.5698408,0.98481804,0.9764152,0.079628356,0.10890158,-0.5823592,-0.4551188
0.8209218436873748,0.6433771,0.9763343,0.9550087,0.10639344,0.11927407,-0.013539207,0.24064673
0.8328407713630854,0.7939333,0.97691834,0.9591303,0.1660882,0.16684097,-0.008184826,-0.051368352
0.8909157236628946,1.0612712,0.9772484,0.9624438,0.36343968,0.5130026,0.4606199,0.29550153
0.9078887835551341,0.67546964,0.9815062,0.9771692,0.120171726,0.13316926,0.6691636,0.29274097
0.9381496405985623,0.8813381,0.98667014,0.9780061,0.3135842,0.39527902,0.73392576,-0.025965933
0.8158174072696291,0.8037212,0.95013756,0.9562221,0.11856825,0.2678597,-0.016822293,-0.34269696
0.8860106800427202,0.7042255,0.96792394,0.9640107,0.17085232,0.2097702,0.9242803,0.27695823
0.8657272389089556,1.0122596,0.95103526,0.96003383,0.4300146,0.35881823,-0.20946537,0.13403022
0.9058186312745251,0.9323204,0.9837403,0.98852885,0.21168742,0.1324621,0.384292,-0.16044825
0.9032115488461953,0.92156124,0.97458416,0.9736464,0.24738607,0.36504936,0.40486568,-0.13590173
0.5898871275485101,1.0043122,0.93921584,0.94298774,0.22405422,0.27650696,0.79934996,0.79504263
0.5986493705974824,0.7271586,0.9362734,0.9456775,0.078437306,0.1558042,0.5724597,0.3699584
0.8001128964515858,0.5958654,0.9797273,0.97889954,0.07702394,0.10682111,-0.1817821,-0.7923452
0.8747111468445874,0.7833637,0.96492046,0.96557105,0.12311861,0.13914634,0.15983318,-0.046480134
0.9029133716534865,1.0264335,0.9838721,0.96698016,0.44593206,0.32105285,0.14883183,0.16868964
0.9037086388345553,0.67681265,0.9740643,0.96555483,0.20202917,0.23812543,-0.6031508,0.0038735108
0.9153071172284689,0.75936705,0.9735873,0.97653645,0.18077509,0.14727235,0.26618314,0.112901144
0.7211660206640826,0.49250376,0.9234954,0.94514996,0.06942444,0.11790482,0.36685604,0.29477724
0.877127188508754,0.81846565,0.9833096,0.9732386,0.19266917,0.20667551,0.70047575,-0.020893527
0.7863624734498937,0.8238734,0.9573875,0.96561986,0.22363341,0.18230967,0.8882229,0.561256
0.8714568298273193,0.54389685,0.96197677,0.96767485,0.11929377,0.12613617,0.5890164,0.17866744
0.9131040044160175,0.8249477,0.98103315,0.97681385,0.14931712,0.20018086,0.5770513,0.20415333
0.8792348769395077,0.7004206,0.9656813,0.97100544,0.13594727,0.14837483,0.43272927,0.05545669
0.8987714350857403,0.89704853,0.97234845,0.9679202,0.27701417,0.4104102,-0.32750118,-0.33718824
0.7688186912747651,0.61129457,0.9210677,0.95527655,0.098257236,0.18478248,0.67487746,0.5084876
0.8716392305569222,0.56774557,0.946073,0.95986253,0.11642579,0.14341637,0.468226,0.17935994
0.7378983115932464,0.8100051,0.95808524,0.9598264,0.19586213,0.175115,-0.4893728,-0.50288326
0.8572681650726603,0.67433053,0.9469212,0.95197964,0.15981479,0.1895772,-0.3368713,-0.19047447
0.9170159240636961,1.1500405,0.9881252,0.9779446,0.29861215,0.53107786,-0.04693108,0.2142812
0.8896009984039935,0.6429303,0.9768017,0.966859,0.099318236,0.20290601,0.20340161,0.27211386
0.9244799539198157,0.58841455,0.98740333,0.97984004,0.092746094,0.13060407,-0.47537392,-0.49491683
0.8855831903327613,1.1356908,0.99428046,0.971898,0.22266433,0.30117834,0.10722229,0.46727705
0.7477796311185245,0.7178581,0.95968264,0.95841306,0.12620477,0.16490519,0.6338432,0.5841529
0.9301535766143065,0.93020934,0.98386544,0.98622197,0.083828725,0.22483367,0.10194595,0.020871682
0.8584049056196223,0.7227185,0.9587793,0.95366424,0.1513879,0.18700792,0.09227039,0.2542726
0.8081198084792339,0.75886285,0.9607707,0.96092695,0.1555619,0.1712426,-0.6261675,-0.3071985
0.942879003516014,1.241778,0.9936263,0.9848374,0.21681875,0.4509321,0.35597253,0.18435703
0.916247248988996,0.9445687,0.9882267,0.97382194,0.06935738,0.35331175,0.5601311,-0.09244074
0.7857416389665558,0.98227566,0.98630893,0.9849118,0.17824352,0.17243388,-0.014404011,-0.67526114
0.8204365617462469,0.8212444,0.95842487,0.9658505,0.17802887,0.08983501,-0.3084065,-0.003550244
0.9472694850779404,0.8466373,0.9880875,0.98117006,0.11493928,0.24682002,-0.2106338,0.06949714
0.9102461689846758,0.8729188,0.9687411,0.98020196,0.14855051,0.21405125,-0.5554505,0.2696223
0.8069222036888147,0.8255891,0.9479659,0.9596825,0.1806397,0.21572365,0.3383077,0.24635419
0.8211074124296497,0.70349914,0.94977885,0.9600575,0.16348533,0.14697719,-0.17047356,0.14762567
0.7976680546722186,0.77005297,0.94789857,0.96282583,0.16734973,0.15769885,-0.8140976,-0.7635346
0.847999231996928,0.99990773,0.96666837,0.9606456,0.2834155,0.41316193,-0.71605885,-0.5984989
0.8357692630770522,1.0179642,0.9915712,0.98244596,0.17795935,0.15197581,0.16671987,0.5789174
0.9109367957471829,0.86328113,0.98101836,0.97051996,0.19122735,0.3382012,0.41981098,-0.055557795
0.8824858339433358,1.106092,0.9547358,0.967431,0.34267682,0.53387666,-0.035095405,0.16214494
0.7697930951723807,0.6103578,0.93845856,0.9489111,0.09828393,0.1590831,-0.4050014,-0.1662493
0.8526498745994984,0.87555814,0.92952627,0.9558338,0.26335788,0.19677019,-0.60068756,-0.5204068
0.8406949467797871,0.79493916,0.98451865,0.9717903,0.10983553,0.22891264,0.1910911,0.34688777
0.9564964659858638,1.1589833,0.9937902,0.98687273,0.16841209,0.22513205,-1.082497,-0.3796988
0.9134008376033503,0.70701134,0.94803584,0.96159077,0.24400902,0.22058497,-0.8060579,-0.30929202
0.8204281137124548,0.7216779,0.95177287,0.9489644,0.19170201,0.21379517,-0.3123008,-0.049080905
0.7723054252217009,0.7126984,0.9690321,0.964243,0.119769104,0.18889436,-0.86465895,-0.6039884
0.9277418549674198,0.80186737,0.98594964,0.9809317,0.14372748,0.20692143,-0.75248575,0.02911356
0.9365035220140879,0.7039078,0.9837769,0.9824131,0.16694818,0.14747046,0.16992144,-0.27391842
0.6566622106488427,0.6852986,0.940907,0.95092183,0.106473856,0.1307645,-0.25145015,-0.044787973
0.8812463729854919,0.5224732,0.9686148,0.9677176,0.08320232,0.11410053,0.25236332,0.12106136
0.9099461677846711,0.6291943,0.98915535,0.9709726,0.0642009,0.17515725,0.55387473,0.6969624
0.8627595790383161,0.68359977,0.95618904,0.9617703,0.13681623,0.2045569,-0.112258,0.12762778
0.8101693206772828,0.8656124,0.9420503,0.9481769,0.38447472,0.32861257,-0.2687475,0.26582786
0.800011328045312,0.84049356,0.9551067,0.9442606,0.1589184,0.22080216,0.12335352,-0.15780558
0.6956721586886347,0.94479275,0.92313653,0.9507514,0.2740728,0.14031199,-0.36172238,-0.10962133
0.6049806919227676,0.6011187,0.9497266,0.9362227,0.06702789,0.1056807,-0.1851218,-0.073531754
0.8162807051228204,0.61701566,0.98209524,0.9554711,0.09332207,0.18268934,-0.06268134,-0.54114217
0.8994604298417194,1.1684442,0.9744465,0.98556167,0.4164593,0.25147536,-0.3550077,-0.4928034
0.9109517718070871,1.2168919,0.99374557,0.975491,0.31420502,0.33804542,-0.31031853,0.29754993
0.909188628754515,1.2247232,0.9942939,0.97529364,0.24255742,0.31736982,0.6602083,0.5274714
0.9332911571646285,0.78251904,0.9889971,0.982511,0.1136531,0.21644726,-0.09172297,-0.20448716
0.5639507038028152,0.6735606,0.9467034,0.9364535,0.11699677,0.1501912,0.70420444,0.8582691
0.8019517838071353,1.0621593,0.97066075,0.94721437,0.35590574,0.53230923,-0.5874495,0.45816723
0.8368455233820935,0.9687416,0.9594009,0.9680024,0.31401375,0.27167028,0.50607187,0.31606686
0.9233374533498133,0.6146798,0.98129547,0.9715097,0.08628194,0.102667175,-0.14927393,-0.27748415
0.8927911871647487,0.5923225,0.993414,0.98113924,0.072242536,0.10135819,0.47476068,0.46409553
0.6617674150696603,0.8602715,0.92528975,0.94709915,0.2917175,0.15673973,-0.8355526,-0.7560214
0.935257629030516,0.73915565,0.98977387,0.9830761,0.15107784,0.18051463,-0.8211575,0.1904483
0.6665308581234324,0.8306923,0.94469273,0.9417532,0.17149323,0.22737919,-0.15788944,-0.5173991
0.6253867255469021,0.6031229,0.94802505,0.94742465,0.063542,0.107145205,-0.46931615,-0.41018116
0.737685766743067,0.6375431,0.9399727,0.956933,0.089050524,0.1388121,-0.078129694,-0.013768854
0.7943254173016692,0.7661273,0.9379051,0.96009666,0.14416932,0.11565723,0.5784445,0.30618507
0.9149048756195025,2.5822074,0.96915466,0.9653614,0.77035207,2.5379586,-0.1044634,-0.07721701
0.8832397249588999,0.7481029,0.97118473,0.9654112,0.18383953,0.15732467,0.400804,-0.09347056
0.8329047076188305,0.6900515,0.97730017,0.9725522,0.16156818,0.087117754,-0.38305327,0.28124097
0.8739574478297912,0.7771604,0.9862433,0.97018427,0.15343107,0.2377539,0.64781797,0.4495574
0.7994287977151909,0.5219607,0.93166554,0.9503307,0.108091444,0.13558878,0.61578465,0.29546645
0.8065298501194004,0.7065945,0.9645295,0.96285623,0.1239677,0.1967912,0.61097467,0.6390504
0.8694178776715106,1.2701101,0.9663092,0.9727194,0.5868791,0.75724626,0.4407542,0.34694558
0.58863000252001,0.5993606,0.9067982,0.95057094,0.13435781,0.086623445,-1.0416697,-0.7456857
0.8456675746702986,0.8931936,0.95967394,0.962136,0.23679507,0.27082923,-0.41480935,-0.15882951
0.9012247248988996,1.0155343,0.97893435,0.9747913,0.37436277,0.30228347,0.07267675,0.2203129
0.8603720494881979,0.88733816,0.9490081,0.9698352,0.32974467,0.22361563,0.08676824,-0.39244983
0.9233643334573338,0.66055745,0.9893753,0.9774166,0.15337975,0.17500083,0.15535682,0.13641132
0.8464645698582793,0.79081327,0.9343581,0.95993,0.2265324,0.1359405,0.4264759,-0.012560344
0.8928934275737104,0.6735913,0.98074824,0.97640556,0.10074637,0.10804368,0.07105244,0.25938863
0.8929334597338389,0.66340494,0.9861053,0.97044146,0.07290507,0.18755919,0.07557932,-0.2402755
0.7698445513782054,0.5682407,0.9414072,0.956192,0.07385815,0.097606115,0.629846,0.3840467
0.8526357625430502,0.5415167,0.92097396,0.95669574,0.10608799,0.14000721,0.23616236,-0.13030775
0.8205553142212568,0.90610147,0.9600562,0.95454925,0.2597794,0.4222515,0.31784734,-0.23377031
0.9382274009096035,1.0456867,0.9881568,0.9867865,0.25263226,0.33762047,0.28078038,-0.17945883
0.8772010128040512,1.4288366,0.986782,0.9878117,0.16923434,0.324419,-1.4921007,-0.08928879
0.8918028632114527,0.5787761,0.9648011,0.9660649,0.09486591,0.13216555,-0.38465315,-0.3841465
0.6761434725738903,0.7405976,0.99193525,0.990494,0.07026655,0.10173914,-0.100983806,-0.4049888
0.8769352837411349,1.0630664,0.97104794,0.9689882,0.21314809,0.26973534,0.3149113,-0.026627552
0.7895579422317689,0.78438574,0.9559593,0.9593056,0.22206086,0.1601344,-0.119006135,0.22902632
0.8283332653330613,0.6674444,0.9393984,0.96747464,0.21179733,0.13097835,0.14222331,0.32288754
0.8357093588374352,0.8224498,0.9751548,0.9432552,0.15955116,0.3113553,0.45709467,0.073015854
0.9115158700634801,0.7808807,0.9880493,0.9696839,0.2016962,0.26540968,0.76936185,-0.17342257
0.9411590606362424,1.1462759,0.98438776,0.98791367,0.20476188,0.24418414,0.34588724,0.109737575
0.9474078216312866,1.4915504,0.98506516,0.9817198,0.19809361,0.6354197,0.78645784,0.1747476
0.920747938991756,0.82629615,0.9759464,0.9742814,0.15103221,0.22959177,-0.5438249,-0.66463906
0.9270754203016812,0.7268598,0.9748184,0.9853302,0.0960592,0.112554476,0.14826624,0.044426624
0.8599737438949756,0.7067831,0.9606918,0.97682416,0.14221841,0.139227,-0.010502081,0.23656489
0.860494161976648,0.6741213,0.9819271,0.9606114,0.12714103,0.1656109,-0.5600616,0.059107356
0.8765387061548245,0.80119276,0.9545485,0.96374065,0.22279608,0.23957597,-0.10655743,-0.2045776
0.8177467269869079,1.0413741,0.9701577,0.96230227,0.2859086,0.22547999,-0.29779023,-0.54151845
0.6550327001308005,0.6289872,0.94520336,0.9428312,0.09566869,0.12530774,0.35560498,0.27944642
0.9562531050124199,0.7191495,0.9856214,0.9822724,0.13687225,0.1578693,-1.097727,-0.10469459
0.9175584222336889,0.8556455,0.9795654,0.9631637,0.19861974,0.47215596,-0.20786972,0.13785934
0.8939575918303674,0.6131433,0.9804037,0.96547556,0.08620653,0.13154097,0.5598561,0.5547392
0.7516160944643778,0.78097904,0.9574076,0.9513477,0.21889807,0.14469923,-0.26456505,-0.034414925
0.7473391813567254,0.9389416,0.9699734,0.97367865,0.24012427,0.15695092,-1.407896,-0.94264567
0.7486168504674019,0.80070466,0.9762999,0.96376467,0.13688806,0.12990515,0.16780317,0.45084223
0.8739119436477746,0.6991322,0.98173094,0.96237695,0.08057095,0.25371772,0.63342005,0.6391071
0.8314929259717038,0.6476415,0.97257257,0.9630859,0.084865816,0.11374744,0.63374716,0.42845058
0.7084965619862479,0.7407089,0.9736035,0.95989126,0.1012896,0.15509196,0.663704,0.07126095
0.8675526862107448,0.6867791,0.96494853,0.9570712,0.12518261,0.15005781,0.22765245,-0.3707392
0.9134289657158629,0.826815,0.96638143,0.96642184,0.18646584,0.36419275,-1.4154704,-0.7660792
0.9141588566354266,0.573172,0.9909093,0.96693265,0.084340714,0.19889686,-0.075081185,-0.10157703
0.8802483529934121,0.5424019,0.96175635,0.947618,0.08012522,0.26518697,-0.85198265,-0.0980599
0.814693722774891,0.61532766,0.97388905,0.95737356,0.095754996,0.12976341,-0.17776883,-0.13398813
0.8566722906891627,0.43395218,0.9632566,0.9513032,0.04847176,0.10996991,0.2541021,0.16637707
0.851808911235645,0.7966554,0.98719877,0.97953427,0.1798543,0.1263578,-0.6079458,-0.45023745
0.6052797331189325,0.68135864,0.9637,0.94936746,0.083735995,0.12291752,0.3228674,0.18180056
0.7508030672122689,0.64081323,0.9489965,0.95378894,0.07995517,0.19656096,-1.0571973,-0.6225325
0.7765211860847443,0.72152483,0.9768378,0.9725953,0.13221121,0.086973034,-0.060918227,-0.70213944
0.6566868505078866,0.771893,0.9255279,0.9518008,0.11777663,0.1838065,0.7671642,0.5884392
0.8814110136440545,0.49807546,0.971719,0.9613429,0.061152488,0.14557889,0.061532766,-0.25692812
0.9375167100668403,0.69681996,0.98231757,0.97756857,0.113431945,0.18588448,-0.10139921,-0.159145
0.9062040728162911,0.9130287,0.9821721,0.97550714,0.38681504,0.24148837,-1.1002594,-0.012915213
0.9117769911079643,1.1127754,0.96607554,0.9619991,0.588489,0.58761793,-0.44744772,0.13446955
0.8591990207960832,1.033116,0.95438313,0.94812983,0.27753535,0.20045212,-0.1342595,-0.31246212
0.8779307117228469,0.8662421,0.97386724,0.97590786,0.2015394,0.16773133,0.9582681,-0.1142286
0.906441961767847,0.5884758,0.9653049,0.96944124,0.123251565,0.16789705,0.56494373,0.28241968
0.9509151956607825,0.90478116,0.9799566,0.9816839,0.3024421,0.21273707,-0.15627441,-0.385037
0.7372915891663566,0.70527714,0.9656886,0.96913785,0.09225773,0.12416137,-1.3548962,-1.0677824
0.7953265093060373,0.6213267,0.96840674,0.9693242,0.122773506,0.10934345,-0.2342961,-0.6024022
0.7135925503702014,0.76274765,0.9081062,0.94941264,0.23073646,0.1259849,0.1052896,0.00042714932
0.7451087084348338,0.5803787,0.9544991,0.9588436,0.08266551,0.1204016,0.33628333,0.5583952
0.9130108840435361,1.1567888,0.9618687,0.9695048,0.37308878,0.30253935,0.20216879,0.710059
0.8968928995715982,1.0369018,0.99355036,0.9760715,0.26508188,0.37821284,-0.1963928,0.31644863
0.23399920799683196,0.6627408,0.9282024,0.9391908,0.08191688,0.10168167,0.5251513,0.64458144
0.6617448549794198,0.58203125,0.94456846,0.94478846,0.07761209,0.13685344,-0.36931774,-0.14255868
0.8827095148380593,0.71726364,0.96269196,0.96734756,0.1851424,0.23006913,0.56545144,0.23394288
0.8978987915951663,1.2068477,0.9681136,0.96705085,0.6025416,0.6735369,-1.3908958,-0.2834153
0.8761159204636819,0.84046924,0.9596518,0.9681193,0.23791724,0.23872893,-0.7868093,-0.21857421
0.8456192864771458,0.5691356,0.9649499,0.9584582,0.071275875,0.09822167,0.39663413,0.21805976
0.9492711890847564,0.6289397,0.98400265,0.97711796,0.12243256,0.21047935,-0.3664808,-0.40151393
0.8856435745742982,1.248256,0.9890701,0.9905569,0.111351006,0.26646996,1.2943487,0.33484992
0.8255907263629054,0.9425257,0.97648376,0.9711366,0.27465987,0.1859537,0.007982578,-0.83226913
0.8503253213012851,0.74498963,0.9923873,0.983451,0.081699155,0.13010526,-0.78165823,-0.6320838
0.945693638774555,1.0112677,0.9949172,0.9876211,0.10870934,0.21316862,0.41654205,-0.11388981
0.9007968511874047,1.0749074,0.98369855,0.9728337,0.34154847,0.31812152,-0.17580067,0.07854764
0.9286936027744112,1.3055108,0.96313256,0.9764411,0.70140904,0.5523063,0.13055235,0.1565059
0.789441589766359,0.8334902,0.93547857,0.9496171,0.25125074,0.25071365,-0.25969318,-0.23487452
0.820752403009612,0.83860475,0.97686934,0.9725729,0.12096637,0.15640943,-1.0417209,-0.70061636
0.6700980403921615,0.7838511,0.92803586,0.9489366,0.16851881,0.1674247,0.28338125,0.35834208
0.8219199596798387,0.93109566,0.9570688,0.9509277,0.32793024,0.41219884,-0.3894391,-0.30573264
0.7581151284605139,0.978932,0.90649384,0.9463151,0.35737637,0.15369254,-0.22919732,0.11517619
0.8719020796083184,0.9660319,0.9856031,0.9772234,0.24127404,0.32177535,-0.012149714,0.099550754
0.8071971487885952,0.89391595,0.94742936,0.96062726,0.33815584,0.2626907,-0.58214194,-0.5683656
0.6836860307441229,0.6397831,0.94741154,0.94697875,0.109498866,0.106931396,-0.14259619,-0.34978777
0.8280219360877443,0.87836635,0.9816053,0.9882935,0.1147262,0.1614982,-0.09063983,-0.16565835
0.8816725186900747,0.9702063,0.9688184,0.9741573,0.24848172,0.24901582,0.08161404,0.29852635
0.7169543878175512,0.75978386,0.9384278,0.94642997,0.20561141,0.1322188,0.25885105,-0.17554466
0.88850621002484,0.65923065,0.97469145,0.97106594,0.09830502,0.17594375,0.013695917,0.20293956
0.8879303997215988,0.85342073,0.99069035,0.98106784,0.21078588,0.30654764,0.45994344,-0.73931193
0.6889982119928479,0.73755646,0.93085206,0.949427,0.13153084,0.14576776,0.67077494,0.6378537
0.9362368329473316,0.92660385,0.96629536,0.9660154,0.32121456,0.5649242,-0.2715744,-0.27001825
0.7207238428953715,0.8167603,0.9290062,0.9456714,0.115260266,0.27320004,-0.78165275,-0.34595367
0.9334725018900075,0.94742584,0.9870612,0.9828786,0.19539733,0.40915874,-0.38994113,-0.36047283
0.8701105204420818,0.7087736,0.9866717,0.96024555,0.11760841,0.27735767,-0.38815507,-0.31929985
0.8259670478681914,0.8363068,0.9454632,0.9631804,0.29146132,0.15568745,-0.6993882,-0.2839742
0.9511158364633459,0.6845361,0.9887451,0.9863981,0.09555296,0.16443503,-0.08880556,0.13634695
0.8711616286465145,1.2265394,0.9741662,0.96360856,0.43624133,0.5924669,0.23284498,-0.12739834
0.8865337861351444,0.6869302,0.9497261,0.97203636,0.17621745,0.13879511,0.1559788,0.21813291
0.6984735458941835,0.62252086,0.940709,0.95714587,0.08315613,0.1184859,-0.20880088,-0.18044569
0.9550853563414253,0.9472157,0.984345,0.9788809,0.373618,0.36886373,0.5733841,0.196033
0.912067776271105,0.79251426,0.96188176,0.96675307,0.16917962,0.28875774,0.17596588,0.36293977
0.8887406429625717,1.0378224,0.98975456,0.9823468,0.21734077,0.2850329,0.79946095,0.71303004
0.8739001356005424,0.8841239,0.9726609,0.96222913,0.27646458,0.36965817,0.01186688,0.08494196
0.8515186060744242,0.8924823,0.9510354,0.94670844,0.39627826,0.4918476,0.23521182,-0.2551509
0.9509338197352787,0.7126052,0.9796676,0.9767881,0.15771775,0.27523708,0.14821129,-0.33943528
0.8633209892839571,0.61384404,0.95957637,0.96177006,0.1005038,0.15032937,0.3157516,0.082542256
0.9453100212400848,0.7235349,0.98696345,0.98589873,0.19121252,0.16821045,-0.4019508,0.084491916
0.8778177192708772,0.89292413,0.9335468,0.9577847,0.34343746,0.27809885,0.18234973,0.25901198
0.807878463513854,0.7387592,0.9348422,0.9554806,0.18320495,0.17818211,0.2342875,0.30218506
0.8342725210900844,0.73389065,0.96677047,0.95558137,0.17037831,0.24971999,0.1559242,0.42270324
0.8647391069564277,0.68399733,0.9613161,0.9702182,0.104237266,0.19157542,-0.96616584,-0.47441432
0.8592685250741002,0.7428083,0.98873526,0.98414814,0.08684136,0.16480675,0.11105685,0.3372764
0.7370278761115044,0.7342126,0.9759523,0.95180863,0.17913043,0.19970939,0.2910753,-0.09734401
0.7960407521630086,0.8624552,0.99190897,0.9847596,0.10892192,0.18951394,-0.7085404,-0.8144672
0.91824914499658,0.6414318,0.9839128,0.97783536,0.087217614,0.15352674,-0.033503916,-0.3098243
0.8682828651314606,0.60478,0.96792984,0.97149646,0.10686177,0.13184637,0.12728466,-0.30426878
0.7987477709910838,0.7026559,0.9706878,0.9561356,0.09116725,0.15767655,0.2961038,-0.29171163
0.8593099972399889,0.80409116,0.9650363,0.98149854,0.16650274,0.13591273,0.46156237,0.0034263155
0.6966483073127888,0.6071503,0.9852653,0.9570608,0.06996376,0.09793011,-0.059306316,0.34615046
0.8317784311137244,0.6771821,0.9455994,0.95611066,0.16229637,0.22909848,-0.25839478,-0.02940734
0.914570026280105,0.68054897,0.9718636,0.9731119,0.080320634,0.17950013,-0.74286044,-0.41687152
0.8782203448813796,1.0004255,0.93917686,0.9624323,0.29789603,0.46869242,-0.9826958,-0.7514125
0.7942182808731234,0.6206341,0.9365808,0.9609977,0.08816372,0.107394494,-0.54184145,-0.6921776
0.8449943239772959,0.8112329,0.99084157,0.978592,0.10652708,0.1858683,-0.18780763,-0.19141036
0.9144685538742153,0.6981877,0.966599,0.9679846,0.17927238,0.2512327,-0.66349876,-0.087152645
0.8362388009552039,0.7162448,0.98218364,0.9635384,0.1381775,0.10382981,0.22161074,-0.25815022
0.8636450865803463,0.65953255,0.95857924,0.94788015,0.12246415,0.2634447,0.23425949,0.021300318
0.803630350521402,0.7600997,0.9645912,0.94195867,0.14171018,0.18173884,-0.17146422,0.037823703
0.900878643514574,0.9031789,0.9800149,0.98232317,0.16227266,0.118145555,-0.122801036,-0.26951718
0.8055742622970492,0.9086509,0.96890265,0.9637984,0.18073405,0.18840857,0.40196347,-0.25526762
0.8696192864771458,0.65647054,0.94602716,0.95391,0.17025712,0.23176673,-0.8771686,-0.48330843
0.9115424621698486,0.79500896,0.9815445,0.97791743,0.16548201,0.20630004,-0.29795456,-0.32663336
0.8979042636170543,0.7763254,0.98875785,0.98580384,0.107297026,0.14781074,0.52019644,0.09897818
0.894053688214753,1.0980161,0.9550885,0.94758683,0.46374628,0.8352522,-0.55794775,-0.3464559
0.6113028932115728,0.7452143,0.9417173,0.9418753,0.10183133,0.13452448,-0.43307063,-0.1208415
0.7595746222984893,0.7745039,0.95665,0.9569357,0.1331891,0.11074934,0.75876886,0.614714
0.9434144936579748,1.0855289,0.9718348,0.9659572,0.32800058,0.7832946,0.6452654,0.11614322
0.6458596714386857,0.5305802,0.9043527,0.9337632,0.08205921,0.12724514,0.28674537,0.47197416
0.897817383269533,0.83149934,0.97140956,0.9514896,0.15754768,0.17807606,0.58916026,0.34256482
0.8340156240624963,0.8494793,0.9862433,0.9729094,0.15343107,0.21967547,0.64781797,0.4765458
0.9082556970227881,0.8481848,0.9861549,0.9714542,0.28593764,0.20977099,-0.044995427,-0.19149868
0.7650185160740642,0.5990457,0.9321358,0.9421157,0.09202215,0.12861787,0.011544372,0.06339334
0.6915820623282493,0.6562776,0.9522221,0.93585175,0.08741257,0.11325403,-0.5565807,-0.6386221
0.9209792039168156,0.83887905,0.96900165,0.9730947,0.2515017,0.2900542,-0.38939482,-0.38101804
0.8662838491353965,0.6963982,0.950777,0.95400983,0.16980378,0.2335163,-0.3496628,-0.18207113
0.892754899019596,0.8061686,0.97933173,0.97845453,0.15627292,0.18904872,-0.7647744,-0.29943666
0.933868983475934,0.55897254,0.9863486,0.9750814,0.12686141,0.13367753,-0.8978993,-0.5541229
0.6989092916371665,0.73997927,0.9197109,0.9246883,0.1928113,0.18004197,-0.33928707,-0.12708755
0.7428656594626378,0.5193693,0.9548122,0.94232816,0.07840475,0.10473899,-0.07378136,-0.006112554
0.8469981399925599,0.72549576,0.9576729,0.9566342,0.19404784,0.1659141,0.3320636,0.15735342
0.8983709214836859,0.88931435,0.9842716,0.9649174,0.15320916,0.3196185,0.13241929,0.026579203
0.5670192600770403,0.5579425,0.90143085,0.9187743,0.08716741,0.101547755,0.8262358,0.6500865
0.9614101496405985,0.7770433,0.9944713,0.98666906,0.14392063,0.22538815,-0.76314014,0.15510263
0.7112234528938116,0.75354654,0.92763174,0.92677724,0.15515827,0.1802521,-0.47449735,-0.29401946
0.8993419653678614,0.7817692,0.9901156,0.97259235,0.16519879,0.1947967,-0.7431488,0.05145741
0.6604665138660554,0.58590096,0.95187855,0.9428911,0.1261703,0.15186647,0.0667204,0.3406512
0.9046323545294179,0.7255167,0.98852533,0.97917205,0.13834846,0.1606286,0.03069294,-0.21536103
0.8269254197016788,0.8733952,0.9617233,0.95007575,0.2667751,0.21777928,-0.54590243,-0.29546133
0.9209246756987026,0.89896977,0.9818752,0.9698832,0.2428057,0.326932,-0.114867665,-0.071506366
0.7945031140124561,0.8407785,0.9675234,0.96064883,0.21831049,0.13884489,0.13465351,0.07899659
0.8811066924267698,0.8084721,0.9882929,0.96203214,0.21975414,0.2963622,0.36599013,0.5947305
0.8185172260689043,1.0492945,0.96232307,0.9498082,0.32971478,0.2884269,-0.29506102,0.18827268
0.8951324445297781,0.9117647,0.9484414,0.95905447,0.37019837,0.3381615,0.31133363,0.041926987
0.8076411505646022,0.6950932,0.9749594,0.94444734,0.09159735,0.25286686,0.7801722,0.4396439
0.8509298357193428,0.8779848,0.9394905,0.95593435,0.33245283,0.2871999,-0.00074714574,-0.10442244
0.8909195636782548,1.123361,0.97893435,0.9629798,0.37436277,0.4538892,0.07267675,0.16294594
0.7970534602138408,0.7045067,0.9489545,0.9307204,0.14001952,0.16832173,-0.072669275,-0.23066223
0.8569381157524629,0.7291587,0.9565066,0.9531756,0.12401107,0.18243638,0.124520294,-0.04366246
0.8919667358669434,0.8651363,0.9851048,0.96771353,0.15337782,0.31943762,-0.013768034,0.08786799
0.7072883971535885,0.8337147,0.915426,0.9424682,0.1951393,0.16287848,0.10501984,0.30656722
0.6142851451405804,0.8143627,0.93353266,0.9442717,0.17270306,0.16114254,-0.3647098,-0.18838689
0.9344250177000707,0.9188791,0.96727955,0.9680927,0.3978573,0.38905373,0.4107078,0.2944792
0.623941439765759,0.7632816,0.9470892,0.95962185,0.14541706,0.09784592,-0.068610355,-0.84660476
0.8456461665846662,0.6637042,0.96738803,0.9593466,0.09383274,0.17225547,-0.06626555,0.30000716
0.8590930363721454,0.8453603,0.9336118,0.94948906,0.3241509,0.37768283,1.182497,0.50374895
0.8762461929847718,0.7464496,0.9687346,0.9603031,0.14721829,0.24675123,-0.23299128,0.061081216
0.9115066540266161,0.998081,0.9766304,0.95409656,0.28292295,0.8140334,-0.7413761,-0.05971515
0.8066323785295141,1.0339441,0.91887265,0.95530754,0.50736195,0.25664356,-0.25073713,-0.088879965
0.7901694646778586,0.9522957,0.99106723,0.9689558,0.17114805,0.27281052,0.375646,-0.61705273
0.826937131748527,0.7568729,0.9513928,0.9573898,0.12820086,0.18091093,-0.47147563,-0.12260468
0.6699196716786866,0.60517097,0.9435144,0.93248314,0.09062194,0.13790736,-0.14741333,-0.3295249
0.8960277441109765,0.6567182,0.96635896,0.9551405,0.11847856,0.17968287,0.24118376,0.6594981
0.7833239652958611,0.8860695,0.9494598,0.96022767,0.26102167,0.14855823,0.024363562,-0.070953995
0.6500601682406729,0.55234075,0.89985186,0.92440397,0.11721749,0.13513213,-0.26189896,-0.21476418
0.902760731042924,0.79605925,0.98816884,0.973127,0.17687975,0.26199928,0.79695034,0.5014677
0.8495776703106812,0.72663176,0.9264474,0.94197196,0.23151904,0.17824,-0.26159692,-0.34205043
0.7857297349189397,0.5792436,0.96432096,0.9474169,0.08125533,0.14570414,-0.43144387,-0.28719544
0.7436972147888591,0.8386567,0.94430995,0.9402252,0.20587294,0.28286314,-0.4044806,-0.23979698
0.7789786999147996,0.687126,0.96271616,0.95602155,0.121666096,0.13932177,0.3728084,0.5430115
0.8239478717914871,0.65349996,0.9640661,0.951947,0.08171758,0.1597887,-0.12484464,0.08893601
0.777135396541586,0.7901128,0.94234335,0.9647796,0.2304763,0.14354499,-0.16313706,0.10171773
0.70212751251005,0.9059281,0.9533154,0.93077695,0.2302336,0.14936228,0.39489147,0.37162372
0.9315815823263294,1.167708,0.9817219,0.9638503,0.53954846,0.5380592,0.14192371,0.05498601
0.9550835323341295,0.7620001,0.9928729,0.9825077,0.1292216,0.22631547,-0.16692246,-0.27870026
0.8726019224076895,0.7649881,0.9471151,0.9743079,0.25977048,0.13130929,-0.3646211,-0.3490279
0.7201789447157789,0.8050969,0.9518038,0.9277474,0.18098079,0.15787406,0.1266346,0.39300185
0.7736513506054024,0.6053567,0.96004504,0.94838226,0.10369878,0.17444359,0.7512674,0.3578793
0.7615217020868082,0.69493884,0.932485,0.93756765,0.18337823,0.1467258,-0.08816237,-0.28277233
0.6277084948339793,0.70337397,0.96916866,0.92905337,0.124914706,0.1585749,0.031350102,0.22266328
0.8581945687782752,0.6787708,0.9750737,0.9735496,0.1097517,0.12448489,-0.09640245,0.0922363
0.8216442465769862,0.55686843,0.9025967,0.9379755,0.10937435,0.1595944,-0.17077003,-0.3861233
0.7948722354889419,0.8172411,0.9434092,0.96558344,0.22672893,0.17025667,-0.9076932,-0.5794
0.8098052872211489,1.099311,0.95150304,0.9621865,0.38544878,0.26974156,0.66884685,-0.12036002
0.9016415585662342,0.979817,0.9615631,0.9638124,0.2101282,0.41381654,-0.23171283,-0.23351179
0.9329026436105744,0.8538314,0.99067265,0.9762295,0.22292247,0.34335452,-0.19042529,-0.04487439
0.6492634610538441,0.6292451,0.9545499,0.9218737,0.105133645,0.13809943,-0.34017518,-0.5659745
0.5179995439981759,0.5735207,0.9187446,0.91908014,0.12882231,0.10451969,-0.077219345,0.004878789
0.7684847059388238,0.702143,0.9435179,0.94896525,0.12550282,0.16406058,1.4413851,0.9875234
0.9136817347269389,0.7713696,0.9848981,0.97507507,0.17013623,0.19214097,-0.16207851,-0.202181
0.8534363097452391,1.0645634,0.971537,0.9714212,0.36980823,0.40792608,0.45058212,0.50955486
0.8452757011028044,0.52269363,0.97335917,0.95216525,0.10054466,0.15769067,0.8841005,0.751994
0.9085030900123602,0.89327914,0.97717625,0.97163785,0.09276835,0.24809761,0.03683369,-0.17135575
0.9410885003540015,0.7172211,0.9945455,0.9721235,0.12004873,0.24844117,-0.079336375,-0.21325213
0.8245626582506329,0.74623084,0.9746002,0.9762998,0.148233,0.114680074,0.34490234,0.15565898
0.5212868851475406,0.6187462,0.95466435,0.9217909,0.07983501,0.12405051,-0.050956678,0.01598544
0.9019108396433585,1.0980194,0.98960423,0.97974783,0.24752979,0.32930887,0.075075515,0.33319014
0.7652695570782282,0.9019412,0.9694051,0.9307656,0.26932725,0.24638933,-0.28190905,0.38628623
0.9319544478177912,1.9578949,0.99077654,0.99060386,0.23681831,0.3998341,0.31342426,-0.20015468
0.9484312817251269,0.9245481,0.9882793,0.9827271,0.186452,0.23284547,-1.2318752,-0.1855567
0.6923920175680702,0.9977283,0.9108199,0.93700224,0.47774965,0.19122222,-0.10846732,0.19831192
0.7828984915939663,0.718212,0.9873424,0.93241715,0.093418084,0.14025971,-0.35503578,-0.46978378
0.9215453181812727,1.0573186,0.98683053,0.9732767,0.5171847,0.35625055,-0.607917,-0.31339112
0.8218414313657254,0.79435825,0.9353075,0.95472395,0.2171138,0.14636292,-0.30502266,-0.22966263
0.8695545822183289,0.6441705,0.9266161,0.95548016,0.16175039,0.16190204,0.37435034,-0.09808385
0.8585958503834016,0.6443166,0.9823253,0.96955657,0.08890016,0.14424397,-0.19025682,-0.5326165
0.7648288193152772,0.66124815,0.93467355,0.94807136,0.13746294,0.13180232,0.6137843,0.45555872
0.9118363193452774,0.8229282,0.9722397,0.97198284,0.2236257,0.17742628,-0.14720924,0.01398359
0.87874719498878,0.71639633,0.9391147,0.96074164,0.2374064,0.1892569,-0.4108815,-0.22879821
0.83812463249853,0.7336609,0.9319775,0.95248914,0.3011326,0.26602164,0.09442212,-0.06679326
0.7648845955383822,0.7468109,0.9354975,0.95950425,0.14650072,0.14863014,0.06058521,0.005365994
0.8749830199320796,0.8366137,0.9838187,0.95882905,0.2771149,0.3136019,0.1508996,0.42262033
0.7527061788247152,0.65376765,0.9382217,0.9578472,0.15955383,0.12743156,-0.14630735,-0.13301313
0.7090464521858088,0.81177264,0.9574954,0.96330816,0.13742602,0.12886228,1.0560331,0.7248538
0.6702838971355884,0.6837187,0.938093,0.95109385,0.14385317,0.129383,-0.10213747,0.44770518
0.8514927819711279,0.7946115,0.9799626,0.9663433,0.16823949,0.1514839,0.35968167,-0.09357287
0.869626870507482,0.60713327,0.9755921,0.9639573,0.07621883,0.15348297,0.9819656,0.5246451
0.7885820983283932,0.73911774,0.9589498,0.95622706,0.12612072,0.12350587,0.30455914,-0.057098653
0.877503222012888,0.7312494,0.9660068,0.9571323,0.2283214,0.21749587,-0.38734055,-0.63564
0.8176164544658179,0.67382085,0.96786475,0.95732766,0.12440902,0.2137125,0.49430624,-0.02021335
0.8634916779667118,0.6878562,0.97464657,0.96158475,0.12869637,0.20760441,-0.7285333,-0.31223735
0.9107536270145079,1.0919015,0.9790991,0.96311015,0.40860328,0.57159305,0.037358798,0.20148976
0.8961781767127067,0.9082385,0.98540026,0.9635414,0.24247555,0.34768617,0.7255633,-0.3771052
0.9422705530822122,0.89215225,0.9888777,0.9825663,0.14904648,0.17644477,0.8840534,-0.23373087
0.8804771219084877,0.6632751,0.9790593,0.9808793,0.07669955,0.09430144,-0.04458201,-0.2674377
0.7542418009672038,0.52825636,0.9507036,0.9572738,0.070499465,0.10016088,-0.33311424,-0.27508464
0.804809523238093,0.72723323,0.97368246,0.96442276,0.1549402,0.19014351,-0.94197744,-0.33817166
0.7821280885123539,0.99955606,0.9793614,0.97375125,0.30537707,0.18196477,0.7562902,0.686538
0.9280863043452173,1.1951864,0.99474347,0.9734891,0.27291045,0.28642976,0.05243449,0.47397023
0.8445776823107293,0.92973125,0.96261895,0.9646343,0.31883192,0.2268036,0.05176391,0.3084952
0.9112640610562441,1.0065995,0.9631695,0.97269523,0.30389154,0.30547023,0.60314506,0.42366365
0.31190486361945446,0.53663594,0.8569484,0.948467,0.07054459,0.07946882,-0.5036562,-0.46610656
0.8638552314209257,0.99325657,0.9730761,0.9622526,0.3506671,0.24099366,0.17429723,0.11249423
0.8746469225876904,0.75963855,0.9670408,0.96742064,0.16229713,0.26757053,-0.8852152,-0.3408121
0.8278133272533089,1.0351814,0.9533071,0.961461,0.44127607,0.1663436,-0.5299974,-0.2824274
0.8617852711410845,0.7645585,0.9649426,0.96618134,0.17025205,0.12830696,-0.65923774,0.009995823
0.840058464233857,0.5567751,0.9479888,0.9674135,0.08201502,0.11352409,-0.5797422,-0.34761536
0.8818657674630699,0.60975987,0.96627384,0.9704862,0.09667981,0.1779133,-0.3055426,-0.2638056
0.7820523442093767,0.6609413,0.94642985,0.96418935,0.09145895,0.12917411,0.17453381,0.34004855
0.7638193752775011,0.65098774,0.930211,0.9611957,0.15677877,0.11926697,-0.87219733,-0.43913224
0.9316177744710976,0.66088164,0.99317,0.98045146,0.09231734,0.13584276,-0.06518321,0.30525985
0.7930380521522086,0.5178031,0.97519034,0.95599514,0.08989008,0.13177964,0.9101396,0.6607627
0.8666480745922983,0.59553087,0.9701204,0.9629058,0.13626917,0.13634622,-0.22335935,0.04686544
0.9365677462709852,0.5839711,0.96657306,0.9767749,0.099683076,0.11585181,0.8795618,0.36334518
0.9052010608042432,0.9912605,0.96096385,0.96786124,0.38144708,0.23132756,-0.066903025,0.26153412
0.9205177300709202,0.7584041,0.98929685,0.97649676,0.14339052,0.16776875,0.46553802,0.042927995
0.6369549638198553,0.7383923,0.97361,0.9644859,0.14694569,0.12999868,-0.2916441,-0.8474511
0.8637896631586526,0.63154477,0.97612506,0.9675949,0.12505795,0.13571516,-0.62703377,-0.29155052
0.76712553250213,0.7711031,0.98028547,0.96680266,0.12900975,0.13899563,0.39769056,-0.6529026
0.7034166056664226,0.84666544,0.95037246,0.9598656,0.14443223,0.18377714,-0.6597276,-0.25961488
0.8292620690482762,0.79802644,0.9618814,0.96105635,0.19229878,0.23078306,-0.3024873,-0.21122116
0.8982369049476199,0.9876168,0.9612074,0.9709676,0.19342461,0.33267188,0.2190343,0.1647405
0.6713425893703574,0.86925924,0.9271919,0.9585506,0.2191349,0.14381206,-0.5871434,-0.49050552
0.6645888663554654,0.49776882,0.9698802,0.9499878,0.063122116,0.07806586,-0.26858008,0.15131989
0.6318521594086376,0.62259746,0.9397647,0.9518243,0.11624065,0.07944092,0.3310763,0.12198638
0.8215180060720243,0.628602,0.99209565,0.96897477,0.085549474,0.13514729,0.1618188,-0.19260663
0.9068477553910216,0.56107026,0.9903244,0.9725789,0.07798692,0.13591273,-0.7111085,-0.36076623
0.8842424489697958,0.73611265,0.97550654,0.9620342,0.1732062,0.24681471,0.4428452,0.2773074
0.9432254689018755,0.76381004,0.9576924,0.9799159,0.1956782,0.18024032,-0.0785774,-0.16145167
0.7585161220644883,0.580062,0.98167616,0.956279,0.068256274,0.13884073,-0.6926195,-0.5671686
0.8760425761703047,0.6907634,0.96742725,0.9669083,0.13595445,0.19082838,-0.36866,-0.08717896
0.8635200940803763,0.88622874,0.99270886,0.9689039,0.12914845,0.16545838,0.53854483,0.61365396
0.8460216240864964,0.68556625,0.960381,0.95413387,0.16491102,0.124393634,-0.6664375,-0.7453248
0.8709967959871839,0.6858753,0.9777836,0.9731363,0.07414676,0.15295203,-0.35647622,-0.28541756
0.7667048588194353,0.88111347,0.9803516,0.96445173,0.140562,0.16532439,-0.13086317,0.14359692
0.8636039024156097,0.81218654,0.96694237,0.9759544,0.20802243,0.22682236,-0.537121,-0.30450693
0.8195307021228085,0.5922387,0.9658864,0.957746,0.088256225,0.10786069,0.03234687,0.2729817
0.9143374173496693,0.9135634,0.9774685,0.9716286,0.2581525,0.20539455,0.54839534,0.17727035
0.7863288733154932,0.90526044,0.9072809,0.95698094,0.3880588,0.23452508,0.3822816,0.2963099
0.9440840963363851,0.6915325,0.9944987,0.98331535,0.098059885,0.13711493,0.49140227,0.018645072
0.7531060204240817,0.704773,0.94360495,0.957329,0.11602869,0.10212923,-0.46933773,-0.2501863
0.5010747722990891,0.92909044,0.93722636,0.9550458,0.15445937,0.14472026,0.13151598,0.012336198
0.8207427069708279,0.743648,0.9470916,0.95132357,0.18851991,0.2621515,0.07999907,-0.22545289
0.9104943299773199,1.0708768,0.9869641,0.9723323,0.37211162,0.38053283,-0.27765897,0.17562303
0.7479930399721598,0.65304583,0.9274139,0.9531841,0.15187487,0.107197255,0.046113215,0.12432102
0.8832353089412357,0.6451928,0.9737085,0.96411353,0.17005819,0.2256493,-0.019491265,0.35178402
0.8301182004728018,1.0508177,0.9230382,0.95551723,0.7012404,0.42700148,-0.1258269,0.21060987
0.7653208212832852,0.564426,0.94525695,0.95197207,0.0973277,0.113851115,0.00045767002,0.09404467
0.8044747698990796,0.6560507,0.9503672,0.96969587,0.08531208,0.11293573,0.25508437,0.21124281
0.7603014412057648,0.8830635,0.9898076,0.9648252,0.12056253,0.17674164,-0.18239212,-0.87780607
0.8500805203220813,0.7879842,0.9709357,0.9601489,0.10385567,0.16431688,-0.17190193,0.17263603
0.9528026592106368,0.61549985,0.9802774,0.9754393,0.1167651,0.23898387,-0.24853094,0.020710412
0.9299632078528313,0.78977644,0.9799234,0.9793163,0.17840767,0.20051,-0.23186038,0.07141085
0.7856903747614989,0.5119801,0.9449653,0.95880425,0.070940346,0.101377785,0.79684067,0.48339015
0.7415719582878331,0.59241104,0.95497006,0.9571801,0.08312967,0.09776079,-0.16516957,-0.3030021
0.9314825099300398,0.7920366,0.99091077,0.98273057,0.09172169,0.13181119,-0.28561962,-0.11948915
0.8666152424609699,0.923117,0.9846633,0.97718364,0.27461416,0.16763768,-0.3968221,-0.17440452
0.8779572078288312,1.1970912,0.9490666,0.95491546,0.6010693,0.4821006,0.22682215,0.08905941
0.5984893379573517,0.69920266,0.9394553,0.94983596,0.1219393,0.08588894,-0.37328628,-0.096084476
0.8707130188520754,0.80480874,0.9540982,0.9646318,0.2676388,0.2145644,0.27255297,0.09645987
0.7790973563894256,0.8115992,0.97688097,0.9633424,0.1292926,0.12875994,0.042694774,-0.108465314
0.8793257893031572,0.81362873,0.98317045,0.97343904,0.17553185,0.24511112,-0.15464206,-0.39697182
0.9042790731162924,0.75770295,0.98475015,0.9721204,0.12843585,0.16557552,0.3083699,0.124603346
0.882262537050148,0.66650397,0.97560984,0.9687842,0.07224989,0.13490792,0.3705759,0.051355455
0.9165478481885412,0.93428934,0.9785252,0.97317976,0.19227505,0.17963356,-0.3657186,-0.41243446
0.8690497161988647,0.7315065,0.9689917,0.96306694,0.18619952,0.17431058,-0.8086765,-0.71368605
0.8397093108372433,0.7159283,0.97603744,0.96855986,0.123542376,0.17070311,-0.2600157,-0.46329394
0.8019254797019186,0.84885764,0.9843424,0.9588479,0.14036453,0.16137074,0.2704658,0.8121999
0.8655738302953212,0.81616485,0.9862433,0.96528035,0.15343107,0.27540228,0.64781797,0.7390015
0.8594438217752871,0.8327215,0.94400746,0.9651866,0.24493074,0.26203176,-0.82240725,-0.5271491
0.8776872547490189,0.5369756,0.9635402,0.97111744,0.08240344,0.13993342,0.44985938,0.4450756
0.9040405121620486,0.9529202,0.96673,0.982003,0.20787218,0.16058807,-0.96620256,-0.42635372
0.7430462361849447,0.6102901,0.9150115,0.9555899,0.14025483,0.0938926,-0.67476255,-0.29105067
0.7804977139908559,0.7004549,0.9802954,0.95842636,0.15045395,0.09533764,1.0333774,0.3512503
0.843251437005748,1.033501,0.96641195,0.9571591,0.36219582,0.4612897,-0.10807744,0.034185454
0.8868775635102539,0.8991632,0.95439124,0.96664274,0.2808596,0.1837606,0.38945803,-0.03267589
0.7675835503342013,1.0856222,0.92991954,0.96254396,0.31272125,0.29408443,-0.9361498,-0.49006748
0.8049737992145681,0.67380166,0.9659166,0.94971305,0.12173794,0.21522078,0.017728016,-0.48810393
0.8532196368785475,0.6447388,0.952923,0.95811284,0.07829784,0.13075805,0.6882313,0.31076312
0.8619249516998068,0.7863302,0.9790192,0.96554404,0.12927811,0.17353523,0.10253606,0.48193312
0.752498817995272,1.0215245,0.9674267,0.95666397,0.18955977,0.26292163,-1.3301562,-0.80864495
0.9421385525542102,0.66530085,0.98516995,0.9811662,0.13283505,0.21152653,0.30282637,0.35823944
0.8543621374485498,0.87640214,0.94737315,0.9618857,0.25187638,0.20964561,-0.8093479,-0.3186413
0.946191688766755,0.9122436,0.9905446,0.9892153,0.19897571,0.22111045,-0.43858212,0.23868676
0.7493842775371101,0.7419252,0.9520536,0.9542371,0.17485757,0.15068872,-0.06403488,0.4454346
0.9595786543146172,0.83929247,0.9922905,0.98523015,0.18345436,0.26950753,-0.027983494,-0.082055524
0.8812427249708998,0.6453457,0.98767096,0.98288625,0.0721866,0.10618096,-0.27306858,-0.0034272
0.8673653894615578,0.86930186,0.96966916,0.9668,0.28091267,0.2717002,-0.43246633,-0.09347151
0.7865994023976096,0.76101303,0.9559518,0.9468609,0.20998006,0.2586742,-0.27448854,-0.6278489
0.9007911871647486,1.0675437,0.9574876,0.94891423,0.6356718,0.71163726,-0.031640902,-0.26903367
0.8735227580910323,0.65924704,0.9799092,0.9714291,0.18122612,0.17454123,-0.22549295,-0.05248649
0.736693602774411,0.6883097,0.9391112,0.9536305,0.15870611,0.14446348,0.67355984,0.38026303
0.8232899811599247,0.62978464,0.9205503,0.9649003,0.12200931,0.11517843,-0.59900767,-0.42634937
0.7114470377881511,0.62735444,0.9431356,0.961096,0.11286554,0.11332848,-0.8842408,-0.7009391
0.9101109044436175,0.84756863,0.9784337,0.97908366,0.2711064,0.32601076,0.81383145,0.3251428
0.9132204528818116,0.8452241,0.9949574,0.9888958,0.14346458,0.23479494,-0.102146626,-0.44026077
0.6605723062892251,0.6131629,0.9237468,0.94072795,0.114288785,0.1148454,0.12610734,0.31034943
0.6512260929043716,0.50334793,0.9484476,0.94674724,0.05904655,0.107570425,-0.34893835,-0.23385267
0.8709152916611665,0.6376524,0.9682346,0.95713735,0.10160536,0.16831996,0.20854372,0.17679091
0.9323110892443571,1.1662681,0.9789463,0.96840715,0.4000855,0.46674198,-0.9152323,-0.06743609
0.7388019632078529,0.8422692,0.9655964,0.9606016,0.22755429,0.14726385,0.24238218,0.54129016
0.7718233112932451,1.0118741,0.98944527,0.9767548,0.23548749,0.355736,0.44070995,0.717241
0.9102273529094117,0.6970388,0.9389047,0.97079176,0.29074955,0.18022108,0.35197046,0.31186655
0.868945075780303,0.855149,0.9862433,0.96747774,0.15343107,0.2190194,0.64781797,0.7200745
0.9010805323221293,0.8402737,0.9760106,0.9761633,0.1830388,0.13422239,-0.3731528,-0.037499852
0.9079833439333757,0.8556284,0.9823343,0.9578582,0.15547605,0.39836356,-0.0002561951,0.11268477
0.8687731390925563,0.6366479,0.99195683,0.9836449,0.07241672,0.09913044,0.34038493,0.6213179
0.8893536054144217,0.54009193,0.95053744,0.966244,0.11279785,0.097265325,0.026992403,-0.13775101
0.8951737246948986,0.6316079,0.9825856,0.97686183,0.058344685,0.15495996,-0.5377496,-0.41633904
0.8382862011448046,0.6161423,0.9853022,0.9573687,0.12402961,0.099910416,0.124784455,0.82321584
0.9103168252673011,0.8957708,0.96436894,0.96877337,0.38584104,0.3630297,0.04618313,0.021216802
0.9292258289033155,0.84272844,0.9911982,0.9803292,0.20454228,0.22149457,-0.114644624,0.015787613
0.9139729998919996,0.95761085,0.97893435,0.96753716,0.37436277,0.54290986,0.07267675,0.16492213
0.9483538094152377,0.73957676,0.9856396,0.9775592,0.12893184,0.13686548,0.052655037,0.1768748
0.8437725270901082,0.9461221,0.9328071,0.96146303,0.35566765,0.34398192,-0.84872186,-0.55426276
0.7243405613622453,0.64586955,0.9531305,0.93479,0.10802758,0.121463835,-0.5831595,-0.18320945
0.8641664646658587,0.6156539,0.96407485,0.97432494,0.09775577,0.11083469,-0.42738277,-0.015022391
0.7715248460993843,0.8762324,0.9735049,0.9518934,0.19698624,0.19688241,0.054839097,-0.076357044
0.7917982071928287,0.8740755,0.9601492,0.95521885,0.24202529,0.19001657,-0.85714245,-0.37593928
0.8698954795819183,0.7234978,0.9486147,0.9587449,0.23497865,0.22120848,0.043258317,-0.17068233
0.7288956835827344,0.54996896,0.96425503,0.94993657,0.062105093,0.09076109,-0.36719745,-0.33371332
0.8042345769383078,0.69289327,0.96272,0.9450123,0.15878628,0.13361523,-0.3856928,-0.5014002
0.9132730610922444,0.8327026,0.957612,0.9677935,0.24570613,0.32520077,-0.55080676,-0.34896594
0.8306774027096108,0.7670805,0.95815617,0.95296526,0.23109144,0.1335416,1.0005562,0.4979355
0.8979643598574393,1.2923052,0.9737956,0.98695564,0.33076438,0.24045075,0.54173225,0.2872529
0.8667091308365233,0.68002135,0.97919786,0.96973944,0.1148855,0.15766892,-0.041682605,-0.585742
0.9102900411601645,0.75479203,0.9773171,0.96599865,0.20927182,0.24331911,-0.35659605,-0.7778478
0.9049065316261266,0.7313011,0.97385854,0.9520961,0.19658814,0.45538527,-0.125995,0.31595117
0.8500971283885136,0.57628363,0.98940676,0.98097456,0.07982226,0.12713847,0.7681225,0.6855074
0.8052137808551234,0.56484234,0.96204895,0.95114094,0.06617074,0.15644541,-0.3692461,-0.59277016
0.9058501194004777,0.59571236,0.97130746,0.9664967,0.12734371,0.1745385,0.2274496,-0.08242495
0.8166381145524582,0.8688262,0.97337496,0.96020406,0.13862805,0.15312663,-0.3919142,0.11355446
0.9466467305869224,0.8805619,0.97953,0.9795864,0.18737976,0.3553412,-0.48257217,-0.3573153
0.9546150504602019,1.175167,0.9693986,0.9708337,0.48291543,0.34293157,-0.0075939978,-0.2377879
0.9244664178656713,0.65970254,0.9926135,0.9697787,0.14206544,0.20120157,0.3957435,0.03319653
0.8103141852567409,0.743987,0.9712198,0.95108527,0.17013504,0.15991153,-0.326289,-0.12602864
0.8534299737198948,0.9394148,0.9732084,0.9691855,0.20791763,0.25734794,0.03983991,-0.5731398
0.8765024180096721,0.65742123,0.9854035,0.96032864,0.08461098,0.23730278,-0.27689895,0.0096071195
0.7905598022392089,0.7742369,0.95855176,0.9549594,0.18839775,0.16787317,-0.6785636,-0.79372096
0.6201329125316501,0.67508775,0.9525301,0.9463313,0.13168801,0.10306791,-0.48553944,-0.4541143
0.910058104232417,0.8448405,0.98143,0.97538894,0.25517514,0.26377162,0.41539153,0.13657086
0.9281376645506582,0.82265145,0.9785791,0.9762815,0.26710016,0.24981028,0.61890584,-0.09982314
0.6928051072204288,0.6923792,0.9787242,0.95631903,0.08135441,0.10755425,-0.4019537,-0.08679701
0.8818688394753578,0.65152967,0.96126735,0.9665141,0.15689117,0.24030618,-0.4789042,-0.6072557
0.8607280189120756,0.6922857,0.9862007,0.97939956,0.12297318,0.12212548,-0.17257367,-0.1438046
0.8685955383821534,0.51532215,0.96318096,0.9693228,0.06704478,0.11322819,0.37191176,0.661454
0.7504996099984399,0.75868523,0.982225,0.9440388,0.20105505,0.15659432,-0.42312625,-0.75101495
0.8618541994167976,1.0633194,0.95316106,0.9566134,0.5335825,0.53225064,0.36172986,0.36317483
0.8821390805563222,0.7878099,0.9484487,0.9727031,0.16453232,0.18611982,-0.8798614,-0.38780683
0.8806425305701222,0.7014356,0.9869211,0.965354,0.152033,0.2062233,-0.50089604,-0.51248425
0.7811036684146736,0.7507065,0.9508092,0.95266896,0.14630409,0.22819088,0.17239472,-0.054551903
0.8425188580754323,0.65305096,0.9781599,0.96684974,0.08633299,0.1460441,0.0034973773,0.012950938
0.8185503462013847,0.64861166,0.96940076,0.9570521,0.05373948,0.16918537,-0.51034427,-0.1487145
0.8777120228480912,0.91629475,0.97384197,0.96859485,0.27518654,0.30749494,0.14745897,-0.12995444
0.7896980067920272,0.69764096,0.9459611,0.94838375,0.15828474,0.16198081,0.006700978,-0.050476044
0.6642438409753638,0.66632235,0.96619457,0.9536021,0.10982354,0.110186085,-0.8380835,-1.121971
0.9397529430117719,0.7258953,0.99492425,0.96996045,0.19473052,0.2685884,0.08648553,0.24730623
0.9280066240264961,0.8395325,0.9703313,0.9662828,0.34258178,0.4124707,0.5715907,0.19394955
0.7568272833091332,0.6405697,0.9775566,0.9459588,0.15199864,0.14524806,-0.038077474,-0.057831246
0.9194104616418465,0.46014848,0.98355436,0.9640097,0.054999776,0.12305285,0.39508924,0.05360229
0.8615962463849854,0.5956301,0.95419496,0.9621592,0.12259835,0.16052766,-0.434226,-0.25546718
0.8839853599414397,0.70529914,0.9754689,0.9577278,0.17169009,0.22916386,0.14197955,0.28360456
0.9214570938283753,0.72421515,0.972004,0.97942203,0.08590772,0.19172913,-0.8523925,-0.36034322
0.7045297301189204,0.6189553,0.90670896,0.9429086,0.075026646,0.13974263,-0.69445395,-0.49185807
0.8769328837315349,0.78911567,0.9673006,0.9767534,0.1454562,0.18341105,0.26947188,-0.06429596
0.7681317125268501,0.800728,0.9236968,0.94361573,0.272841,0.26839563,0.21974117,0.16448186
0.7174092376369505,0.56464833,0.9679199,0.949471,0.05621281,0.112104364,-0.13368309,-0.17320274
0.8625450181800727,0.7127781,0.9857723,0.9640525,0.1340797,0.18940565,-0.8459821,0.29247937
0.8721054084216336,0.76917106,0.9736494,0.97323525,0.13191949,0.18880415,0.30115062,0.21929905
0.7689528998115992,0.6023458,0.9597043,0.9470905,0.10515575,0.16947424,0.6178994,0.10461302
0.8681970407881631,0.74782073,0.9758673,0.97457206,0.22411683,0.19329803,0.05683533,-0.01210177
0.5225540902163608,0.5938871,0.87560844,0.9263558,0.10517642,0.08154668,0.47578838,0.4527046
0.6212920211680846,0.863856,0.8773531,0.94668573,0.29822844,0.17784174,0.40204564,0.639003
0.7415087900351601,0.7464172,0.98245984,0.9705104,0.11176494,0.16379382,0.2665463,0.66653126
0.9052106608426433,0.97182363,0.9873309,0.9786924,0.28528637,0.25534043,-0.40455335,0.16362171
0.9385706982827933,0.8691528,0.98601407,0.98770165,0.15646169,0.20265758,-0.19931877,-0.10526459
0.8829921399685599,0.51529026,0.97214514,0.9645042,0.077584386,0.10414085,0.6238819,0.45123366
0.4646718106872427,0.6245611,0.9344205,0.94649583,0.06344655,0.09804048,-0.73361236,-0.6787875
0.8521576806307225,0.7374214,0.96153545,0.9702492,0.17314099,0.10551462,0.5769961,0.18959121
0.7854084216336865,0.5698005,0.96163654,0.95054966,0.09785669,0.14772974,0.09034786,0.13698584
0.9155485581942328,0.99738455,0.99156326,0.99010193,0.13616894,0.29063478,0.29488474,0.020910881
0.8599088476353904,0.7465407,0.97030777,0.9591752,0.121088974,0.14269717,0.08692295,0.20713063
0.8438635354541418,0.84472513,0.9862433,0.9776743,0.15343107,0.18573286,0.64781797,0.49236208
0.6837195348781395,0.74966836,0.9293837,0.9481085,0.16942982,0.09666328,0.21818604,0.8136521
0.866203784815139,0.6783468,0.9652044,0.93670285,0.16584548,0.26145333,-0.01040928,0.032899503
0.9005492661970645,1.0119424,0.97893435,0.96902686,0.37436277,0.3848571,0.07267675,0.208252
0.9099134316537265,1.0090173,0.99167764,0.9695653,0.2909155,0.2521186,-0.3714234,-0.13276365
0.8349485557942232,1.6190492,0.9663591,0.9704956,0.5193248,0.84535736,-1.1076418,-0.46089673
0.9361106884427537,1.1258802,0.9819816,0.9828386,0.28302094,0.3361351,-0.31913033,-0.22107562
0.8984360097440391,0.8106241,0.9750061,0.969423,0.20955157,0.23604286,-0.63263565,0.20686488
0.9201135684542738,0.95052105,0.9921853,0.9713656,0.1461721,0.29169166,0.41804796,-0.16158016
0.8530115080460321,0.6276063,0.96840715,0.9510576,0.13249932,0.19824404,-0.09164486,-0.26045424
0.8377719270877082,0.8394887,0.9670623,0.96474063,0.30499882,0.23898791,0.75804377,0.22629963
0.7594172776691106,0.61349255,0.96240866,0.96195304,0.09422366,0.10100816,0.18719716,-0.3310699
0.8747445549782199,0.60797846,0.9718102,0.9560906,0.10608875,0.14168091,-0.04954394,-0.30046517
0.9533618614474458,0.8344836,0.9861854,0.9826375,0.17717046,0.28776807,0.2050076,0.09442499
0.8773246612986451,1.041412,0.9904079,0.96948564,0.20136614,0.3871216,0.49766627,0.52701396
0.8484871059484238,0.8434491,0.9581155,0.95683926,0.19630222,0.23451252,0.28358305,0.06649648
0.7857236868947476,0.92371154,0.9669355,0.96044064,0.12980564,0.20548521,-0.20349276,-0.1090737
0.6967756831027324,0.4759909,0.9744145,0.9440221,0.054885276,0.07273398,-0.75989896,-0.8605877
0.5293439093756376,0.5690447,0.98301303,0.93026567,0.04816007,0.11995371,0.13010703,-0.47507587
0.8624100416401665,0.8555345,0.9640578,0.9675032,0.3183373,0.20207782,0.33039108,-0.076747276
0.9378081672326688,0.6979394,0.97374636,0.98021257,0.16904394,0.16468552,0.08822209,0.06821001
0.8374093336373346,0.70315176,0.9517568,0.9555292,0.176419,0.22822998,-0.6577025,-0.4346516
0.7367702110808443,0.93032414,0.9689729,0.964331,0.15426946,0.18692762,0.41372097,0.1672436
0.8187854511418046,0.5737312,0.9809434,0.95495987,0.0755963,0.15364705,-0.9124341,-0.7927837
0.8515547982191928,0.74475014,0.9503025,0.9514615,0.2032676,0.1962024,-0.24658214,0.037273906
0.6635400621602485,0.6060617,0.92389464,0.95649916,0.08944875,0.10134814,0.77575064,0.66111
0.7512333409333637,0.8168669,0.94828355,0.943495,0.15356892,0.17123786,-0.07589678,-0.082015395
0.9445257941031764,0.68787336,0.9798026,0.9858947,0.14240785,0.194523,0.04559588,-0.11760002
0.6768656834627338,0.63427633,0.9593736,0.9463217,0.07345694,0.11558676,0.6467887,0.5864617
0.7979557678230713,0.68565303,0.9946413,0.9670633,0.10138726,0.1237313,-0.8745004,-1.1988239
0.8061189684758738,0.7380935,0.9718472,0.9775716,0.1277867,0.08979073,-0.068359256,-0.24869166
0.7212060528242112,0.7510632,0.91236037,0.9485569,0.122792125,0.20998801,0.538436,0.17356135
0.6580252241008963,0.86901325,0.9485043,0.9464723,0.17566337,0.13855699,-0.3018327,-0.28621086
0.9067021228084912,0.71475834,0.9847939,0.97274864,0.10003343,0.16344203,-0.33643687,-0.15382852
0.7808604034416138,0.775817,0.98464406,0.95202565,0.13029148,0.19462472,0.5026526,0.23926587
0.8585838503354013,0.74553335,0.96231145,0.9578933,0.21702161,0.25584102,0.10853408,0.06158543
0.9247296509186037,0.71086645,0.96878004,0.9689765,0.18204689,0.19219469,-0.6610565,-0.36726767
0.8763626414505659,1.424971,0.99205256,0.97402614,0.35584065,0.78464216,0.84846544,-0.23580992
0.9060949203796814,0.7727057,0.9711077,0.97447735,0.1757079,0.19351614,-0.19305578,-0.37505007
0.6686080184320737,0.6478009,0.9200463,0.9461513,0.1147805,0.072967455,-0.0022135791,-0.07845443
0.7910954843819374,0.83725625,0.9704459,0.9679235,0.1192634,0.19474383,1.1933136,0.7968549
0.8849640838563354,0.9627397,0.9946224,0.9778838,0.22527707,0.27132735,-0.7833518,-0.5791376
0.9427992271969087,0.7812822,0.99395823,0.9839891,0.08623645,0.09519744,-0.11150338,0.059124287
0.7901236724946898,0.7740803,0.9631962,0.9615871,0.14237554,0.13199471,0.6841308,0.2249333
0.8358820635282541,0.44824773,0.9622779,0.9602486,0.049275313,0.07917469,-0.22802016,-0.09348145
0.6757057108228433,0.5936822,0.95816517,0.94156533,0.095179,0.07909233,0.06789486,-0.062231265
0.7626101544406177,0.67250365,0.9549215,0.94661355,0.113475546,0.088359945,-0.28714603,-0.44230497
0.8827962031848128,0.96013916,0.93363947,0.954206,0.40594545,0.49857032,-0.00849967,-0.116267696
0.7824529538118152,0.5000868,0.9874232,0.964032,0.06861993,0.100237235,-1.203234,-0.5654192
0.8575033660134639,0.8938892,0.9259341,0.95141983,0.3158087,0.32350385,0.524929,0.37348703
0.870621434485738,0.64908564,0.97006917,0.9657839,0.11274889,0.13894574,0.569038,0.0050046616
0.9172412369649476,0.72428316,0.9824885,0.9686011,0.1331353,0.34915432,-0.60844857,-0.18683694
0.7762588170352682,0.6486596,0.94456786,0.9511355,0.16039605,0.11827857,0.23181404,0.039583337
0.9167911871647486,0.87055075,0.99238235,0.9778449,0.12804379,0.23266183,0.23446561,0.49686682
0.8214495577982311,0.8405308,0.96372503,0.95302904,0.15129168,0.20445868,-0.33177635,-0.22678593
0.823200316801267,0.5802648,0.98493505,0.9633677,0.06338236,0.0815152,0.023329686,0.07391791
0.8278533594134376,0.67618585,0.9463832,0.96164614,0.19924188,0.14879453,-0.4723503,-0.46519712
0.3992007968031872,0.69969505,0.8738281,0.946952,0.06644887,0.105238564,-0.28034255,-0.16776118
0.7776128064512258,0.7612667,0.95326275,0.94540215,0.22877485,0.14176835,-0.43794763,0.40670833
0.7651818127272508,1.1177294,0.9341784,0.95875585,0.44127882,0.29134926,-0.017856512,0.27982166
0.8997590870363482,0.9938998,0.9838086,0.9782935,0.29285687,0.29705116,-0.5773049,0.30854887
0.8869204756819027,0.70335,0.9754689,0.9606648,0.17169009,0.24549605,0.14197955,0.2608408
0.8314550058200233,0.8628084,0.965188,0.96503145,0.26014766,0.21899816,0.29095426,0.5043894
0.8193569414277657,0.8658363,0.9561841,0.9546486,0.21484454,0.26933625,-0.9890585,-0.6794604
0.8994228936915747,0.89536333,0.96644205,0.98059183,0.2624752,0.13565981,-0.4422677,-0.13170609
0.8639779199116796,0.8281094,0.9644203,0.95835906,0.2622755,0.26632112,-1.0096519,-0.26569062
0.8747216108864436,1.1261846,0.973401,0.9661413,0.4905403,0.2629595,-0.46065792,-0.598495
0.9045786903147611,0.73908997,0.97864884,0.97457075,0.13993682,0.20458433,1.2541146,0.21880227
0.7121746246984987,0.6895521,0.9594367,0.94435745,0.12005986,0.08876312,-0.08412326,0.19994812
0.8707640910563641,0.82401824,0.9877343,0.9677585,0.09120386,0.21455455,1.3620311,0.75742453
0.8101418645674582,0.73374975,0.9268523,0.96263087,0.16814522,0.16413105,-0.20171063,-0.22156678
0.8279651038604154,0.93679297,0.9580461,0.9579025,0.21379364,0.17852196,0.025798775,-0.21160696
0.9657145188580755,0.98770845,0.98751205,0.981617,0.28545138,0.32597953,0.34732413,0.22215636
0.8146283465133861,0.54510343,0.9331092,0.9447917,0.102507174,0.20287669,-0.4403874,-0.47698525
0.8175735422941692,0.74205077,0.9776234,0.96855277,0.08334716,0.11152262,0.43638676,0.17109412
0.8281437605750422,0.77940243,0.93336487,0.9439303,0.23142903,0.2517521,-0.42111987,-0.4040375
0.6474818859275436,0.56768286,0.9101344,0.94154274,0.09406129,0.09255337,0.683728,0.62951887
0.6633469093876376,0.54373914,0.9046579,0.93301713,0.076672494,0.18526474,-0.29389068,-0.034435168
0.8155016620066479,0.7798878,0.96570307,0.96743447,0.09647283,0.17666519,-0.53399384,-0.36631072
0.7560322081288325,0.71068245,0.9601694,0.94661677,0.16499105,0.19886069,-0.26380107,-0.14349276
0.9045976023904095,0.7181327,0.98409986,0.9705462,0.080307096,0.22329317,-0.44070345,-0.3337469
0.5593714854859418,0.6558286,0.9500034,0.9504862,0.07483206,0.09432531,0.27503318,0.47620192
0.9118751995007981,1.1126204,0.9874921,0.97011125,0.31121334,0.60720813,-0.75301284,0.13242587
0.7926630746522986,0.8383853,0.9419272,0.9476628,0.25524342,0.24732798,-0.55900866,-0.22777662
0.8959626558506234,1.1470714,0.9723094,0.95526457,0.5428664,0.7089734,-0.10174834,0.15483503
0.9418660074640297,0.8517401,0.9929712,0.97922534,0.19562984,0.2359342,0.4494916,0.16467214
0.9217227268909075,1.027623,0.98650825,0.9660809,0.26408362,0.6592189,-1.8787889e-05,-0.16321242
0.7844188496753987,0.833636,0.9898287,0.9569054,0.20375976,0.29354575,-0.35006624,-0.5963498
0.9405193140772562,0.80932575,0.98159444,0.9776795,0.10137969,0.16164212,0.18999171,0.19036384
0.8052105168420673,0.7660156,0.92573524,0.9488245,0.18151174,0.08604032,-0.684872,-0.4070793
0.7633854535418141,0.6604835,0.9524824,0.9553222,0.10307682,0.09091486,-0.2875144,-0.20570076
0.6200476641906567,0.61066294,0.9003078,0.94740844,0.10847891,0.07312722,0.06124237,-0.11579595
0.8383206652826611,0.7980856,0.9640046,0.95249826,0.1927591,0.20058428,-0.5645998,0.12590894
0.8369256837027347,0.68666923,0.9454421,0.9616551,0.14154382,0.12684974,-0.18921235,0.028304465
0.781254197016788,0.73183656,0.94809985,0.96253103,0.16719344,0.101830654,-0.23552138,-0.17366438
0.8459191916767667,0.97833574,0.9355982,0.964033,0.32593575,0.25643548,0.3915885,0.29825544
0.9200761283045131,0.9322368,0.98251045,0.98390096,0.10731723,0.21432151,0.4380695,0.3360308
0.7629585398341593,0.7819502,0.971568,0.9409728,0.18903534,0.20370111,-0.009166276,0.09326599
0.8994178056712225,0.6363929,0.94327086,0.9603915,0.14218837,0.1715438,0.18554644,0.06416739
0.8854552218208873,0.8271672,0.98116964,0.9737283,0.14713496,0.20285603,0.026518105,0.29811317
0.9101973047892191,0.94207746,0.98185736,0.95995843,0.427439,0.54099244,-0.21395038,-0.3180475
0.8565497941991769,0.88434994,0.9862433,0.97111785,0.15343107,0.28150633,0.64781797,0.49168465
0.7532030768123071,0.8426914,0.9328948,0.9548383,0.20113686,0.1844955,-0.22225498,0.14799997
0.9192607970431881,1.189799,0.9664554,0.96193874,0.586859,0.5032407,0.10425581,-0.06731625
0.8533960855843423,0.7338096,0.9669864,0.97334117,0.09968732,0.1658443,-0.79836285,-0.41827124
0.8153497893991576,0.7770059,0.9413534,0.9560976,0.2747384,0.20840037,0.19958659,-0.30467275
0.9027316429265716,0.83054113,0.9655251,0.9623526,0.20919581,0.2628917,0.25953975,-0.17406943
0.7924663698654795,0.64435923,0.9693602,0.96369195,0.09452004,0.17807917,0.4496189,0.4573029
0.9534061176244705,0.80784255,0.99448836,0.987875,0.15356152,0.20979527,0.44045377,0.36860567
0.867260077040308,0.9210984,0.9550199,0.9650868,0.27766225,0.25375026,-0.18429881,0.031814247
0.9444882579530317,0.7151844,0.9908159,0.9884163,0.071304575,0.18101758,0.061039463,0.20704408
0.7223631454525817,0.7515968,0.97918206,0.9444618,0.1754951,0.24706328,0.09071692,0.5676601
0.8930393481573925,0.884121,0.9729053,0.96690714,0.20406272,0.36257088,0.2015261,0.22746135
0.7886588986355945,0.5820658,0.96401525,0.9575859,0.06354035,0.116605476,-0.5575985,-0.07987395
0.8768804675218701,0.69646364,0.9928151,0.96560884,0.12472683,0.15588133,0.078883044,-0.28775692
0.6931953487813951,0.55088174,0.9782166,0.9563198,0.08001129,0.15503657,0.42937857,0.63376737
0.880195936783747,0.9356665,0.9856483,0.9795694,0.15426663,0.19362007,0.18330161,-0.14966059
0.9184961539846158,1.0637757,0.98607916,0.97594714,0.19837396,0.35271668,-0.043414064,0.061112385
0.784068256273025,0.8170168,0.91432196,0.948586,0.26238778,0.22648619,-0.27960083,-0.11870208
0.8953318373273493,1.0726436,0.97822803,0.9766989,0.4130676,0.26611286,1.0440114,0.31154114
0.8169851559406237,0.74367964,0.9478793,0.96397144,0.18743378,0.14988029,0.21066344,0.38615614
0.916499441997768,0.96271724,0.9733224,0.96560526,0.27167162,0.27493274,-0.61996776,-0.19052978
0.8451418765675064,0.55280036,0.96046764,0.95369077,0.08924908,0.17436324,-0.24039932,-0.11412766
0.8698516074064294,0.5973153,0.98339313,0.96517694,0.07614197,0.13398679,-0.49195123,-0.34209925
0.7851782127128509,0.71118915,0.9639939,0.9541094,0.12238855,0.19764207,0.6168261,0.32341486
0.8604026736106943,0.79884315,0.9899596,0.97233593,0.11983918,0.14548576,0.106635906,0.70917994
0.9026003144012574,0.60389054,0.9921141,0.96656424,0.122641504,0.15454625,0.7905737,-0.1299222
0.8544929859719439,0.64616597,0.97718954,0.9647334,0.12178799,0.18650723,0.14932133,0.36260355
0.8663565214260855,1.0476289,0.94127715,0.97412795,0.5022559,0.27934736,-0.46882176,-0.14854105
0.9133566774267097,0.87167186,0.9878587,0.97339773,0.12933524,0.25452185,-0.45794046,-0.4625455
0.9069449077796312,1.3233861,0.98668087,0.97394586,0.41193038,0.5563521,-0.080491304,0.054176107
0.7169513158052632,0.7953616,0.94276994,0.9478839,0.16453134,0.11101998,0.15635748,-0.16370833
0.7232637250549001,0.7439617,0.95262116,0.9613929,0.1700296,0.14907123,0.2095501,0.52290887
0.8885658262633052,0.87307364,0.9698996,0.9610104,0.3399366,0.35605788,-0.3126368,0.086544335
0.938750891003564,0.999469,0.9882556,0.98557794,0.26167974,0.31775042,0.8853029,-0.2299005
0.8993455173820695,0.8312781,0.9936605,0.98149616,0.08215321,0.14628984,-0.93420064,0.26367426
0.9014713498853997,1.0191776,0.97893435,0.97019106,0.37436277,0.4077249,0.07267675,0.1658533
0.8051039564158257,0.52503985,0.9444381,0.94543034,0.10742244,0.15900214,-0.11282592,0.099659964
0.9426555146220584,0.6684681,0.9807282,0.9789491,0.1582565,0.16246563,-0.34289286,0.03527275
0.7707879471517887,0.76933247,0.95267224,0.9514693,0.13462228,0.18707643,0.25503653,0.15424637
0.8760523682094729,1.0084746,0.97858846,0.97101915,0.23913029,0.23604688,-0.18171714,0.04033024
0.8498739274957099,0.77652407,0.9522021,0.9492971,0.22403306,0.16529305,-0.12233669,0.062173426
0.834185640742563,0.7304441,0.9631602,0.9551965,0.15355156,0.21425386,-0.24705686,-0.15535107
0.8502792411169645,0.75145096,0.96116966,0.96327543,0.16471118,0.17163005,-0.00021197072,0.09284575
0.904810723242893,0.83008754,0.9645946,0.9665726,0.32586256,0.23471716,0.34658378,-0.012254685
0.8187160428641714,0.93744385,0.959949,0.96401894,0.21525246,0.19652924,0.1673251,0.30827248
0.858873771495086,0.71648806,0.9754689,0.9607162,0.17169009,0.23686393,0.14197955,0.22132188
0.71288118752475,0.63741946,0.9550411,0.9518778,0.08553353,0.20182249,-0.4974889,-0.53296095
0.8881372805491222,0.72758937,0.9767035,0.9751219,0.109633245,0.18637145,-0.23286688,-0.00789028
0.6101542486169945,0.56506103,0.9046579,0.93031895,0.076672494,0.20757756,-0.29389068,-0.10162832
0.7868646514586058,1.0333717,0.96366674,0.95243704,0.42046344,0.28378388,0.09693502,0.10097234
0.7938904395617582,0.75370765,0.95655245,0.96161103,0.12824766,0.1656409,-1.0458627,-0.5566728
0.7899136236544947,0.8393795,0.97735333,0.97331184,0.1836105,0.17488572,0.8643861,0.34245807
0.8425775143100572,0.91824603,0.95431113,0.9574305,0.20098779,0.3054134,-0.71001303,-0.1937616
0.9107255949023796,0.8570653,0.984293,0.97670984,0.25320157,0.31122574,0.6751722,-0.18275815
0.8289022596090385,1.5050627,0.9211944,0.95276695,0.94057864,0.30518365,-0.24017026,-0.28505898
0.8357281469700636,0.713452,0.94374317,0.9571548,0.20538333,0.1719162,0.029726312,0.1819478
0.7900744242976971,0.8621859,0.9514119,0.94154584,0.28563336,0.3542034,0.8428444,-0.005502276
0.8668730034920139,0.79084665,0.97612035,0.968502,0.15365446,0.20246913,-0.3313696,0.012620465
0.8550529562118248,0.98585653,0.9576697,0.97124213,0.3880273,0.21586491,-0.44982752,-0.2997373
0.8956897267589069,0.7775063,0.9844475,0.9782414,0.18561345,0.21337104,-0.64028966,-0.25396135
0.9060464401857606,0.8360905,0.9752875,0.96478945,0.1771209,0.20840336,0.009698035,0.23447609
0.8831230844923379,0.8815,0.97259134,0.95005465,0.24311717,0.32766554,0.6782337,-0.34423104
0.7879892959571838,0.7951169,0.94247085,0.9610009,0.16549101,0.17051277,0.21385582,0.0028501807
0.7955755343021371,0.69118905,0.96394676,0.9487918,0.15635912,0.19679262,0.45281267,0.11009963
0.9355409261637044,0.9231727,0.98634374,0.9853483,0.23059683,0.2594131,0.21374959,0.07614934
0.8839229596918389,0.7991246,0.96948284,0.98322123,0.23166703,0.17509918,-0.02950787,-0.30528548
0.916565394261577,0.59226453,0.9644484,0.96355057,0.15158342,0.16354112,-0.15608664,-0.030950079
0.9155465421861687,0.6791885,0.9679645,0.9680022,0.15712388,0.18861337,0.12623306,0.48924032
0.8825492901971608,0.6781798,0.9858593,0.9804084,0.098500356,0.15051551,0.26809564,-0.07429788
0.8701692726770905,0.83739805,0.993872,0.9730313,0.13174438,0.19266029,0.32015237,0.47723278
0.7342757371029484,0.7410563,0.9470034,0.9489816,0.17407268,0.1722483,-0.57213426,-0.38784254
0.9229863799455197,0.9293423,0.9812209,0.97703445,0.3148445,0.37806177,-0.07504175,0.04106901
0.8846307705230821,0.8316893,0.984994,0.97317624,0.11832386,0.22031306,-0.41651618,-0.3018158
0.8316259825039299,0.77180547,0.9639966,0.9679905,0.16431113,0.20912708,1.0101866,0.39610928
0.9558631514526058,1.0965616,0.991423,0.9813373,0.40113667,0.4225225,-0.6118021,-0.20611537
0.9030481561926247,0.8758499,0.9783407,0.9661595,0.28375122,0.3314473,-0.45806706,-0.43022054
0.6913659654638619,0.6906092,0.9618721,0.9492581,0.117047444,0.1284437,-0.07312077,-0.19114791
0.7769460837843352,0.7575671,0.9191285,0.9532649,0.25624081,0.20541172,-0.56856614,-0.42212147
0.8162208008832035,0.66303116,0.9530219,0.9579042,0.1621955,0.19310883,-0.36510485,-0.1597464
0.8496409345637382,0.94483507,0.9856608,0.9648027,0.24923903,0.20809819,0.14805861,-0.6535905
0.9031674846699387,0.7279405,0.9861932,0.9709683,0.1126231,0.20112096,-0.3732326,0.013267276
0.7533228852915411,0.7001957,0.94304544,0.9470875,0.14320016,0.19840455,0.47971568,0.39318568
0.806813915255661,0.6715451,0.9314894,0.9530935,0.1524318,0.1812689,-0.49137077,-0.26945344
0.7967753471013884,0.78220475,0.91074634,0.96110755,0.22847085,0.12750518,-0.21437976,-0.29945067
0.8455830943323773,0.86538637,0.9777394,0.96898544,0.1491566,0.1704333,-0.14938718,0.07697986
0.8413557174228695,0.8484977,0.9749086,0.9492574,0.16015112,0.28677827,-0.90299135,-0.5965917
0.5673100452401809,0.5290147,0.92475873,0.9348138,0.07722864,0.10359065,0.05032151,0.18705815
0.8915220620882482,0.6207532,0.98639405,0.9686656,0.07336338,0.17567046,1.1877806,-0.30164143
0.9172571730286919,1.1015805,0.94962436,0.9542027,0.74220455,0.83442086,-0.4960126,-0.22144252
0.8248032352129409,0.8643591,0.929503,0.9518759,0.3552507,0.22322243,-0.38772467,0.13251989
0.8768632834531338,0.550228,0.9584216,0.9619423,0.09365846,0.12667757,0.20720151,-0.027265271
0.3892244368977476,0.6213192,0.9541621,0.9334826,0.08467685,0.10744792,-0.049825314,-0.41166875
0.6387799311197245,0.77499276,0.9364532,0.94963306,0.18311729,0.13548991,-0.74631405,-0.47491184
0.9508566354265416,0.9486214,0.9845538,0.975972,0.21271263,0.2347163,-0.5753826,-0.19323905
0.8898812235248941,0.6515769,0.9893201,0.97153234,0.11282709,0.13677311,-0.42527393,-0.38179782
0.9031694046776186,0.7205329,0.9803317,0.9837915,0.09267452,0.11264764,-0.25759035,-0.09462328
0.6409592358369434,0.6608421,0.930207,0.9383025,0.10456993,0.11882522,-0.16514795,-0.2757608
0.8589913719654879,0.7637315,0.9500387,0.955407,0.2075896,0.30348092,0.035615366,0.025581075
0.9129853479413916,0.8209027,0.9878081,0.9693269,0.22951333,0.31627232,0.03363891,0.3606522
0.9400993123972495,0.6321608,0.9871643,0.9832862,0.058438905,0.09841585,0.5076446,0.13942909
0.808746978987916,0.611801,0.9644589,0.95250034,0.13525072,0.15446751,0.24274418,-0.042525783
0.894507866031464,0.711409,0.9927667,0.96244913,0.11541981,0.20559222,-0.27619854,0.097707644
0.6356519506078024,0.5780841,0.9356368,0.9229292,0.09881029,0.10136113,-1.0598876,-0.51704
0.8773859095436382,0.8702004,0.9634674,0.9579836,0.21083458,0.25535762,-0.047061495,-0.29203266
0.6210783243132972,0.5617903,0.94350487,0.9240958,0.1026258,0.1845431,-0.29388395,-0.09573706
0.9107017868071472,0.84163445,0.9769268,0.9743057,0.23918113,0.22649306,0.28465146,0.41233718
0.6911731966927867,0.68774265,0.9844601,0.9599828,0.0993373,0.101775885,-0.10460283,-0.6264028
0.8442753771015084,0.7848113,0.98135287,0.97689724,0.18769424,0.13568728,0.538575,0.5021543
0.8520273121092484,0.9220281,0.9862433,0.9526909,0.15343107,0.60270363,0.64781797,0.4492576
0.8587423469693879,0.8590192,0.97983706,0.9731869,0.19886456,0.29683626,1.3680632,0.7008757
0.8311846687386749,0.8525126,0.9725984,0.9743992,0.2372715,0.2699777,0.7565201,0.23710844
0.8139207276829108,0.82462287,0.9516398,0.9474638,0.18434183,0.17105052,0.21371326,-0.06472105
0.9203682574730299,1.0701311,0.972624,0.96445686,0.5792717,0.6003252,-0.3846919,-0.18839549
0.901313429253717,0.86263263,0.9898116,0.9811855,0.14186734,0.1801721,-0.20194563,0.37961623
0.9036038064152256,0.82031596,0.99181414,0.9819035,0.11989864,0.18563819,-0.34208357,-0.61053044
0.8436048144192576,1.1112939,0.94445145,0.9455427,0.5244078,0.43456456,-0.46285984,-0.46289986
0.8507251629006516,0.6901764,0.9503036,0.9561963,0.12666537,0.23176144,-0.19447325,-0.011635365
0.6347369709478837,0.59443736,0.9756263,0.94324315,0.068310134,0.15091346,-1.2228657,-1.0872605
0.9035801903207612,1.1306317,0.9718864,0.96340346,0.48830068,0.4806623,0.010582854,0.29115283
0.6653483253933015,0.5480849,0.9420887,0.922978,0.056674846,0.11977756,0.4438387,0.23498668
0.783938271753087,0.67110455,0.97379863,0.9711419,0.12283522,0.12888204,0.70571935,0.9503673
0.911564446257785,0.94399875,0.98883224,0.9737432,0.23327652,0.40091175,-0.17465822,0.22653238
0.81650237000948,0.65105075,0.9774748,0.9493685,0.08509971,0.12929161,-0.3215505,-0.5338685
0.7050117480469922,0.7836355,0.954071,0.9581863,0.08616708,0.15977582,-0.2568236,0.3156401
0.8465625862503451,0.7674609,0.9539988,0.9479661,0.24222404,0.2874068,-0.37931678,0.09964615
0.8370567242268969,0.972185,0.96864045,0.96358013,0.13221544,0.17340519,0.41789097,0.3385074
0.6916750867003467,0.7750903,0.9333581,0.9359159,0.19686493,0.21852238,-0.30550513,-0.3040753
0.820368209472838,0.7513913,0.9642539,0.9708199,0.10163662,0.13386837,0.30850813,-0.085627735
0.8597840471361885,0.8405374,0.95674413,0.96518695,0.22573999,0.25192598,-0.5646537,0.14962691
0.8716731186924748,0.7804457,0.9862166,0.9603122,0.1337308,0.2875118,0.102600455,0.4689582
0.717566966267865,0.6535964,0.9699694,0.9579544,0.13329525,0.12240055,-0.42153877,-0.1849068
0.9050399721598884,1.0371921,0.97893435,0.9677193,0.37436277,0.38568348,0.07267675,0.27535492
0.8934704858819436,0.9903218,0.98629344,0.96129507,0.40411115,0.4705421,0.45573285,0.6040392
0.918686906747627,0.8762708,0.9828263,0.977193,0.22549611,0.41062063,-0.19778846,0.21560104
0.7662694970779883,0.8595933,0.92076045,0.9482715,0.3211215,0.19361308,-0.41179582,-0.37863308
0.7550686522746091,0.61478084,0.9807668,0.9617114,0.07730524,0.14219688,-0.51248926,-0.45413572
0.8427146988587955,1.0892466,0.93230397,0.94833976,0.49913195,0.33985335,-0.649169,-0.21091956
0.9061232404929619,0.5835387,0.9764423,0.96794313,0.08587391,0.1615653,-0.05941059,0.10270487
0.9094758619034476,0.8410622,0.99079424,0.9722186,0.20728183,0.3036228,-0.3570852,0.19226454
0.8085809943239772,0.83422583,0.9370334,0.9557746,0.24012206,0.17401332,0.42947057,0.44439533
0.7865065700262801,0.8854226,0.9403851,0.9559955,0.28186056,0.17704034,-0.32235324,-0.5350777
0.7975102300409201,0.8553669,0.98883057,0.97227204,0.12670246,0.20284486,0.36319956,-0.25932813
0.8880747842991371,0.8554008,0.9742847,0.96850514,0.15301818,0.21869583,0.60012233,0.7410512
0.9052914931659727,0.81648755,0.9689186,0.9703222,0.13456027,0.21767491,0.07840686,0.13890022
0.8181989847959391,0.79537284,0.946648,0.96700007,0.16372338,0.19553998,0.42782483,0.35628098
0.8654183096732386,0.79362816,0.9754689,0.95379364,0.17169009,0.3488711,0.14197955,0.24951805
0.8686746426985708,0.8077595,0.95410657,0.97547746,0.20372653,0.1557171,-0.9054821,-0.69490176
0.8547466189864759,0.53174925,0.9878638,0.96426004,0.076190665,0.13461693,-0.43823108,-0.5536964
0.7389054516218064,0.79565424,0.9792653,0.94195026,0.122423455,0.21752958,0.19743864,0.29837638
0.9532055728222912,0.93111396,0.9842736,0.9816103,0.24459687,0.30633444,0.34981817,0.038718022
0.7351412765651062,0.53377646,0.9580506,0.92276734,0.109075226,0.17073299,0.3387184,-0.07478422
0.8668516914067655,0.56472456,0.9700474,0.9592602,0.10014635,0.178631,0.3320256,0.04976102
0.8220353521414085,0.6954776,0.9497083,0.9547526,0.100329965,0.13453011,0.42366564,0.23046443
0.8935133980535922,0.8914366,0.96068114,0.9727355,0.22195266,0.17862606,0.5315818,0.091401316
0.8044769779079116,0.5837082,0.9661207,0.95821494,0.07456738,0.11096189,-0.7655168,-0.5379581
0.6802188808755235,0.78001225,0.94445324,0.93785596,0.17659545,0.26655054,0.3215785,0.24508844
0.9018556394225575,0.9710877,0.9677857,0.9746536,0.26071644,0.23978633,0.2819801,0.34949607
0.7864322657290629,0.7737143,0.9263591,0.94222236,0.1963925,0.22090855,0.3847354,0.359794
0.6064776259105036,0.6175633,0.9620884,0.9330621,0.1054508,0.10514132,0.08913956,0.56360734
0.7564715058860235,0.4598897,0.9571332,0.93484765,0.08650553,0.116729796,0.019237904,0.22964601
0.7508469393877575,0.6685924,0.97836906,0.9566151,0.11080899,0.13359022,-0.01948932,0.66630787
0.8619646958587834,1.0681338,0.9093381,0.92128533,1.0258921,1.0859004,0.06254333,0.07748152
0.5459318157272628,0.6318459,0.91447455,0.929094,0.120280795,0.11532543,-0.09707273,-0.050776657
0.8862327289309158,0.8714784,0.98698837,0.96360856,0.28789932,0.4237598,-0.12215858,-0.3198894
0.9280387841551365,0.66527396,0.99219644,0.982512,0.09915205,0.0967793,-0.15954633,0.15771154
0.9174081816327263,0.79922783,0.9785119,0.981079,0.12884259,0.16342442,0.25347415,-0.014144914
0.9118298873195491,0.65940845,0.9779808,0.973997,0.10205132,0.18064058,0.19330409,-0.19371815
0.7666500426001703,0.705864,0.9510916,0.96930176,0.12279183,0.13171878,-0.6656759,-0.6707974
0.8701671606686426,1.0835257,0.9568959,0.9779905,0.52169126,0.2865981,-0.11338539,-0.20049314
0.762564650258601,0.71383584,0.95074874,0.9312736,0.17215972,0.16524997,-0.5349451,-0.45218533
0.9304336097344389,0.8574562,0.971725,0.97939646,0.17298454,0.25956437,0.025124675,0.2063085
0.8847833151332606,0.89534104,0.97076756,0.9621463,0.17169538,0.3323204,-0.19175692,0.14673696
0.733936855747423,0.6712826,0.95870596,0.96132475,0.11175809,0.08858558,-1.2666016,-1.1963754
0.8795146220584882,0.9490991,0.9938347,0.971908,0.18064438,0.25547242,0.30015746,0.6504048
0.896569762279049,1.16306,0.96041244,0.9811578,0.4498074,0.2332136,-0.028795633,0.3745775
0.8719877119508478,0.9339975,0.96485823,0.9681354,0.25720805,0.23567304,-0.46478182,-0.53499794
0.8779949359797439,0.8326697,0.9722116,0.978232,0.105783395,0.21533144,0.65716004,0.5023129
0.973944151776607,0.897347,0.98929673,0.9856769,0.17389919,0.33955947,-0.4801996,0.18673559
0.6434196296785187,0.5788514,0.94726413,0.9365241,0.0717682,0.12746349,0.3582653,-0.2507248
0.8868524114096454,0.6227664,0.9669497,0.97694325,0.101704754,0.14901723,0.75975037,0.4361362
0.6066738506954027,0.5412261,0.9046579,0.93371254,0.076672494,0.14020169,-0.29389068,-0.13930254
0.8603943215772863,0.8481473,0.9401218,0.9608648,0.25593576,0.30200282,0.62463987,0.2911923
0.8754697418789675,0.82032394,0.96784973,0.967375,0.2831589,0.2688073,-0.5584577,-0.10564721
0.8739342157368629,0.92254007,0.970687,0.958557,0.21640067,0.1960832,0.45841438,0.371355
0.7376483265933064,0.6715554,0.95439136,0.950708,0.12774202,0.16294666,0.07682572,-0.09050577
0.8513868935475742,1.2876612,0.9804028,0.9819052,0.30920866,0.46552277,-0.4874648,-0.19013427
0.9419188076752307,0.81204575,0.9823277,0.98442936,0.14537324,0.20108333,0.012489493,0.36361408
0.8943151932607729,1.017531,0.96287143,0.9581079,0.42951784,0.42552942,-0.84406465,-0.38672033
0.847683678734715,0.6686771,0.97676617,0.9542472,0.10204465,0.19626267,0.8548651,0.7419368
0.8618661994647977,0.84415233,0.95160174,0.9638084,0.21604319,0.22721235,0.43140692,0.15294968
0.8807413149652599,0.78902847,0.9692243,0.9602746,0.3206444,0.2651399,-0.3508054,0.019832669
0.7755797103188412,0.6950054,0.9512997,0.95602703,0.100236,0.16795455,-0.25434175,-0.13240586
0.9304815139260557,1.2905406,0.9759446,0.9615796,0.6582128,0.79020804,-0.7524125,0.20219432
0.6520285601142405,0.5809504,0.94993085,0.9218097,0.10824381,0.13055463,0.06550078,0.022122748
0.9366987867951473,0.71177197,0.9791113,0.98036724,0.13049379,0.19172247,-0.3020009,-0.20818436
0.8556021744086977,0.5999844,0.9880668,0.9611767,0.08738775,0.120624155,-0.02431203,-0.10374503
0.8692704210816843,0.80848414,0.96782565,0.9790057,0.22552103,0.101277344,0.48656213,-0.13368756
0.3680713282853131,0.82238376,0.9657126,0.9501664,0.13038859,0.09626197,0.09255596,0.40360978
0.9353793575174301,1.0003915,0.97689885,0.9693765,0.34146455,0.577492,0.17986654,-0.24574701
0.9055819903279612,0.70802397,0.9909067,0.98030716,0.06250945,0.17620902,0.5964401,0.052676357
0.7675286381145525,0.71842206,0.95142514,0.9552403,0.1706034,0.18826213,0.5012551,0.071935736
0.8995176460705843,0.91725576,0.99222726,0.9749329,0.21404353,0.34439498,0.0681835,0.27417213
0.7352173088692355,0.74322677,0.97505933,0.9693402,0.1385101,0.1143288,-0.2813663,-0.041012377
0.7614041016164065,0.63852054,0.97443193,0.9581906,0.12863517,0.11911479,0.008476134,-0.4906298
0.8795953583814335,0.7124479,0.9657049,0.9605668,0.19023022,0.1805242,0.104208484,0.08477257
0.7228241392965572,0.60906905,0.9570651,0.95443964,0.07174636,0.14904435,-1.0110387,-0.46757895
0.8301973047892192,0.88254416,0.9862433,0.9764738,0.15343107,0.16518515,0.64781797,0.43583316
0.9374733178932715,0.77826464,0.98028636,0.9831772,0.21170832,0.22816779,-0.40653363,0.10989179
0.8919071196284785,0.837427,0.9555894,0.97340846,0.20934391,0.10391477,-0.052743297,-0.22409412
0.8894813819255277,0.7738409,0.9826181,0.98063457,0.10435546,0.15055975,-0.0373782,-0.20272492
0.9287613790455161,0.97296464,0.97852194,0.9826292,0.27403167,0.3006034,-0.058051057,-0.20735402
0.9443391693566774,0.79422575,0.9841513,0.98429877,0.113306575,0.2360806,-0.04644279,0.24323508
0.6468294673178693,0.664569,0.9453355,0.9400278,0.1232441,0.13212559,-0.37447342,0.08636385
0.8455125340501362,0.62766516,0.9897623,0.97860086,0.09273111,0.1041823,-0.31378993,-0.27691144
0.9719203676814706,0.8363626,0.9921349,0.98681265,0.1030867,0.22642344,-0.6458522,0.054808985
0.8902757851031403,0.71590495,0.9614094,0.96833545,0.18965079,0.17606065,-0.12281368,-0.24657454
0.9014237336949348,0.76768064,0.98449314,0.9658747,0.14279673,0.29957604,0.16228773,-0.015685262
0.7591347485389942,0.94624823,0.9661114,0.96186984,0.25353485,0.13743632,0.20393161,-0.42387673
0.917064692258769,0.9293936,0.9647619,0.979836,0.2665418,0.15294416,0.19977234,0.019819003
0.6758066072264288,0.65105605,0.9256052,0.9446364,0.12661988,0.11118103,0.057658106,-0.054513995
0.8503877215508862,0.90328574,0.97276694,0.9655233,0.21341573,0.25514874,0.16666365,-0.013740364
0.800443617774471,0.54428035,0.96548724,0.95722514,0.10400747,0.14534406,-0.29409546,-0.46521035
0.9441545606182423,0.8610071,0.9928272,0.9745302,0.1691174,0.25235033,0.34589905,0.04766237
0.9011588686354746,0.8857576,0.97447795,0.9748541,0.27452755,0.34880298,-0.009595,-0.09351903
0.8191837567350269,0.56736374,0.9739425,0.9500165,0.12693685,0.14845227,0.3082409,0.023432912
0.759812415249661,0.72285825,0.94370013,0.96392465,0.12647781,0.09315091,-0.4176333,-0.23444487
0.5053087732350929,0.5779471,0.9350265,0.94292545,0.07680074,0.110368215,0.17609847,0.17441262
0.9472072768291074,0.8410368,0.98267907,0.98369205,0.2113303,0.27867174,0.3489771,-0.11617044
0.9620849363397452,0.7434707,0.99020374,0.9873423,0.15287723,0.16148257,-0.011122265,-0.0037099076
0.8023530654122615,0.6718896,0.97229254,0.9689691,0.09148237,0.10164415,-0.71872616,-0.61836076
0.7787884271537086,0.5970395,0.9591314,0.9508807,0.09923225,0.13154165,0.6436673,0.26239005
0.8661461845847384,0.7402825,0.96410507,0.97863686,0.14539497,0.12755021,-0.42424127,-0.14949408
0.8934159576638306,1.1211122,0.9403117,0.96145135,0.75144315,0.38851008,0.41982648,0.20885001
0.9500249840999364,0.9413405,0.979373,0.97894305,0.18363965,0.4664504,-0.78739375,0.10579167
0.8920544802179208,0.796766,0.9570565,0.96343446,0.2853284,0.25810832,0.008598368,-0.11622066
0.8207722750891003,0.58692706,0.96347404,0.9604545,0.07781997,0.15591761,0.7281809,0.032682884
0.7346964107856432,0.7241396,0.9436462,0.95600164,0.1914568,0.1639972,-0.53299856,-0.5458278
0.8498334153336613,0.7139993,0.9923343,0.9853824,0.0731075,0.12545542,-0.13523124,0.21435106
0.9242144168576673,0.99904156,0.9941932,0.9792972,0.2981824,0.36027163,-0.1449839,0.27271065
0.6112907971631886,0.7086057,0.94217753,0.9458145,0.10019818,0.1457524,-0.44469568,-0.4120126
0.9025813063252253,0.7784437,0.9815923,0.9693247,0.24101742,0.24118625,0.57061285,-0.26240116
0.8603714734858939,0.8033124,0.95141846,0.96838397,0.2495327,0.30508155,0.512205,0.2156152
0.9170116040464162,0.41825768,0.984702,0.9723423,0.05499145,0.12450733,-0.44262308,-0.17920671
0.6829805239220957,0.6476231,0.9361158,0.95289344,0.13459173,0.10193082,-0.4095145,-0.10850884
0.9133834615338462,0.67200905,0.9842369,0.9688774,0.115385726,0.17591608,-0.052791677,-0.28323573
0.9333953175812703,0.8717871,0.9778443,0.9816809,0.22669013,0.26301184,0.11066042,0.28079492
0.8494787899151596,0.63133436,0.9825493,0.9669779,0.075198084,0.11164682,-0.37475199,-0.16239206
0.8031717566870268,0.5774624,0.9761214,0.95637506,0.092060685,0.16981424,0.07624857,-0.33843812
0.8748256753027012,1.0501999,0.9783843,0.97953075,0.2184868,0.111784615,-0.103481725,0.3324233
0.739441421765687,0.61573064,0.9155731,0.94010764,0.13942012,0.18762997,0.019356621,0.13803898
0.8875127980511922,0.6402975,0.97211486,0.9701228,0.14256278,0.13657013,-0.05103477,-0.33956
0.9070946683786734,1.0179503,0.97893435,0.9730506,0.37436277,0.33073753,0.07267675,0.18526699
0.9450223080892322,1.053179,0.98125464,0.9824872,0.27000156,0.38381723,0.54682463,0.13917984
0.9474288457153829,1.0372041,0.9814239,0.9761588,0.40311703,0.5550616,-0.07352204,-0.113239534
0.744682754731019,0.6138946,0.96263343,0.9575069,0.074772075,0.1252687,0.87218946,0.37150082
0.8605873783495134,0.7678924,0.9754689,0.9619295,0.17169009,0.2539375,0.14197955,0.17306788
0.7704185376741507,0.91863304,0.9707699,0.9539545,0.17916083,0.15800379,-0.4825303,-0.18137148
0.8812190128760515,0.7840951,0.97508186,0.9580361,0.24048589,0.26684743,0.34559694,-0.56937623
0.8772622610490443,0.6161872,0.9598118,0.97676474,0.08102211,0.10809362,-0.600714,-0.1880524
0.9540748562994251,0.8793601,0.9865491,0.9884791,0.12758924,0.3157635,0.50425994,-0.040763438
0.8438581594326376,0.6999626,0.9769623,0.9532568,0.1083838,0.12685922,-0.35335717,-0.012448625
0.6628690194760778,0.6204391,0.9443139,0.9568017,0.09482249,0.106816545,-0.8014593,-0.4685851
0.7678921915687663,0.8787205,0.9449182,0.9667248,0.102882765,0.24575093,1.0465691,0.6779455
0.8032685250741002,0.67221004,0.962007,0.9605213,0.1195679,0.13021407,0.1537016,-0.22993425
0.8161330565322261,0.56191206,0.9662328,0.95052713,0.08587692,0.16364433,0.4387599,0.44320858
0.671440989763959,0.8703179,0.9083596,0.9503106,0.2682709,0.11553308,-0.41271496,-0.2785243
0.8511202044808178,0.70225716,0.9923246,0.96771234,0.08778206,0.13937499,0.5357432,0.59415036
0.8647612830451322,0.85179,0.97906435,0.9779254,0.1448291,0.17289911,0.8290757,0.43036556
0.8847087228348913,0.7575867,0.991817,0.9799684,0.1332462,0.17896529,0.79519546,0.2368672
0.7363260173040692,0.73583835,0.93307114,0.96483785,0.15967594,0.11509328,-0.11422056,-0.3352712
0.9463204252817011,0.9926229,0.9667194,0.97288495,0.44235906,0.31831077,0.40577713,0.0643011
0.8506672746690986,0.64171606,0.9686144,0.9629112,0.08860058,0.20570284,-0.1916979,0.05369974
0.9422245688982755,0.9279288,0.98818576,0.98258185,0.2271027,0.2845808,-0.17935982,-0.2773692
0.8393626534506138,0.7906751,0.95845246,0.95960563,0.17186923,0.12364671,-0.31669405,-0.14907752
0.8846084984339936,0.7619789,0.97360057,0.9656758,0.19375095,0.20286326,-0.40193096,-0.25241283
0.9643552494209977,0.81036836,0.9892777,0.9877299,0.18310976,0.18308644,-0.17696151,-0.17161912
0.728816387265549,0.8328715,0.9361546,0.9487834,0.1937005,0.24227023,-0.11039547,-0.09957221
0.8032113088452354,0.8514109,0.96562713,0.96897435,0.16670556,0.13944441,0.34803665,0.44377643
0.9443244812979251,0.7511814,0.9739152,0.98107827,0.13754803,0.23456627,0.20029254,0.19536522
0.6751401725606903,0.59260625,0.9283212,0.9533732,0.08102889,0.0890327,0.044897094,0.22575569
0.9175703262813051,0.6441883,0.97942185,0.9734454,0.14535159,0.20313095,0.22269927,0.1734882
0.906366889467558,0.8410833,0.99170727,0.9770546,0.23192719,0.20531112,-0.9366296,-0.21229179
0.9513275173100691,0.80842966,0.98257554,0.9890198,0.11756367,0.19739115,1.0320961,0.38450667
0.8324715538862155,0.88848835,0.9622062,0.95357573,0.21452129,0.30439758,-0.3001511,-0.3563121
0.789877719510878,0.7745253,0.9475513,0.96146256,0.20607738,0.15467207,-0.5706901,-0.21803121
0.9445489301957206,0.7938113,0.98631734,0.98707247,0.16019163,0.16237056,0.87608445,0.35435843
0.8869830679322717,0.7995291,0.9511506,0.96615946,0.18663234,0.24964821,-0.45996976,-0.38608772
0.5403580334321337,0.7422132,0.9693874,0.9494883,0.10804937,0.14158551,-0.9155828,-0.8200501
0.8728420193680775,0.8684854,0.99302906,0.9690583,0.14327507,0.32373217,-0.98319006,-0.053140085
0.8505777063108253,0.83219445,0.948999,0.9788624,0.16947366,0.17235221,-0.92321455,-0.44426167
0.8774173016692066,1.120913,0.9663981,0.97927004,0.5136026,0.26659098,-0.18335217,-0.37592232
0.7889841479365917,0.9303665,0.90475607,0.9497154,0.41349706,0.38489467,-0.11484757,-0.16610077
0.7276877107508429,0.61783963,0.96201974,0.9415409,0.12953018,0.1642556,-0.34557408,-0.04047733
0.7075351181404725,0.6649269,0.93362236,0.9456237,0.11717664,0.13431677,0.3426543,0.17332661
0.9365403861615446,1.1154399,0.97542685,0.9672951,0.58889574,0.55838823,-0.75936407,-0.23502445
0.8993452293809174,0.70131284,0.98353106,0.98155767,0.14652522,0.12675767,-0.20309855,-0.44971472
0.8744885219540878,0.4614674,0.94910455,0.96696085,0.07349037,0.08860608,0.4316606,0.5447188
0.8599676958707834,0.6363753,0.9553573,0.9631,0.13448907,0.1774745,-1.1377709,-0.3806191
0.910629018516074,0.6832284,0.9734834,0.9737592,0.16307701,0.13271742,0.25442126,0.15568647
0.7668958995835984,0.67528355,0.95406425,0.9566375,0.1833757,0.11064133,0.546452,0.04868679
0.94186744746979,0.97339743,0.98613954,0.9705955,0.37560937,0.50443035,0.1627042,0.08911798
0.8579706958827835,0.822037,0.9646708,0.9762938,0.21550168,0.17712982,0.19322248,0.11423838
0.7196975987903951,0.5807475,0.9419551,0.9517451,0.15835686,0.10624712,0.93501365,0.5022016
0.811373453493814,0.66989017,0.96995443,0.97102726,0.15154015,0.16493341,-0.1144552,-0.41868642
0.8319688958755834,0.6313153,0.96029544,0.96235985,0.1313333,0.12129787,-0.90193343,-1.0222536
0.9353992295969182,0.8269211,0.97594863,0.9841583,0.24449837,0.135697,-0.34525466,-0.1957598
0.8909063156252626,0.7114269,0.976257,0.9731164,0.17856404,0.1437396,-0.44841,-0.4777828
0.8410585002340009,0.7197389,0.9730206,0.9713206,0.07734418,0.20089567,-0.15892485,-0.011965653
0.6802200328801314,0.8267755,0.97113097,0.9524375,0.16998611,0.14067134,0.045967218,0.37874988
0.7213334453337813,0.6066044,0.9011053,0.9551673,0.12495781,0.08815597,0.32739538,0.11126784
0.9149203316813268,1.1258693,0.98656845,0.9760353,0.34925488,0.2784369,-0.07370811,-0.6066101
0.9393408133632535,0.63864946,0.97873163,0.9787447,0.12920336,0.16838516,0.26160058,0.08785328
0.8513468613874455,0.8591052,0.9719175,0.9601492,0.29956424,0.23310181,-0.1290254,-0.6724644
0.9330945483781935,0.89851934,0.9871545,0.98000455,0.3041185,0.2796947,0.25359395,0.2618319
0.9339148716594866,0.967409,0.9810196,0.979222,0.24542786,0.3425439,-0.535078,-0.15277055
0.7444565778263112,0.5947695,0.9608792,0.9622179,0.065744065,0.115154535,-0.60311335,-0.40340596
0.7864020256081025,0.6625085,0.9872462,0.9688018,0.08750016,0.1280181,-0.0072273137,0.07780712
0.9214548119341635,1.8687968,0.9911538,0.9903945,0.09369181,0.30378956,1.0490829,0.34174925
0.8757827991311966,0.90989995,0.9433929,0.9472852,0.3774307,0.5065091,-0.5659251,-0.11703256
0.8861874167496668,0.8282547,0.9862433,0.9710764,0.15343107,0.21051112,0.64781797,0.47696832
0.9220082320329281,1.1463678,0.9861409,0.9727165,0.4264355,0.5293242,-0.4117707,0.072225034
0.6792423649694598,0.4819545,0.9357544,0.9540858,0.04160278,0.09362768,0.38763013,0.39797452
0.7888241152964612,0.6302064,0.9591393,0.95350313,0.08219267,0.11561625,-0.4508525,-0.1818485
0.7932871731486926,0.9496385,0.97874,0.97764736,0.2597512,0.14205435,-0.380514,-0.18257193
0.9278880635522542,0.7426806,0.9885136,0.98514664,0.22120367,0.17032783,-0.118738405,-0.23592322
0.8506952107808432,0.6302771,0.9774558,0.9635313,0.11854801,0.15695474,0.30627626,0.46407565
0.8966270745082979,0.6825273,0.9847335,0.98496866,0.096145235,0.118842706,-0.8401599,-0.33931533
0.9020809523238092,0.6445635,0.9778329,0.96915346,0.21416469,0.25639004,0.47315288,0.025453819
0.8798517754071016,1.1384376,0.97893435,0.9667141,0.37436277,0.7246852,0.07267675,0.28955385
0.8479728318913275,0.7726222,0.94987917,0.9602402,0.16128653,0.2154208,-0.6835063,-0.70801866
0.923130380521522,0.6656084,0.99314207,0.9854426,0.09843441,0.14773151,0.30251056,-0.14795458
0.6551612446449786,0.7762148,0.8883874,0.96792865,0.14640938,0.09000968,-0.12030513,-0.32837665
0.88650009000036,0.83045936,0.9846576,0.9817671,0.16037205,0.15990528,-0.45865157,-0.59696704
0.7610213480853923,0.7019698,0.9416233,0.9624854,0.13994989,0.08635596,0.17243071,-0.29806936
0.8604929139716558,0.741962,0.98449457,0.9732942,0.10898213,0.13821854,-0.052208174,0.430474
0.8943575294301175,0.9123628,0.98293626,0.9881639,0.14404838,0.15623741,-0.4011969,-0.20004907
0.8874578858315432,0.5754501,0.97395945,0.97128,0.09303578,0.12566327,0.116940886,0.37327707
0.9289536678146713,0.9343112,0.96972704,0.9772393,0.2823201,0.29921058,0.53720015,0.104833074
0.8473541094164377,0.5654565,0.96590304,0.9727397,0.075165085,0.07829437,0.13133085,-0.23588689
0.8510213240852963,0.90806174,0.96742,0.97273123,0.30558994,0.20395795,0.77313673,0.83807516
0.8430961083844335,0.7105327,0.9815464,0.96123123,0.18086371,0.12388057,0.46454605,0.32728064
0.9145675302701209,0.8702976,0.981377,0.9793258,0.27343324,0.14458567,-1.5599263,-0.4999521
0.9327530750123001,0.840285,0.98361623,0.98011065,0.16018552,0.20489815,0.49693567,0.294594
0.8414523898095592,0.676425,0.9857043,0.9747224,0.07888421,0.0768215,-0.42093182,0.47341025
0.7565076980307921,0.78342986,0.94986033,0.9591136,0.18559676,0.18242204,0.50427705,-0.017062657
0.8238908475633901,0.62711614,0.9840532,0.9580268,0.08915357,0.16059813,-0.04063321,-0.018551635
0.7236732626930508,0.6905468,0.9582412,0.95661676,0.16517861,0.11010915,0.5690699,0.67189246
0.6778267433069731,0.6173927,0.9610671,0.9567446,0.08464529,0.07442225,-0.44980216,-0.12963073
0.9431145884583539,1.3481967,0.97419995,0.9820669,0.32446614,0.47171757,-0.52024555,-0.28651842
0.9635346381385524,0.83392096,0.9929961,0.98225296,0.2591651,0.42469576,-0.24028279,0.2171948
0.9223216732866931,0.75798446,0.9816965,0.98601,0.13907409,0.19586635,-0.21980591,-0.19152018
0.9130262441049762,1.0439855,0.9492292,0.96709806,0.5637284,0.32836354,-0.076476134,-0.27264276
0.5404524018096072,0.574145,0.9005637,0.94682527,0.1024628,0.076448336,0.7255928,0.68542755
0.8774080856323424,0.96895516,0.95395666,0.96874976,0.33618408,0.25783864,0.5526052,0.09502032
0.897879111516446,0.7715792,0.9726726,0.97458476,0.18060468,0.22299989,0.023525475,-0.3126805
0.9029204756819027,0.7999773,0.9728413,0.96823406,0.27380124,0.3112583,-0.6560441,-0.18890809
0.900193008772035,1.1417621,0.98923653,0.9743296,0.3488618,0.39534193,-0.4602098,0.1381448
0.872249792999172,1.2445176,0.94747275,0.9660586,0.66694295,0.6168372,-0.4034637,-0.4621374
0.8966514586058344,0.67415464,0.9754689,0.96323234,0.17169009,0.30851465,0.14197955,0.28713182
0.9227026028104112,0.78487945,0.9680659,0.9802351,0.18090898,0.17126651,0.30368152,0.5200824
0.830997467989872,0.79630756,0.9598684,0.96233696,0.2119835,0.16761339,-0.55820596,-0.56007767
0.8929700358801433,0.7050523,0.9670018,0.9713974,0.17348228,0.12385131,0.07345581,-0.2043627
0.9302254809019235,0.82184976,0.99116623,0.98048604,0.17628866,0.19928764,0.11705943,0.02766987
0.7388432433729734,0.7734204,0.94456494,0.9611033,0.16991366,0.13800763,-0.1303949,-0.03377623
0.7095767583070333,0.61799,0.96658176,0.9628198,0.10894605,0.09271921,-0.45437026,-0.07961032
0.9204566738266953,0.9154525,0.98826164,0.98006207,0.2299677,0.3728967,0.23261054,0.49366543
0.8364259057036227,0.782431,0.9577882,0.972782,0.14335518,0.17970693,-0.92400044,-0.42431867
0.8420962643850575,0.60593593,0.9874743,0.9633652,0.12310525,0.11093756,-0.12443529,0.10992597
0.8313595814383258,0.66882527,0.961571,0.9619523,0.09782529,0.1765649,-0.566572,-0.21821249
0.7660990003960015,0.5362139,0.9779214,0.95820254,0.084955744,0.10988671,-0.29398483,-0.3150051
0.8351557246228984,0.73433423,0.9689056,0.97267014,0.1260721,0.233165,1.3087494,0.67951417
0.8304998979995919,0.69596446,0.9673737,0.9543698,0.097590365,0.121815264,1.2190114,0.6320193
0.8485912663650653,0.6988667,0.9615157,0.97357327,0.2382523,0.11950716,-0.24689431,0.0727182
0.9205016020064081,0.90727943,0.9723511,0.9811962,0.23088945,0.17933136,-0.16799009,-0.34040156
0.854810843243373,0.9401401,0.9379038,0.9634231,0.31318638,0.15562429,0.013133498,-0.17689222
0.8582882857520622,0.6720879,0.96535355,0.9650936,0.10759932,0.15449849,-0.1903045,-0.5583295
0.9299642638570552,0.9809346,0.9920252,0.98518085,0.16664954,0.14859216,-0.31992492,-0.13173608
0.8042784491137963,0.6790369,0.9597255,0.9550194,0.12984203,0.16354874,-0.5082284,-0.3469192
0.8305280261121043,0.8726187,0.959682,0.96899205,0.2657037,0.10668105,0.053723045,-0.18968834
0.9324379057516229,0.63381296,0.987771,0.9809832,0.095194794,0.080888145,-0.30039626,-0.06365467
0.894058872235489,0.717387,0.9823971,0.9826896,0.08887655,0.10620641,0.36988962,0.07424914
0.8452358609434438,0.63312787,0.97124845,0.97676283,0.059292603,0.092332065,0.2564017,-0.014357192
0.8857631910527641,0.7917203,0.94551104,0.9744489,0.2092401,0.16099046,0.0755503,0.38788077
0.9008648194592778,0.6255771,0.96656495,0.9698083,0.11047301,0.19574493,-0.40004948,-0.2874726
0.7279019836079345,0.7181997,0.9895817,0.9744918,0.09152402,0.10137046,1.0506241,1.0590044
0.9126591386365545,0.6209497,0.97506815,0.9765383,0.08688253,0.123188645,-0.039169,0.057610065
0.9149590198360793,0.6880354,0.9696001,0.97600394,0.16031764,0.16261856,0.26589862,0.08950074
0.7670060120240481,0.5554393,0.95166576,0.94947517,0.113448195,0.07244385,0.41418698,0.004061042
0.6440238560954243,0.5288168,0.9046579,0.94899637,0.076672494,0.109845094,-0.29389068,-0.026084606
0.933383221532886,0.9486255,0.9858247,0.9842941,0.17051315,0.168011,0.14848733,0.060590822
0.8598318553274212,1.0382355,0.9646904,0.9735534,0.3539112,0.2973666,-0.24002205,-0.118291005
0.870756987027948,0.8542901,0.96304196,0.9698599,0.23662342,0.2512992,-0.17690568,-0.34745014
0.9170443401773606,0.77537173,0.97960734,0.97298354,0.20698312,0.2386247,-0.2513703,0.17389213
0.930440137760551,1.0535121,0.9925551,0.9909619,0.17592277,0.17547153,0.29782653,-0.23318763
0.7740286321145284,0.6185352,0.9625368,0.9327863,0.13389042,0.18410853,-1.1510189,-1.0487291
0.8196379542231279,0.5707691,0.94556046,0.9592933,0.110185415,0.115752615,0.084447496,0.22553417
0.8518844635378541,1.011345,0.9775614,0.9647803,0.20685342,0.35034433,0.22166762,-0.123615116
0.839751167004668,0.62721586,0.9618206,0.95675075,0.11586183,0.15335478,0.27010888,0.13412274
0.7177469669878679,0.59300613,0.9614565,0.94098586,0.0893379,0.14486091,0.326393,0.38101265
0.9030012120048482,1.171607,0.9913351,0.97320306,0.34995586,0.3769163,-0.68004763,0.25552836
0.6793026532106128,0.62514883,0.9234871,0.9426182,0.10474647,0.12046544,0.032998927,0.197438
0.8260985683942735,1.0122178,0.9687499,0.95646083,0.21051462,0.4080207,-0.01808211,-0.20663813
0.9056868227472911,0.9086869,0.98942363,0.98422736,0.30093092,0.22792286,0.077867076,0.4936235
0.5104542018168072,0.6242293,0.91890824,0.9374111,0.08855205,0.13202466,0.26055574,0.5718717
0.8644480337921351,0.954862,0.96877587,0.9672237,0.21547884,0.1625448,0.23722023,-0.06988255
0.7616567746270985,0.7140807,0.93720555,0.9459404,0.15169986,0.121751875,0.5004842,0.5859926
0.8953269413077652,0.561686,0.94520456,0.9651316,0.12780635,0.16986501,0.87786597,0.1970262
0.8798921915687661,0.59788567,0.94881713,0.9676908,0.119549036,0.10518453,0.45243338,0.47691327
0.7764321937287749,1.0343448,0.99383146,0.9786226,0.14650014,0.112645164,-0.45394394,0.87571526
0.7887245628982515,0.81968147,0.95390624,0.9552385,0.25170782,0.17200622,0.24810006,0.51992184
0.6971823407293629,0.7237082,0.9169141,0.94745123,0.21739872,0.14592035,-0.27222985,-0.5910989
0.9196063984255937,1.086233,0.9890564,0.98245966,0.25688365,0.48073107,0.25584975,0.4003014
0.8657030468121872,0.93554485,0.9946628,0.9879926,0.14164455,0.24934353,-0.6626244,-0.61782753
0.8876063024252097,1.118052,0.9899485,0.9744919,0.30278,0.35876742,0.2595548,0.375427
0.880563714254857,0.6400658,0.9699483,0.975602,0.122037254,0.113288596,-0.37173453,0.039650608
0.9049202596810386,0.9436,0.99046415,0.97813934,0.21142711,0.18022548,0.46479934,0.67560464
0.889007236028944,0.98189276,0.98073536,0.976825,0.35537586,0.24731383,0.16346887,-0.7859472
0.8405191700766803,0.65740424,0.96918225,0.9614863,0.11155851,0.1345017,0.24808872,0.1588644
0.8131875727502911,0.770806,0.9568726,0.9631931,0.15241566,0.17786257,0.1909095,0.5268629
0.747318061272245,0.69676334,0.97144854,0.9563508,0.09430014,0.129776,0.21887429,-0.69545275
0.755309421237685,0.9852489,0.9503096,0.95630825,0.19333592,0.1714866,-0.76285636,-0.4044438
0.6660868563474254,0.8976029,0.9257075,0.93920517,0.2981866,0.12010475,1.1796274,1.2651947
0.87362682250729,0.7827595,0.9862433,0.9717237,0.15343107,0.28631315,0.64781797,0.65305823
0.8991497725990902,0.7148497,0.9656979,0.9700945,0.19473033,0.22525236,-0.22517656,-0.3714868
0.6881445765783062,0.7049857,0.93883663,0.9487394,0.0997397,0.18417263,-0.19882436,-0.64753103
0.8785849543398173,1.202619,0.9939862,0.9757646,0.258426,0.3003462,-0.024133727,0.59372526
0.7641666086664346,0.5941963,0.9579576,0.94030946,0.059585642,0.07297698,-0.2046416,-0.4134089
0.7763831375325501,0.6447729,0.93751144,0.9554839,0.12734455,0.15046659,-0.34010684,-0.50025135
0.8718051192204768,0.91809875,0.9691478,0.9615528,0.393819,0.3236431,0.42437223,-0.42608356
0.7527671390685563,0.53787047,0.9555193,0.94521374,0.086946316,0.12461085,0.37556103,0.269191
0.6767107388429553,0.7677547,0.9426228,0.9585058,0.0794626,0.08984069,-1.1990457,-1.4172487
0.7157724310897243,0.67198676,0.9291002,0.9405305,0.2003512,0.10134641,-0.08476524,-0.22017322
0.9322743210972843,0.9466216,0.98225063,0.97316605,0.19844255,0.48334023,-0.5694446,-0.037283473
0.8152563810255241,0.58382034,0.9477691,0.94856745,0.13476428,0.21073198,0.1774239,0.69340956
0.8982958491833968,0.9769353,0.9821048,0.97095513,0.269365,0.24993919,0.37337226,-0.15102409
0.902622490489962,1.0216237,0.97893435,0.9600203,0.37436277,0.68895894,0.07267675,0.16398829
0.8326856347425389,0.70634377,0.96454835,0.9628068,0.14439546,0.19501632,-0.5292164,0.08379601
0.9627550190200761,0.9676659,0.9920864,0.98473734,0.068716206,0.1493401,-1.8634281,-0.73900014
0.8707412429649718,0.7253071,0.98096925,0.9631694,0.10511189,0.2218452,-0.30056682,-0.4669604
0.9264722498889996,0.756175,0.98201483,0.9635601,0.17152375,0.2113223,-0.4793449,-0.15801679
0.7029388117552471,0.924161,0.96827096,0.93846744,0.26730976,0.1691744,0.27341348,1.313022
0.8582941211764847,0.8058384,0.9696709,0.9605582,0.17115526,0.11561687,0.35429996,0.6052807
0.7429651158604634,0.8268884,0.9592544,0.9702537,0.1382299,0.16958606,-0.8661141,-0.48064885
0.8765775863103453,0.99554735,0.9551489,0.97278696,0.3329009,0.3161432,-0.45998982,-0.11308533
0.8479608318433274,0.7075613,0.96972495,0.95282197,0.16624638,0.12989046,0.3824842,0.6668449
0.8035060300241201,0.6525651,0.96712303,0.95481133,0.072962455,0.18126445,-0.68911064,-0.28458405
0.8002604490417962,0.65556186,0.95492625,0.9641379,0.075625,0.10737225,0.30152434,0.458709
0.8013168372673489,0.5839748,0.91796887,0.9455867,0.12401908,0.14365923,-0.6708854,-0.5722222
0.9270135000540003,1.172381,0.9700181,0.9700253,0.6105173,0.682893,0.243332,0.030899717
0.7921353605414421,0.79511905,0.95506096,0.95296144,0.1845325,0.12104364,0.45588976,1.0324163
0.905323749294997,1.0777726,0.9666478,0.983242,0.4903403,0.1768569,0.50581485,0.16248612
0.7009699398797595,1.025141,0.93076825,0.9525059,0.201718,0.103238374,-0.49629647,-0.48341647
0.9312667970671882,0.87039644,0.9754294,0.98385024,0.1273541,0.18672843,-0.1347704,0.022256227
0.7717720470881883,0.8998929,0.969661,0.97374624,0.14232849,0.12833655,-0.7682264,-0.562188
0.6780524402097609,0.5671108,0.96868503,0.9312155,0.124673314,0.11189759,-0.36820233,0.28063637
0.8675215820863283,0.70701176,0.95053333,0.9505049,0.13592109,0.18487674,0.41259578,0.5746837
0.9071033084132335,0.6908029,0.98881537,0.9677106,0.12606657,0.2501661,0.17491354,-0.04880447
0.8144590018360073,0.9075101,0.9309886,0.9678837,0.274771,0.18220441,0.017513184,0.1271647
0.9279061116244463,0.6701541,0.97467864,0.9735833,0.1408387,0.2489052,0.08266183,-0.396772
0.8964718418873675,0.9551463,0.97504145,0.9689623,0.22491558,0.15756135,-0.8162019,0.2798177
0.8757590870363481,0.74037945,0.9838796,0.96144074,0.16219711,0.2105941,-0.4315731,0.34768507
0.8750643322573288,0.68825746,0.9825276,0.978998,0.084385104,0.12057916,0.15003105,0.31993556
0.871445117780471,0.7610431,0.9754689,0.96363014,0.17169009,0.20778568,0.14197955,0.38956758
0.6929510278041111,0.63012725,0.93400353,0.9452802,0.10837701,0.11763303,-0.44490656,-0.08936583
0.7774584378337512,0.70341426,0.9525058,0.94955873,0.16065879,0.14121068,0.86299264,0.61439615
0.6716567026268104,0.50273496,0.9046579,0.93658465,0.076672494,0.12711422,-0.29389068,-0.16159648
0.9495897183588734,0.979973,0.98763436,0.9845697,0.14444311,0.29561377,0.48273158,0.36057222
0.8735436861747446,0.8489608,0.9654455,0.9768908,0.12808456,0.11195733,-0.9054766,-0.72782964
0.8905184740738962,0.68586546,0.9537281,0.9647561,0.14682971,0.13482572,0.1196357,0.14770758
0.8954870699482798,0.74231905,0.97199416,0.97610974,0.123435415,0.21873467,0.011427206,-0.09178352
0.8292085008340033,0.84515315,0.9592388,0.96214706,0.15990743,0.23327239,0.16649403,-0.61914897
0.8052914451657807,0.6610385,0.9835864,0.96271193,0.06389068,0.15232842,-0.5566851,-0.6952758
0.9015613982455929,0.78285116,0.9724419,0.9721789,0.21966493,0.18271779,-0.54532856,-0.2612092
0.861128916515666,0.99969935,0.9516125,0.9674411,0.36465073,0.26926753,-0.58891845,-0.6409498
0.8911146364585457,0.81356984,0.9700997,0.96950555,0.19865465,0.12758999,-0.13983071,0.1615836
0.8659603278413114,0.9210655,0.9454344,0.9502441,0.4739514,0.49437276,-0.22469532,-0.13591169
0.8742637850551402,0.52716386,0.97516,0.9629625,0.08446465,0.15592283,-0.3923218,-0.21872701
0.8600462241848967,0.88889396,0.97080064,0.9697758,0.23898475,0.21579397,0.21381082,-0.41763386
0.8113970695882784,0.5535207,0.96648014,0.9541177,0.07507434,0.11165007,0.3883638,0.002326477
0.9116471985887943,1.0983105,0.95880884,0.9772868,0.38793197,0.3399399,-0.0888822,-0.25383088
0.5558869595478382,0.6610347,0.9500005,0.9238656,0.09963966,0.086493835,-0.44575447,-0.06332216
0.7794555338221353,0.568683,0.93138605,0.94787765,0.0891139,0.12585701,0.11541622,0.13615339
0.9067682670730681,0.67070544,0.97359294,0.9664455,0.14573677,0.14351383,0.23050246,0.079588
0.8571792687170748,0.7092369,0.931609,0.9493749,0.205681,0.19831304,0.29998055,0.10086872
0.7314267337069348,0.75167197,0.9406865,0.93959194,0.15972595,0.21000327,0.8797479,0.3851101
0.7268852435409742,0.6069848,0.93647236,0.944001,0.09694581,0.13651751,0.35062933,0.7801408
0.7793364933459733,0.47449636,0.9521576,0.9495457,0.056259416,0.081745155,0.49448135,0.36205897
0.7795971343885375,1.1186998,0.92217666,0.95715725,0.5193547,0.17800099,0.23705669,-0.027661363
0.6142465529862119,0.6858662,0.9595186,0.9507298,0.10564221,0.10949063,-0.45793292,-0.8086821
0.7867290989163955,0.8907249,0.9492408,0.94646853,0.30532342,0.20717406,0.56229067,0.43502685
0.8763516974067896,0.62224877,0.95888627,0.95691943,0.14713289,0.14487694,0.074235655,-0.062076975
0.9450454441817767,0.8799084,0.98521465,0.9822055,0.13536504,0.15997629,-0.41164905,-0.007784014
0.5841682886731547,0.80644023,0.9465561,0.9327508,0.13751572,0.13450253,0.22740355,0.29346296
0.7022586490345961,0.6121965,0.95731395,0.95618635,0.12720218,0.116940506,0.5383773,0.52400655
0.919003228012912,0.66065526,0.9907839,0.97346526,0.11599406,0.17811379,0.1893394,-0.19627112
0.7760539522158088,0.8129842,0.97798926,0.94908196,0.23646693,0.25784338,-0.22621612,-0.4900668
0.7654273817095268,0.75485003,0.95501524,0.95430493,0.2004614,0.1437591,0.22702834,0.26397282
0.7428611474445896,0.9240235,0.9490045,0.95025796,0.23127688,0.17982954,0.06907274,-0.16267781
0.7029681878727514,0.61746067,0.9343787,0.941241,0.08566927,0.101055615,-0.77932006,-0.59291494
0.885121428485714,0.9856163,0.9769152,0.97251326,0.38158438,0.32754952,-0.23982507,-0.0040278733
0.7908198672794692,0.4993235,0.96891403,0.94189286,0.07078937,0.099032216,0.124242134,0.09319067
0.8677967191868767,0.8731244,0.9862433,0.9750226,0.15343107,0.14024912,0.64781797,0.4412861
0.9408802755211021,0.7078336,0.99309164,0.9876216,0.12871905,0.19232416,-0.121163644,0.17810595
0.757695318781275,0.77655447,0.94259834,0.9437929,0.32200783,0.14291799,0.85475814,0.03575283
0.785826023304093,0.78735274,0.96020085,0.95479745,0.19014263,0.21195905,0.2392147,0.27564576
0.8647724190896763,0.6420396,0.98321444,0.96894413,0.04784183,0.13696323,0.3832644,-0.018225651
0.7972037968151873,0.7233157,0.96372175,0.9650788,0.14266047,0.15197149,-0.52241564,0.028880466
0.9486725306901226,0.49776378,0.98701495,0.9826275,0.093163125,0.09596337,-0.087890156,-0.11568274
0.741192660770643,0.7304883,0.947022,0.9559955,0.17466107,0.15711518,1.0424609,0.5815849
0.7315997263989056,0.95543927,0.9284807,0.9563738,0.30160215,0.1707966,0.41639644,0.09280375
0.8001091524366097,0.68793786,0.95170087,0.95054203,0.123937964,0.21200271,-0.24632841,-0.053528655
0.8144695618782475,0.82912886,0.9573405,0.95456135,0.13901676,0.20126455,-0.1577489,-0.014830645
0.831252157008628,0.83081174,0.9731451,0.94478637,0.21998028,0.17826743,-0.1368528,-0.45005465
0.8028144432577728,0.645696,0.93715274,0.95192695,0.1643563,0.10855146,0.11600628,0.052307237
0.8746864747458989,0.8424613,0.9676077,0.9623959,0.29396987,0.1830747,-0.5391418,-0.29287168
0.9075733262933051,0.93998027,0.9778183,0.9781923,0.2707264,0.26081178,0.06379876,0.13376567
0.9166776187104747,0.6187283,0.975057,0.9794897,0.11592083,0.16116646,-0.4875532,-0.076645255
0.7124794259177036,0.81129205,0.94805855,0.95422107,0.27702168,0.15843625,0.2726825,0.53154933
0.860936435745743,1.0126834,0.95842457,0.97239214,0.34047145,0.3088698,-0.65470135,-0.575115
0.7199805119220476,0.66986084,0.9509669,0.9549058,0.100814894,0.15753931,-0.8421508,-0.25114113
0.8729671078684313,0.70132583,0.9909404,0.9542048,0.06134798,0.31413117,-0.3347035,0.065588124
0.898438409753639,1.047883,0.97893435,0.96752316,0.37436277,0.41343778,0.07267675,0.10308108
0.5582304249216996,0.6918535,0.9799193,0.9523856,0.04351743,0.117339745,0.7577949,0.22426571
0.777315109260437,0.73813933,0.9702982,0.95524347,0.14720175,0.13380568,-0.28381583,0.16917427
0.846439705758823,0.6780889,0.9821989,0.9583879,0.12793805,0.17617439,0.42433754,-0.04929871
0.8968989475957904,1.0290604,0.96025145,0.9790945,0.42190763,0.28563866,-0.15136462,-0.13029796
0.8249725798903195,0.7487127,0.9769756,0.95925784,0.12892778,0.18577647,-0.782273,-0.55016536
0.8932065808263233,0.87044203,0.9821599,0.9732157,0.25752655,0.30287793,-0.4339679,0.032382116
0.7460442321769287,0.5388361,0.9522757,0.94952935,0.051409725,0.10272867,0.0041907947,-0.09871615
0.8407139548558193,0.83427465,0.9935361,0.98390627,0.09201658,0.18760858,0.17043407,0.2999155
0.7188250513002051,0.8160067,0.93083507,0.94459516,0.26718003,0.16361347,-0.26451176,-0.4480369
0.8887387229548919,0.58352745,0.9765203,0.9690544,0.0708612,0.1079736,0.19428465,0.21994627
0.9128970275881103,0.63560843,0.9864992,0.9739963,0.086579435,0.17439365,0.21677694,0.29926404
0.9523641294565177,0.9589589,0.9870614,0.9848051,0.19075954,0.36308607,-0.23351501,0.13832681
0.8097613190452762,0.81261796,0.96883,0.9687446,0.124949105,0.17974867,1.0796019,1.0070494
0.8611683726734908,0.86924636,0.9728723,0.9648827,0.32797375,0.33987907,-0.5910669,0.01387746
0.8860743282973131,0.7849773,0.98074126,0.97265923,0.13106829,0.17161599,0.27764493,0.5004289
0.8739646478585914,0.7513387,0.9736271,0.9661728,0.13672766,0.18631491,0.21344972,-0.08323521
0.9159941919767679,0.9356149,0.98603123,0.9735487,0.19109616,0.26856083,-0.4027296,-0.30039746
0.8711437725750902,1.2021004,0.9762897,0.98395747,0.33907005,0.25123498,0.57933813,0.30098587
0.8631041244164976,0.5914803,0.9607222,0.953122,0.08102932,0.15644883,-0.6576646,-0.4285314
0.8217245988983956,0.6830875,0.93460506,0.9685531,0.11929398,0.14122795,-0.75629044,-0.78617424
0.9545725222900893,0.99360174,0.98853964,0.9797746,0.3610917,0.4795585,0.49618745,-0.3059665
0.7730289801159204,0.6941747,0.9490912,0.9581287,0.17288564,0.11776382,0.28959724,-0.012301738
0.6182535130140521,0.79539657,0.93305415,0.9419001,0.23542273,0.13425148,-0.06729425,-0.2573567
0.907381805527222,0.69343007,0.9734876,0.9681331,0.14704429,0.18658282,0.38123924,0.23520695
0.8721743366973467,0.9000396,0.99390566,0.97896564,0.16223723,0.19656871,0.6066785,0.06302714
0.8267083628334513,1.2208295,0.96374387,0.95873713,0.5944651,0.48286092,-0.90551126,-0.47813937
0.826061416245665,0.6881803,0.9462912,0.95410687,0.14870183,0.2188816,0.25715566,0.063458845
0.8730317161268645,0.57365614,0.97866756,0.95351887,0.08382161,0.115682885,-0.016066337,0.14204957
0.9055360061440245,0.6987266,0.9842076,0.9703583,0.11693113,0.16571851,-0.11354605,-0.4229432
0.8748393073572294,0.9810394,0.97312796,0.95363396,0.41075635,0.35912013,0.109770864,-0.007205071
0.9589213396853588,0.6020337,0.97575855,0.9817733,0.108590305,0.20414113,-0.11149189,0.061115146
0.7811979407917632,0.57191366,0.93622184,0.95037466,0.12808982,0.1184334,-0.13915437,0.11340679
0.8783689534758139,0.9997217,0.97561836,0.9700392,0.28510362,0.38991672,-0.42887685,-0.25626418
0.9582411769647079,0.718888,0.9947825,0.9848022,0.09988458,0.14599499,-0.72314584,-0.22971614
0.6249849639398557,0.69302905,0.941859,0.9512311,0.13315392,0.12859672,-0.45542026,-0.7956935
0.9046528026112105,0.83710146,0.9678456,0.96682906,0.2801128,0.21841036,-0.04435521,0.03172711
0.6954176616706467,0.68958753,0.9521368,0.95173925,0.09345955,0.13788566,-0.6074217,-0.19972907
0.8821815127260508,0.6812667,0.9694855,0.9591967,0.07578651,0.13847668,0.32325342,0.080261156
0.8113981255925022,0.60574013,0.9365,0.9437576,0.13142946,0.12841517,-0.0750434,-0.30446675
0.8882213768855076,0.76867425,0.9574604,0.96284586,0.1713235,0.21396789,-0.07677243,0.019954065
0.8691111564446258,0.81164217,0.99146163,0.9779107,0.1465364,0.21026182,0.26104635,0.37090272
0.9187560270241081,0.91545117,0.98054737,0.98478544,0.28017402,0.2329404,-0.6371924,-0.22059825
0.8875307501230005,1.0547022,0.9582388,0.9532262,0.2710558,0.7867094,-0.607387,-0.36023965
0.75575361501446,0.71285814,0.92837197,0.9496294,0.15615532,0.14968574,0.21281931,0.19469504
0.4317300469201877,0.75466675,0.91475815,0.93697673,0.142166,0.13502485,0.07352574,-0.06747783
0.858939723758895,0.6711783,0.9943318,0.9697927,0.084638715,0.12994294,-0.03358208,0.09487505
0.7082681770727082,0.6798081,0.9179228,0.9422836,0.121910036,0.18955564,-0.15525906,0.024410073
0.6231064284257137,0.67523813,0.914852,0.9478558,0.16153008,0.12370905,0.4329014,0.4661247
0.8832212928851715,0.61373323,0.96584904,0.96787137,0.09139073,0.12835394,0.46665046,-0.28259534
0.9065931361307801,1.086527,0.98275054,0.96448284,0.41671634,0.88392097,-0.24919571,0.06538063
0.9378410953643814,1.0886753,0.98853105,0.9754121,0.60516775,0.38178456,-0.004733834,0.30602172
0.8697678950715804,0.7066892,0.95458883,0.96363944,0.1515541,0.11919411,-0.16507125,0.09314019
0.9355686702746812,0.6498514,0.9855248,0.9746428,0.1698548,0.20284173,0.01477283,-0.2844346
0.8441418405673622,0.913838,0.96816295,0.95992947,0.24499892,0.31170404,-0.6103785,-0.41393512
0.8710486361945448,1.0167539,0.96230656,0.9614005,0.3903039,0.23271434,-0.7544141,0.0028175951
0.7814827739310957,0.5415418,0.9835157,0.94085824,0.07819214,0.16610171,0.60446966,0.75891006
0.7578382633530534,0.73397213,0.97718817,0.9541694,0.07430552,0.19342561,-0.35777137,0.0018072964
0.7745785223140892,0.7789742,0.96415275,0.95967853,0.13486585,0.15241154,-0.54572946,0.122914895
0.8981575126300506,0.6690534,0.94540507,0.963942,0.13499834,0.1915283,0.4240639,-0.009932634
0.9185276421105683,1.0678332,0.95271665,0.96225905,0.4861354,0.7419069,-0.49776518,-0.44986746
0.8808829155316621,0.7252296,0.97145426,0.974789,0.11592688,0.18654293,-0.36268947,-0.42432827
0.8253323893295573,0.78494775,0.9847079,0.9666841,0.1762454,0.1725232,0.57188153,-0.42778403
0.9201102084408337,0.52605885,0.96415985,0.9699035,0.08234107,0.13838148,-1.1684693,-0.6335098
0.8286168504674017,1.0585786,0.98182935,0.9884071,0.19882901,0.17021024,-0.022511497,0.115162075
0.8780218160872644,0.9005792,0.9708293,0.9793017,0.1856123,0.13880849,0.14943787,0.13564497
0.9158188952755809,0.8671874,0.97066194,0.97523844,0.20741571,0.266309,0.5624586,0.35232443
0.8788767955071821,0.6432593,0.97979105,0.9759861,0.11474184,0.14325827,-0.9012515,-0.43518308
0.8904366817467269,0.7034505,0.9868004,0.97495854,0.096578464,0.1177578,-0.1776283,0.31936574
0.86050501002004,0.8602842,0.97947425,0.9643511,0.179027,0.17841893,0.9039137,0.52063406
0.8852484369937479,0.7733755,0.9783884,0.9760948,0.15407297,0.13457406,0.14339425,0.10719098
0.9163656174624698,1.0226083,0.97737634,0.98695636,0.2153068,0.24649043,-0.57321304,-0.053852748
0.8457815271261084,0.7216729,0.9931117,0.98242784,0.12173611,0.16847898,-0.054392476,-0.29239404
0.8111695486781947,0.84293616,0.988744,0.96360797,0.13656215,0.20906147,-0.39443234,-0.47347608
0.7467591470365881,0.63021237,0.9729859,0.951279,0.086057924,0.1371071,-0.20615114,-0.7586979
0.876556178224713,0.99823004,0.98131007,0.9678472,0.25678396,0.4622996,0.03693691,0.51148194
0.5910262681050724,0.74591976,0.9891901,0.95422524,0.10882401,0.1298711,-0.3039102,-0.13910441
0.7712544130176521,1.0021019,0.934689,0.9502144,0.38811195,0.1964087,0.48949614,0.12874247
0.8912714050856204,0.71960354,0.9588652,0.96763456,0.16454794,0.16920224,-0.50096095,-0.105580084
0.7702954651818607,0.76573586,0.97452784,0.95063514,0.15492748,0.07543655,-0.12596138,-0.4236415
0.882697034788139,0.7245875,0.978451,0.96732783,0.115002945,0.1311609,0.388993,0.3464098
0.9420389041556165,1.0964403,0.98140866,0.9844693,0.33224028,0.29492176,0.94569427,0.10289509
0.904432577730311,0.7455014,0.98162156,0.97500944,0.10114948,0.17405927,-0.4894323,-0.13531028
0.8262082968331873,0.801702,0.9622777,0.96638745,0.12250742,0.09763966,-0.57959884,-0.67789114
0.7884891699566796,0.78455395,0.96699846,0.96222883,0.19252002,0.20984593,-0.7424943,-0.6946559
0.8681106404425618,0.762836,0.9841701,0.96854264,0.20860657,0.24586113,0.94720536,0.6349796
0.8936698786795146,0.83865273,0.9870245,0.9782295,0.15298013,0.2131487,-0.19957066,-0.15247993
0.8488376993507973,0.6195245,0.9781657,0.9606155,0.1306444,0.14382355,-0.34117863,-0.25837597
0.9456571586286344,0.84481037,0.9946615,0.9888869,0.19880258,0.2071914,-0.87916654,-0.24001758
0.7363628814515257,0.75441694,0.9076033,0.9508243,0.16621457,0.14960054,0.18685219,-0.09165234
0.6590315961263845,0.58988106,0.91146296,0.9403923,0.11951301,0.14739256,0.8575353,0.7513734
0.911183324733299,1.2652886,0.9661839,0.96526694,0.38316813,0.26655006,0.73020685,0.38739482
0.8450606602426408,0.66275144,0.96611756,0.9605563,0.16413912,0.19608784,-0.31385234,-0.38162813
0.9124132816531266,0.9799486,0.9854777,0.9919306,0.13175991,0.14629689,0.47857583,0.41377163
0.9155237900951603,0.99299127,0.9905404,0.986137,0.22159196,0.23130219,0.15528423,0.051785618
0.8592963651854607,0.84019977,0.9425392,0.9681741,0.33456764,0.18440476,0.76388735,0.11686601
0.9115724142896572,1.1804749,0.97375154,0.96443814,0.7288596,0.5356252,0.87292576,-0.102941245
0.6037065748262992,0.7135405,0.9754817,0.9535733,0.09107752,0.07477376,0.5756977,0.04585886
0.7779104076416306,0.76027054,0.9369512,0.9670737,0.13502866,0.1447215,0.17087132,-0.13184808
0.6298988395953583,0.7079868,0.93763584,0.9577229,0.12838374,0.10500111,-0.102891386,-0.45342696
0.9076805587222349,0.7803622,0.970379,0.96488154,0.21702519,0.2893578,-0.272172,0.16477165
0.872179328717315,0.823331,0.9862433,0.97210747,0.15343107,0.20010634,0.64781797,0.43109888
0.7529008676034704,0.81868434,0.9727669,0.96026856,0.13571677,0.14019187,-0.30915663,0.1667861
0.8723648974595898,0.9210599,0.9700464,0.96646225,0.2557273,0.28270897,-0.16980153,-0.62038845
0.7798250393001571,0.8857969,0.9422275,0.95799905,0.15581393,0.27381667,-0.07606953,0.07839484
0.867879183516734,0.9539331,0.9685846,0.95742106,0.27384874,0.39773,0.20738043,0.16849296
0.9122554570218281,1.5252671,0.9865868,0.98693985,0.26989406,0.6526906,0.02828181,0.13740839
0.9046511706046825,0.93053424,0.98662937,0.9735622,0.21183047,0.32955968,0.617291,0.22710869
0.8444602738410953,0.6514617,0.9645207,0.94434935,0.1732746,0.23376882,0.5074193,0.15894888
0.8051591566366265,0.670662,0.9451036,0.9527606,0.14991717,0.16215901,-0.040901538,-0.054643482
0.8575808383233533,0.6954398,0.96354926,0.9542277,0.11223505,0.1414334,-0.8579924,-0.5390814
0.7947126828507314,0.77848494,0.9553424,0.9649721,0.17509694,0.13091178,0.018467015,0.20663285
0.9179543278173113,1.0227761,0.96746325,0.9701661,0.47379783,0.64526075,0.6942151,-0.0019086278
0.8897031428125712,0.91022927,0.98126775,0.9665994,0.27401498,0.3088517,0.42326975,-0.049897455
0.9144696098784395,0.9483134,0.9690815,0.9734274,0.36739516,0.25091946,-0.76438755,-0.15662901
0.3048496993987976,0.5572544,0.9064327,0.93644637,0.10317069,0.076224834,-0.12505828,-0.2997704
0.6415398461593846,0.6921409,0.9511744,0.9470358,0.110796385,0.13522542,0.65895367,0.03375472
0.8342206808827235,0.599516,0.9789002,0.96948445,0.08934945,0.09983719,-0.07872837,-0.052286386
0.8881043524174097,0.55095875,0.9513002,0.9628991,0.11093376,0.15716733,-0.54420006,-0.40030074
0.8958919035676143,0.666207,0.99149823,0.97832406,0.096712686,0.15988624,0.8142238,-0.435101
0.9148087792351169,0.77780366,0.9834393,0.9654521,0.12799947,0.22208081,-0.11422531,-0.39881536
0.8569567398269593,0.65566474,0.9719118,0.9603006,0.10023311,0.09649898,0.7612153,0.37822503
0.7863165852663411,0.8237922,0.92467904,0.9548039,0.34612706,0.21684457,-0.7700814,-0.15209061
0.8206015864063456,0.84387606,0.9815224,0.9771269,0.12318552,0.14023685,-0.40761164,0.3495413
0.8246750747002988,0.77082825,0.9894334,0.97346437,0.13243364,0.12130609,-0.67186576,-0.03196346
0.8796596786387144,0.85405385,0.9630971,0.97323966,0.16333462,0.20575261,-0.20340464,0.12605104
0.8941968247872991,0.70130426,0.973745,0.96810335,0.16122033,0.19139005,-0.2586593,-0.30944481
0.3876372625490502,0.6533261,0.92822564,0.937263,0.081598684,0.09178551,0.0012079915,-0.09780056
0.4647903711614847,0.9572771,0.91309917,0.9466354,0.27425128,0.11271777,0.6805779,0.63802713
0.6186717866871467,0.6562517,0.927833,0.9467915,0.10965447,0.086903065,0.50716484,0.40830094
0.6474048936195744,0.6666783,0.9755519,0.94755536,0.096648,0.08188566,-0.52358353,-0.50279
0.8662295337076439,1.1322331,0.97893435,0.96199846,0.37436277,0.52135754,0.07267675,0.36939955
0.9158553754215016,0.9619207,0.964827,0.9624383,0.42775276,0.4117415,-0.16376401,-0.1944123
0.8614728858915435,0.69777524,0.96141005,0.9513092,0.17112368,0.32188746,0.33937934,0.3537057
0.8147710030840122,0.7608355,0.9330579,0.9607454,0.17879024,0.20449889,0.41050178,0.37171504
0.7485573302293209,0.78700185,0.955571,0.94975483,0.13420004,0.09659672,-0.11768074,0.31340662
0.878499417997672,0.8733752,0.9614676,0.95956784,0.30961034,0.1488537,-0.130543,-0.34732628
0.8767754431017724,0.8153862,0.98426026,0.9804095,0.12716523,0.18569157,-0.3650083,-0.53869385
0.8766777147108588,1.0677067,0.9579618,0.9706747,0.4203759,0.2980012,0.0031483558,-0.43223232
0.8251513326053305,0.73710316,0.97100085,0.958271,0.14711154,0.10617989,0.1946324,-0.24272679
0.8855288541154164,0.73622113,0.9928767,0.9750111,0.13779426,0.19229762,0.13531423,0.5029161
0.572812883251533,0.7720062,0.9845866,0.97052884,0.087775074,0.074490614,-1.0357364,-1.2148916
0.9234700298801196,1.1668736,0.99468875,0.97807455,0.28453106,0.28267035,-0.007839204,0.3864689
0.8849278917115668,0.94974905,0.94389474,0.96414876,0.30802462,0.31316915,-0.3877408,0.0072289878
0.9334956379825519,0.65733886,0.9800544,0.9701237,0.09820587,0.19142996,-0.20961969,-0.07882502
0.8038370393481573,0.6193627,0.97136015,0.9616254,0.12214525,0.1320285,-0.2358491,-0.28915748
0.9266701066804266,0.7186134,0.98018897,0.98006105,0.13533832,0.20414649,-0.36689666,-0.020376919
0.8890836523346093,0.8356037,0.9737671,0.96933657,0.25424165,0.21851467,0.3467084,0.15895583
0.8023953055812224,0.62341875,0.9625257,0.9551957,0.082378924,0.11958354,-0.042075127,0.27297166
0.9456490945963782,0.66888714,0.9921216,0.9886501,0.11261671,0.11999201,0.2005822,0.7678842
0.8762225768903076,0.6255515,0.97023547,0.97120553,0.11138833,0.13094991,-0.34249306,-0.43771875
0.9031359965439862,0.9820474,0.96963435,0.970627,0.352302,0.312037,-0.20526952,0.30643985
0.8614819099276397,1.0466696,0.9548365,0.9676885,0.3817797,0.18232435,0.05384777,0.13520108
0.8498025032100128,0.8055287,0.97277915,0.96747917,0.13627727,0.17788857,-0.27206716,-0.03344179
0.8784194496777986,0.8466995,0.9634188,0.9521924,0.228554,0.35194325,0.42041615,0.3780378
0.8316606386425546,0.8645445,0.94593304,0.95965964,0.29625645,0.285845,-0.27453125,0.25671628
0.8227729230916924,0.78383166,0.9728758,0.9560912,0.13952543,0.22047392,-0.7195887,-0.3653541
0.7797592790371162,0.5447223,0.9606622,0.9513547,0.07846691,0.091460176,0.6727296,0.1596888
0.7640550562202248,0.9184666,0.9112043,0.95385545,0.39421022,0.14627409,0.6191923,0.64469755
0.8372404689618758,0.66000205,0.9850207,0.9621913,0.09414794,0.09664641,0.52947396,-0.02469296
0.9481767847071386,0.7474995,0.98396236,0.9834211,0.1555685,0.2513973,-0.24878675,-0.15920374
0.9357308149232597,0.90226567,0.96511614,0.9768153,0.25181523,0.16407636,0.73471195,-0.01592044
0.8806491545966184,0.8777401,0.94681203,0.9619093,0.28056264,0.332094,0.051772926,-0.37407154
0.9266082824331296,0.7028518,0.99180555,0.9807382,0.12372263,0.096099295,-0.7683359,0.13223659
0.7533518774075095,0.60324055,0.93372923,0.9480904,0.09073257,0.16794263,0.11422293,0.3071392
0.7816756387025547,0.98374057,0.98611295,0.9794188,0.14156878,0.20162974,0.41731203,-0.7188619
0.8196640466561864,0.8216033,0.9400239,0.95677423,0.27358785,0.26001382,0.50014955,0.37633193
0.7067102828411314,0.8660869,0.913491,0.96007717,0.30302942,0.13229892,0.7568699,0.7667316
0.8753891015564061,0.6056436,0.96789044,0.95874834,0.12104542,0.2351182,-0.10484749,-0.10242488
0.6192184128736514,0.8177747,0.92693377,0.95914996,0.22517173,0.111187585,-0.23715527,0.12522934
0.8563668174672698,0.7563912,0.9332951,0.9670457,0.16140355,0.10705362,-0.57057947,-0.24402462
0.8972784371137483,0.7660144,0.9936801,0.9717457,0.16061799,0.13582481,-0.12741639,-0.6621072
0.8603412333649334,0.7285982,0.968203,0.96496373,0.15023439,0.22522429,0.13580868,-0.1748089
0.9139909519638078,1.0216962,0.9655663,0.9694871,0.33571604,0.16893663,0.35196778,0.24312973
0.8103071772287088,1.2649982,0.93842417,0.9564225,0.5193954,0.15058441,-0.45499808,-0.47945958
0.8635537902151608,0.7955922,0.93982947,0.96706086,0.20358816,0.20414051,0.404904,0.08071485
0.5167515390061559,0.59068877,0.95776576,0.9293091,0.10637541,0.0949471,0.28474703,0.3805341
0.915998607994432,0.8028106,0.9870947,0.97861904,0.08400427,0.13317236,0.5218835,-0.09929729
0.8039693278773113,0.6728391,0.9511726,0.94554657,0.1666401,0.13635866,0.5020207,0.20503636
0.7798981915927663,0.701502,0.93558764,0.9379302,0.18895143,0.17991002,-0.47898945,-0.18452102
0.9504709058836234,0.69808954,0.9897769,0.98726374,0.07889221,0.1425814,0.084795326,-0.060170017
0.7646588986355946,0.6707768,0.9180351,0.95531505,0.15455794,0.14579901,-0.2573089,-0.15353784
0.9293294133176532,0.6857142,0.988894,0.98108,0.06239703,0.12510167,-0.0034190118,0.31682056
0.6599961119844479,0.4994572,0.9378212,0.92966926,0.050513502,0.1294448,0.056632023,0.20044364
0.9158638234552939,0.7979493,0.9738527,0.97461563,0.16853519,0.20523079,0.5622769,0.3419456
0.6749596918387674,0.5764117,0.9477239,0.9309615,0.09705156,0.10863813,-0.22236598,-0.30301875
0.6077829431317725,0.9471503,0.9286118,0.9383603,0.21595763,0.29341748,0.5454667,0.41413647
0.842380713522854,0.80211264,0.9469404,0.9703499,0.18133205,0.16498682,-0.21791106,-0.3270886
0.6803916018958062,0.5591116,0.92661744,0.93532354,0.112087406,0.12715912,0.030115463,-0.19340944
0.9213006132024528,0.7246745,0.982583,0.9735133,0.11817284,0.24289429,0.26636085,0.26909637
0.9172709010836042,0.60253495,0.9821129,0.97696644,0.072775245,0.15223573,0.35630065,0.20712943
0.6036465745862983,0.6885906,0.93054354,0.93470895,0.14409655,0.114051305,-0.029747939,-0.11588835
0.8264541538166152,0.69790393,0.9780144,0.9594434,0.15143363,0.14170225,0.30541646,0.42513087
0.7382788571154284,0.5783687,0.95331264,0.9491729,0.10027333,0.09921714,-0.75192016,-0.3635264
0.7843774735098941,0.65046525,0.93221265,0.9504115,0.13960192,0.13487427,-0.31180903,-0.61143374
0.8785108420433682,1.0240921,0.93092906,0.9652863,0.51945955,0.25106674,-0.40730697,-0.2801768
0.8207131388525554,0.6913428,0.9672316,0.96569073,0.14739652,0.13928767,0.5552403,0.49081168
0.5841091524366097,0.8850265,0.9304999,0.96007633,0.16603737,0.14458773,-0.43682438,-0.3886912
0.8878986235944945,0.89600545,0.9796266,0.9577664,0.35721374,0.3519073,0.122249946,0.16903467
0.7909923799695199,0.70836055,0.972291,0.95821774,0.14884807,0.21934815,0.2717371,0.091029525
0.6901473365893463,0.61364335,0.96784633,0.94887835,0.091672696,0.084126525,0.24624585,0.46803573
0.9035583982335927,0.7706247,0.97693855,0.97827506,0.16143109,0.13391788,0.46179965,0.3307432
0.9004367537470149,0.7321031,0.97145665,0.96357465,0.15916817,0.23358756,-0.23010318,-0.3456207
0.8050687242748971,0.5214297,0.96615547,0.94599617,0.05589805,0.10675699,0.40739787,0.05413264
0.881004164016656,0.7655507,0.9608173,0.97517633,0.13736497,0.14732839,0.18772419,-0.13524428
0.8972101808407232,0.87542814,0.99309915,0.9815392,0.17782556,0.18838945,0.26338673,0.38980892
0.9264902019608079,1.0301741,0.99139845,0.9877233,0.3808853,0.3360755,0.10736815,0.1982602
0.7868983475933903,0.61836493,0.99425995,0.95651615,0.11585987,0.111498095,-0.14670582,0.26444545
0.7108921555686223,0.60789895,0.9520564,0.9396694,0.11519532,0.15057372,0.24136253,0.19981498
0.7899923439693758,0.5520482,0.9552019,0.9571433,0.08590176,0.141405,0.65397406,0.5406456
0.8664296737186948,0.8002011,0.9862433,0.9725891,0.15343107,0.23158425,0.64781797,0.3947656
0.9159789279157117,0.9122515,0.9770845,0.9827138,0.13198939,0.1804022,-0.6531762,-0.10781894
0.7947848751395006,0.6708151,0.95609313,0.9811163,0.12052764,0.1037905,-1.6781871,-0.6807926
0.9087882111528446,0.73919076,0.9774035,0.9786862,0.118947655,0.15421192,-0.251511,0.25418445
0.75800252001008,0.7604356,0.96746486,0.9485521,0.10892327,0.1256748,-0.33581394,0.2056376
0.7502848571394286,0.83695614,0.96918625,0.9748855,0.1957037,0.119612284,-0.35038206,-0.6202933
0.9400090720362881,1.0929369,0.98958534,0.98556346,0.23469004,0.20989372,-0.78212464,0.21725713
0.912999747998992,0.6982664,0.99030614,0.9841237,0.07527452,0.15077198,0.564849,-0.16283017
0.9541483925935703,0.82190716,0.99367785,0.98789275,0.17995323,0.19402082,0.042362187,-0.0010726252
0.7749991959967839,0.58106554,0.9660086,0.95640236,0.10602347,0.11116627,-0.53516674,-0.37812984
0.8167309469237877,0.78638726,0.9499484,0.9678214,0.16255964,0.22826082,0.8643108,0.8855447
0.5775498301993207,0.74211735,0.87659603,0.93786186,0.1852099,0.112401344,-0.41150352,-0.28770387
0.9038927675710702,0.74599797,0.9919533,0.9873177,0.08415588,0.16662452,0.16947404,0.18972047
0.8781995127980511,0.9391997,0.9723976,0.9725792,0.23551498,0.14893192,0.3272878,0.3228656
0.8996133584534338,1.0465566,0.97893435,0.9751961,0.37436277,0.2991902,0.07267675,0.07702359
0.9157411349645399,0.90911204,0.98245364,0.97527844,0.3193185,0.29428822,0.47474876,0.12775056
0.9383980895923583,1.0257599,0.99216306,0.9919672,0.1908961,0.17171125,0.8236455,0.37177914
0.8578048072192288,0.6615013,0.96245414,0.97244763,0.09113276,0.13403206,-0.21070579,-0.26737794
0.6433512774051097,0.54408693,0.94537437,0.9284324,0.060719,0.114890546,-0.097256176,0.119712
0.8158977595910383,0.67664295,0.9803203,0.96156794,0.089666285,0.1904267,0.25172836,0.09003713
0.9111123804495217,1.1683016,0.9899906,0.9758647,0.34173018,0.3496065,-0.44498843,0.06552597
0.9317302869211477,0.8620248,0.97191197,0.97458845,0.23616442,0.25709713,-0.46797925,-0.30321896
0.9331425485701942,0.7909885,0.952046,0.98122513,0.20741756,0.2110933,0.5257128,0.13941775
0.7886442105768423,0.77509326,0.9290259,0.9506537,0.1832699,0.26544088,-0.18686941,-0.5772803
0.8890460201840807,0.76223284,0.9686343,0.97730386,0.22226255,0.14244518,-0.4588632,-0.344698
0.7554279817119268,0.6069234,0.96937,0.9398641,0.13212295,0.16595222,0.52159846,0.06628941
0.8766161784647138,0.8919283,0.9738728,0.96863174,0.28545973,0.22710067,0.38693878,0.3725502
0.8459792879171517,0.7697025,0.95338124,0.95877457,0.17377041,0.13441221,0.032484166,-0.013757192
0.9185743942975771,0.72413176,0.9941586,0.9825836,0.07676212,0.15232262,0.58713907,-0.24526423
0.846185112740451,0.7249991,0.983384,0.9712347,0.13034807,0.20311247,0.37499508,0.22329609
0.7076454225816903,0.75640297,0.92117673,0.9605229,0.20966399,0.15702191,-0.36463863,-0.32984847
0.6699772719090875,0.6305141,0.9423759,0.9359811,0.089824095,0.15253456,-0.013392436,-0.1318173
0.9067860271441085,0.9746265,0.96647596,0.9800156,0.29226074,0.23644596,-0.700989,-0.32947198
0.8710259801039204,0.6196252,0.969844,0.9690737,0.092694946,0.100595206,0.7419954,0.12221285
0.657502502010008,0.8164791,0.9453529,0.92587954,0.14688103,0.1144498,0.72912616,0.29492536
0.882249000996004,0.89141154,0.97968376,0.9748776,0.123129316,0.22192481,-0.65155065,-0.20466039
0.8903440413761654,0.82769597,0.9854408,0.97793293,0.12957883,0.19504137,-0.5528809,-0.12864253
0.7105166980667922,0.89200395,0.90600646,0.9310804,0.3672561,0.1786206,-0.10221879,-0.38355494
0.7098537194148777,0.7189849,0.9719426,0.93885624,0.13324746,0.19307114,-0.09145495,0.20471212
0.904942723770895,0.7530825,0.9717391,0.9809974,0.20084226,0.17402616,-0.36913368,-0.029987
0.8934276697106788,0.8472334,0.9717441,0.97021526,0.20124194,0.26374623,-0.6857155,-0.40009877
0.8110301561206246,1.3100051,0.96049124,0.9557198,0.5395443,0.18730173,0.6148378,0.6279778
0.9366179544718178,0.83595806,0.96472865,0.9822284,0.25915018,0.24529095,-1.1696761,-0.35172793
0.9440385921543687,0.7108902,0.9843709,0.98008645,0.16471861,0.17411585,0.0148093,-0.08388718
0.8700660722642891,0.71706957,0.94828594,0.96418816,0.19783483,0.18665837,0.8129342,0.3465077
0.6841490405961622,0.7526413,0.96170855,0.95104605,0.1229806,0.16975166,0.2875897,0.034856874
0.7691464365857463,0.5347357,0.9698667,0.9550164,0.065491036,0.12071999,-0.81433946,-0.61499125
0.8982147288589153,0.69390845,0.9691924,0.96383756,0.17632636,0.24703038,-0.27925834,0.38789517
0.8990642362569449,0.643689,0.9794941,0.9756484,0.10874589,0.096402854,0.6589832,0.3865997
0.8097534470137879,0.9529569,0.9855374,0.98880976,0.1659338,0.22007301,0.7664484,0.5580659
0.7898233832935331,0.8080049,0.9698591,0.95594746,0.19893917,0.24602883,0.30303872,0.33534262
0.895934335737343,1.0484542,0.97911066,0.98037577,0.2707397,0.34458888,0.8615438,0.51023465
0.945941031764127,0.93400073,0.97234523,0.98864865,0.31036553,0.2644922,-0.402322,0.015832895
0.7920124030579101,0.6357671,0.9545509,0.96332496,0.10433118,0.11754926,0.49334702,0.45647818
0.8874934059736238,0.81019306,0.9845001,0.9825329,0.15924968,0.16365913,0.08318018,0.38090155
0.8866272905091619,0.9415869,0.97781783,0.9795884,0.2978069,0.16639683,-0.17368984,-0.5583941
0.8561683846735386,0.62076616,0.98368376,0.9748582,0.06581737,0.13171199,-0.8116877,-0.5031104
0.8874788139152555,0.9257028,0.9889405,0.97427785,0.17402957,0.22342612,-0.045972247,0.25117216
0.8242295369181476,0.5766313,0.9583346,0.9360949,0.12283777,0.20355593,-0.051171146,0.1679618
0.5466008424033696,0.6696396,0.9596626,0.93934476,0.10174707,0.11087998,0.19712709,0.15597141
0.7843338893355574,0.67861617,0.95065874,0.95466775,0.21471669,0.1313732,-1.1637782,-0.6840685
0.8864283777135107,0.73145336,0.97524816,0.9759813,0.12824741,0.1855655,-0.03284987,0.15784125
0.7075957903831616,0.8166676,0.9450292,0.95449686,0.21422563,0.14696607,-0.34231585,-0.07394243
0.8979105996423985,0.9903135,0.96141404,0.9724351,0.35205436,0.38067797,-1.0112224,-0.23121087
0.6165091860367441,0.70539606,0.96257836,0.94753665,0.13857625,0.14726199,0.60432875,0.2334242
0.8704870339481358,0.61044514,0.96773124,0.968669,0.105152495,0.07699056,0.4746681,0.04704371
0.7669664598658393,0.7060153,0.94418836,0.9623333,0.15932512,0.11595005,0.23161297,0.29003963
0.8233258853035412,0.7080759,0.9541215,0.96253705,0.1252479,0.10730918,0.5546273,0.36241832
0.8386434185736742,1.1272097,0.9559939,0.9651116,0.48897383,0.27714333,-0.08379976,-0.28335965
0.8516011664046655,0.6563813,0.9685585,0.9586047,0.10303874,0.20290984,-0.25910622,-0.22952265
0.8097619910479642,0.7232647,0.9567904,0.9471144,0.15903561,0.18907776,-0.11410063,-0.2035108
0.8619062316249265,0.8969535,0.97734016,0.9660118,0.28409308,0.24986836,-0.65122634,-0.25266972
0.7426095304381217,0.6912461,0.9686872,0.95996034,0.13615862,0.113443784,0.3211878,0.6503554
0.8673434053736214,0.71421903,0.9760421,0.97930425,0.08918348,0.14436981,-0.8232567,-0.2947288
0.8740528722114889,0.6155946,0.9605172,0.9679916,0.11987446,0.12534875,0.18553348,-0.13510218
0.9337403429613718,0.90262425,0.99246264,0.98155403,0.32929277,0.25898427,-0.34865016,0.1600689
0.6729552998211992,0.7015622,0.9539789,0.93473136,0.14283483,0.1269551,-0.5907566,-0.17898048
0.9052786291145164,0.8939399,0.9673253,0.98736453,0.2841655,0.08385787,0.071428105,0.31531924
0.8954157416629667,1.0373286,0.98659855,0.9871877,0.3039388,0.18352205,0.1769083,0.29954603
0.9113780135120539,1.0669907,0.9442866,0.9707961,0.41825095,0.20597596,0.38207075,0.24908054
0.9190959643838574,0.7093256,0.9923334,0.9845374,0.12583733,0.16076283,-0.30546927,0.14107242
0.6413032052128208,0.86107767,0.9485484,0.9470495,0.13467576,0.12649642,0.850941,0.36046365
0.7621544406177624,0.53510153,0.9324548,0.9548697,0.085634306,0.11077149,-0.17096739,-0.41424015
0.6263386653546613,0.8550597,0.94973046,0.93843204,0.16045082,0.12996532,-0.5480717,-0.39228907
0.8814615098460393,0.586307,0.9630105,0.9610026,0.13121109,0.13204658,0.746403,0.46183977
0.8570902763611055,1.033694,0.98775005,0.99062216,0.12997791,0.16639648,0.25597236,-0.08725562
0.8768003072012287,0.6492474,0.95108545,0.9662652,0.11443378,0.12135558,-0.199636,-0.20000276
0.9102053688214753,0.6657659,0.979488,0.97034615,0.14845286,0.19788572,-0.25673786,0.011001292
0.8733132852531409,0.78792,0.98801446,0.9758306,0.10407064,0.15254994,0.6750659,0.3044828
0.8557027828111312,0.80141,0.9764829,0.9682844,0.1684565,0.10798457,0.046519395,0.2700614
0.7643051372205488,0.5930137,0.92738765,0.95325834,0.09383059,0.11310808,0.10650172,0.009297638
0.7489351877407509,0.69333297,0.94228584,0.94970626,0.081981294,0.1576326,0.5199708,0.37618023
0.8600543842175368,0.6810724,0.9642975,0.9581654,0.19717826,0.1322123,-0.2571837,0.24800453
0.8061405685622742,0.7899819,0.95429254,0.9683906,0.18502621,0.112038925,-0.15899684,0.071017265
0.807440701762807,1.1057456,0.87846524,0.93507904,0.9423927,0.51892,0.68891245,0.55106217
0.8874844779379116,0.5993618,0.99127656,0.97927254,0.0783872,0.11718067,0.373839,-0.46835485
0.8018388873555493,0.64186573,0.94648486,0.96712774,0.09119275,0.11594405,-0.15380287,-0.091139875
0.885068244272977,0.9489038,0.9435507,0.9495645,0.47376055,0.33838427,-0.44609648,-0.36852664
0.9536601346405386,0.6515083,0.9895894,0.98147583,0.07895496,0.0964793,-0.022294192,-0.16795057
0.8915622862491451,0.93054116,0.99381006,0.9891208,0.14633319,0.15250206,0.62810504,0.48953804
0.7167331069324278,0.7319316,0.92139107,0.94688636,0.16317266,0.14613082,-0.17593561,-0.09332821
0.9380326161304644,0.7822423,0.9824881,0.98387593,0.14008582,0.17764775,0.2392549,-0.098247826
0.8418270793083172,0.8972439,0.98631424,0.96927875,0.2814409,0.33501327,0.7045941,0.3359576
0.9382036888147551,1.1263443,0.9781919,0.96796966,0.68112826,0.6665491,-0.82925034,-0.21270575
0.8643262093048372,0.7751814,0.9704202,0.95708257,0.13845636,0.24747004,0.80246437,0.13709058
0.9649595718382872,0.7128997,0.9861388,0.982703,0.16294444,0.22397248,-0.12843606,0.076094545
0.8179315277261109,0.64991534,0.95268214,0.9664466,0.079109885,0.14701423,0.8882489,0.70842415
0.613500822003288,0.6348062,0.9399819,0.9274442,0.11601624,0.10410633,-0.0529613,-0.08204177
0.8477768951075804,0.68571484,0.9731687,0.96824384,0.1316775,0.10963993,-0.44003382,-0.2966261
0.9185301381205525,0.88345236,0.9908374,0.9734782,0.2756125,0.34542677,-0.69910854,0.025941607
0.878130680522722,0.7796336,0.97459525,0.9743185,0.22677976,0.24855165,-0.43722963,-0.043001313
0.8338452233808935,0.59803915,0.96754265,0.96299857,0.09484659,0.12846458,-0.79327685,-0.38015005
0.88887446749787,1.1698204,0.9693574,0.9674002,0.38647363,0.27391005,-0.7242796,-0.19162504
0.907127980511922,0.968767,0.97480154,0.96953726,0.21759866,0.16507691,-0.49665406,0.024285378
0.6514427657710631,0.845368,0.94584686,0.9366514,0.15778135,0.17073044,-0.2492644,0.054039653
0.8474743978975916,0.55813247,0.9637598,0.9649244,0.0884905,0.101639114,0.2689287,-0.2596523
0.8891735086940347,1.1682063,0.96130615,0.97491145,0.34665236,0.6178956,-0.5087341,-0.14380424
0.9443343693374773,0.66017634,0.9844817,0.9875445,0.07389068,0.11665726,-0.0031182496,0.21852484
0.8691593486373945,0.8511754,0.9932152,0.97173357,0.14473808,0.25798017,-0.15774025,0.30391288
0.732754131016524,0.67511874,0.9393796,0.9613104,0.1123428,0.09612234,-0.8204034,-0.5129476
0.8870311641246565,0.5803088,0.9794527,0.96259177,0.09372055,0.15437834,-0.9597966,-0.55913967
0.9035277741110964,1.5409896,0.9940308,0.9734511,0.42083824,1.0245305,0.34310374,0.06906732
0.8199561758247033,0.5955959,0.9517166,0.9613979,0.10829951,0.14676432,0.027041031,-0.13084061
0.878191640766563,0.6414182,0.95842147,0.9741045,0.08226529,0.13954964,0.5199803,0.19236913
0.9100274801099204,0.95739293,0.98501605,0.9679717,0.24150065,0.5123716,-1.1391962,-0.15764767
0.8693189012756051,0.8051459,0.9689155,0.9633202,0.24306002,0.22177574,-0.11053249,-0.17145099
0.8936735266941067,0.8450553,0.97481376,0.9855621,0.13396801,0.10905816,0.55451703,0.287792
0.6499525518102072,0.5314138,0.9375373,0.9459378,0.057007007,0.11430929,-0.71733266,-0.3450192
0.7338261673046692,0.55147487,0.93791395,0.9491513,0.093169056,0.112437315,0.6134538,0.41391638
0.7915684782739131,0.7697911,0.9539777,0.9780335,0.09576116,0.085968986,-0.30349404,-0.142255
0.8902510170040681,0.832373,0.9683073,0.9799537,0.22927932,0.22061788,0.11682697,-0.1869867
0.8895964863859455,0.8864797,0.94327503,0.97230524,0.30446154,0.15896264,-0.122545,-0.17264752
0.8331103404413618,0.6440296,0.9813117,0.9714588,0.079901524,0.092726804,0.37768447,0.23143983
0.8331058284233136,0.5933949,0.9564311,0.9654729,0.09163245,0.10015356,-0.5334064,-0.3606315
0.8111659006636025,0.63198906,0.973303,0.965007,0.09807777,0.12585887,0.14539883,0.34718895
0.6289437317749271,0.6426264,0.93640834,0.9546671,0.0928297,0.11025698,0.42309597,0.26011744
0.5927076188304753,0.72873193,0.8859874,0.9316162,0.22815952,0.10802875,-0.19730094,-0.21620417
0.8120655202620809,0.79048896,0.9678986,0.9691814,0.16815476,0.08630687,0.21971913,0.060068104
0.7951492925971705,0.6465508,0.954604,0.9655656,0.1580499,0.17482328,0.7349315,0.36368623
0.8204480817923272,0.79506296,0.9498129,0.95060027,0.21608046,0.20842879,-0.0368811,-0.32539868
0.5620879123516493,0.588687,0.8648532,0.9451786,0.12347825,0.08085939,0.87110513,0.5647759
0.8023057372229488,0.8237509,0.9565508,0.97066164,0.22345534,0.12569235,-0.569041,-0.47646227
0.7779182796731187,0.7675261,0.91356164,0.96358454,0.27083415,0.111168414,-0.69533974,-0.5847588
0.7535067260269042,0.8707492,0.9253621,0.94682467,0.30176154,0.23398031,-0.60447943,-0.3531497
0.9154916299665199,0.87526506,0.97374105,0.97305655,0.33896965,0.36538234,-0.73260427,0.06458864
0.5751353245412981,0.5975029,0.94439334,0.94645905,0.093316264,0.075176686,-0.3379478,0.12659748
0.8962544010176039,0.72696185,0.9733765,0.9720634,0.10436915,0.11216804,-0.29440227,0.078496635
0.863255997023988,0.55378467,0.94906837,0.96224964,0.15393512,0.14780103,0.49208447,0.38476735
0.8277331669326679,0.9682639,0.9622234,0.9673254,0.3819293,0.14839298,-1.196625,-0.46369886
0.8538732074928299,0.8595818,0.9862433,0.9730735,0.15343107,0.18591331,0.64781797,0.4600778
0.9007887871551485,1.0410671,0.94391596,0.9592444,0.62179357,0.3600521,0.8884053,0.27057534
0.8986389545558181,0.8441947,0.9346748,0.95678055,0.3405765,0.4550693,-0.1979788,0.08020786
0.7666392905571622,0.84292895,0.9692654,0.9683797,0.13330558,0.19613253,-0.3578235,-0.265178
0.8688058752235008,0.73084503,0.972087,0.9589849,0.2035682,0.20785002,0.024764007,0.11320137
0.8759859359437437,0.96209544,0.9658343,0.9843332,0.19362229,0.18163887,-0.2367158,0.13653058
0.741132948531794,0.5500621,0.9552803,0.9451018,0.0567124,0.089164555,0.16967231,0.53097177
0.8265968103872415,0.7369494,0.970221,0.95800483,0.10349822,0.16209553,-0.54630774,-0.100510746
0.867933423733695,0.77275395,0.95388645,0.96911716,0.17409827,0.19947575,0.4285425,0.23158106
0.8977612230448921,0.72225267,0.970302,0.9674881,0.11061572,0.19615124,0.26960406,0.30010548
0.7351479005916023,0.7644706,0.9388034,0.9415374,0.1702846,0.14445296,-0.2273713,-0.18805274
0.8664504098016391,0.7454927,0.96814144,0.96593404,0.09848211,0.12803945,0.7637779,0.3255296
0.9037038388153551,0.9325069,0.99449295,0.98996377,0.18987258,0.22477616,0.35900176,0.26523277
0.8928800835203341,0.7018038,0.96433914,0.9675254,0.16932063,0.19010644,0.62655306,0.17512093
0.7299214476857907,0.7075506,0.9716052,0.9635344,0.112250075,0.11569656,-0.45670098,-0.08547424
0.9518545594182376,0.87440765,0.9881222,0.97801095,0.21150474,0.2320754,0.3437253,0.14883524
0.592184032736131,0.57683647,0.9418219,0.96010023,0.08864096,0.06757178,0.2951269,0.16511132
0.7638683354733419,1.082277,0.9608894,0.97579235,0.31013504,0.1272717,-0.37811,-0.56619626
0.7184494017976071,0.5124118,0.9293289,0.9577343,0.060055654,0.08966162,0.66187996,0.60809904
0.8724201936807747,0.83783543,0.97588223,0.97067076,0.20419993,0.23847337,-0.47573,0.016440386
0.6344741218964876,0.50211495,0.91248846,0.9516335,0.103498615,0.057761744,0.48286226,0.41379318
0.6824188256753027,0.80490434,0.9485278,0.9625904,0.20423515,0.1129074,0.28000876,-0.12024505
0.9299561998247993,0.7362777,0.9708459,0.9829785,0.11762751,0.13483557,-0.15336542,-0.09963041
0.781131316525266,1.1104352,0.9736249,0.9765083,0.5080854,0.46678165,-0.47604582,-0.099503845
0.850001608006432,0.7375026,0.961585,0.9584372,0.21250463,0.1748555,-0.01904585,0.008425316
0.8357127188508754,0.89333564,0.9418313,0.9629605,0.25707418,0.15157838,-0.22419727,0.02579121
0.81476015504062,0.7228823,0.9383122,0.9673345,0.14482494,0.12704583,-0.37600818,-0.14395508
0.8643948495793983,0.7133863,0.9711162,0.97027755,0.21267962,0.22739063,0.46703008,-0.24578314
0.77187284749139,1.0167215,0.9676869,0.97738284,0.30097502,0.15670127,0.736703,0.32694605
0.829116820467282,0.64058566,0.9831646,0.9751026,0.14701785,0.11075099,-0.103154644,0.3812124
0.7548716594866379,0.697735,0.9445249,0.9605054,0.14542581,0.07063871,-0.28915748,0.14935721
0.7951758847035388,0.5300251,0.9621722,0.9687544,0.0609508,0.09499192,-0.17127346,-0.2867863
0.8214076056304226,0.77288014,0.9320681,0.9645192,0.3061541,0.16992903,-0.8695951,-0.47675544
0.7528443233772935,0.63785815,0.942758,0.9706673,0.10243397,0.09361277,0.52228814,0.28644758
0.8688241152964612,0.74994594,0.9680044,0.9740881,0.10926306,0.14703578,0.12030828,0.015337922
0.8686467065868264,0.68353283,0.9803155,0.9719665,0.13781977,0.11259934,0.521408,0.43053365
0.6818663434653739,0.77275527,0.9879538,0.95705473,0.13058501,0.10311963,0.16428755,-0.67834234
0.6137683750735002,0.5784766,0.920697,0.9522174,0.11113508,0.07923952,-0.4566237,-0.26377338
0.7709188916755666,0.8094693,0.9122832,0.96350944,0.1544384,0.07593731,0.91496557,0.59553015
0.7365458581834327,0.71337926,0.9583522,0.97929364,0.15690485,0.083930455,0.70345354,0.44245207
0.7826171144684578,0.52505255,0.9540295,0.9576319,0.056271754,0.07256122,-0.0005194497,-0.09258281
0.8258682634730539,0.6045083,0.99438673,0.9677614,0.07511446,0.099274814,0.17664921,0.08987813
0.8922772011088045,0.7577821,0.9725493,0.97694874,0.15871762,0.13534953,0.51789737,0.15946345
0.8548499153996616,1.3181205,0.98863316,0.9889695,0.22428678,0.114298716,-0.3495529,-0.43837792
0.8351315325261301,0.957864,0.9610556,0.96908057,0.30918965,0.2137405,0.020117844,0.031478256
0.9166827067308267,0.6810754,0.9795493,0.9821016,0.11228242,0.10727425,-0.4172594,-0.022181956
0.8211970767883071,0.7287407,0.9372964,0.9601275,0.23049624,0.17791162,0.24264584,0.042397346
0.9535529982119928,0.7394555,0.9875259,0.98598444,0.109738626,0.12870069,0.41335416,0.27481306
0.9092763731054924,0.6845842,0.98257893,0.97206074,0.1515926,0.14957389,0.81922793,0.46877077
0.9126521306085223,1.132459,0.9891227,0.9757744,0.37531883,0.3687487,-0.23194093,0.12974657
0.838825819303277,0.7295762,0.95592904,0.96466887,0.1877539,0.18505037,0.18741047,0.010858133
0.9341125364501458,0.6836976,0.98782456,0.9790818,0.08022381,0.13475907,-0.013001602,-0.100672826
0.9246847227388909,0.84470016,0.98957056,0.9779738,0.21754348,0.23145016,0.89901006,0.20876531
0.7632631490525962,0.7266632,0.99139,0.9625241,0.08270066,0.08660744,-0.22200482,-0.16205987
0.8881696326785307,1.0467858,0.99449706,0.9702172,0.31137308,0.4229343,0.8214958,0.41719246
0.8863198972795892,0.75010943,0.9811686,0.9661537,0.1294254,0.17530705,0.4000043,0.29079968
0.9262407929631719,0.7307831,0.9785049,0.9818076,0.1157525,0.10477653,-0.44467908,-0.41138002
0.8208072192288769,0.73150647,0.9713158,0.968414,0.16091603,0.1284625,-0.03740217,0.26166734
0.9143590174360697,0.89778686,0.97857517,0.9831644,0.2402774,0.19306624,0.2066642,-0.09504424
0.855323937823526,0.9924591,0.992665,0.9854981,0.07805688,0.20800945,-0.009519536,-0.18243858
0.9060264721058883,1.2672403,0.9903966,0.98085976,0.36410743,0.26419196,-0.017879533,-0.47622818
0.8221066804267217,0.7028118,0.9773337,0.96026766,0.06533464,0.1763033,-0.77341455,-0.45599192
0.9403998895995584,0.8271464,0.98435146,0.97870344,0.16167314,0.26212505,-0.20924158,-0.015194
0.9384971619886477,0.85285443,0.9857185,0.9863522,0.19455184,0.21940956,-0.43311146,0.36914217
0.8644704018816074,1.0105507,0.9639232,0.97409403,0.27800417,0.29030594,0.00071136275,-0.2431186
0.9391543806175224,1.2636518,0.98541045,0.98390543,0.55167735,0.48255727,0.78018486,0.033859544
0.7994606698426794,0.73005253,0.97323316,0.958389,0.21295503,0.10403512,0.2520761,0.19670106
0.8688121152484609,0.63223976,0.95905995,0.9637014,0.17098653,0.12249621,0.29767632,-0.13713531
0.7651711566846267,0.7783292,0.95160097,0.9510285,0.24264959,0.243254,-0.20591515,0.13985854
0.7485069300277201,0.6352452,0.9349823,0.96689945,0.111271515,0.080987155,0.38342017,0.23942626
0.8250593642374571,0.7767344,0.94285816,0.96640027,0.18700989,0.12846307,-0.49103135,-0.2891159
0.5666965067860271,0.5756934,0.891922,0.9596646,0.097956546,0.060960237,0.39502513,0.3621432
0.86675319501278,0.7909325,0.9762711,0.969646,0.13998257,0.18135498,-0.17585279,-0.034120128
0.8878605114420456,1.0503376,0.9924829,0.9852513,0.35035434,0.26806146,0.63529104,-0.45176187
0.6366408505634022,0.5539721,0.9569112,0.9544693,0.044936575,0.104276076,-0.15927202,-0.074956626
0.9296104064416257,0.876723,0.9788344,0.98443836,0.20296356,0.14701954,-0.2476933,-0.11077314
0.924964490057108,0.9255986,0.99089104,0.97557205,0.18976207,0.17557438,-0.4443617,-0.27074805
0.8748602354409416,0.70565736,0.967764,0.9583573,0.25405478,0.27429354,0.54572743,0.45418158
0.6984229536918147,0.53513306,0.9521206,0.9516808,0.08896659,0.0903442,-0.08372747,-0.24954258
0.8239266557066227,0.6852466,0.97438186,0.9689425,0.12231343,0.092807785,0.06632578,0.026542772
0.8942202488809955,0.54454094,0.9738573,0.9720882,0.065528505,0.09047118,0.02766529,-0.059597876
0.9408519554078217,1.0675242,0.97882384,0.97917986,0.45246744,0.19880567,-0.74626625,0.09479915
0.7512804771219085,0.88186646,0.93756855,0.9681388,0.25626135,0.11942772,0.14359275,0.31119594
0.7655094620378481,0.87218297,0.9391426,0.9579076,0.22409327,0.20160033,-0.43193254,0.030919531
0.8966199704798818,0.8266377,0.94862145,0.96377,0.26190594,0.3162721,0.6413315,0.10481904
0.890866763467054,1.0707024,0.96877575,0.9721298,0.63850415,0.36170614,-1.0176281,0.094894335
0.7541353365413461,0.83439165,0.9464087,0.9714795,0.28351134,0.10893079,-0.5167783,0.09782402
0.8935492061968247,0.6800682,0.9912052,0.9753972,0.08843769,0.12938252,-0.02489617,0.37687567
0.7426470665882663,0.5941185,0.96113527,0.96251,0.0900332,0.07976332,-0.38520393,0.0190725
0.9138428233712934,0.63622737,0.9822883,0.9806929,0.08474331,0.08804514,0.16897012,-0.23373613
0.816564578258313,0.80109286,0.95188636,0.9634719,0.21814874,0.22146133,-0.08364794,-0.065219365
0.7669676118704474,0.6220419,0.95129037,0.9540488,0.12577966,0.13589542,0.36198458,-0.16841826
0.8180601682406728,0.81152046,0.9543562,0.9618496,0.16251116,0.30364093,1.4517487,0.62037003
0.7542054168216672,0.6347518,0.9408497,0.96234614,0.14020091,0.08393482,-0.010269256,-0.17394666
0.8684894579578317,0.47508162,0.9491792,0.9649204,0.06278323,0.08222663,0.03893154,0.093545996
0.8561535046140184,0.9083797,0.97051734,0.96361035,0.44422498,0.32824442,0.50204474,0.12116488
0.9123869775479101,0.7905946,0.97195077,0.982231,0.1351243,0.10268283,-0.27348456,-0.44904396
0.8622451129804519,0.70400774,0.97314715,0.96327424,0.22409442,0.1868744,0.52883947,0.06791643
0.8892163248652994,0.84117216,0.9782155,0.9754506,0.2012858,0.18662965,0.04212738,0.031922888
0.8794088296353185,0.6313914,0.96518016,0.9796764,0.101859614,0.098452464,-0.8638018,-0.41946673
0.93650813003252,0.73316365,0.9634242,0.97199076,0.14637884,0.24538012,0.9383421,0.25736964
0.9127290269161078,0.63188475,0.9658861,0.97038686,0.2000023,0.18514797,0.0358754,-0.10615667
0.937945447781791,0.8669652,0.96194994,0.9745465,0.24211974,0.32482973,0.11478767,-0.13919705
0.8714832299329197,0.6800065,0.9556808,0.9620286,0.1521379,0.18058282,0.06719994,0.087917335
0.7827407629630518,0.5547591,0.94075876,0.9637222,0.09527892,0.09931195,-0.13192195,-0.36888883
0.9193305893223572,0.62442714,0.9745555,0.9742056,0.13315727,0.13705459,-0.21362019,-0.49305964
0.8543722174888698,0.76218927,0.97107536,0.97779465,0.1757566,0.15988003,-0.598738,-0.10133906
0.8262300607497647,0.9120667,0.9720733,0.97482014,0.18160057,0.14799735,-1.0968486,-0.46330392
0.8675115980463921,0.6257426,0.9526425,0.96405816,0.09716737,0.087675355,0.051489335,0.3742599
0.6178990795963184,0.73989075,0.9401226,0.95815223,0.13892624,0.08083697,-0.4600156,-0.6833614
0.9272162528650114,1.0347698,0.97461015,0.97461313,0.43032476,0.40301862,0.23991217,-0.11190679
0.8679599198396795,0.8067777,0.97709644,0.96457744,0.21506758,0.19865404,1.0299262,0.39768526
0.6960223680894724,0.8602893,0.96403885,0.95794666,0.17491703,0.09412878,-0.6498871,0.036744636
0.876688850755403,0.6542785,0.96155906,0.9718514,0.16126017,0.16872731,-0.40226316,-0.4133896
0.8056573986295945,0.76069635,0.93858594,0.9557314,0.2395148,0.15635185,-0.0515582,-0.31567135
0.9069879159516638,0.8211167,0.9786927,0.96395147,0.1947623,0.29102507,0.16446891,0.14103259
0.9716300625202501,1.0994954,0.98777014,0.9851357,0.15621129,0.33401102,0.019320289,-0.48939866
0.714249480997924,0.74008894,0.96363837,0.9548528,0.16020828,0.08403194,0.09314741,-0.21677329
0.763882159528638,0.68485713,0.94614017,0.9585693,0.1202637,0.09423829,-0.036442008,0.09683301
0.9337263269053075,0.64842004,0.9823026,0.97397023,0.13190283,0.16772486,1.4065986,0.5018164
0.7952543170172679,0.62320256,0.95797896,0.9638206,0.09340034,0.09828497,-1.0897131,-0.7618424
0.9270795483181931,0.8441294,0.9815554,0.9802362,0.17816389,0.1928779,-0.2067035,0.030147757
0.9099589358357433,0.7232686,0.9745105,0.9773486,0.12519228,0.10955727,0.43251225,-0.35515562
0.866512522050088,0.8943705,0.96459424,0.96253854,0.24720705,0.26969072,0.58965445,0.20307001
0.7173799575198301,0.6557077,0.95528996,0.9538809,0.088630244,0.09890717,-0.17996003,-0.34935012
0.9122994251977007,0.9207353,0.9931899,0.9864965,0.086341016,0.17100644,0.5454548,0.63633734
0.9331420685682742,0.75266314,0.9886216,0.966485,0.20474043,0.38299373,0.4769532,0.020107446
0.6197135828543313,0.49311873,0.9453832,0.95063967,0.035959784,0.098033145,1.0794467,0.9036811
0.678940923763695,0.45714116,0.92912287,0.9455141,0.051285736,0.09346082,0.3095171,0.39367604
0.8599925599702397,0.9396198,0.9862433,0.9716192,0.15343107,0.14619377,0.64781797,0.5205255
0.9013380053520212,0.49329513,0.9681934,0.9677725,0.069696926,0.11612009,0.18366678,-0.14159907
0.790567770271081,0.6396054,0.9578141,0.9677629,0.1169662,0.08710457,0.30301467,0.8906016
0.8240348481393925,0.7916221,0.956844,0.96529615,0.18261798,0.15457898,-0.44439247,-0.6284104
0.7318022872091487,0.5970383,0.9491407,0.9467752,0.097048655,0.11707958,-0.6831296,-0.64879274
0.5792207168828675,0.77133477,0.92019,0.9538674,0.1365767,0.11765737,0.24955922,0.3737455
0.889686342745371,1.2611488,0.9862252,0.97310346,0.18039496,0.42127278,0.4341477,0.5003369
0.8231501086004344,0.60916764,0.9727163,0.9565887,0.10746077,0.17080446,-0.45906562,-0.46679384
0.8646247704990818,0.7462815,0.90935993,0.964096,0.3775391,0.21557382,0.6109548,0.24301194
0.7758225912903651,0.6852743,0.9632066,0.9589957,0.15732197,0.11060267,-0.4528938,-0.4826028
0.8049124356497426,0.52289534,0.9565804,0.95603615,0.072753705,0.087434344,0.08201091,0.30574647
0.8561530246120983,1.2343241,0.9215767,0.95119447,1.0343643,0.4667,-0.24600205,0.38723418
0.7120175680702723,0.6701,0.9670604,0.95751923,0.06395759,0.09415921,0.11147512,-0.23848112
0.6820264721058884,0.69132483,0.9338897,0.9552776,0.1715523,0.1520772,0.37184736,0.5332588
0.869761271045084,0.9831325,0.991974,0.96770465,0.19084582,0.48714736,0.722041,0.46278125
0.9141295765183061,1.1291769,0.97031915,0.96835417,0.42793643,0.41592932,-0.24234663,0.18224743
0.8888030432121728,0.99517286,0.9667429,0.967672,0.34928274,0.29619914,0.41867557,0.021734893
0.9372793011172046,0.7959092,0.9828496,0.9693685,0.1870474,0.32204884,-0.3878058,-0.14604595
0.8654779259117037,0.67799014,0.99203986,0.9640176,0.14273146,0.11972557,-0.18647774,-0.22935553
0.8729718118872476,0.8242828,0.9383948,0.96365815,0.24972387,0.15165205,-0.16300629,0.04375487
0.9083722414889658,0.77981687,0.97891235,0.9825263,0.12055546,0.0952097,-0.32129553,-0.080132514
0.8456470305881223,0.69598764,0.9723882,0.9697653,0.12685727,0.14115986,0.2413612,0.5992799
0.8719123516494066,0.6375962,0.962523,0.96284044,0.092135385,0.16558439,-0.13578643,0.009553488
0.8495903423613693,0.66344386,0.97353053,0.9590165,0.12133176,0.13611554,-1.1857282,-1.0937474
0.7599111996447985,0.51439,0.9730648,0.95461905,0.047145993,0.11301228,-0.18738104,-0.018670488
0.5898381673526693,0.6242549,0.9082111,0.949872,0.10482829,0.14390296,0.58180463,0.73961717
0.945132708530834,0.7188754,0.99132323,0.9886157,0.12017235,0.21779224,-0.43455306,0.11973481
0.8952629090516361,0.76804316,0.97007567,0.97648054,0.18428458,0.17113212,1.0850805,0.44502914
0.8522499369997479,0.5063827,0.9692504,0.96296424,0.06992275,0.08151548,-0.44685638,0.17981634
0.8585199140796562,0.6850165,0.97442144,0.9693017,0.07933212,0.12518807,-0.07643274,-0.026936533
0.9288429793719174,0.64393604,0.98189986,0.97843915,0.12940376,0.13238657,-0.7889884,-0.2550157
0.7977937191748766,0.83510417,0.97418916,0.9622569,0.21566255,0.23428956,0.17279957,-0.2062478
0.739822543290173,0.58511615,0.9721638,0.9507909,0.09466304,0.11296495,0.19259654,0.23421314
0.5081479845919383,0.7339286,0.9452933,0.94816923,0.12316755,0.07685355,0.058518656,0.12926112
0.8827338989355957,0.67634565,0.9545857,0.9632925,0.18717484,0.21834008,-0.2388133,0.22361702
0.8834923019692077,0.6649512,0.9670829,0.96275425,0.12399808,0.19133134,0.19834444,0.20288312
0.6551086364345458,0.7076217,0.94591707,0.9609174,0.18046844,0.10767498,-0.05221283,-0.5397702
0.8407250909003635,0.5839921,0.94457144,0.95610696,0.07244137,0.07378853,-0.75342125,-0.5655572
0.9506123144492578,0.7978721,0.97243,0.9722503,0.3056204,0.3222965,0.080253616,-0.12003738
0.9338796395185581,0.7195996,0.9887523,0.9698352,0.13048829,0.19092686,0.2513992,-0.57222605
0.6996033744134976,0.83483243,0.94562596,0.9717819,0.18296611,0.12382395,-1.7078049,-1.2062122
0.8818199752799011,0.86619097,0.9594993,0.9593948,0.30609024,0.4590477,0.21364644,0.08940152
0.8846853947415789,0.8880524,0.9420576,0.96414626,0.33037964,0.40885162,-0.24397746,-0.09463017
0.9250856203424813,0.68308866,0.97475797,0.97347796,0.15886793,0.18949348,0.5911311,0.04217486
0.9352346849387396,0.8331798,0.97659564,0.97835624,0.19708656,0.26765236,0.21605892,0.1181261
0.7436769587078348,0.840188,0.93141484,0.9546539,0.26769635,0.15042329,0.28545278,0.47912818
0.9295939903759615,0.9940573,0.9840231,0.9762641,0.24839407,0.49860245,-0.7305106,-0.03954307
0.8994722378889516,0.7813054,0.985997,0.9824513,0.18846108,0.15844694,0.03653377,-0.05981266
0.8320621122484491,0.57836694,0.9800639,0.96035546,0.099898145,0.16078635,0.670934,-0.31123433
0.8235994863979454,0.7294151,0.9829858,0.96078753,0.14888217,0.192278,0.49331102,0.23866117
0.9358546554186216,0.7790736,0.9874545,0.97681147,0.08778707,0.17142606,-0.7036439,-0.62864643
0.7443488653954615,0.7628912,0.95053995,0.9505624,0.24034092,0.31024474,-0.43177393,0.0692282
0.7317032148128592,0.7413429,0.9487083,0.9535579,0.1335547,0.12211915,0.9713696,0.75215614
0.9396120144480578,1.1307535,0.9946477,0.98401886,0.4336097,0.3257165,0.014170021,0.12796097
0.8906691946767787,0.75464547,0.96459776,0.96838677,0.17727816,0.23553468,-0.22626314,0.113505
0.8759020316081263,0.6468234,0.97566515,0.97758955,0.103932455,0.11234644,0.5811656,0.45771798
0.9216537026148103,1.1237024,0.99186456,0.97717863,0.26112288,0.41101992,0.15297294,-0.5312989
0.8246021144084575,0.736119,0.97079724,0.9722206,0.10456018,0.104292154,0.46844724,0.24638356
0.8323833295333182,0.8806894,0.9455261,0.9644004,0.28738523,0.15661958,-0.24520357,-0.24095614
0.8919450397801592,1.1229959,0.97893435,0.9734589,0.37436277,0.2671611,0.07267675,0.17347254
0.8291175884703538,0.69713205,0.96683395,0.9643198,0.18585467,0.15778747,-0.6763242,-0.49474588
0.7482644330577322,0.6826301,0.9908956,0.9732509,0.10136666,0.1325572,-0.59101194,-0.72061694
0.7726426745706982,0.5327051,0.9176049,0.94540656,0.121963754,0.09462682,-0.23403734,0.00598087
0.8570334441337765,0.7833656,0.94591033,0.95432377,0.14677003,0.35342747,0.88928956,0.046389446
0.7343521534086136,0.7371913,0.93444604,0.9637149,0.1264134,0.10628074,-0.5909467,-0.47824624
0.7305067620270481,0.9051177,0.94878876,0.9630789,0.1383417,0.13809168,-0.3316862,0.031143678
0.8623614654458617,0.79019773,0.9523431,0.95531684,0.35063285,0.4280352,-0.25533664,-0.18329959
0.8611136524546097,0.6818365,0.9712236,0.96320635,0.11137947,0.2023578,-0.27327895,0.13627924
0.9092638930555722,0.6236987,0.9846824,0.96636003,0.10359648,0.1720709,-0.003064163,0.07510549
0.8673201732806931,0.5790769,0.9828547,0.9636916,0.07595483,0.16764034,-0.5412509,-0.30202734
0.5721396325585302,0.605084,0.9322755,0.9415092,0.07395279,0.117478155,-0.12535521,0.11024886
0.8200949923799695,0.64390785,0.9768131,0.9593429,0.08883748,0.13774289,0.006534076,0.13473403
0.9063243612974452,0.81861657,0.96791327,0.97443616,0.25887877,0.16690105,0.9552899,0.21874675
0.8973876855507421,0.8075125,0.9762836,0.96582353,0.1556873,0.20996721,0.085314505,-0.38775817
0.9312805251221005,0.8366896,0.98255986,0.9768781,0.16009694,0.17347093,-1.2403933,-0.5970657
0.8960938883755536,0.64379895,0.97427726,0.9680503,0.078560315,0.15513359,0.25524262,0.45554006
0.762935787743151,0.6455221,0.9632527,0.95547724,0.1117102,0.10911095,-0.13073115,0.3755197
0.9585872583490334,0.79660755,0.99391127,0.9830252,0.11026099,0.2346114,-0.539691,0.00070407393
0.816818499273997,0.723882,0.9635849,0.96736586,0.11747281,0.19868475,-0.42372093,-0.44347498
0.7104238656954628,0.6770847,0.9448314,0.96032095,0.09558574,0.10245956,0.6903683,0.5634753
0.7693992055968223,0.64716053,0.9455881,0.96890944,0.107741065,0.1153536,-1.1909082,-0.7732184
0.8740126480505921,0.7375079,0.9881555,0.9542928,0.17482881,0.21152414,0.73131406,-0.29579
0.8285940023760094,0.99243927,0.96350276,0.9571151,0.25138462,0.20133698,0.39644793,0.66375643
0.8558681914727659,0.70446455,0.97831744,0.9611791,0.13992736,0.20207289,0.07113363,0.5652884
0.8990000120000481,0.8499097,0.9913115,0.9826016,0.07550034,0.190832,0.45941105,-0.23057099
0.8657953991815968,0.87027365,0.9743938,0.9625451,0.25359467,0.2588652,0.4069075,-0.06148138
0.7844604178416713,0.7443832,0.97311205,0.9618521,0.12681973,0.20070802,-0.65372545,-0.43477634
0.6329674918699674,0.70614755,0.9256283,0.9519809,0.095247604,0.08885417,0.03266099,0.2068988
0.7611877167508669,0.60840523,0.96992075,0.9453515,0.09216792,0.11023052,0.53881097,0.35633937
0.7644568178272713,0.6579142,0.973413,0.95173734,0.09463508,0.15553336,0.86740255,0.14520213
0.8111760767043067,0.9689579,0.93452215,0.96082306,0.42736888,0.2023773,0.5256162,-0.17005958
0.9438954555818222,0.82893866,0.9849799,0.97936636,0.17475435,0.3216752,0.62834775,0.46470472
0.7823246012984052,0.81268287,0.9483447,0.95354617,0.19021633,0.20219505,0.4931035,0.02234232
0.9579660398641594,1.1742322,0.98024243,0.9759395,0.17408046,0.58248544,-0.0036993055,-0.17451824
0.9231648446593786,0.8289972,0.97724694,0.97262967,0.121172465,0.18896823,0.4235668,-0.060655855
0.7601625286501146,0.72474426,0.9731075,0.9599185,0.1016744,0.16964453,0.04630287,-0.4683597
0.9329907719630879,0.79203266,0.97911525,0.97603375,0.22971608,0.30981135,0.4346885,0.101716556
0.7171149964599858,0.8903186,0.94249094,0.9467724,0.22616513,0.16793047,0.674672,0.42390808
0.8982103128412514,1.1268661,0.9884955,0.9900209,0.2581166,0.2351396,-0.3111326,-0.41657174
0.7138624074496297,0.82069075,0.9499203,0.9592803,0.15681116,0.19717905,-0.6256752,-0.5945496
0.8238025272101088,0.70243216,0.9586428,0.96510005,0.14218916,0.15489438,0.5813518,0.45566666
0.8288190272761089,1.0951482,0.9902457,0.9880035,0.24059615,0.16015807,-0.58952403,-0.47013268
0.8121168804675217,0.72286624,0.9841436,0.9511014,0.13827685,0.16894272,0.15487003,-0.018572267
0.8282610730442921,0.79732203,0.95880085,0.94815564,0.23628303,0.15133625,-0.20547564,-0.5296176
0.7696326785307142,0.6891923,0.96045434,0.9468514,0.18004651,0.17417283,-0.21290231,0.079545096
0.8445473461893849,0.7273986,0.95997775,0.9545607,0.1268184,0.10435207,-0.30619958,-0.18469676
0.8593453253813015,0.6778308,0.9830623,0.958502,0.105255984,0.16518697,-0.060034312,-0.32080063
0.8511681086724346,0.62292093,0.98653466,0.97024614,0.085035935,0.10997478,-0.08497608,0.14613312
0.8802449929799718,1.0209527,0.9644867,0.9789245,0.24777506,0.28434646,1.3017592,0.22725962
0.8518702554810219,0.78319156,0.9799021,0.9654094,0.15340032,0.19710377,0.17724364,-0.55335206
0.9318979995919984,0.55469126,0.97227705,0.97228557,0.11825854,0.16756214,0.24877314,-0.003604435
0.6846978747914992,0.6561856,0.9372776,0.94174,0.12949204,0.11052647,-0.6800454,-0.4138279
0.8948858195432782,0.8643632,0.9881362,0.98525995,0.14161971,0.14867936,-0.17854619,-0.3847154
0.8012042288169153,0.7151328,0.9581593,0.94941753,0.16004425,0.08949745,-0.16260755,0.0055903182
0.7771282925131701,0.7028716,0.9648915,0.9609172,0.19645897,0.18481217,-0.4904018,-0.24075551
0.6530375241500966,0.62918115,0.97161984,0.9486134,0.09412458,0.13894612,0.35770893,-0.30589962
0.8322707210828844,0.89210325,0.97123617,0.96551055,0.15629415,0.14782506,-0.111928456,-0.6217933
0.8514093576374304,0.7305552,0.9432635,0.95526516,0.18214498,0.26812848,0.12251827,0.14876299
0.9272704930819724,1.0661973,0.9758711,0.967647,0.28518805,0.64709795,-0.16258156,0.0583856
0.8548853395413581,1.0072175,0.95655805,0.9452117,0.21876514,0.7432634,-0.10303605,0.10412745
0.6711989727958911,0.75091946,0.9564595,0.9419446,0.15158284,0.11015245,-0.5991755,-0.15546498
0.8267820911283645,0.83620405,0.96195954,0.958396,0.16578533,0.1627533,0.089217745,0.17993543
0.7225681062724251,0.8735028,0.9453902,0.9491634,0.2583163,0.31485403,1.0237887,0.8042627
0.7761585926343705,0.69833094,0.9288317,0.94280964,0.19498816,0.15980905,0.35531184,0.1943349
0.8044216816867266,0.72810316,0.96974456,0.9547526,0.15312,0.12636963,-0.64506596,-0.541912
0.9052985011940048,0.78746253,0.95927554,0.9682182,0.2884521,0.2733818,0.21624036,0.36283302
0.6474725738902956,0.7539614,0.9194037,0.95142484,0.2105288,0.13391154,-0.48236367,-0.025713895
0.8028129072516289,0.80166227,0.958484,0.96991295,0.14648099,0.11249973,-0.5951394,-0.17735884
0.9065336421345687,0.80760825,0.98728704,0.9807294,0.1261466,0.13778745,-0.614903,-0.357326
0.7969810759243037,0.6310915,0.9522445,0.95897377,0.1169879,0.14739004,-0.40693733,-0.24963118
0.8591074364297456,0.7563063,0.9651251,0.97386897,0.09770772,0.12365026,-0.5608731,-0.35806
0.6565544022176087,0.5346841,0.9438462,0.9349277,0.059704125,0.08180387,0.15305169,0.08994443
0.8045954423817696,0.47386664,0.94880366,0.9510527,0.08320859,0.08246728,-0.78288114,-0.58383024
0.7221418645674582,0.7201733,0.95695513,0.95755446,0.11500235,0.11783812,0.2396113,0.1561951
0.8483944655778622,0.9655432,0.9862433,0.97066,0.15343107,0.25596684,0.64781797,0.5251768
0.9001032484129936,0.53502315,0.9889883,0.97074705,0.057330705,0.1116902,-0.6352386,-0.17266609
0.571940143760575,0.67892015,0.92872727,0.9416263,0.113335535,0.14056218,0.2108148,0.08514856
0.9006074424297696,0.7797553,0.9755091,0.9712217,0.2600401,0.29085243,-0.5447252,-0.44017985
0.8241080004320017,0.90539634,0.9172409,0.95645833,0.3653035,0.33627132,-0.030112546,0.075590305
0.8063274813099252,0.715306,0.9842863,0.96378607,0.159846,0.20106214,-0.62502325,-0.91509855
0.8455248220992884,0.8919903,0.9795164,0.96445024,0.29906842,0.25285113,0.3854817,-0.34887004
0.8743306973227892,0.9951427,0.98854107,0.96948373,0.2032248,0.3031327,0.58597714,0.46386856
0.9436949107796432,1.2669786,0.9712106,0.9801862,0.43885309,0.50970656,-0.08872875,-0.117950015
0.761127044508178,1.0112696,0.97273266,0.9488914,0.2535176,0.43261912,0.6965199,0.17323533
0.9392712130848523,0.8223829,0.9913945,0.9756613,0.1168058,0.29539862,0.34332255,0.23275904
0.8578078792315169,0.6757798,0.9633472,0.9466772,0.12609296,0.29441252,0.04888839,-0.075626545
0.8493330613322452,0.6774924,0.9373215,0.9593305,0.14952728,0.17098397,-0.042207073,0.034910325
0.8922068328273312,0.8712163,0.96443033,0.9695974,0.32342625,0.19612567,-0.11180208,-0.14684418
0.7388528434113736,0.7127307,0.9455606,0.94715947,0.1299457,0.09744282,0.39850393,0.36765447
0.8029700598802395,0.65166235,0.9602424,0.95995075,0.10638264,0.18516491,-0.21727787,-0.3407386
0.7294024696098783,0.5650994,0.93619055,0.9422798,0.07997444,0.11452102,0.1295325,-0.10265552
0.9147195948783795,0.93594635,0.97893435,0.9652974,0.37436277,0.5380435,0.07267675,0.15504193
0.8803878415513662,0.8372849,0.9897005,0.98131055,0.21191871,0.18344033,-0.18854788,-0.29625812
0.6832110208440834,0.6021082,0.9465595,0.94937277,0.08443038,0.103768684,-0.3558275,-0.3037989
0.9320311521246084,0.913317,0.98871106,0.98925686,0.19870436,0.21726264,0.10577801,0.093442366
0.864059616238465,0.5634477,0.95899177,0.95401174,0.11626828,0.11258707,-0.3034328,-0.6543269
0.6655509822039287,0.8031605,0.9128104,0.9486274,0.15920807,0.10794953,-0.2016354,0.1360095
0.867506606026424,0.7958853,0.9754689,0.96015877,0.17169009,0.27719727,0.14197955,0.22851853
0.8054594458377834,0.8258838,0.91346455,0.9525749,0.16913284,0.2089971,0.634969,0.45241708
0.823130140520562,0.70210546,0.94182426,0.9600652,0.14942029,0.116730005,-0.17337169,-0.14780775
0.967257437029748,0.95351404,0.99407554,0.98836476,0.16741772,0.21608827,0.42390612,0.15050642
0.899689870759483,0.60225564,0.9542974,0.96514314,0.13082609,0.15257682,0.15738061,0.054992516
0.650000552002208,0.52805865,0.9046579,0.9316735,0.076672494,0.13045102,-0.29389068,-0.0086378995
0.8052384529538118,0.7507663,0.9753329,0.93990207,0.23382558,0.30050412,0.050111134,-0.28867885
0.7172524690098759,0.5860824,0.9463019,0.9493787,0.08207809,0.13521759,1.1403898,0.6646988
0.9007667070668282,0.75106984,0.95936054,0.96855766,0.21826507,0.19626029,-0.49098173,-0.25066498
0.9073953415813663,0.8017289,0.9719548,0.9669695,0.09745302,0.31432754,-0.031406913,-0.38591427
0.6974665978663914,0.5519964,0.9635635,0.94687,0.064270034,0.15299278,1.2364436,0.60794586
0.8959150396601586,0.7224671,0.95176125,0.95574504,0.27417955,0.2892549,0.4890768,0.22944713
0.6020336721346885,0.4989421,0.9225183,0.93778837,0.064168,0.11003303,0.4268808,0.36188272
0.8662976731906928,0.8820402,0.970687,0.9637444,0.21640067,0.25390607,0.45841438,0.38988078
0.7464975459901839,0.86121964,0.9899067,0.975767,0.09190976,0.16942684,-0.38923964,-0.39008197
0.8825303781215124,0.7999261,0.9762381,0.9827787,0.18413761,0.112817906,-0.024635136,0.32104456
0.9215036540146161,0.61746526,0.9937416,0.98867315,0.07299564,0.13989264,-1.0013535,-0.3639241
0.8888079392317569,1.0023667,0.9661666,0.96741086,0.307939,0.27205965,-0.69719845,-0.54936516
0.8701332725330901,0.8104586,0.97735196,0.96778166,0.1640593,0.18921542,-0.1966186,-0.55273086
0.9381661526646107,1.0868717,0.984819,0.97877276,0.27621606,0.26588017,0.47476637,-0.16027384
0.915001836007344,0.7272639,0.9875803,0.9830967,0.09515084,0.17262106,-0.4587751,-0.5551651
0.8439027996111984,0.83384216,0.9144185,0.9565432,0.23545109,0.29987326,-0.16715485,0.044923306
0.8438506714026855,0.85140395,0.9375517,0.96537143,0.27356777,0.15549436,-0.1693866,-0.21837035
0.8823837855351422,0.84513944,0.96687865,0.96657705,0.3217017,0.22484611,-0.29894564,-0.2020321
0.8622849531398125,0.59191805,0.9560585,0.96353143,0.1402553,0.14368318,-0.084211156,-0.37198716
0.841947175788703,0.95990217,0.9249044,0.95602435,0.4766051,0.21517058,-0.31803763,-0.15959877
0.9090929163716654,0.979363,0.96292484,0.9696764,0.32404625,0.42725638,-0.64797866,-0.33279383
0.833939495757983,0.82618874,0.9711801,0.9674089,0.15685025,0.17164314,0.10724247,0.07666254
0.8994100296401186,1.0640445,0.9871046,0.98855835,0.20411672,0.1507681,1.0342388,0.15155526
0.7535984063936255,1.6397417,0.9948425,0.9907021,0.08654503,0.34247118,-0.061912972,-0.047548488
0.7798384793539174,0.878237,0.9560117,0.94369316,0.18199638,0.14691253,0.6518394,0.6467721
0.8951619166476666,0.6075246,0.98983157,0.97801155,0.05731968,0.13192256,-1.4185961,-0.6655005
0.947131628526514,1.0441538,0.99446446,0.98718536,0.28582644,0.31388193,-0.15498565,-0.018817779
0.8581712406849628,0.80179894,0.96962583,0.96662,0.14545338,0.21789747,0.49035653,0.5104597
0.9123525134100536,1.5743945,0.98146546,0.9810017,0.16944209,0.48488703,-0.3417565,-0.06979331
0.7112634850539402,0.776113,0.9531494,0.9369771,0.103212915,0.15248026,-0.16597052,0.44266555
0.8416594626378505,0.63005316,0.98591816,0.9486921,0.11495175,0.22809514,0.16315842,-0.16730237
0.912199296797187,1.5778508,0.989342,0.9903982,0.22150195,0.27960077,0.4745366,-0.10410837
0.8707353869415476,1.2440561,0.94860035,0.96273047,0.5647061,0.25665712,-0.45600647,-0.24773934
0.7894725018900075,0.5695199,0.9402993,0.94935966,0.09021927,0.14377314,0.31538108,-0.03106972
0.7173642134568539,0.555325,0.9409194,0.9400591,0.10315604,0.13306147,-0.24228697,-0.31123647
0.7817174948699794,0.6612029,0.9316939,0.95095015,0.14090805,0.14312018,0.1551287,0.3288843
0.9439304957219828,1.2560892,0.954211,0.97676075,0.53578836,0.29971847,-0.30744603,0.06755746
0.7854686138744554,0.9305895,0.95705116,0.9625346,0.29766175,0.23167418,0.05258187,-0.12367227
0.8384251137004547,0.7222807,0.9556978,0.96105695,0.22775891,0.14958459,-0.32110453,-0.10004385
0.7771973167892672,0.71007615,0.94422525,0.94848543,0.17955592,0.20520331,0.20100637,0.2406886
0.8768770115080461,0.8258873,0.9691524,0.9660481,0.23458216,0.19997643,1.27574,0.47047976
0.9065109860439442,1.0071652,0.9843631,0.9759495,0.26794285,0.23443913,-1.2455617,-0.2956537
0.8318028152112609,0.6377652,0.9634476,0.9522574,0.142314,0.1371282,0.23190357,0.24492638
0.9039476797907191,0.69251126,0.97488755,0.9699351,0.1662308,0.16522397,0.07665399,-0.18553549
0.849819015276061,0.8614676,0.98394877,0.9710801,0.15575024,0.24772392,-0.2987886,0.27850384
0.5868215472861891,0.57494277,0.94141686,0.9334631,0.08974861,0.10047346,0.21476449,-0.02199
0.751067836271345,0.91702265,0.9416539,0.9548037,0.3026598,0.16035303,1.0951787,0.28131053
0.885071220284881,0.69598895,0.96849364,0.9557056,0.1539545,0.25941175,-0.42707324,0.25477943
0.8306136584546338,0.5069637,0.96115285,0.95500493,0.08462066,0.098984554,-0.71955967,-0.3050155
0.90887470749883,0.59414595,0.9879022,0.9681007,0.11852941,0.15279508,0.019630544,-0.2703703
0.9096794787179148,0.74142957,0.988027,0.9673189,0.21994336,0.29624048,-0.16113687,-0.51957095
0.8482350089400357,0.77608085,0.9494944,0.9554561,0.21363354,0.2306002,0.064951845,0.061063815
0.8996603986415944,0.622791,0.97734034,0.96770316,0.1270544,0.19252747,0.47461113,0.2530906
0.7525313621254485,0.56066537,0.96499395,0.941216,0.066806905,0.14332849,-0.063724734,0.4639151
0.8553910695642782,0.6785148,0.94662106,0.964673,0.13311513,0.14097758,0.19172083,0.05714578
0.787938319753279,0.8341757,0.96795464,0.96653694,0.20460469,0.1878397,-0.058593642,0.43634504
0.8487100188400752,0.6027712,0.96649593,0.94218767,0.08616749,0.25086126,-0.2732932,-0.031345643
0.781374581498326,0.92073613,0.9567043,0.9605754,0.22461848,0.20334098,0.5849227,0.35169664
0.9256728546914187,0.77409524,0.98901653,0.9882841,0.12362046,0.10140177,0.26723817,0.23469646
0.9172359569438275,0.7753592,0.9920346,0.9598773,0.20385306,0.46187142,0.38427797,-0.09873042
0.8808233952935811,0.874863,0.9475752,0.95917135,0.3554837,0.33341387,0.2488981,0.15923896
0.7057097668390673,0.671434,0.9031659,0.9494902,0.17333181,0.10558217,-0.8457028,-0.7310352
0.8972059568238272,1.224275,0.9779151,0.96758914,0.6171194,0.25980327,0.07873918,-0.08795921
0.8440741602966412,0.7811668,0.9583881,0.9767011,0.15361762,0.1209068,0.49799004,0.300893
0.7979068076272303,0.87407905,0.94474864,0.9593207,0.27077568,0.11891245,0.05952803,0.02497717
0.8830444601778407,0.9919604,0.9658812,0.9683757,0.47938237,0.3528316,-0.48603746,-0.32927942
0.9213529334117335,0.9877042,0.96294874,0.9803742,0.19258264,0.2639977,0.6064234,0.09246002
0.7581120564482257,0.7140724,0.98340803,0.9372871,0.08716647,0.14299133,0.06302717,0.008652473
0.8963783375133499,0.9998796,0.9573368,0.96571976,0.3396122,0.40499553,-0.20302506,0.0009796853
0.7159745118980476,0.8310933,0.9143255,0.94811785,0.2150461,0.23244083,-0.3056978,-0.5211088
0.7951347005388022,0.61937773,0.9693563,0.9610526,0.12966694,0.12325576,0.39348543,0.4128045
0.851004716018864,0.6161032,0.987479,0.960048,0.10019211,0.111249104,-0.5657681,-0.034017272
0.9346452425809704,0.8468874,0.97941434,0.97949296,0.22884656,0.23507257,-0.3832942,-0.15112595
0.8920996963987856,0.94464993,0.9716987,0.9646377,0.2757365,0.3648787,-0.25207055,-0.033869695
0.7683097932391728,0.8129096,0.9511818,0.95961154,0.20104377,0.17818855,-0.59792686,-0.16755788
0.6705971463885855,0.82907104,0.976816,0.9617239,0.12699652,0.11825189,-0.6524957,-0.6825066
0.693752151008604,0.72683996,0.965523,0.9395876,0.127911,0.13256158,0.22204068,0.26457906
0.9470178680714724,0.71145785,0.9871987,0.9751009,0.1848459,0.31234,-0.017586362,0.015919536
0.9469698678794715,1.2090108,0.98948145,0.9846907,0.302036,0.3766799,0.40756845,0.25664815
0.8706472585890342,0.84384286,0.95893484,0.96844536,0.14944564,0.222977,0.057742782,0.16608852
0.7800103200412801,0.7635617,0.9917461,0.96041906,0.11774578,0.14243951,0.29815003,-0.100257576
0.9426170184680738,1.0568117,0.9926745,0.9847194,0.22416124,0.41752094,0.33937484,-0.046834324
0.8258399433597735,0.7560914,0.937644,0.95840657,0.17219245,0.13529542,-0.00016460879,0.0014323137
0.9225257701030805,0.57293564,0.9818578,0.97505456,0.08511928,0.16292955,-1.0887465,-0.10501697
0.7492469009876039,0.6655075,0.9548047,0.94715154,0.12845623,0.11529432,0.2574509,-0.032315485
0.5761883527534111,0.7106149,0.91443235,0.93624103,0.13807322,0.13950665,0.1287555,0.18442258
0.7970513482053929,0.74652916,0.9553919,0.9516602,0.22778481,0.19187027,0.48742837,0.32470512
0.8903990495961982,1.0412784,0.985176,0.9676499,0.36283347,0.40905535,-1.0691028,-0.075139955
0.7638409753639015,0.8301037,0.958398,0.9575417,0.17752117,0.13981712,-0.22172274,-0.50112545
0.7949993399973599,0.89880073,0.94872624,0.96939045,0.12077816,0.16242447,0.63593256,0.46364242
0.9350920283681133,1.0331603,0.9855689,0.9878325,0.12773669,0.23165382,0.32582265,0.3332774
0.8205226740906965,0.65409017,0.9364867,0.962082,0.11286742,0.10811701,-0.10756975,-0.24756256
0.8617641510566042,1.0622481,0.9737548,0.9692812,0.20384896,0.33888617,0.7923995,-0.057875786
0.681690950763803,0.45913678,0.9521418,0.9307583,0.069559395,0.1317121,-0.3550402,-0.24244092
0.7843346573386294,0.98812467,0.94490564,0.95187837,0.24304281,0.15438594,0.7704972,0.6431674
0.967256093024372,0.9574081,0.9925251,0.99011505,0.17617893,0.22594225,-0.17105435,0.09088893
0.9311485245940984,0.8236793,0.983555,0.9811304,0.14461337,0.2731284,0.08098529,0.005044055
0.794193320773283,1.1113598,0.9776131,0.9745535,0.17179957,0.13621518,-0.7886487,-0.6368565
0.7613616694466777,0.588145,0.9204489,0.9567098,0.093193114,0.10685737,0.03972795,0.110556126
0.5644054576218304,0.6618442,0.9363284,0.9466149,0.07262986,0.1416158,0.5517381,0.5194774
0.732378673514694,0.72450227,0.97416925,0.96010965,0.05959515,0.10729526,0.82893103,0.8561216
0.8556458545834182,0.92113596,0.95733094,0.9545279,0.37193984,0.24490623,-0.07549266,0.06568358
0.8423027612110449,1.0565557,0.97712815,0.96193117,0.23637725,0.1571435,-0.41353276,0.07070236
0.8644485137940552,1.078212,0.96919435,0.95624614,0.3712922,0.4490392,0.53673023,0.28891876
0.8566564506258025,0.63157743,0.9515965,0.96159315,0.10866146,0.16430713,-0.007743871,-0.012996173
0.8792259489037956,0.92917395,0.9814374,0.97780436,0.3158654,0.24757771,0.652047,0.21629778
0.8268731954927819,0.87938184,0.93693066,0.9487918,0.40380028,0.23735933,0.5085244,0.24943897
0.7431836127344509,0.61573195,0.9660379,0.94832474,0.14315848,0.14562362,-0.33589688,-0.6027354
0.8790422041688166,0.94511384,0.98562396,0.9637714,0.27145374,0.29682267,0.34268716,0.42289117
0.7186588746354985,0.72006726,0.9696075,0.95992076,0.06909545,0.14190282,-0.13940257,0.25469986
0.8395967023868095,0.9184066,0.94549274,0.95583177,0.30746126,0.22773485,-0.05950644,-0.34402537
0.8415082620330482,0.79344624,0.9661453,0.9658207,0.0929038,0.22777337,-0.71270007,-0.2852951
0.858817995271981,0.6517145,0.985818,0.9669896,0.061036237,0.18691176,0.45102584,-0.2507382
0.8941530486121944,0.5658697,0.9518041,0.96919435,0.092739284,0.124195375,0.026415167,0.25916016
0.8753243012972052,0.7164403,0.9493737,0.9657377,0.21318379,0.2338456,-0.7994387,-0.10825748
0.7992764451057803,0.72230875,0.97290903,0.968844,0.09988074,0.1275888,0.6824264,0.4289693
0.904558818235273,0.81118816,0.96844167,0.9710683,0.18754768,0.25114653,-0.8549879,-0.35558283
0.8706902667610671,0.68831587,0.9639926,0.9697678,0.13357201,0.18967472,0.39344773,0.10742257
0.949060948243793,0.8762428,0.99362516,0.98558897,0.18191378,0.22096534,-0.09542986,-0.06221049
0.9214989499957998,0.86479104,0.96135545,0.9668782,0.3430134,0.4435083,0.11151111,0.2953501
0.9496053664214656,1.0609813,0.97380906,0.9734305,0.50747305,0.43684334,-0.002014269,-0.051379383
0.8565673622694491,0.9517352,0.9793271,0.97692186,0.15374257,0.23645745,-0.6445725,0.4171806
0.8997855831423326,0.7491497,0.9615273,0.98156506,0.11801038,0.10386794,-0.7739622,-0.4339405
0.9280408001632006,0.78513986,0.9908995,0.9915693,0.13127208,0.14542109,0.03631026,0.05468691
0.9499098796395187,0.7900672,0.99098504,0.98729557,0.1448247,0.14951661,-0.23983379,0.24202515
0.8803114252457009,0.8066865,0.95274466,0.98327756,0.23313981,0.11519988,0.69961303,0.03423399
0.9227991791967167,0.8010721,0.98604316,0.98258513,0.11436947,0.09562293,0.27788725,0.25064266
0.9467884271537086,0.810463,0.9827038,0.98622036,0.19684651,0.23918945,0.11514756,0.06484857
0.900193488773955,0.813308,0.9353591,0.9783686,0.21650138,0.19179939,-0.4128378,-0.25314614
0.6921546086184345,0.70720065,0.95465726,0.9370522,0.15692623,0.09880672,0.39184114,0.5271555
0.7028634514538058,0.9924351,0.926309,0.95195514,0.23522161,0.19784336,-0.17656834,-0.5554409
0.5438661754647018,0.56147474,0.95771235,0.93830544,0.058673378,0.09427698,-0.67357075,-0.028875116
0.577939879759519,0.708461,0.9554817,0.93174183,0.08648026,0.0602642,-0.16833933,0.21239707
0.7773257653030612,0.8401034,0.9354447,0.9543471,0.19942035,0.1515147,-0.5233522,-0.5149155
0.8629124116496466,0.8023687,0.9614714,0.956248,0.28735405,0.30110794,1.0157465,0.09896996
0.8976995907983633,0.8896136,0.98830694,0.975206,0.24113674,0.33901575,-0.038465567,0.14159587
0.9007014268057072,0.87039185,0.96032524,0.9812001,0.18294047,0.17724547,0.7061622,-0.03601281
0.8863972735890944,0.65243936,0.985223,0.9757237,0.08160414,0.13079266,-0.2946205,-0.05829134
0.8989887799551197,0.59007466,0.99426955,0.9756501,0.101975285,0.12713046,0.2507489,0.20273101
0.8860889203556814,0.60663724,0.95955724,0.9809622,0.13766271,0.106142126,0.64584374,-0.077042155
0.5689437797751191,0.631752,0.9234321,0.9349952,0.14794487,0.08994589,-0.23385863,-0.05799577
0.9094359257437029,0.6817958,0.9841887,0.9722708,0.1336839,0.24265245,0.24046819,0.16370115
0.8557643190572761,0.9827963,0.9343078,0.9618921,0.39605626,0.22004819,0.2655667,0.3480665
0.6743274333097333,0.5326786,0.9239503,0.93972504,0.096987076,0.12470447,-0.7506875,-0.4791509
0.934807291229165,0.7150727,0.99471027,0.9890931,0.08501238,0.11574595,-0.28534633,-0.14919434
0.6988676274705099,0.72319627,0.9801925,0.9443775,0.14685288,0.15433435,0.036551747,-0.38979107
0.9293105972423888,1.227589,0.95906776,0.9774451,0.8918064,0.70204043,-0.28765714,-0.1417839
0.8790581402325609,0.9811303,0.9898675,0.9667074,0.20224431,0.59831023,0.5196441,0.35585713
0.8914283657134628,0.9473299,0.9696807,0.9745865,0.30130005,0.1885915,-0.722757,0.18295969
0.8575480061920248,0.796538,0.977576,0.9888228,0.13853475,0.11058696,0.7381157,0.26563674
0.918819195276781,0.7234892,0.99260765,0.9806482,0.17926036,0.18138395,0.35327268,0.025199965
0.6035228300913204,0.565476,0.963391,0.92749125,0.051712047,0.106180154,-0.11884567,-0.17859258
0.9471381565526262,1.1965775,0.97710013,0.9849941,0.3460344,0.50355816,-0.6782092,-0.013856368
0.8558259513038052,0.7679226,0.9616508,0.97093374,0.19939557,0.22473018,0.04563504,-0.033722118
0.840931299725199,0.7982023,0.96917343,0.97611344,0.21342205,0.10907611,-0.19520877,-0.013827866
0.8920745442981771,0.7145983,0.97903395,0.95921165,0.20709217,0.22695197,0.037142906,0.26193026
0.9299245196980788,0.6694996,0.9621825,0.9714152,0.17392325,0.17145655,-0.25751853,-0.16282798
0.8159014076056303,0.87675846,0.95153356,0.94696164,0.21466832,0.22287834,-0.11499499,-0.33650553
0.8229565718262873,1.1239911,0.97896224,0.9623174,0.29435584,0.54099244,0.09862453,0.33608577
0.9473016452065808,0.7479388,0.9867352,0.9834495,0.12424365,0.09589397,0.11941924,-0.51134014
0.9011485965943864,0.97772586,0.9854735,0.9692759,0.33441228,0.49192336,-0.8126091,-0.05676855
0.7927802911211644,0.6628374,0.9525473,0.9446845,0.14114344,0.123489775,-0.32809,0.0066348608
0.7600185280741123,0.80757016,0.9174994,0.94143796,0.25071925,0.2811056,-0.06782226,-0.05549796
0.7372198768795075,0.81944835,0.8995497,0.9394941,0.23410964,0.2190743,-0.07080531,0.02239554
0.8485923223692895,1.2365407,0.90465117,0.9488258,0.9577382,0.47274324,-0.46474314,-0.3111228
0.9330789963159852,0.80680496,0.98759454,0.97647184,0.2043509,0.28314567,-0.033141397,-0.3756041
0.9072332929331717,0.910048,0.9922811,0.98466766,0.076075874,0.18709286,-0.5193904,-0.04333911
0.8936546146184583,0.7716136,0.9583911,0.97208893,0.2048867,0.13255745,0.11044899,0.2021933
0.7917450229800919,0.7893304,0.9170647,0.94911605,0.24072427,0.27022973,0.7333979,0.5084062
0.7351745886983547,0.83045816,0.9487044,0.95619303,0.20243523,0.095298514,-0.8333838,-0.7491048
0.850559754239017,0.6605972,0.9490046,0.9492758,0.16318937,0.1402305,0.49445945,0.13111195
0.9487628670514682,0.72342706,0.98915696,0.97642326,0.20845993,0.24567823,0.25252235,0.16956812
0.9285107220428882,0.9029828,0.9901071,0.98231006,0.20233746,0.17708537,0.66413623,0.40390542
0.8480087360349441,0.6970372,0.96326005,0.96373785,0.1316361,0.11473815,-0.040634412,-0.3031047
0.7490335881343525,0.7259201,0.9714942,0.9767171,0.1333856,0.10131632,0.72426695,0.48150295
0.7838911355645423,0.7724696,0.94032085,0.9383665,0.21100566,0.15131295,0.35527775,0.54444146
0.825001188004752,0.6114771,0.9529514,0.9563653,0.114369296,0.16265479,0.21293955,0.047383126
0.8543853695414781,0.60414684,0.97408926,0.9578349,0.088249564,0.11673026,0.02755037,-0.24878804
0.8174185976743906,0.65223724,0.96006304,0.95727974,0.12798828,0.1418133,-0.012793708,0.009857761
0.5959478237912952,0.5538659,0.9626478,0.9249605,0.08341743,0.06937865,0.37072375,0.1403602
0.899689678758715,0.6225791,0.98444283,0.97603047,0.07569131,0.12896235,0.4883291,0.19518445
0.8158276793107172,1.0134407,0.95778763,0.9676603,0.31735003,0.18435048,0.81238633,0.14631347
0.9005175860703442,0.9074784,0.9862433,0.973211,0.15343107,0.16531584,0.64781797,0.39980462
0.5138342793371173,0.6377727,0.9369438,0.9435702,0.07055011,0.114284955,0.7596338,0.5708066
0.9256181344725378,0.87009287,0.9777127,0.9813537,0.28222647,0.14845796,-0.13988587,-0.09333648
0.6032746690986763,0.83656496,0.95615757,0.95908034,0.13542345,0.086916335,-0.364896,-0.16602138
0.909436981747927,0.9995157,0.97893435,0.96877486,0.37436277,0.55155325,0.07267675,0.15667377
0.8921785127140507,1.0184078,0.9543244,0.9650064,0.29701072,0.5867024,-0.81912357,-0.11495734
0.6107914031656126,0.82647747,0.9491197,0.9343227,0.14265205,0.06338454,-0.31010208,0.028105412
0.9427722510890044,0.7485579,0.99150544,0.9794134,0.11323911,0.23552164,0.09172836,0.121492095
0.7979095916383665,0.658507,0.9508221,0.9524959,0.1417167,0.1308769,-0.061841916,-0.02036375
0.7557411349645399,0.874217,0.911391,0.938482,0.32894817,0.33201915,0.38423643,0.2161866
0.8389101076404305,0.84235334,0.9754689,0.9653785,0.17169009,0.18373136,0.14197955,0.2673032
0.9019885999543997,0.49342483,0.9770608,0.97456676,0.060298473,0.07720856,-0.16481033,-0.12489972
0.8606194424777699,0.8414744,0.96663064,0.97993183,0.23607673,0.12663274,0.3243568,0.54553837
0.929053988215953,0.7186963,0.9885271,0.9760058,0.113783576,0.2030178,0.0741068,-0.16967985
0.821063636254545,0.5834835,0.958185,0.9506971,0.08043745,0.18468885,-0.07456854,-0.3283773
0.9295329341317365,0.8868873,0.97398263,0.9828297,0.220499,0.15907028,-0.2705425,0.10134146
0.8115477901911607,0.63276374,0.98634034,0.9640095,0.10900984,0.094222166,-0.32705048,-0.57045966
0.9629927159708639,1.7414523,0.98288107,0.98513824,0.3402744,0.7166242,-0.19150852,0.013453718
0.9005916023664096,0.76528364,0.98944175,0.9836137,0.09612692,0.15162076,0.3263625,-0.09151127
0.8989527798111192,0.9156805,0.96569216,0.97104263,0.21506163,0.26374325,-0.7619175,-0.12357366
0.9193038052152209,0.7106332,0.98848647,0.98320484,0.10411226,0.13800809,0.12179972,0.080454916
0.6166097944391777,0.72879356,0.9083416,0.9463242,0.16562308,0.105810225,-0.35350832,-0.17753275
0.6831494845979383,0.7199003,0.96977067,0.9428278,0.12264843,0.11277233,-0.074886575,0.34236214
0.8041682406729627,0.51440924,0.94063663,0.9622232,0.08119877,0.07929013,0.25613147,0.1710294
0.8422438169752678,0.7897615,0.93390244,0.97256815,0.20072684,0.10328793,0.86072016,0.42232558
0.6229632918531673,0.5611653,0.9046579,0.94113225,0.076672494,0.13467042,-0.29389068,-0.06893057
0.883252973011892,0.8095352,0.97235256,0.97676986,0.1646976,0.15392436,0.0780546,-0.18187486
0.71812895251581,1.0007187,0.95594263,0.9613198,0.1618606,0.095525086,0.18703644,0.07265515
0.8418516554066217,0.58843505,0.9776453,0.9493524,0.054618247,0.1955839,0.48101813,0.18258417
0.899118956475826,0.8828126,0.98374254,0.9767885,0.14886536,0.14522445,-0.48432067,-0.11712266
0.9222149208596834,0.8010167,0.9892366,0.97320133,0.18377626,0.17766047,0.13462871,0.3081334
0.7076305425221701,0.75529593,0.93474436,0.93493694,0.19005547,0.14077519,-0.5136865,-0.15187785
0.877003828015312,0.74183536,0.9592033,0.95991045,0.19082628,0.28191882,0.10674734,0.25581837
0.7425142020568082,0.70164555,0.92507213,0.9550024,0.14328937,0.06502477,-0.3541075,-0.6726174
0.751006588026352,0.8182937,0.9661323,0.944037,0.15948774,0.17246844,0.21536218,0.1044738
0.8706481225924904,0.804334,0.94758373,0.9737538,0.14006135,0.16915196,-0.12169084,0.026611332
0.8980671762687049,0.7282971,0.9930269,0.98606193,0.12786274,0.13469253,0.6186498,0.20669916
0.7607384349537398,0.8777398,0.9417537,0.9592824,0.20938273,0.13696417,0.73535603,0.40157637
0.875184428737715,0.7796764,0.955391,0.95166767,0.23816137,0.22933467,-0.0077601587,0.09416007
0.5980945843783375,0.7293054,0.9228533,0.9515251,0.13601467,0.114856586,-0.08485876,0.13371152
0.8653950775803102,0.9293256,0.9233159,0.9679665,0.20192522,0.2648401,0.7391314,0.5955829
0.6692009168036672,0.6415296,0.9628422,0.9383868,0.08521439,0.13671328,0.37684122,0.08592084
0.7555784143136572,0.61335504,0.93559784,0.9522034,0.06621794,0.15857156,0.29399115,0.22097133
0.6569280357121429,0.5260922,0.9562112,0.9449307,0.0739812,0.10448365,-0.53775597,-0.26909953
0.9697185028740114,0.8697483,0.9843766,0.98660135,0.22727734,0.2731379,0.8459512,-0.024834974
0.9428924435697742,0.94327116,0.9815527,0.9787596,0.25279498,0.35066044,0.42732882,0.13273814
0.5843277453109812,0.6144111,0.96575916,0.9470036,0.06214858,0.108861975,-0.19738558,-0.17448524
0.8814670778683115,1.3020797,0.97225547,0.97537035,0.45032907,0.24248801,-0.65239453,-0.1793271
0.8452580370321481,0.7909083,0.9387967,0.96051925,0.20356733,0.16621195,0.099408746,0.23645607
0.8338238152952613,0.9383708,0.94675654,0.9725926,0.16062284,0.2146563,-0.07905119,0.026655978
0.9119792639170556,0.74657667,0.98933583,0.9762774,0.14862901,0.18930729,0.40224323,0.36170936
0.6809857319429278,0.7664074,0.9812265,0.95282084,0.08970722,0.19139582,0.46750337,0.37379038
0.9412705170820682,0.9516628,0.9838865,0.97914505,0.33132276,0.45129848,-0.11105724,-0.02656558
0.7736031584126336,0.84437525,0.9669466,0.9640854,0.15480982,0.12333108,-0.057519663,0.32607192
0.6831767487069947,0.8118462,0.9675054,0.95867264,0.13155816,0.20573516,0.32555574,0.22523244
0.784192000768003,0.8358394,0.9571224,0.9490987,0.17448032,0.23944442,-0.027818292,0.20511642
0.9159328477313908,1.0135832,0.9696209,0.96290386,0.5513386,0.66483754,0.071359426,-0.09138631
0.7766484825939304,0.57087636,0.9544009,0.95003474,0.088531405,0.120218374,-0.020838812,-0.37861916
0.9015454621818486,1.1290628,0.9570805,0.9786239,0.51361656,0.2498509,0.17113395,-0.017651929
0.8970447721790886,0.64596593,0.98353267,0.9707436,0.12310442,0.18914448,0.31307283,0.2634772
0.6586373225492901,0.5644563,0.93926597,0.94336873,0.046640985,0.12856103,0.85726106,0.58179665
0.7099670958683835,0.8043777,0.9281347,0.9531916,0.21185984,0.13791443,-0.042577736,-0.024791634
0.8306434185736742,0.8509755,0.9815621,0.9728965,0.082029805,0.18497068,0.39024323,0.6226487
0.9175174300697203,0.83995765,0.94483125,0.9704071,0.3470306,0.24370272,0.03381666,-0.081591636
0.827190860763443,1.00138,0.9911396,0.9843289,0.09757954,0.21292332,0.22955477,-0.40990618
0.9070915003660013,0.8621414,0.9798835,0.9760072,0.26109377,0.33476102,-0.35146192,-0.2334946
0.9031629726518905,0.9607074,0.9941264,0.9894285,0.11835625,0.1628752,0.6344704,0.3970601
0.7759702398809595,0.65095824,0.9605565,0.9487118,0.14450672,0.14563958,-0.2435654,0.053947687
0.8797889911559648,0.6195931,0.9833997,0.96691364,0.101214476,0.17167485,0.9012216,0.40914252
0.9367714590858363,0.69504267,0.975447,0.9746237,0.17604212,0.23880923,0.06724381,0.12998171
0.9452588530354121,0.7863631,0.9734619,0.97430784,0.3046228,0.29036903,0.6113455,0.2494903
0.8911802047208187,0.9207367,0.96211547,0.9728193,0.18932895,0.31002766,-0.57366437,-0.2021447
0.8667646190584761,0.7062485,0.97894084,0.9627765,0.18235776,0.14812137,-0.03743064,0.22051652
0.9308870195480782,0.8314484,0.99408275,0.9732641,0.10421312,0.29097518,-0.111735895,0.26843283
0.8886980187920751,0.83525914,0.97144276,0.9758736,0.15585852,0.22530146,-0.6815801,-0.48950946
0.9233059652238608,0.9306367,0.9746434,0.97989553,0.22586195,0.27005196,0.03855675,0.006331841
0.7648210432841731,0.63775015,0.9383234,0.94867915,0.12788798,0.15664922,-0.13934574,-0.043844897
0.8464560258241033,0.60128796,0.97289455,0.95881265,0.10698532,0.1433313,-0.7698877,0.01504861
0.8770836043344172,1.1351261,0.9870524,0.9729586,0.265203,0.5139176,-0.8754703,-0.012271738
0.8254661178644713,0.99532974,0.9257649,0.94804543,0.55703896,0.4822009,0.2932182,0.14613123
0.733181236724947,0.8936659,0.94357157,0.96514755,0.19839089,0.13174272,-0.81122047,-0.36808902
0.8559993279973119,0.8206486,0.9756665,0.9632126,0.12840566,0.26682192,-1.0062101,-0.049878664
0.8709071316285265,0.8463774,0.9862433,0.9748515,0.15343107,0.22781357,0.64781797,0.38867956
0.8983590174360697,0.7252111,0.9850441,0.9828604,0.12085916,0.15283021,0.5315453,0.281344
0.9291713966855867,0.98533165,0.9637569,0.9625436,0.44737643,0.50377786,-0.6087946,-0.11988422
0.9095253021012083,0.94100827,0.9778114,0.98673564,0.2504518,0.19772463,-0.28585672,-0.10825736
0.8494953019812079,0.7580613,0.9668414,0.96650726,0.19580571,0.17163603,-0.66061026,-0.69667065
0.919255037020148,0.59140927,0.9696818,0.96936506,0.08125578,0.15181248,-0.053576004,0.09113288
0.8535571742286968,0.6216299,0.96898365,0.9659395,0.12857531,0.16255528,1.0071756,0.5470283
0.8879874239496959,1.0082388,0.97893435,0.9704429,0.37436277,0.44319367,0.07267675,0.18004902
0.6546631946527786,0.5783252,0.94383335,0.9360398,0.08131827,0.0929235,-0.47567526,-0.49747172
0.8726793947175789,1.0768205,0.93374366,0.97049737,0.47275308,0.30027723,0.9979475,0.46667263
0.8887037788151151,0.88511187,0.9925559,0.96703726,0.16526987,0.2626713,0.0030862014,-0.21694103
0.9472019008076031,0.8770962,0.97522384,0.9761796,0.3103092,0.43638662,-1.5769069,-0.51630706
0.7708886515546062,0.59947526,0.94836795,0.9568551,0.121478654,0.116619475,0.08394681,-0.23946191
0.7705490021960087,0.6437452,0.9584104,0.94797105,0.1595918,0.17007914,-0.7529688,0.07892096
0.9234832779331117,0.8255473,0.9738253,0.9806962,0.24579507,0.22751036,0.14399636,0.20678434
0.8910674042696171,0.85881144,0.96676576,0.9779121,0.1828692,0.16588344,-0.68661803,-0.41538015
0.8979210636842547,0.8486635,0.9506773,0.9705051,0.23978394,0.1816412,-0.031369638,0.09206184
0.8620769203076811,0.50411713,0.9725317,0.9547829,0.06592172,0.1316718,-0.667019,-0.35419172
0.8929478597914392,0.7216697,0.9875137,0.9724125,0.09759439,0.19167998,-0.22180663,0.07712221
0.7182058488233952,0.6167989,0.9384744,0.9559164,0.08360757,0.1068371,0.6591313,0.18362492
0.9112056928227712,0.6359926,0.9869112,0.976859,0.080734685,0.15563482,0.02163714,-0.17177688
0.8654036216144863,0.73111033,0.9700018,0.9621063,0.118390225,0.142373,0.18632261,-0.08248453
0.9031915807663229,0.9143448,0.98630327,0.976389,0.113438584,0.27485958,0.046839774,0.15416154
0.5738626474505898,0.539973,0.92165625,0.9337798,0.08376963,0.13698278,0.0706003,0.1131948
0.8561320965283861,0.7325791,0.9411828,0.95940405,0.21136916,0.21656919,-0.038481753,-0.2640629
0.8393326053304213,0.6361622,0.96814984,0.94675714,0.17560263,0.177503,-0.39364213,-0.6013046
0.8799479677918711,0.82892025,0.9743617,0.9833448,0.10539078,0.16766956,-1.509912,-0.4738132
0.7766004824019296,0.6418895,0.9939902,0.9523715,0.10077792,0.17826466,0.3541248,0.26350793
0.9045852183408735,1.1912413,0.95977426,0.976883,0.78486025,0.2809571,0.5206173,0.0264542
0.8543859455437821,0.88755226,0.9402457,0.97233063,0.19562869,0.17028525,-0.25203782,0.058439396
0.9084692018768076,0.7663902,0.9746134,0.97384155,0.21392007,0.17483969,0.26293713,-0.07286016
0.8853021012084048,0.6823655,0.9610599,0.9605082,0.17283602,0.20228757,0.067705326,-0.058832362
0.8671330685322741,0.62604296,0.9899071,0.9683704,0.087255806,0.18516688,-0.4571018,0.17371713
0.6718295993183973,0.62039614,0.9283068,0.9353948,0.112728305,0.114827335,-0.31386453,-0.1727068
0.9407250429001714,0.7593696,0.98171175,0.97696954,0.19244877,0.16761546,-0.35506463,-0.1318566
0.6161496645986584,0.80519307,0.9510577,0.9671253,0.0980305,0.13825071,1.3209311,0.632901
0.8296503906015624,0.7720759,0.9668386,0.9637064,0.1680935,0.26130944,-0.13894922,0.18015131
0.8490044520178079,0.6769014,0.98574376,0.96617377,0.1331461,0.19016856,0.19680546,0.5043419
0.5980278641114565,0.55104804,0.96378756,0.9436661,0.056147326,0.0993729,-0.27436277,-0.11342974
0.9167791871167486,0.89873815,0.9760788,0.97717613,0.25352308,0.24935758,-0.9238192,0.0003872881
0.7900390001560006,0.73565847,0.92595935,0.9667026,0.16756988,0.11908677,0.7724314,0.40498072
0.5484061296245185,0.77008855,0.9326765,0.9512017,0.088942304,0.11511179,0.720292,0.19014621
0.7096654626618506,0.5576748,0.9625444,0.93780476,0.0689751,0.16297507,-0.19416243,-0.20600215
0.8417296389185557,0.7126716,0.970847,0.9612975,0.14588876,0.19809733,-0.12171776,-0.0850853
0.8451030924123696,0.74922377,0.964391,0.95755374,0.17995606,0.17591389,-0.19116803,-0.49386075
0.8159562238248952,0.80521595,0.9607904,0.96045315,0.18066803,0.17858714,0.17529002,-0.1857902
0.8097413509654038,0.61314803,0.97603506,0.9511998,0.0952221,0.20817871,-0.52007717,-0.5292303
0.9140909843639374,0.6573207,0.99090356,0.9768103,0.06847268,0.14760228,0.23954894,0.33777076
0.8402064008256033,0.71083707,0.9846579,0.9697336,0.14310868,0.20352541,0.13156626,-0.26679868
0.9054854139416556,0.94062865,0.98591065,0.9742558,0.20520721,0.3770407,-0.3594043,0.08475734
0.9209553958215833,0.8609961,0.9830386,0.9667559,0.20902544,0.21171059,-0.045594007,-0.05103149
0.8363081132324528,0.88063407,0.9784768,0.9703661,0.18969473,0.3590822,-0.18273759,-0.30539623
0.9544737378949515,0.91762453,0.9891925,0.9720751,0.21338631,0.31694502,-0.10425955,0.041965693
0.8720874563498253,0.6025317,0.96546376,0.9629939,0.12090086,0.16787651,-1.2516394,-0.46770626
0.7009082116328464,0.6829354,0.9532848,0.94820064,0.13949078,0.10487343,-0.8387496,-0.4055222
0.8397476149904599,0.66442996,0.9706937,0.9565844,0.09614439,0.25134635,0.119590804,-0.13170373
0.8753342853371412,0.82271,0.9516638,0.9431231,0.31419703,0.32470557,-0.35022148,0.0005068467
0.913387973551894,0.8660437,0.9765521,0.9845467,0.22955494,0.20702207,-0.34587577,0.02671815
0.8440397921591687,1.1780981,0.95454645,0.97095925,0.5025889,0.26448882,-0.46845567,-0.13780445
0.8618663914655658,0.5415691,0.97578937,0.97025776,0.089215614,0.08685489,0.110623516,0.14822046
0.7076978387913552,1.1491817,0.96422076,0.9587651,0.30385062,0.22414121,0.34466618,0.30626082
0.9508545234180936,0.94604456,0.98405284,0.97396237,0.28904718,0.39156014,-0.8046436,-0.073413484
0.7277349429397717,0.6328716,0.9372547,0.96534365,0.12843806,0.07136471,0.37035844,0.440774
0.9551440125760504,0.71760076,0.98992604,0.9814367,0.108893625,0.18794745,-0.45046833,-0.033067938
0.7323431533726135,0.83153516,0.9571712,0.96453965,0.16459528,0.15249112,-0.086173505,0.38256004
0.5992778851115403,0.6715739,0.9571345,0.9604422,0.10861229,0.085935116,0.067114756,-0.037513662
0.6721206724826899,0.7725165,0.9399931,0.9544068,0.14133699,0.0964563,-0.0029902055,0.03183572
0.6679005916023664,0.6501132,0.97751516,0.9588789,0.1064716,0.067323625,-0.061822794,0.46433756
0.8845313141252565,0.8804508,0.97951555,0.9748655,0.1908104,0.31470895,0.66138905,0.7569328
0.7802720170880683,0.98141885,0.98571366,0.97087336,0.31794348,0.27560097,0.12947765,-0.21722272
0.8345750183000731,0.8649576,0.9503313,0.9706546,0.21330127,0.14209734,-0.5723865,-0.3500143
0.7113080292321168,0.71589303,0.94343007,0.9656072,0.16625604,0.073985346,-0.3829367,-0.10949702
0.8903550814203256,0.6128276,0.9652687,0.9670999,0.12176929,0.13123827,0.63058394,0.38377288
0.936257569030276,0.71479356,0.97219235,0.9717192,0.15620072,0.24459893,-0.4089746,-0.033140376
0.869122100488402,0.6494063,0.96494836,0.9705959,0.13593102,0.13837431,-0.124719486,-0.18644506
0.6681828327313308,0.6998987,0.97680914,0.9604572,0.10003295,0.08546125,0.45003122,0.35313803
0.8069007956031823,0.71031594,0.97808754,0.9678028,0.13509293,0.10413254,-0.059472285,-0.037408877
0.9293411253645014,1.1078203,0.98904234,0.98910636,0.20656982,0.13378745,-0.6200239,0.081629425
0.8277078228312913,0.74243385,0.9851799,0.96364725,0.19401361,0.134792,0.40405145,0.038677882
0.8449098436393745,0.7729775,0.99183714,0.96777856,0.21197398,0.16028321,0.29668248,-0.46078065
0.7921723206892827,0.78987813,0.9361496,0.96570694,0.24572103,0.17670302,-0.6396551,-0.44389498
0.8269750519002076,0.6861967,0.96344954,0.96812725,0.07794336,0.11783349,-0.28221932,-0.18848439
0.9398213912855651,0.95466113,0.98632294,0.97071105,0.38935512,0.48656192,0.16736065,-0.016208192
0.7657995751983008,0.67959803,0.9467334,0.95803446,0.109005705,0.16119497,-0.30609885,0.015438761
0.9587968271873089,0.76495445,0.99130654,0.98555845,0.10782849,0.2635669,-0.033041526,0.49971172
0.8216520226080903,0.6825736,0.96072346,0.966004,0.09958793,0.11968322,0.58418816,0.16184464
0.9609617318469273,1.0884073,0.99060035,0.9856414,0.2932606,0.39237657,0.5983964,0.18217835
0.8773157332629331,0.82952875,0.9640427,0.9699076,0.2848728,0.1409181,-0.27539834,0.15187736
0.8346400105600422,0.7647361,0.99034405,0.9704069,0.17800331,0.1522046,-0.5362997,-0.09188901
0.881129636518546,1.0237947,0.9936415,0.98117286,0.13367282,0.11451233,-1.3508878,-0.44946697
0.9597727670910684,0.8230531,0.9931981,0.98524016,0.14540002,0.21778889,0.37613773,-0.4014339
0.9117451189804757,0.8623936,0.9887917,0.9821924,0.18899132,0.22596131,-0.05571856,-0.11142512
0.9537595910383642,0.71661913,0.97795576,0.97792524,0.19632022,0.20512335,0.18843506,0.17750925
0.8528447553790214,0.51598674,0.9504951,0.9637957,0.0844611,0.08140035,-0.23824142,0.047935322
0.5153870855483421,0.8296905,0.9318787,0.96002555,0.12949945,0.106768265,0.10819621,0.06920271
0.7348478033912135,0.6299229,0.97463757,0.9718784,0.13343449,0.074821286,-0.3599227,-0.5298023
0.8641680966723866,0.8122311,0.9810315,0.9776301,0.16038969,0.15001713,0.45427537,0.32622924
0.8670578042312168,0.7982707,0.9862433,0.9776718,0.15343107,0.15096608,0.64781797,0.4660522
0.7953372613490454,0.52731705,0.9444343,0.9599617,0.11814312,0.10241029,-0.6035704,-0.25638983
0.9327935871743488,1.0901836,0.9946888,0.9769404,0.26304746,0.23975001,-0.5169983,0.2466406
0.8528049152196607,0.7890372,0.9884536,0.97660375,0.12579961,0.08435956,0.41471592,0.21390404
0.8160203520814082,0.6739665,0.9608061,0.96598274,0.13526925,0.090774804,0.38571665,0.40257382
0.9085183540734163,0.5908034,0.9659679,0.9719826,0.1098701,0.14197323,-0.100976944,0.030219784
0.9015296221184885,0.66978735,0.97484094,0.9684675,0.1315506,0.14824614,-0.030472826,0.037501723
0.7780540242160968,0.75467265,0.92053294,0.9631757,0.12812899,0.11813328,-0.3218732,0.20940576
0.7606469465877863,0.721834,0.9744927,0.96331036,0.09459287,0.16771758,-0.9880005,-0.53842866
0.9218424393697575,0.8478115,0.98434603,0.9705463,0.20199205,0.2349632,-0.46055493,0.15983869
0.9365776343105371,0.920089,0.97419614,0.97952735,0.20997712,0.34110218,0.35599488,-0.28200355
0.8542541370165481,0.8840376,0.9775754,0.97738844,0.21438119,0.12630539,-0.15839237,-0.024480449
0.7379423757695031,0.7638931,0.93233055,0.9636077,0.20638667,0.1060618,-0.13453878,-0.16341215
0.826375145500582,0.7201939,0.9645621,0.9700626,0.13119103,0.12193111,-0.55852205,-0.4933213
0.803432877731511,0.6790169,0.9340882,0.96170354,0.18828522,0.19212507,-0.61046946,-0.5321865
0.9160869283477134,0.7365264,0.95583457,0.97161835,0.26317614,0.21013725,-0.05394357,0.025657402
0.9087920511682047,0.74250734,0.9803178,0.9725428,0.101929225,0.1664373,-0.084689766,-0.47052476
0.868314161256645,0.9117325,0.9947815,0.97372454,0.2460404,0.24232301,0.43733373,0.45394996
0.7231177084708339,0.73239696,0.9668112,0.96357185,0.10828078,0.123296075,0.074182935,-0.24510133
0.8082579530318121,0.68986106,0.97349167,0.9709335,0.16351932,0.10172698,0.2934837,0.55132544
0.8167591710366842,0.6187046,0.9570572,0.95869815,0.085214004,0.12650861,-0.7500429,-0.3496669
0.5216421825687302,0.65706444,0.9500998,0.9637552,0.063485794,0.07263773,-0.38277826,-0.3726827
0.7993407653630614,0.62083936,0.97800756,0.9647633,0.058273923,0.076393664,0.066552624,0.2786943
0.764942003768015,0.6559191,0.9714954,0.9613725,0.11933893,0.11385212,-0.053501777,-0.61968464
0.9477858711434847,0.9226344,0.99052155,0.9790258,0.19680166,0.42727593,-0.75633216,-0.42395303
0.8751586046344184,0.7165074,0.99343705,0.98334587,0.08135493,0.11733553,0.17648654,0.15187524
0.9216033024132095,0.8747999,0.9926572,0.9847332,0.22843872,0.21550605,0.09984539,0.036925036
0.9145319141276566,0.8415331,0.9825959,0.984499,0.12282591,0.16465181,0.64321524,0.60542345
0.9252583250333001,1.2079425,0.9825977,0.9845134,0.3642913,0.3718537,-0.14168377,-0.093090594
0.8400846723386893,0.76519835,0.9753489,0.96685505,0.10775813,0.113704994,-0.18259047,0.14841318
0.9444990099960399,1.041966,0.97896975,0.9784685,0.3373874,0.3863241,0.13226162,0.12621012
0.9236589586358345,0.81681067,0.9947137,0.97249526,0.11996369,0.25960252,-0.34824866,-0.10539589
0.7652443089772358,1.1576426,0.9666218,0.97696805,0.5746602,0.2610403,-1.2362641,-0.45304805
0.8806531866127464,0.71485466,0.9315424,0.9754461,0.22551216,0.13109174,0.40061903,0.16562678
0.759316285265141,0.5820159,0.95240104,0.96080697,0.105997585,0.15200713,0.36654207,0.15621458
0.7239048156192625,1.0946796,0.9638554,0.96701455,0.31472445,0.10874084,-1.0854751,-0.7799906
0.8201717926871707,0.9918268,0.9647176,0.9698436,0.3535597,0.23505136,-0.7651312,-0.61422175
0.9458677834711339,1.0835247,0.98635876,0.97420794,0.25117272,0.33307278,-0.81095815,-0.08284851
0.8549860439441758,0.7034916,0.9733895,0.96953547,0.134922,0.11735116,0.6769474,0.43708658
0.7748034512138048,0.65905404,0.95673794,0.96187514,0.11867235,0.09827334,1.1517845,0.6240233
0.811812367249469,0.84817475,0.97855264,0.96788234,0.17261979,0.12604754,-0.6271237,-0.40057337
0.8759079836319345,0.80553913,0.97412235,0.97292656,0.1511239,0.13436969,0.0072908937,0.14760189
0.8400820803283212,0.769175,0.96298075,0.97450364,0.19905943,0.16993453,0.13236792,0.14252341
0.7420913203652815,0.6978132,0.941937,0.96085465,0.13092811,0.13161524,-0.41073847,-0.32511222
0.9203567374269495,0.9721271,0.94505465,0.9656284,0.48043588,0.25484294,0.3263536,-0.11198398
0.7703460573842296,0.8784723,0.98534566,0.9758671,0.12392568,0.11356845,0.045948613,0.27676362
0.7583710654842618,0.57981247,0.9607316,0.96459204,0.05966898,0.086755894,-0.89389926,-0.38030308
0.5134442297769191,0.69564855,0.9730316,0.961522,0.065643765,0.07808987,-0.26754063,0.23055246
0.8395902703610815,0.9632893,0.99157,0.97542185,0.27992758,0.12208959,-0.025590152,0.028933337
0.9260728882915532,1.1041267,0.9794046,0.9785734,0.36893567,0.27342457,-0.40670663,-0.35185537
0.857506918027672,0.77335703,0.9868309,0.9743394,0.13707605,0.16947077,0.0041503035,-0.15827267
0.8121452005808023,0.7052796,0.96875054,0.9660204,0.20116414,0.13702086,0.5317138,0.14507037
0.8942934971739886,0.7073267,0.9884954,0.9712845,0.09996522,0.09643904,-0.54392135,0.25754666
0.9178383593534374,0.7668379,0.9734691,0.9712687,0.12848997,0.17217942,-0.08304709,-0.45344254
0.6998616154464617,0.75808674,0.94844204,0.95949847,0.22677875,0.10571717,-0.5242302,-0.13334815
0.7953517574070296,0.6780551,0.96181864,0.96934736,0.12447197,0.15517353,0.2819062,-0.07626243
0.8205700982803931,0.60791415,0.92206633,0.9587942,0.17637536,0.13000031,-0.25355816,-0.31571677
0.9228015792063168,0.9407521,0.98343116,0.9718038,0.31892744,0.52946,-0.48107967,0.09811776
0.8704626498505994,0.90574104,0.9484997,0.96677995,0.35998455,0.21558894,-0.11260141,0.26986387
0.909561398245593,0.95910066,0.99374497,0.9754028,0.23732917,0.2654308,-0.3650212,0.35020733
0.9217284869139476,1.1003469,0.9941517,0.9785467,0.26513374,0.23148808,0.033962816,0.3617764
0.6409055716222866,0.70259625,0.934345,0.9454567,0.113558084,0.17097186,-0.011896995,0.1900331
0.5807612350449401,0.8492883,0.9675976,0.9623074,0.124978215,0.18002924,0.7849045,0.45924655
0.7498602474409897,0.95648944,0.9434289,0.9593642,0.3036706,0.21216111,-0.07968484,-0.39698994
0.8768010752043008,0.9409674,0.9785073,0.97547716,0.27750468,0.2126176,-0.8527589,-0.3186302
0.9184183936735747,1.4341097,0.986642,0.97896457,0.6295192,0.3146688,0.08536499,-0.31084034
0.9475092940371762,0.7838306,0.9804733,0.98061967,0.17607757,0.23499204,0.46622157,0.013828923
0.8562671690686763,0.9634571,0.98496443,0.98189133,0.25022614,0.4003702,0.31742594,0.3784119
0.9455325501302005,0.6080497,0.99108326,0.98101133,0.110750295,0.15120614,1.2635003,0.20210621
0.7675516782067128,0.560074,0.9171677,0.9510965,0.11330341,0.10830784,0.78359073,0.569468
0.8314669098676395,0.7177199,0.98336977,0.9681071,0.12105347,0.1287853,-0.060259752,-0.055373333
0.7821917367669471,0.54789,0.9173844,0.94050545,0.14577721,0.1456507,-0.325537,-0.22259407
0.9194557738230953,0.8997853,0.9428854,0.9743875,0.30729765,0.2660766,-0.84652466,-0.30263472
0.7992341089364356,0.74209845,0.9796256,0.9569938,0.17852251,0.15186301,-0.060729023,-0.17967463
0.7760128640514562,0.5442844,0.9676319,0.954076,0.08963474,0.118200056,0.17430183,-0.12421197
0.716691730766923,0.66481596,0.90865225,0.9449572,0.15300582,0.14262529,0.43178207,0.21116623
0.8833076932307729,0.9281208,0.96300614,0.97306013,0.2615475,0.25047195,0.4552426,-0.058813654
0.8126163704654819,0.6369906,0.96314013,0.9621586,0.105950765,0.142473,0.17258547,0.2760336
0.8990369721478886,0.63147515,0.93489224,0.95880854,0.17799921,0.13710706,-0.027908526,0.17809093
0.6821324565298261,0.6540136,0.94412374,0.9609021,0.11551893,0.09378937,-0.8325872,-0.62579834
0.8373448213792855,0.69092524,0.9576217,0.958102,0.12873426,0.12588023,0.10286352,-0.31539607
0.9159584798339191,1.1010202,0.97337604,0.979439,0.45848164,0.48010144,-0.4043407,0.14788634
0.9474186696746787,0.6612749,0.9898757,0.9851652,0.082462914,0.1723021,-0.37061945,-0.024405684
0.9149923319693279,0.98044515,0.9445048,0.9634626,0.33634302,0.24920762,0.011385213,-0.0011738354
0.8596228624914499,0.68496794,0.96536237,0.96183234,0.1594004,0.25194776,0.08349498,0.040801447
0.8899171276685107,0.98899734,0.985025,0.9825381,0.23646702,0.17204636,0.9433401,-0.2655809
0.885129780519122,0.7351839,0.97998726,0.97767776,0.1124,0.14506081,-0.61952394,0.19482811
0.7844507218028872,0.7225646,0.97301656,0.96221465,0.11361038,0.085297644,0.9368779,1.2478459
0.913386341545366,1.0038607,0.9790936,0.98910683,0.22215174,0.16891111,-0.032134946,0.3002155
0.9040906243624973,0.90249467,0.96392363,0.9680136,0.17355514,0.42591897,-0.8576052,-0.28398255
0.8972822771291086,0.7378633,0.9883115,0.9737023,0.100906804,0.20121825,0.24744529,-0.09634451
0.9263297853191411,0.7433814,0.98233104,0.9750744,0.1850894,0.28850433,0.5681595,0.31911933
0.8711454045816183,0.775229,0.9862433,0.97401917,0.15343107,0.21605466,0.64781797,0.45642003
0.8809131556526226,0.8156806,0.9834215,0.9691469,0.18333977,0.22451825,0.6598413,-0.106868275
0.8111056124224496,0.81337094,0.9600626,0.97018987,0.11818924,0.12885231,-0.37364075,-0.017530255
0.8249037476149904,0.54811215,0.9708501,0.9642157,0.07966291,0.11782899,0.60395986,0.21336675
0.8519128796515185,0.848581,0.98181593,0.9715799,0.23886116,0.25378087,-0.8349677,-0.52374595
0.6235917103668415,0.68475425,0.9589844,0.93983096,0.09146251,0.122941375,-0.2421094,0.07512305
0.90574893499574,1.0132258,0.9930193,0.97872156,0.25629154,0.23563987,-0.8218933,0.14333543
0.9241068004272017,0.6543821,0.9866114,0.9752072,0.09496656,0.17945404,-0.062333804,0.4164202
0.8807673310693241,0.6235175,0.95949745,0.9499679,0.15762882,0.27952266,-0.27389136,-0.076608725
0.9159781599126396,0.8138714,0.9898219,0.97879547,0.22212867,0.20312327,-0.76698893,0.020645231
0.890324553298213,0.6698632,0.9925328,0.9879557,0.07771814,0.14108185,-0.6339485,-0.23202904
0.8277167508670035,0.67142355,0.97724265,0.9625383,0.13549303,0.13556117,0.35985273,0.11077949
0.8694581978327912,0.6838091,0.9854244,0.9616318,0.08094328,0.23789386,-0.27823737,0.27258363
0.8992037248148993,0.9206022,0.9873134,0.97678715,0.1661233,0.15747441,-0.48669973,0.36519098
0.8807982431929727,0.6805966,0.9659604,0.95790195,0.17000535,0.19505103,-0.8002551,-0.23957905
0.8988717554870219,1.1437148,0.97808063,0.96775347,0.41303748,0.4083719,0.83203036,0.378624
0.9137432709730838,1.0006244,0.9904908,0.98290175,0.19517176,0.3456525,0.79676735,0.46615148
0.86249192996772,0.90291107,0.9699135,0.9802365,0.1573631,0.13764207,-1.1160247,-0.5102902
0.9085835383341533,0.9343364,0.97903466,0.97269434,0.25496557,0.23185575,-0.1561326,-0.19292702
0.8143534014136057,0.74496603,0.95419157,0.9738212,0.14532125,0.12980768,-0.09448455,-0.11520713
0.9584048576194305,0.8022962,0.9808177,0.9804161,0.2458936,0.4206323,-0.5623764,-0.2285739
0.8368875715502861,0.7894864,0.9829534,0.97046816,0.14372735,0.11799493,0.11230758,-0.38892195
0.8320339841359364,0.7729699,0.93984985,0.9539263,0.16424981,0.12114055,-0.023463178,-0.13041364
0.8979774159096635,0.6918045,0.99325544,0.9819412,0.12723076,0.1376857,-0.2366202,-0.39545268
0.8369295237180948,0.7629041,0.96247697,0.95938325,0.11782416,0.23880094,-0.52597946,-0.029731115
0.7900256561026243,0.70948035,0.98925227,0.95788115,0.09684748,0.16444486,-0.14567122,0.11752095
0.8798158712634849,0.7106497,0.9646104,0.97314095,0.16118187,0.18366855,-0.721012,-0.19954352
0.8391641246564986,0.6067545,0.9690301,0.9582378,0.120374665,0.17141111,0.54724485,-0.11532465
0.8016559106236424,0.83165145,0.9821887,0.9703547,0.18239176,0.17471595,-0.18686603,-0.6253734
0.892886419545678,0.70211834,0.9552362,0.97675973,0.18524376,0.15524018,-0.3145582,-0.0140481405
0.9368324193296773,0.6355865,0.9924889,0.98115706,0.09889516,0.17723477,0.181613,0.067886904
0.9164858099432396,1.4202102,0.9708078,0.96654254,0.52426183,0.8688916,-0.5415602,0.014165132
0.903752319009276,0.9924354,0.9744816,0.98889524,0.21578628,0.1751474,-0.4767525,-0.41953042
0.7314726218904876,0.5786319,0.94150907,0.94942373,0.07678893,0.12415856,0.28154683,0.4755098
0.7813031572126288,0.57777643,0.9564543,0.9636027,0.066836886,0.07177679,0.3977023,-0.13316907
0.8881037764151056,0.83072406,0.98398703,0.98287714,0.07372156,0.16355725,0.5380493,0.4092028
0.92125088500354,0.8472791,0.9887803,0.98876745,0.16884147,0.16048859,0.4934846,-0.1388406
0.8144665858663435,0.63230896,0.95531064,0.9487526,0.11352757,0.16989565,-0.9382861,-0.088009134
0.8782362809451238,0.82819897,0.96552867,0.97675717,0.15457165,0.19530146,-0.048292812,0.12023851
0.7830732122928491,0.5927904,0.94654125,0.9540143,0.14659722,0.13737555,0.051076297,-0.096695624
0.7973062292249169,0.91065943,0.9767943,0.9614372,0.21986105,0.29509735,0.19223887,0.35946596
0.7544524258097032,0.7078755,0.9668025,0.96420085,0.0821547,0.116578475,0.66195816,0.10282892
0.7122779211116844,0.6459703,0.9380101,0.94860965,0.13767698,0.12992513,-0.65119183,-0.72302395
0.8817890631562525,0.7481157,0.9944159,0.97847813,0.112132974,0.21496558,0.6959228,0.70142585
0.5978529514118056,0.73484874,0.9485733,0.94640106,0.12214706,0.1151997,0.20459117,-0.019526353
0.6558532154128616,0.6060875,0.9308276,0.9367815,0.08607994,0.105820015,-0.543062,-0.4115976
0.9186548426193706,0.7500161,0.978552,0.9809839,0.16178411,0.1404836,0.4509433,0.49697098
0.8994189576758308,0.8599741,0.9671501,0.969834,0.24049565,0.26457196,-0.4081912,-0.35874867
0.8211187404749619,0.97528446,0.9548404,0.9587838,0.29265878,0.47918275,0.64842993,0.51329935
0.7008043392173569,0.73623246,0.92100453,0.9574279,0.13477829,0.12012337,0.041008648,0.12103032
0.8576206784827138,0.69212604,0.95769453,0.9560895,0.1928512,0.22184843,-0.13813555,-0.007680002
0.8942491449965798,0.7706716,0.97120875,0.9640707,0.13075979,0.15084638,-0.7204917,-0.679357
0.8753937095748383,0.6258817,0.95334005,0.9481676,0.152798,0.21964741,0.6040814,0.22557023
0.9534476857907432,0.777436,0.99136794,0.9900256,0.10168424,0.15461762,-0.3152432,-0.27527973
0.8742340249360996,1.4229816,0.98007625,0.9827541,0.35408372,0.48372903,-0.0151165435,0.016464394
0.9001445285781143,1.1265264,0.9911662,0.97790486,0.39175525,0.45679742,-0.790018,-0.020993253
0.846756507026028,0.6422353,0.9589801,0.95632,0.10847583,0.1879359,-0.35791963,0.28866163
0.9269154836619347,0.9385041,0.97893435,0.9704707,0.37436277,0.43624455,0.07267675,0.26245075
0.9668434833739333,0.91816753,0.99377763,0.98939264,0.19131471,0.2347104,0.6936472,-0.13390554
0.737503654014616,0.5581145,0.9478387,0.9460995,0.0843973,0.117744334,-0.44668162,-0.5108107
0.84212535250141,0.6971704,0.9923862,0.96877676,0.086257525,0.12866391,-0.23638394,-0.038367283
0.8447101628406514,0.8988752,0.96967995,0.9722419,0.18338282,0.25860408,0.9403884,0.14783
0.6796450865803463,0.76205176,0.95523745,0.9515806,0.11945313,0.12247796,-0.7732101,-0.47303334
0.8831886527546109,0.7454371,0.95702,0.95846343,0.18896635,0.2827497,-0.52268165,-0.16512333
0.8889213156852627,0.8460468,0.9401493,0.9483104,0.2786372,0.46117634,0.35230342,0.16300824
0.822562490249961,0.8595276,0.9603307,0.96810937,0.31149492,0.16612901,-0.0033741887,0.022412766
0.8510943803775216,1.0911442,0.9949102,0.97713065,0.14369375,0.14282458,0.33610895,0.46582544
0.8237158388633554,0.9355008,0.96110016,0.9653327,0.26259592,0.16800395,-0.0882475,-0.44529593
0.9315194700778804,1.0519707,0.9852791,0.9810446,0.3256021,0.21538866,0.106732056,-0.6077885
0.8565057300229201,0.8036283,0.94927484,0.96672696,0.30813715,0.15353478,0.79021615,0.19043906
0.7960843363373454,0.692567,0.9834184,0.9737731,0.06314643,0.1112069,1.0727853,0.14846374
0.8607385789543158,0.85227746,0.9614116,0.9651464,0.25741544,0.16082777,-0.24891259,-0.32582837
0.7716872787491149,0.7173257,0.95839345,0.95863223,0.17107071,0.11810848,0.4387959,0.3295231
0.538190536762147,0.68298966,0.935271,0.9517926,0.09976835,0.099420995,0.7272695,0.6069091
0.9366339865359461,0.69192797,0.97088885,0.98167753,0.13232155,0.16136813,0.6086443,-0.103946984
0.8622268729074916,0.76786864,0.9761505,0.9681603,0.20707819,0.1350006,0.216294,-0.5414607
0.8449142596570387,0.69832,0.98145616,0.9653399,0.12560561,0.15856132,-0.0021539654,-0.024941072
0.9224844899379597,0.733377,0.98996043,0.97294813,0.2614368,0.27033845,0.48715934,0.3305838
0.9524776979107916,0.88852406,0.97130793,0.98343927,0.33322838,0.20570032,0.5505567,-0.08103808
0.8941734006936027,0.88778293,0.9646281,0.9782479,0.2690834,0.23674525,-0.010200066,-0.047870785
0.8159565118260472,0.8499808,0.9440313,0.96415836,0.25914952,0.16607542,0.2878175,0.39584395
0.861620726482906,0.81888497,0.9466797,0.97334284,0.2428163,0.19565965,-0.2634948,-0.054047547
0.8866703946815787,0.6153502,0.97936547,0.968543,0.07420576,0.09098352,0.16493423,0.24375527
0.832249792999172,1.0000297,0.98973054,0.98666584,0.12232731,0.16411276,0.3753277,0.4598912
0.8142105528422113,1.1501596,0.9762505,0.9794084,0.26656047,0.33302057,-0.9361506,-0.5326751
0.8565942423769696,0.82248247,0.9689245,0.9730576,0.208788,0.12783627,-0.5091184,0.081002705
0.9370046440185761,0.7419051,0.98139745,0.98321426,0.18895486,0.12347637,0.2633143,-0.30182588
0.9159063516254063,0.72769207,0.97434247,0.9809939,0.12399638,0.10555825,-0.055054568,-0.0717875
0.9442442249768999,0.89758223,0.9884207,0.9827263,0.24571843,0.24847639,-0.13405599,0.14904712
0.9081305125220501,0.861382,0.99076444,0.9761264,0.18451299,0.36382532,0.1873709,0.207033
0.8267562670250681,0.81411237,0.9630829,0.9647121,0.13859312,0.14889643,0.625462,0.37370774
0.7364656018624074,0.81861,0.9629,0.96883816,0.13606614,0.12319796,0.358608,0.12545204
0.6067062028248112,0.5264328,0.9252909,0.9465525,0.08089219,0.089591056,0.6994278,0.32147524
0.8007178908715634,0.7494153,0.9643826,0.97542524,0.11939129,0.12162351,-0.29207563,0.07576944
0.9354142056568225,0.81656325,0.98360956,0.982831,0.27065217,0.21145356,-0.19660568,-0.16734488
0.9126789147156589,0.48791745,0.9798885,0.97026265,0.07034165,0.122431085,0.49898243,-0.16874363
0.7321444325777302,0.706914,0.97122043,0.96714497,0.115711845,0.12899216,1.1016455,0.632001
0.8777425509702038,0.6520229,0.9810264,0.9723717,0.11853236,0.1369706,0.5082722,0.23353212
0.8188419953679815,0.99941146,0.9759135,0.9597107,0.3127329,0.36063343,0.2203418,0.61330193
0.7449489637958552,0.66837436,0.9786859,0.9536231,0.101127826,0.1265184,-0.07211879,0.12215234
0.7087749630998524,0.76190335,0.96018463,0.9577716,0.13713811,0.14589994,0.23645787,-0.33191857
0.7427442189768759,0.56730765,0.9469142,0.96240276,0.059149127,0.16452481,-1.2434607,-0.7804256
0.8652261169044676,0.65697247,0.9441923,0.9645126,0.14605018,0.11495041,0.5331556,0.45810464
0.8713450853803416,0.9315679,0.9637051,0.9686547,0.3390601,0.16690876,0.44379035,0.44558486
0.9110733082932332,0.843631,0.9686127,0.9753384,0.2290318,0.19416098,-1.0565543,-0.5772811
0.7315119820479281,0.6060317,0.948106,0.95681584,0.106997065,0.10375132,0.18021773,0.54995227
0.9533501494005975,0.87307334,0.99037284,0.9736635,0.31257218,0.31799433,-0.010841014,0.4976882
0.9290247080988324,0.7633807,0.9909704,0.9842245,0.06960277,0.13260819,0.5123118,0.009552984
0.9066115944463778,0.86347884,0.9708391,0.9759952,0.24294582,0.2362141,-0.23507406,-0.4079693
0.8760168480673923,0.863446,0.9745741,0.9695551,0.18041699,0.19444455,-0.9456902,-0.08443199
0.7796031824127296,0.6499784,0.93909127,0.95567685,0.12956084,0.1449525,-0.028791144,-0.28951243
0.9363953295813183,0.7621184,0.97525173,0.9750844,0.17841753,0.18204625,0.08882642,0.1185325
0.7503975615902464,1.0083851,0.9105217,0.95493615,0.33888978,0.18894325,0.37115383,0.3407966
0.8786815307261229,0.6890643,0.9726025,0.98057944,0.09964928,0.12491718,-0.46826988,-0.37226993
0.7440448321793287,0.7456033,0.9387031,0.96248025,0.14831418,0.097418845,-0.59408766,-0.5144374
0.7878456793827175,0.81460345,0.95718044,0.96882766,0.21184334,0.14581066,0.08359907,-0.2264088
0.7852765171060684,0.8508315,0.9692267,0.96017987,0.22666945,0.1345027,-0.6758196,-0.52890986
0.812692594770379,0.95177925,0.9689522,0.9595912,0.3368615,0.20468974,0.019730425,-0.036480412
0.8004163536654146,0.84359884,0.943063,0.95843166,0.286149,0.15982474,-0.78406423,-0.53577983
0.7292385969543878,0.70881516,0.9591878,0.9645943,0.13226028,0.11803186,-0.7142049,-0.378858
0.7899299437197748,0.6287295,0.9617514,0.9514626,0.08116422,0.10399613,0.08544943,-0.24751212
0.7245335221340885,0.5788455,0.94677365,0.9545607,0.08203469,0.09267873,-0.17254528,0.18330438
0.6502397849591398,0.7418424,0.9583052,0.94814503,0.1368391,0.117282845,-0.5326455,-0.68110013
0.9183609854439416,0.73888904,0.977515,0.9756432,0.18269941,0.15199204,0.17012502,-0.13893689
0.890692330769323,0.9338415,0.9924342,0.9702206,0.1282097,0.16432266,0.8450629,0.67527556
0.7130219240876963,0.797497,0.9354549,0.95767784,0.2686144,0.21251877,-1.1113741,-0.79371995
0.8855675422701691,0.57647234,0.9737953,0.9687616,0.14306627,0.13929355,-0.18415827,0.03475998
0.8474025896103583,0.6547815,0.9350978,0.9631165,0.16213657,0.15012221,-0.58093244,-0.22900967
0.8795550382201527,0.73020256,0.9755169,0.9722513,0.24513528,0.09200981,0.22896925,0.3107734
0.59449600998404,0.6319205,0.8948963,0.9464006,0.13223779,0.0954398,-0.6683225,-0.5894896
0.8439337117348469,0.77635384,0.95611596,0.96559954,0.19787763,0.18567103,-0.887053,-0.7230825
0.7579708398833596,0.71605676,0.93477553,0.9566141,0.19429924,0.12000281,-1.1098037,-0.6262102
0.9598316153264612,0.6934594,0.9890242,0.98515075,0.09238374,0.14256553,0.95752394,0.35579506
0.9195770223080891,0.987034,0.9500931,0.9626498,0.37638697,0.46600476,-0.23014536,0.19420843
0.8849583238332953,0.83588654,0.9453922,0.96533316,0.30286446,0.17378603,-0.16795531,-0.26362702
0.7872143808575234,0.67695063,0.9606656,0.9577676,0.18937801,0.09113452,0.7545389,0.59191656
0.821563702254809,0.8771006,0.9882685,0.96543515,0.196991,0.18950649,-0.047441635,0.038709898
0.8317632630530521,0.698645,0.97571,0.9616837,0.08266182,0.13266043,0.62648624,0.20711708
0.7085100020400081,1.2121676,0.9875171,0.9910416,0.23974256,0.16813916,-0.6573676,-0.7269241
0.8694721178884715,0.7740987,0.974622,0.97581947,0.13478658,0.2527832,-0.90523344,-0.3831149
0.8313991335965343,1.0976723,0.9590202,0.958756,0.2637927,0.733876,-1.1398118,-0.47253343
0.8939351277405109,0.7925063,0.9765041,0.9636993,0.2528414,0.31077078,-1.0122036,-0.14713416
0.5521629126516506,0.6232233,0.91777337,0.94945574,0.11745895,0.08350602,0.521538,0.33686477
0.6246086424345697,0.58562076,0.92919004,0.95961416,0.056876164,0.09633103,0.85365236,0.6011071
0.9479749666512661,0.70855135,0.99043614,0.9853562,0.17090309,0.18525422,-0.032594737,-0.37100658
0.8790114840459362,0.6967136,0.95051575,0.96850276,0.12086247,0.14727256,-0.47267953,-0.027389504
0.936126048504194,0.7165381,0.99047476,0.97460306,0.1861073,0.17438613,0.26744226,0.12281411
0.8872394849579398,0.6496728,0.98169273,0.97140986,0.09308095,0.15481244,-0.44133502,-0.33150533
0.7949710198840795,0.8332582,0.9492259,0.9653836,0.132609,0.16530506,-0.74684113,-0.7867414
0.8510934203736814,0.92517376,0.93514377,0.9599561,0.33966452,0.1445027,-0.111187406,-0.33987075
0.7415229980919923,1.0023624,0.95997405,0.96045536,0.28714645,0.12597807,-0.058872256,0.045200966
0.8525912183648734,0.8844415,0.95019126,0.96268815,0.29472288,0.30646366,0.20396443,0.10701601
0.8050375241500964,1.1274034,0.931025,0.9534483,0.5780122,0.21363978,-0.83614177,-0.15128465
0.8850366601466406,0.8861003,0.98086065,0.95604473,0.29608694,0.61573815,-0.25643125,-0.31857833
0.9339520942232272,0.8400398,0.99259865,0.9862194,0.074897304,0.14045432,-0.44623107,-0.55823916
0.8086721946887787,0.82216173,0.97355074,0.9619522,0.2258799,0.13096549,-0.010579492,0.39956534
0.866440809763239,1.137803,0.96333575,0.95954925,0.37491888,0.36717317,-0.0046770577,0.50134426
0.690626858507434,0.732429,0.95081836,0.9594875,0.07708637,0.11667315,0.5401554,0.15157372
0.8401488965955864,0.88580024,0.9561937,0.9563937,0.36134696,0.24466027,-0.3235183,0.0904505
0.8592705410821643,1.095434,0.9562938,0.9564773,0.40971446,0.3477663,0.26680312,-0.8405751
0.6601789927159708,0.70616215,0.9345613,0.95639473,0.14625439,0.12144898,-0.055775236,0.08514541
0.7241716006864027,0.6465435,0.92986065,0.9587359,0.1251386,0.1065237,-0.40895852,-0.40791574
0.6771351565406262,0.6220772,0.93601596,0.9624768,0.11525359,0.117151774,0.009813699,-0.18404192
0.8682212328849315,0.9108265,0.95482135,0.97029644,0.28520685,0.24667093,0.3218571,0.30600518
0.8543128892515569,0.94150424,0.95118296,0.97007847,0.25341302,0.30264547,0.36866084,0.36879513
0.9328430273721093,0.9264599,0.99214023,0.98824185,0.18854484,0.24378374,0.34381613,0.17924193
0.7772764211056844,0.7192373,0.9460904,0.96009606,0.15039766,0.16121376,-0.4779813,-0.3728524
0.5734010776043104,0.6616686,0.9180887,0.9495379,0.11133494,0.076022014,-0.38826072,-0.26693568
0.9387464749858999,0.847042,0.9756397,0.9801889,0.25976035,0.19426861,0.13425943,0.16634764
0.7857763911055643,0.7984294,0.950048,0.9512105,0.1632512,0.093541585,-0.36609292,-0.31746486
0.6868639314557258,0.7406382,0.9721541,0.9642818,0.11191627,0.12467078,0.24188492,0.7157039
0.8343391453565813,0.814389,0.9857903,0.9706648,0.1026675,0.1634177,-0.45326596,-0.7765435
0.8049804039216157,0.6800482,0.9403833,0.9548244,0.19728775,0.14304422,-0.27545467,-0.08194278
0.8346536426145704,0.5946214,0.97727627,0.9532895,0.087480746,0.11064707,0.8167768,0.52450484
0.9182358009432037,0.90489453,0.9933526,0.97761965,0.18651724,0.3393848,0.025704525,-0.23982438
0.6388077712310848,0.6421896,0.925188,0.94551444,0.1114994,0.088324055,-0.7926332,-0.91449004
0.8872899811599245,0.7008338,0.94367635,0.9530411,0.26629257,0.26468176,-0.24117562,-0.22709247
0.8306472585890343,0.51708955,0.98776585,0.96147597,0.080394834,0.08692576,0.14088121,0.042466767
0.9464777699110797,0.6028973,0.9822158,0.9818754,0.05771101,0.12709545,0.57375425,0.45116538
0.6153848295393182,0.8686244,0.9404613,0.96514153,0.17685188,0.14789003,-1.0769508,-0.99784094
0.8358102552410209,1.1608977,0.97822917,0.96726483,0.4837997,0.24232595,0.22157265,0.018613094
0.903823359293437,0.84229803,0.976028,0.97498673,0.21932487,0.2109994,-0.42813888,0.09877488
0.8447965631862527,0.82093984,0.96922153,0.9713564,0.17865936,0.17049186,-0.48334396,-0.24647865
0.7485951543806174,0.6260219,0.9647505,0.9642742,0.07191099,0.100647606,0.436548,0.5305912
0.8991605246420985,0.96971816,0.9849325,0.97653496,0.2393179,0.23341548,-0.23881935,-0.054055873
0.6922739370957484,0.64144886,0.9633398,0.9426826,0.12362397,0.15829235,0.076275624,0.19665708
0.851379213516854,0.7697494,0.9703151,0.9598971,0.14660728,0.24247442,-1.3531139,-0.48686624
0.8003298573194293,0.81085485,0.95172215,0.94711,0.2346183,0.22563136,-0.6506859,-0.36926314
0.865938919755679,0.81946397,0.9807442,0.9766774,0.16146374,0.18654707,0.4683694,0.39477032
0.7670607322429289,0.5612406,0.94240946,0.9373416,0.10720525,0.09928121,-0.48953706,-0.17584345
0.8604829299317197,0.81958556,0.9923616,0.96511644,0.1676943,0.29768667,-0.4168462,-0.9450173
0.6871140124560497,0.8463787,0.9027064,0.9433336,0.20125836,0.114122964,0.16528136,0.06108885
0.5857073668294672,0.5644518,0.95319855,0.94338924,0.05275008,0.101654276,-0.4374136,-0.5724075
0.8717782391129565,0.78350437,0.9862433,0.9694539,0.15343107,0.2115254,0.64781797,0.591442
0.8843084012336048,1.0006654,0.97893435,0.9730633,0.37436277,0.3571416,0.07267675,0.20121902
0.8447385789543158,0.6629692,0.96071094,0.94914603,0.16292277,0.20195848,0.36225063,0.15246528
0.9366344665378661,0.8009221,0.98609775,0.98588425,0.12548266,0.10094867,-0.17619695,0.13965066
0.837565814263257,0.6427203,0.97518766,0.9674781,0.09800358,0.1497512,-0.38932827,0.01670563
0.6876736946947788,0.7340347,0.95736176,0.9619744,0.10667886,0.13527364,-0.89650166,-0.70898366
0.8623886335545342,0.65678024,0.9673948,0.9625068,0.0878299,0.18631014,-0.03447551,0.25450346
0.9650413641654565,0.86470884,0.977303,0.9776771,0.24038331,0.4908699,-0.7491925,-0.019301228
0.8196369745478982,0.6923621,0.94553894,0.96343136,0.10804965,0.09089305,0.03338225,0.014415498
0.8835458701834807,0.803425,0.9441643,0.93927324,0.3944912,0.4936833,-0.07140615,-0.09908266
0.8972020208080831,0.92223984,0.9819876,0.97699434,0.25324807,0.20610604,-0.046672076,-0.20400177
0.8333562934251736,0.71045,0.92466545,0.9611158,0.18918827,0.15779221,-0.5657519,-0.39946365
0.8808867555470222,0.89317244,0.96056634,0.9688543,0.22308184,0.24202615,-0.21962984,0.2655334
0.892066768267073,0.8448024,0.99293536,0.97670907,0.15745361,0.16723382,0.7605153,-0.3066558
0.8683641774567098,0.77115285,0.9923863,0.98711723,0.11293722,0.094459556,-0.30554077,-0.21039183
0.8967316189264757,0.8564583,0.9687326,0.9660098,0.22662683,0.23544057,0.123757884,0.04873955
0.9448432673730695,0.8956549,0.9939387,0.979465,0.1563966,0.30517668,-1.1402117,-0.44830024
0.897186564746259,0.706622,0.984461,0.9813752,0.106855065,0.1240709,-0.37750214,0.09016722
0.7103738494953978,0.6182339,0.92259896,0.960293,0.076959915,0.11647798,0.06788899,0.16010095
0.6644271057084228,0.6698144,0.9328313,0.94662064,0.11912231,0.11791601,0.21110713,0.2386525
0.8452745490981964,0.8699232,0.9654824,0.970028,0.19959985,0.17029117,-0.32216236,-0.4472779
0.8608296833187332,0.73672783,0.9516223,0.9706134,0.18327127,0.17291304,0.057736766,-0.17313206
0.9086200184800739,1.0594689,0.9909255,0.97113466,0.3507579,0.63955826,0.70827186,-0.013153969
0.84813507254029,0.80109364,0.9754689,0.965029,0.17169009,0.2530561,0.14197955,0.2747273
0.9406385465541862,0.8666948,0.9948318,0.97308165,0.2817744,0.2833376,0.83627874,0.04360007
0.9263496573986295,0.9198344,0.9945364,0.9850285,0.18797258,0.12608346,0.63476425,-0.61009973
0.591807231228925,0.59511644,0.9046579,0.94229627,0.076672494,0.14946859,-0.29389068,-0.08232076
0.9102156408625632,0.84856105,0.9897352,0.97533494,0.24244247,0.27192715,-0.6619544,0.098951645
0.8809981159924639,1.0832891,0.9444088,0.9583033,0.6219395,0.46393162,0.29653996,0.6396136
0.8961516806067222,0.93025833,0.9877351,0.9844143,0.12294381,0.20497508,-0.8878225,-0.45293558
0.7633795975183901,0.5782032,0.9600688,0.9557824,0.07258074,0.11874469,0.13550735,0.018826699
0.8700206640826562,0.8003781,0.98118544,0.96682024,0.16521864,0.20666105,-0.24360694,-0.38048732
0.6879297277189109,0.6713844,0.9604279,0.94973516,0.1097008,0.13766435,0.2790606,0.44568092
0.8007930591722366,0.8350734,0.9845656,0.95451015,0.2152754,0.14007287,0.5150161,-0.014603782
0.9186132744530978,1.0894923,0.9797784,0.96950406,0.51623195,0.26916057,-0.42398092,0.56517386
0.788311569246277,0.63518727,0.9749971,0.9559555,0.08749869,0.13316512,-0.015106378,-0.16104816
0.8915563342253369,1.0069709,0.97250247,0.97707146,0.17896292,0.34032607,-0.132502,-0.18993086
0.8229629078516313,0.7878839,0.95146513,0.9630975,0.20090057,0.20293435,0.35786295,0.1865655
0.8195163020652083,0.55153376,0.93930095,0.94569945,0.08328088,0.16246432,-0.44524023,-0.25347584
0.835747950991804,0.75880444,0.9511013,0.9505877,0.20627825,0.17674051,-0.3298206,-0.4029999
0.8128298753195011,0.8118821,0.96573937,0.95948815,0.17065166,0.14548695,-0.64509416,-0.30539358
0.9402705770823083,0.94651884,0.9853404,0.97179025,0.328457,0.45181906,0.14783649,-0.009764077
0.8979123276493107,0.98230714,0.97616225,0.96755457,0.28773975,0.32999808,0.46950105,-0.06299137
0.8594822219288877,0.81837344,0.944992,0.96048975,0.18789008,0.10741603,0.7912811,0.5152284
0.7694943419773679,0.64298165,0.91858023,0.9382248,0.11340458,0.07537314,-0.20373559,-0.45599374
0.8271971967887872,0.8509818,0.94032276,0.9673155,0.16234021,0.16305387,0.62527746,0.4544398
0.9093311893247572,1.1786411,0.9947327,0.97313863,0.14441012,0.15987757,0.8403865,0.7456488
0.7712426049704199,0.8742083,0.95219797,0.96929073,0.13029246,0.13285056,-0.66048723,-0.24429308
0.811814671258685,0.66546965,0.97713125,0.96913165,0.051440645,0.114798896,0.4125985,0.3052693
0.8556722546890186,0.7473652,0.96007204,0.96458656,0.18288678,0.13434245,0.06691048,0.05788849
0.9261177204708818,1.0727471,0.97377235,0.9638546,0.3274842,0.6155421,0.10836965,0.08999262
0.9258509354037415,0.70030546,0.9758735,0.97770095,0.11320526,0.12448074,-0.03892008,-0.2266089
0.6084494737978952,0.5585947,0.9305132,0.94068784,0.07741338,0.07379986,-0.21886499,-0.18475688
0.9366238104952419,0.97298986,0.98191166,0.9727568,0.3228856,0.6271422,-0.9511221,-0.64762443
0.7840892803571214,0.61147237,0.9509352,0.961653,0.0943704,0.11680239,0.28157365,0.2031396
0.43470596282385127,0.5694605,0.9440555,0.93370867,0.052581586,0.104085244,0.6588002,0.6354546
0.7832995811983248,1.1134759,0.9739453,0.97390634,0.312984,0.2098565,0.65836906,0.3749786
0.5793315973263893,0.8766947,0.9250338,0.94804615,0.27481568,0.13030083,-0.62424475,-0.3651263
0.8294524378097512,0.7594719,0.9911085,0.9791347,0.13654217,0.10085512,-0.14182392,0.26286522
0.7447068508274033,0.92435515,0.9266739,0.9490845,0.296946,0.10405846,0.07408263,-0.07731338
0.7116713906855627,0.7946289,0.9674957,0.9451357,0.16567212,0.28806496,0.23473562,0.35558426
0.7310443641774567,0.6507776,0.9552207,0.9491542,0.14597419,0.10399874,-0.43138012,-0.72593045
0.8458081192324769,0.708947,0.98027176,0.96202475,0.09665476,0.32728353,-0.22492541,-0.47294414
0.902934779739119,0.80866265,0.9626447,0.9709865,0.20355089,0.19525085,0.64619553,0.009186922
0.8987312109248435,0.76468414,0.96390057,0.9663246,0.10631932,0.19596061,-0.06279262,-0.19938405
0.8176318145272581,0.7544699,0.95208204,0.96753025,0.15013865,0.15031278,-0.4590763,-0.45045632
0.9546826347305389,0.73645097,0.9727628,0.9849893,0.15488371,0.15475824,0.07877019,-0.22758037
0.933434101736407,0.68433297,0.9837847,0.9794364,0.10493105,0.19141005,1.0811164,0.69556975
0.8752627650510603,1.0512079,0.9693575,0.9577531,0.3998992,0.50232023,0.38002035,0.3296858
0.9116639986559945,0.90658283,0.98686063,0.98288435,0.112754345,0.17653054,0.3364995,0.18689235
0.7919276157104628,1.1412655,0.97355586,0.96443915,0.5458677,0.16734596,-0.5471137,0.3554929
0.8864005376021503,0.89350724,0.9886958,0.9722064,0.22964884,0.19559184,-0.3675143,-0.21427362
0.7019652718610875,0.8058993,0.96960866,0.9633306,0.18881238,0.12761337,0.76825917,0.86516005
0.8744872739490958,0.6827227,0.9785949,0.96343184,0.14773929,0.1690997,0.5996548,0.60901743
0.8946356425425702,10.363518,0.9843162,0.9787461,0.3193856,10.08376,-0.0492246,0.027347943
0.8090993003972015,0.7385447,0.9662764,0.9656274,0.17397226,0.15679465,-0.6071952,-0.9543904
0.9327344509378037,0.8566009,0.98494214,0.98156327,0.13444592,0.24011235,-0.038262375,0.21320002
0.9237902871611485,0.71516967,0.9657793,0.9702099,0.13190845,0.15207401,-0.07753068,-0.15770163
0.9001971367885471,0.78275955,0.973358,0.9671822,0.2008011,0.18434559,0.6595426,-0.36466512
0.639003036012144,0.4379801,0.91504836,0.92000115,0.061135285,0.10723604,-0.49439642,-0.40268606
0.8647836511346045,0.77257967,0.98058933,0.9774633,0.12314916,0.15943211,0.2609152,-0.2407902
0.8450258121032485,0.6193147,0.96357226,0.96115446,0.119309396,0.11992531,0.38038436,-0.11307305
0.8678704474817898,1.0528572,0.99126023,0.98793066,0.16415882,0.21650833,0.3967217,-0.11629815
0.7367767391069564,0.77328914,0.96482646,0.95534986,0.18389653,0.13224731,-0.7442866,-0.21461381
0.9107651470605883,0.64356136,0.97925407,0.97451895,0.12557143,0.18330187,-0.027542962,0.32972297
0.9043182412729651,0.6437069,0.98654646,0.97613996,0.08278185,0.11029952,1.0270807,0.119757
0.8660725522902091,0.8148852,0.9407287,0.9564763,0.27868214,0.2518526,1.1630675,0.6514454
0.853438037752151,0.79643613,0.9665894,0.95230436,0.1857397,0.3217452,0.6128184,0.32124868
0.6957019188076752,0.8337539,0.944025,0.9621996,0.16409019,0.12203037,-0.46171215,-0.5954927
0.9395562382249529,0.9969515,0.98636407,0.9874131,0.15748632,0.13235201,0.08245766,0.088503286
0.8735337021348084,1.0092041,0.9768274,0.96088004,0.22370622,0.41947314,-0.46930337,0.48015213
0.7378638474553897,0.6816246,0.9553721,0.930086,0.10817167,0.17570278,-0.32557562,-0.014097093
0.8059947439789759,0.8719797,0.9569092,0.9500867,0.21990462,0.23577683,0.72167885,0.3051215
0.8383882495529982,0.70146626,0.93906957,0.95065886,0.15228625,0.20751515,0.43521792,0.04446544
0.7683380173520693,0.6493573,0.94127923,0.952872,0.11160526,0.14312455,0.04403655,0.41768184
0.673817671270685,0.71531945,0.9610092,0.94383013,0.11531959,0.09457627,-0.019002043,0.0027242114
0.7757497269989079,0.60469234,0.95093334,0.94814664,0.13960657,0.12504503,-0.32834038,-0.3791607
0.9076927507710031,0.70768434,0.9827376,0.96009487,0.11004446,0.27954388,-0.024727132,-0.35142514
0.5466397225588903,0.8179971,0.9031271,0.9257824,0.19797006,0.1392458,0.15536669,0.2241374
0.7280934083736335,0.7835722,0.9651142,0.942574,0.15413883,0.16412877,0.13077636,0.16024692
0.9320800163200653,1.034816,0.9803516,0.98225564,0.39463207,0.25276825,0.2955261,0.19126807
0.8114405577622309,0.6657358,0.9221286,0.95167625,0.14519766,0.12593624,-0.25324968,-0.32329395
0.6856510626042503,0.74653935,0.9450519,0.9463429,0.1594296,0.14925899,0.0015912212,-0.0024163495
0.7637080148320592,0.70342433,0.9709374,0.95753294,0.11504601,0.15137959,0.9258265,0.6445137
0.9059841359365437,1.2352169,0.96878827,0.9805824,0.6381275,0.3835377,-0.15174286,-0.023682708
0.8137460069840279,0.8005567,0.9892117,0.9698653,0.12333533,0.14492628,-0.6127777,-0.6496956
0.5219461197844791,0.6475823,0.9177109,0.9334439,0.11295666,0.099808216,-0.11625639,-0.06149409
0.8306717386869547,0.9085695,0.9371238,0.9418303,0.5173068,0.46314532,-0.13616084,-0.2304936
0.9318987675950702,1.3411621,0.99356496,0.9759974,0.31355676,0.25837833,-0.18089303,0.27344304
0.8119319837279347,0.94771826,0.96956295,0.9536889,0.34716654,0.3884869,0.3623367,0.06451871
0.9122568970275882,0.9526811,0.9524478,0.9545778,0.4575327,0.43880215,-0.55103,-0.38525423
0.8938136872547491,0.734118,0.9714246,0.9684026,0.18703918,0.22370657,-0.34351218,-0.19475248
0.8680602402409608,0.72674376,0.9736805,0.9659027,0.14910078,0.23446953,0.504531,0.47479308
0.9478361753447012,0.7149586,0.9790593,0.9799112,0.1460779,0.13951892,-0.13427746,-0.25318113
0.8944783939135756,1.1046112,0.94694984,0.9636408,0.5116144,0.33313647,0.03419179,0.23142931
0.5870115320461282,0.5429219,0.91908926,0.9355252,0.07890613,0.094842166,-0.22818579,0.14272018
0.9270535322141288,0.9213457,0.9797589,0.9864781,0.3022422,0.24004264,-0.63438433,-0.47905013
0.9288966435865742,0.7321824,0.9844129,0.9682605,0.1849941,0.3196108,-0.49042937,-0.2175676
0.8403007692030767,1.1048117,0.9910504,0.9893227,0.2163498,0.30340704,-0.9710921,-0.44729105
0.6012705650822603,0.5791264,0.923836,0.9276792,0.09158898,0.09630297,-0.5897504,-0.49349594
0.8305964743858976,1.0796334,0.9713883,0.96846116,0.22284654,0.24808963,0.38781318,0.2464099
0.8444055536222146,0.76991427,0.95146996,0.95078176,0.19194597,0.12669186,0.09968627,0.09844175
0.8665417061668246,0.8687976,0.9409636,0.95927376,0.31041166,0.20696439,0.038839675,0.02963799
0.909996567986272,1.0030409,0.99162376,0.9758242,0.25221434,0.33695114,-0.043076035,-0.15988368
0.9447009948039791,0.852461,0.9817487,0.97450763,0.23407759,0.42341983,-0.38656026,0.059934054
0.8809894759579039,0.6149647,0.97229147,0.9647701,0.08566447,0.11833245,0.3499358,0.025729634
0.6985527462109848,0.7660168,0.9764736,0.9673574,0.10803574,0.1538231,0.26182932,0.4629033
0.8233237732950932,1.0096056,0.97719216,0.9773269,0.2964378,0.18540889,0.2695002,0.08322679
0.458252841011364,0.76529264,0.90755934,0.9267062,0.16016753,0.19848047,0.62568945,0.5540847
0.619380461521846,0.7964382,0.95523196,0.9521527,0.088140346,0.14428864,-0.04091038,-0.05699009
0.9170280201120805,1.0317656,0.9649815,0.96728957,0.4023322,0.34030733,-0.7230553,-0.053054865
0.8233757095028379,0.72624695,0.973047,0.93911856,0.16857551,0.30440372,-1.6974168,-0.53125066
0.9263012732050928,0.9589969,0.986501,0.96938956,0.16536579,0.42087275,-0.87610424,-0.35161898
0.9379404557618229,0.7746736,0.9854595,0.9784207,0.13315648,0.15660974,-0.06737369,0.072875105
0.8896114624458497,0.7002034,0.9923944,0.9693298,0.107914954,0.18171155,1.0577756,0.36585438
0.8988539954159817,0.67959785,0.9862433,0.9702381,0.15343107,0.30939636,0.64781797,0.40203565
0.9112187488749954,0.95093465,0.9795948,0.98268193,0.096837394,0.25625843,-0.66429126,-0.37497744
0.926683354733419,0.7010439,0.9671273,0.9749533,0.15981811,0.21464373,0.076422095,0.11888503
0.9258277993111973,0.8699775,0.9918902,0.98730415,0.23088555,0.14718094,0.051895645,0.01192229
0.6192107328429313,0.5659646,0.9389824,0.94417524,0.0380325,0.11181272,-0.6412501,-0.3253622
0.8058597674390697,0.56744266,0.96293545,0.95339704,0.09207105,0.16429335,0.24514079,0.5025132
0.7712927171708687,0.76466644,0.9580868,0.9692026,0.16886993,0.17046607,0.91270155,0.4084876
0.8582367129468518,0.92764056,0.9828854,0.96935505,0.37878647,0.26903388,0.28079382,-0.11942693
0.8476091824367298,0.74930465,0.9627408,0.9330932,0.21085012,0.50697017,0.16470502,-0.07920518
0.7358588794355176,1.0499909,0.9555043,0.94276935,0.19526286,0.14489695,-0.5830318,-0.0906449
0.8908009072036288,0.85241884,0.9822877,0.97021645,0.209651,0.18778968,-0.6248625,-0.623934
0.7949778359113435,0.8293294,0.98104393,0.9595303,0.09558253,0.27451208,0.63854164,0.017190091
0.835756591026364,0.8127234,0.95602584,0.9549118,0.19641887,0.29361942,-0.22795087,-0.51759
0.8322030408121632,0.7551629,0.9543141,0.9434949,0.23905726,0.21025594,-0.38837466,-0.28188244
0.9132871731486925,1.081738,0.99208975,0.97213435,0.2681321,0.3931567,-0.26144892,0.2567091
0.8851364045456183,0.62382674,0.9763343,0.968886,0.123564206,0.14089946,0.26801234,0.36606306
0.7437989751959008,0.53682214,0.96840155,0.9318976,0.07787072,0.11347457,0.053543925,-0.14976461
0.927497725990904,0.6778522,0.9680313,0.9746147,0.14931044,0.20053849,-0.0030673007,-0.08208176
0.9213323893295574,0.8666657,0.9545743,0.9616277,0.21193357,0.37647814,0.3082998,-0.04172049
0.8337092868371473,0.6133598,0.9698822,0.96926165,0.1423419,0.16385143,0.5152134,0.40430152
0.6484578258313032,0.5838976,0.97706646,0.94660085,0.05356698,0.0871218,0.6312281,0.2335727
0.8100213840855363,0.781034,0.96695495,0.9439622,0.13255344,0.23094751,-0.7776858,-0.010979085
0.9467963699085927,1.050737,0.9939572,0.98522073,0.25208113,0.26897034,0.18793166,0.12344113
0.47183593534374135,0.69990206,0.9316377,0.921319,0.11274983,0.12863706,-0.09669806,-0.26461384
0.9162888171552686,0.912268,0.97387755,0.9731522,0.23268959,0.34605005,-0.5143944,-0.16348234
0.7057395269581077,0.65168333,0.9529252,0.9361313,0.10645053,0.17490268,0.044150393,0.081900485
0.826942315769263,0.5907513,0.94854283,0.9410687,0.07762609,0.20379609,-0.9404238,-0.76160675
0.8283517934071736,0.8354131,0.9304644,0.9627318,0.18615705,0.11597861,-0.7908171,-0.5025911
0.8365033780135119,0.77538484,0.9774473,0.95705175,0.15502417,0.120073296,-0.81330395,-0.24664985
0.9091212364849459,0.8188317,0.9708748,0.9823936,0.20747575,0.15773241,-0.34348738,-0.036603022
0.8800442561770248,1.1865138,0.98802495,0.9711191,0.28132096,0.47971168,-0.3254962,-0.42362258
0.8884030096120383,0.74005497,0.9814842,0.95433456,0.18769656,0.32301393,-0.14946295,-0.15794349
0.735505022020088,0.60523033,0.96408087,0.9496691,0.049944833,0.1522183,0.021180883,-0.052249424
0.9108260113040451,1.0584985,0.97893435,0.97252715,0.37436277,0.3138667,0.07267675,0.23614772
0.7171026124104495,0.5496825,0.9915467,0.94030637,0.066826716,0.124811485,0.71229285,-0.096649006
0.9252862611450445,0.6362929,0.9813878,0.962426,0.14015797,0.2153784,0.5678795,0.17188288
0.8994045576182306,0.92070353,0.985917,0.9687424,0.2425531,0.32370815,0.47219658,0.28186703
0.7651596366385465,0.67862487,0.9476993,0.9486185,0.15125535,0.13932048,-0.055482984,-0.3332157
0.7175009180036719,0.7950209,0.9250266,0.94720405,0.17970906,0.12497239,-0.10633246,-0.07830791
0.9453979575918304,1.0060731,0.98202676,0.97827166,0.2732502,0.24641727,0.0030557215,0.27765805
0.8882177288709155,0.74485177,0.9787928,0.96906054,0.16203144,0.14660752,-0.074629426,-0.5054927
0.8916754707018828,2.137586,0.99364984,0.98965627,0.17001277,0.34211707,-0.720718,-0.56307924
0.8904545378181512,0.87273574,0.98653674,0.97506917,0.107096754,0.22645545,0.059351075,0.30010906
0.9507329869319476,0.68352425,0.9733628,0.9797352,0.14807704,0.16673933,-1.1953769,-0.025933592
0.8846893307573231,0.6977452,0.96225953,0.97622806,0.115215704,0.16547132,-0.18634081,0.16558275
0.9053455413821654,0.6498144,0.9676389,0.9745291,0.12695166,0.14710389,0.008112578,-0.25506434
0.8911660926643706,1.0553336,0.9687983,0.96149427,0.28385517,0.27298903,-0.58635366,-0.5284886
0.8712697250789002,0.9925879,0.95024943,0.9708205,0.36327887,0.22744554,-0.26010484,-0.057927825
0.6560976323905295,0.54421425,0.9219131,0.9343916,0.09479487,0.076230645,-0.17800438,-0.052446302
0.8880940803763216,1.3560814,0.9532725,0.9628956,0.769103,0.56700337,0.5699849,0.061412577
0.5942498649994599,0.79117537,0.95011854,0.9580236,0.12174542,0.13669395,0.58309066,0.32171643
0.9018678314713258,0.73766345,0.9644933,0.95868444,0.15792993,0.24553655,-0.19183555,-0.086036794
0.7622871131484525,0.7139533,0.97312534,0.9719761,0.12917718,0.14828278,-0.7132981,-0.6067881
0.9409994119976479,0.9112493,0.96962595,0.9744882,0.36800957,0.29708424,0.20510478,-0.021519989
0.7334302617210469,0.7509499,0.94740987,0.9521546,0.19500759,0.18712696,-0.37683135,-0.5114539
0.805191316765267,1.1057558,0.9174875,0.9460644,0.63350433,0.33118048,0.47908515,-0.019646617
0.8660745682982731,0.8475463,0.9665804,0.9738968,0.17246696,0.17584942,0.6974337,0.40497044
0.7863633374533499,0.9289034,0.97771776,0.9314761,0.289219,0.28528175,-0.1131924,-0.34125298
0.9059395917583669,0.9827518,0.98485625,0.9724226,0.3504686,0.37722036,-0.7188879,0.026526801
0.9194862280125817,0.83703446,0.9587604,0.9812949,0.22276558,0.20648503,-0.40845394,-0.28305683
0.8757172308689234,0.6515516,0.98257625,0.9668132,0.11203389,0.18106459,-0.18133573,0.33494824
0.8540811443245772,0.7904966,0.99424964,0.965158,0.2747251,0.2240019,-0.048691805,-0.5482897
0.7529697958791834,0.8369779,0.9078725,0.93647194,0.37922943,0.19958094,0.115865394,-0.022208354
0.8760720482881931,0.86424184,0.95499915,0.96134853,0.34984857,0.3727034,-0.1872482,-0.15266566
0.9026058824235297,0.6259475,0.9754097,0.9621054,0.11407669,0.1973975,0.30092016,-0.2904817
0.7752364129456517,0.7157958,0.94068015,0.9526962,0.21263152,0.15537322,0.25307003,0.3495062
0.9540351121404487,0.89296734,0.9935145,0.9897473,0.15119374,0.1582309,-0.012959455,0.1797141
0.7943530654122615,0.5237822,0.9589364,0.9523454,0.07486883,0.10824459,0.92498404,0.7161498
0.6455757023028091,0.9299988,0.9298332,0.9508816,0.32651874,0.13536726,-0.5201011,-0.29838786
0.8580225360901443,0.84790397,0.95197654,0.9700331,0.21537453,0.23068132,-0.12259302,0.019977761
0.867571694286777,0.6077269,0.9473237,0.95264786,0.16428438,0.1719284,-0.3732825,-0.37588105
0.9377842631370524,0.8331428,0.9949413,0.98797,0.19059779,0.20510356,-0.49037957,-0.11811047
0.9248590594362377,0.7805662,0.9922621,0.98473436,0.14175689,0.19075163,0.8640647,0.40490255
0.9272850851403407,0.7095022,0.9843033,0.98209035,0.10564243,0.13530126,-0.514545,-0.14450568
0.7845339541358164,0.7272491,0.96383816,0.9505359,0.14188933,0.13609865,-0.53880525,-0.35902536
0.7061827607310429,0.6855892,0.95880586,0.93816113,0.1500192,0.1643398,-0.2747147,0.18984024
0.8169201636806547,0.850456,0.9651793,0.9690683,0.18211333,0.19006453,-0.43603387,0.12728047
0.9303672734690936,0.8706087,0.97042084,0.9767707,0.20660703,0.25280958,-0.16545738,-0.19005768
0.8945150660602642,0.66435057,0.9642671,0.95490146,0.16066314,0.23270927,-0.5244511,-0.4376105
0.8718877755511022,0.58001786,0.97193265,0.9639406,0.093214706,0.12176598,0.24648099,-0.07970523
0.8774917019668077,0.6567129,0.9356421,0.96812534,0.09967254,0.14912626,0.67092156,0.45668027
0.9068483313933254,0.9527064,0.9700667,0.97823066,0.32417366,0.23220743,-0.14049098,-0.03761249
0.9271707486829948,0.83705664,0.9779444,0.9809809,0.18428865,0.2709375,0.4714979,0.02467835
0.9231596606386425,1.3260533,0.99098444,0.9740838,0.46793544,0.28238648,0.04205301,-0.16546182
0.8353010692042767,0.6556323,0.9639075,0.96347255,0.08963729,0.17274961,0.7529963,0.31785053
0.8058225192900771,1.2055205,0.9874104,0.98704594,0.23993626,0.28846186,0.8007257,0.38740176
0.7836639986559947,0.5380537,0.9649902,0.95498186,0.081885345,0.13219734,0.066935204,-0.1198511
0.9556502226008903,1.0667589,0.98636574,0.9820705,0.28870666,0.35454428,-0.51049423,-0.016264815
0.6824869063273112,0.6557013,0.9444683,0.9443365,0.13141079,0.10122162,-1.1011325,-0.71699584
0.8011847407389628,0.80745286,0.9744078,0.94291717,0.3247829,0.33297178,0.6028201,-0.3088126
0.9638020952083808,1.0156243,0.9931988,0.9880743,0.2669705,0.2480628,0.7814705,0.37093002
0.7588241872967492,0.9791542,0.979486,0.97077227,0.1928518,0.3339786,-0.67930883,-0.3680376
0.8444257137028547,0.6373171,0.9663524,0.9663039,0.13057424,0.12545654,0.35019577,-0.0229661
0.8022658970635883,0.96627235,0.9633713,0.9710278,0.33043328,0.19475871,-0.6018258,-0.20196229
0.9481020004080015,1.2868268,0.98972625,0.97958744,0.36725584,0.6181304,0.49792057,-0.0055522574
0.8179032076128304,1.0305501,0.92812735,0.9658515,0.3988297,0.3856605,1.1262704,0.40122083
0.8997087828351313,0.645799,0.980281,0.9701518,0.1033651,0.13673511,-0.32407886,0.15526545
0.8525803703214813,1.2279757,0.9914982,0.9857363,0.11748594,0.31159687,0.25675055,0.38171077
0.8256102144408577,1.114093,0.9742218,0.9610214,0.38755783,0.33549538,0.2700603,0.730833
0.7080706082824331,0.6269664,0.9381207,0.9337733,0.086882554,0.107465334,0.45032182,0.32281375
0.8949540758163033,0.75705516,0.97451264,0.96922785,0.11324084,0.1529129,-0.5688434,-0.20190321
0.6887341149364598,0.6099436,0.9162852,0.947887,0.0743836,0.12357798,0.88764584,0.6370122
0.6858802155208621,0.93830574,0.9746077,0.94080186,0.26555923,0.2476053,-0.0748089,0.13663706
0.772126768507074,0.6088364,0.9287041,0.94804215,0.13427918,0.1490272,-0.7900446,-0.50683236
0.7833813735254941,0.8718221,0.9771569,0.960256,0.14338578,0.1504249,0.25694662,-0.36243224
0.874692906771627,1.0523273,0.98143685,0.97000223,0.28367606,0.25017354,-0.26677305,0.2160776
0.8609191556766227,0.820402,0.9762523,0.9684669,0.15738143,0.28770795,-0.5998039,-0.40275756
0.8950384601538406,0.97833174,0.957807,0.9592738,0.4222087,0.49605742,-0.96799713,-0.19362603
0.9354813099252396,0.6313238,0.98799723,0.9811705,0.1490367,0.15200646,0.33684948,0.041234106
0.9113439333757334,0.62245166,0.9730243,0.9665883,0.113885835,0.21328351,0.35445726,0.048070047
0.7330813963255852,0.7132804,0.96228224,0.9500912,0.13181244,0.18516108,-0.31777978,-0.5052546
0.8362173928695715,0.99015874,0.91460305,0.9493894,0.38626024,0.5202576,0.37609053,0.5443742
0.7744641858567435,0.7782251,0.975697,0.97371244,0.108511716,0.15949155,-0.14291131,-0.27217823
0.9103672254689018,0.9160864,0.99047726,0.9829943,0.23094529,0.21960464,-0.49663737,-0.11790868
0.897748838995356,0.6582071,0.9948787,0.9735623,0.12757419,0.184791,-0.47923347,0.37961638
0.7577797991191965,0.5590726,0.93461543,0.94953144,0.07945568,0.13849723,0.33335558,0.2282525
0.8739483277933111,0.7529767,0.9702634,0.975447,0.19914266,0.13565336,-0.475918,-0.12907045
0.8719031356125423,0.9813856,0.9613937,0.9708661,0.2888114,0.21391614,-0.67956793,-0.29695484
0.7937531590126359,0.63547647,0.9676702,0.96058446,0.09725056,0.14081876,-0.6776907,-0.40133938
0.8055490141960567,0.81058234,0.9685405,0.9605551,0.11394711,0.236943,-0.33323008,0.10993837
0.7578007272029087,0.74065894,0.9380126,0.94825196,0.16687688,0.14136496,0.38243836,0.06599689
0.9493810135240541,0.82847244,0.99320114,0.9823385,0.27546066,0.2698855,0.22306314,0.0072137853
0.93948970995884,0.9789022,0.9828046,0.97633535,0.28019,0.35411128,0.51516587,-0.20561673
0.9017632870531482,1.0754709,0.9851459,0.9817043,0.3902217,0.2613494,-0.27800176,0.21472465
0.6842291049164196,0.68654394,0.9771024,0.9819449,0.15186986,0.13875653,-1.522625,-0.5516682
0.9034049896199584,1.3336896,0.9828386,0.9743488,0.6508882,0.4222812,1.1881425,0.17788559
0.7110118680474722,0.6828333,0.9377953,0.9536492,0.13282849,0.09220568,-0.45227623,-0.50153697
0.923555470221881,1.339432,0.9941079,0.9859773,0.20482728,0.42517626,0.2570624,-0.111469656
0.8876318385273542,0.92817503,0.9729986,0.9647313,0.31076163,0.31451404,0.62145567,0.08642127
0.5424869379477517,0.8101751,0.9472403,0.9453659,0.1218026,0.16755344,0.07445259,-0.17073148
0.8212017808071232,1.2153662,0.9774847,0.9642438,0.35303915,0.2343544,-0.4164646,-0.38756275
0.914056136224545,0.8431805,0.99327165,0.9700901,0.18051524,0.18534262,-0.38641584,-0.12988423
0.8295897183588734,0.9716476,0.95264655,0.960374,0.43135402,0.22138385,0.36195174,0.12782276
0.44058205032820125,0.6744586,0.912276,0.9487645,0.07112945,0.0928207,-0.0653681,-0.016675534
0.9018789675158699,0.8140916,0.9651666,0.9772941,0.17773558,0.16179097,-0.29584953,-0.15763298
0.8606398905595621,0.6116593,0.95446515,0.9591674,0.06790647,0.17029677,-0.2748664,-0.27207944
0.7366425305701223,0.728369,0.96298563,0.9520784,0.16764355,0.1792168,0.19637917,0.6385378
0.8146697226788906,0.7633408,0.96971625,0.94610614,0.1654071,0.26976943,-0.62892956,-0.24829517
0.7968427393709574,0.7079533,0.9436526,0.9490434,0.1506076,0.12798196,-0.2228406,-0.2258322
0.8787316429265716,0.6727229,0.96096116,0.97123706,0.20200929,0.18513788,-0.5738152,-0.47498068
0.9005358261433045,0.7174395,0.97152543,0.9662056,0.21021524,0.27291986,0.098135255,-0.3408589
0.8451519566078264,0.7289439,0.95192957,0.97182965,0.14169724,0.15965502,-0.012922688,-0.16722429
0.8257647750591003,0.9354154,0.93085366,0.9621468,0.36867505,0.2311156,0.8462508,0.66362953
0.8902844251377005,1.0198361,0.9727399,0.9719363,0.37134534,0.3080903,0.23646422,0.4468158
0.7532777651110604,0.7094472,0.97336537,0.9492217,0.055477828,0.06422327,-1.3959556,-1.2049243
0.868060528242113,0.6729528,0.99172556,0.9689344,0.13321823,0.17685093,-0.33589798,0.3050174
0.7992514850059401,0.6669954,0.9273942,0.9521514,0.11871041,0.08699911,0.8439172,0.63633245
0.7933789495157979,0.6408456,0.99008286,0.96881205,0.08135119,0.13345926,-0.081086196,-0.58119303
0.6738466633866536,0.6553765,0.94999146,0.9439584,0.11831549,0.0826976,0.3315975,0.063428335
0.9327239868959475,1.0902423,0.9784655,0.97631794,0.513019,0.32281095,-0.28382424,0.18827349
0.9179427117708471,1.1984938,0.97760266,0.9876224,0.17248432,0.12733418,-0.23463428,-0.22569746
0.8920249120996484,1.2116991,0.9406946,0.9596784,0.67289406,0.46407056,0.102905795,0.1756658
0.8276740306961228,0.75730723,0.9831334,0.97549504,0.14737426,0.117915794,-0.22160967,0.37281337
0.9301591446365784,1.374393,0.9806481,0.96783304,0.29088253,0.9540754,0.5446197,-0.14831735
0.9163184812739251,0.7068135,0.99339586,0.98427385,0.10270596,0.10305537,0.3467732,0.058335755
0.9109731798927195,0.7714676,0.9642002,0.9701167,0.19010875,0.2572397,-0.005685756,0.049096767
0.8794279337117348,1.2885774,0.989164,0.97775704,0.31280237,0.2683594,0.42550766,0.46787027
0.9329316357265429,0.8407714,0.9839825,0.97317445,0.2232779,0.4074631,1.0018451,0.15448505
0.8859284077136307,0.7608874,0.9897478,0.98147553,0.13693644,0.12515025,0.50173765,0.2133903
0.8015881343525375,0.6769464,0.9451837,0.969648,0.15419054,0.08386931,-0.7964322,-0.32945338
0.5650240840963363,0.5879458,0.93285483,0.9421065,0.07849956,0.07575353,0.96268266,0.71772003
0.8568075552302208,0.8688953,0.96200883,0.9740299,0.29800224,0.17090201,-0.18699712,-0.27505386
0.878313945255781,0.5926618,0.9558414,0.96597975,0.09879253,0.0985484,0.36858052,0.13568942
0.8670655802623211,0.6554332,0.96159333,0.9604633,0.18339023,0.17670295,0.090678334,0.662169
0.8729729638918555,0.7056273,0.9703018,0.9718463,0.12730296,0.109567374,-0.11790409,-0.21639073
0.7040751683006732,0.61950845,0.9802907,0.95749164,0.06297911,0.08990871,-0.03633026,0.3037988
0.789313429253717,0.7116235,0.9437011,0.9565547,0.12300984,0.23745406,-0.7924826,-0.5657177
0.8681732326929307,0.6932143,0.95240104,0.9622328,0.19124334,0.09455168,-0.11302271,-0.20244968
0.8933697814791259,1.0137208,0.9671339,0.9737686,0.39486215,0.26460844,-1.0075866,-0.23033231
0.8632884451537807,0.77056205,0.93781704,0.97299355,0.23234373,0.1489365,0.27262008,0.0866982
0.9109007956031824,0.89380944,0.9814828,0.96636724,0.18472278,0.24323174,-0.886331,-0.6529904
0.8433030852123408,0.76851624,0.9447251,0.954428,0.1619898,0.3340039,-0.054634605,0.16291228
0.762317449269797,0.6335331,0.91364044,0.9688453,0.14193232,0.0985951,-0.38307494,-0.24920389
0.9000733922935692,1.01981,0.9721058,0.98446625,0.22868289,0.13565028,-0.122370854,0.030780395
0.7965618422473688,0.7624955,0.91918874,0.95905244,0.20058082,0.19517644,0.20008068,0.38657156
0.6314950379801519,0.7395128,0.9373198,0.9512027,0.14485814,0.109882124,-0.86509913,-0.77493227
0.911062556250225,0.886136,0.97333443,0.9798758,0.3365947,0.2521892,-0.31184572,0.4087545
0.7117935991743967,0.6679158,0.9581477,0.9527072,0.07484764,0.114077,-0.33101702,-0.06790772
0.7457359749438998,0.7758252,0.9468525,0.9507421,0.17312443,0.094087556,0.41119787,0.1035627
0.8052999891999567,0.56371117,0.97162217,0.9649618,0.09604585,0.08126956,-0.4603321,-0.47096196
0.5700011280045121,0.5784385,0.93812466,0.9492251,0.073803514,0.06907988,-0.38621348,-0.29362425
0.8580902163608654,0.629156,0.96236795,0.96914756,0.08142627,0.12824278,-0.39817426,-0.16008365
0.8168448033792134,0.624525,0.9661944,0.9599799,0.07665818,0.1448295,1.1017811,0.5747983
0.7863062172248689,1.0554601,0.922346,0.95885295,0.5676442,0.28155893,-0.275181,-0.22514124
0.8090805803223213,0.7274986,0.9492452,0.952313,0.1450936,0.21973638,0.30959618,0.20224038
0.8837799191196763,0.6233301,0.99413615,0.97605944,0.051630545,0.1090049,-0.66015244,-0.9068976
0.4853284053136212,0.6264136,0.9117145,0.9495809,0.10547024,0.09151508,0.66495544,0.4045462
0.7650635402541609,0.6938575,0.9791786,0.9638935,0.10329467,0.13104865,0.4716939,0.3440415
0.9195253741014964,0.6010392,0.97290736,0.97522676,0.08395109,0.12782687,-0.67384034,-0.41206327
0.8257222468889875,0.8171636,0.98169553,0.97992694,0.08330401,0.1449487,-0.09828095,0.45556924
0.8991336445345781,1.1537057,0.9352372,0.9640979,0.4689585,0.58725953,-0.8579084,-0.41302872
0.5545834663338652,0.56792974,0.943555,0.9338051,0.08925493,0.09120007,0.33469146,0.42674887
0.8360678242712971,0.56709933,0.9714363,0.96046627,0.06656848,0.09055492,-0.33335438,-0.56706053
0.6613198612794452,0.70549923,0.9310168,0.9441888,0.14692393,0.1054532,0.5453812,0.4518982
0.8624788739154957,0.63780427,0.97898304,0.9730809,0.13403344,0.07792419,0.67190766,-0.09184731
0.6297797031188125,0.67127526,0.9191773,0.9502378,0.13075459,0.096610844,-0.2805508,-0.117380045
0.8569032676130703,0.71750414,0.9571928,0.9687997,0.13891712,0.09873394,0.4915079,0.034022357
0.9036589106356426,0.93612665,0.9913818,0.98955774,0.18280818,0.1723787,0.022147255,0.023296386
0.832189792759171,0.8997069,0.95142186,0.9657424,0.256002,0.15627046,-1.0078167,-0.34667137
0.815315997263989,0.74747837,0.9802191,0.9710191,0.1089202,0.108106844,0.1992569,-0.054579884
0.8985316261265045,0.85698766,0.99298936,0.9835102,0.09654336,0.09421587,-1.3853639,-0.023376262
0.9360387841551366,0.56154114,0.97403955,0.9794894,0.12531117,0.1019454,0.63841915,0.12033094
0.7740478321913287,0.56195515,0.97203916,0.95030653,0.05694577,0.062018957,0.059671275,-0.2877782
0.9263098172392688,0.86906976,0.98257303,0.97514147,0.1611185,0.23156346,-0.43157437,-0.479337
0.9129137316549266,0.64254886,0.9749242,0.97204816,0.08141854,0.103021696,-0.14902587,0.03428009
0.9138941835767344,0.7453426,0.9844536,0.9814931,0.16395201,0.14121386,-0.76558095,-0.30600807
0.8487460189840759,0.9073762,0.9828827,0.9600441,0.2548435,0.33805874,-0.104973026,-0.4359844
0.8573503414013657,0.7756856,0.9446348,0.96834904,0.24011207,0.1322798,0.27794585,0.2989413
0.7334580058320234,0.55307627,0.9577725,0.94786584,0.08954842,0.10634445,-0.054859158,0.17850104
0.6648973155892622,0.66999245,0.9397853,0.9467116,0.08716762,0.07534105,-0.34822735,0.00458089
0.49421842487369944,0.75831896,0.9134701,0.94126177,0.20102558,0.07151375,0.29507127,0.35256973
0.8444894579578318,0.89353734,0.9894317,0.9622185,0.28794923,0.2562679,-0.08956654,0.3766821
0.8944784899139595,0.89356536,0.97399694,0.98068863,0.22055434,0.20725347,0.16430254,0.114900015
0.5359101436405745,0.58406186,0.8876621,0.9384153,0.13150282,0.083751455,0.3497413,0.35145828
0.9083923055692223,0.86744,0.9554943,0.9788073,0.21269417,0.20468332,-0.13206737,-0.045328677
0.843628046512186,0.8943784,0.9617653,0.97404116,0.17970397,0.08082855,0.0014682589,0.1526601
0.854877851511406,1.1885442,0.9930606,0.98518103,0.18010674,0.32539538,-0.12853381,0.12438939
0.9105526982107927,0.65654606,0.96682763,0.9645482,0.19148628,0.18393427,-0.18349855,-0.44912136
0.8041787047148188,0.60592353,0.96407783,0.9535623,0.10216664,0.1289773,0.17083868,0.04196497
0.6637011508046031,0.659615,0.9441451,0.95200527,0.1371133,0.05854313,0.9924223,0.89257455
0.901826743306973,0.73894185,0.96566445,0.9680681,0.22516866,0.22093722,0.2197568,0.052358218
0.7437258229032916,0.552368,0.9410499,0.94624126,0.07881456,0.12886803,-0.023287883,0.121741936
0.8676067344269377,0.85508716,0.9672135,0.9736962,0.25016883,0.12575887,0.47369483,-0.40304983
0.6085179220716883,0.61186194,0.9570173,0.94850343,0.0637324,0.07872942,-0.6481316,-0.39766046
0.8564156816627265,1.0702854,0.9768591,0.98008084,0.25178447,0.28881297,0.6411061,0.5868041
0.777811911247645,0.61932254,0.9484104,0.9585022,0.09061086,0.07113312,-0.0529604,-0.07841808
0.9276092784371138,1.0622922,0.99244004,0.9889018,0.20638336,0.30640224,0.98519063,-0.25894403
0.6990958203832816,0.80559576,0.95324767,0.9470213,0.1672872,0.1062125,-0.16216987,-0.45810786
0.8790680282721131,0.7528497,0.95998794,0.9684533,0.15055203,0.13537732,0.35183322,-0.073516235
0.8564962259849038,1.1207206,0.983796,0.98719245,0.26404184,0.16213511,-0.5561703,-0.2642321
0.35386864747458985,0.58678275,0.9129527,0.9486602,0.05680334,0.0643274,0.19628459,0.3076106
0.9238927195708784,0.86394846,0.97833735,0.98641163,0.17193903,0.16078022,0.4353635,0.27915445
0.9367611870447481,0.5391504,0.9893863,0.9757897,0.08278843,0.13973507,-0.44133043,0.16116434
0.9040343681374725,0.6719678,0.97274375,0.972189,0.1353803,0.19331537,0.3800291,0.2938544
0.8542881211524845,0.67172277,0.9771363,0.9622743,0.104513794,0.14656892,-0.0069223447,0.28024483
0.8111078204312817,0.6205025,0.961693,0.9651932,0.12714288,0.10018206,-0.39411935,-0.33618903
0.36184359137436545,0.740066,0.94132173,0.94703424,0.08931548,0.10980062,0.60368204,0.29564497
0.7877363349453398,0.7386303,0.97998995,0.9725398,0.10027432,0.12414009,1.1191152,0.90484333
0.8630704282817132,0.5516378,0.9791793,0.969376,0.049960822,0.10904116,-0.77711886,-0.5974419
0.8391540446161784,0.74558425,0.961464,0.9527178,0.25799754,0.21720894,0.9988118,0.38913867
0.7345418501674006,0.78382075,0.9529774,0.94213414,0.120021164,0.29493827,-0.094649136,-0.44003266
0.9147248748994996,0.84254104,0.9926257,0.9820943,0.11934015,0.2634922,0.073060594,0.091542974
0.5729298117192468,0.6445563,0.9358866,0.9354754,0.09646462,0.09755453,0.1796466,0.23142096
0.8895205500822004,0.8752079,0.9746011,0.9772009,0.19092125,0.16102801,-0.24220316,-0.10287418
0.9072993411973649,0.97595835,0.99189556,0.97731954,0.25680402,0.31077072,-0.15404364,0.30233973
0.8939989679958719,0.9846417,0.96939975,0.95645714,0.42986393,0.55775464,-0.025906118,-0.13709876
0.9038137592550369,1.4453188,0.94679296,0.967717,0.73253644,0.4913161,0.051629774,0.09480745
0.8454842139368558,0.5639897,0.9637613,0.961044,0.09660859,0.09420214,-0.2168599,0.21889052
0.7304075936303744,0.7320848,0.95402557,0.9680202,0.14384143,0.1243986,0.42511013,0.41498652
0.90312457249829,0.8951814,0.97624284,0.9696789,0.21867757,0.43008843,-0.48063296,-0.11302812
0.8240479041916169,0.82642365,0.9722004,0.9641301,0.17180596,0.14940754,0.3864486,0.65091205
0.7630435001740006,0.58839667,0.97304696,0.96320415,0.06360082,0.08033904,-0.285579,-0.08506418
0.8015761343045371,1.1607888,0.96015304,0.9672229,0.4829295,0.23697592,-0.38527364,0.03539529
0.9200190080760324,0.7044449,0.98932534,0.9702579,0.12691316,0.19065729,-0.2473025,0.13415614
0.8288802755211021,0.75729614,0.9672054,0.9717499,0.20890598,0.13153212,-0.013573882,-0.0718077
0.725442453769815,0.66252553,0.95649636,0.9504885,0.11012698,0.12774841,0.8908079,0.78680384
0.8188439153756615,0.92346966,0.93007267,0.9587885,0.3603824,0.21973622,0.066303015,0.19071333
0.739568238272953,0.73212504,0.96401584,0.95103765,0.11434798,0.10966286,0.42543,0.44570443
0.8110092280369122,0.81745267,0.94474685,0.9670329,0.14887431,0.17884126,-0.11254516,-0.33585232
0.9024489217956873,0.62836254,0.9655315,0.97738105,0.14202082,0.109824285,-1.354474,-0.40710092
0.956246192984772,0.79581606,0.99448204,0.9871937,0.17055623,0.24903706,-0.033264335,-0.35964486
0.9030186840747363,0.9521663,0.9937677,0.9775452,0.24880216,0.26260114,-0.5099883,0.15274552
0.8360095520382081,0.83653986,0.946716,0.94197506,0.32057378,0.26112813,-0.51244134,-0.4838839
0.6999704798819195,0.758045,0.9234174,0.9551935,0.17435388,0.1541356,-0.58609724,-0.45116442
0.8878711674846698,0.69843787,0.97798294,0.976686,0.091912165,0.12794438,-0.01699705,-0.33761206
0.8201323365293461,0.64199704,0.976633,0.962505,0.092077196,0.119136296,0.8996585,0.43414366
0.8132139728558914,0.83716524,0.98283654,0.9513984,0.114196554,0.10786635,0.076888315,-0.003699524
0.954751947007788,0.6781158,0.9871606,0.9845462,0.09559099,0.15869437,0.59119356,0.13357954
0.8136859107436429,0.5357228,0.9557471,0.95827556,0.09607157,0.12526877,0.6417596,0.6952973
0.7120799683198733,0.6394491,0.943956,0.9530596,0.12861998,0.120759435,0.3818515,0.026699405
0.9024311617246469,0.7809061,0.9614635,0.9751299,0.22377044,0.261898,1.1358621,0.52169734
0.6100380881523526,0.7054308,0.8955729,0.9318452,0.14684188,0.098238125,0.15544587,0.020069493
0.9025162180648723,0.85844225,0.99028325,0.9894113,0.11338162,0.15297845,0.054434035,0.1642035
0.8605964983859935,0.6618393,0.9669543,0.9666688,0.09454916,0.1765414,0.50856906,0.14554605
0.8437924951699806,0.66790664,0.9554379,0.96380734,0.13159955,0.10703663,-0.3024242,-0.32032493
0.8931308365233461,0.7196862,0.9862433,0.97342825,0.15343107,0.22101447,0.64781797,0.4120521
0.898065736262945,0.84362423,0.9681715,0.96587783,0.18225439,0.1790086,-0.54741144,-0.43754557
0.789249492997972,0.59383106,0.95160794,0.95896757,0.081873186,0.11708709,0.11246234,-0.31548086
0.8939769839079357,0.67084503,0.97631216,0.9627592,0.13643992,0.2550965,0.38885513,-0.3376379
0.6966802587210349,0.74449265,0.982157,0.960159,0.105514,0.1458785,-0.6631795,-0.20814194
0.9222193368773475,1.0700307,0.9909675,0.9755346,0.37294534,0.41873544,-0.6716926,-0.022079797
0.7685126420505681,0.6659186,0.9739763,0.9553636,0.20215823,0.15283497,0.15003353,-0.25667554
0.8544759939039757,0.7017023,0.9837247,0.96894646,0.13194512,0.14713307,-1.5884105,-0.57853496
0.8948532754131016,1.1810219,0.9853586,0.98820096,0.17714806,0.2314702,0.13201346,-0.33064008
0.6891679406717627,0.7049103,0.94097227,0.9455589,0.0943916,0.2032703,0.32855165,0.20672731
0.8977826311305246,1.0140362,0.97893435,0.97139126,0.37436277,0.40892714,0.07267675,0.1507538
0.8047718910875643,0.5477053,0.96206045,0.9546643,0.06846166,0.12756328,-0.72708344,-0.13745578
0.7472374209496837,0.74494815,0.92070353,0.95013857,0.24281667,0.19213966,-0.59531236,-0.37546858
0.9046581786327146,0.8672994,0.98155415,0.9701604,0.25008225,0.28055054,-1.0690615,-0.1492184
0.9254023256093025,0.78227246,0.98685324,0.98399097,0.17489818,0.22202238,-0.25750184,-0.19781919
0.8917491989967959,0.7457439,0.9888708,0.9823326,0.12943757,0.1967108,-0.24946776,-0.5386923
0.8130524042096169,0.7868831,0.9230811,0.94068426,0.17145394,0.13843837,-0.045464385,-0.1905048
0.9076363985455941,0.67298734,0.96542037,0.9679155,0.16896309,0.18180354,0.09853587,0.24454527
0.7811608846435386,0.65130514,0.97041094,0.96044016,0.09918986,0.16100498,-0.26866534,-0.1344531
0.928256513026052,0.7576062,0.9751647,0.97299874,0.2588552,0.22393806,-0.49739897,-0.23940086
0.7883026412105648,0.5829094,0.95138574,0.949148,0.07202922,0.18754245,0.46230978,0.22856599
0.8683460333841335,0.65710354,0.9686979,0.9559245,0.18171328,0.22373958,-0.051487006,-0.2867297
0.8377740390961563,0.5304011,0.95007044,0.95548165,0.08364628,0.12824734,-0.25301853,-0.16189744
0.8706779787119149,0.7539888,0.9601797,0.95870644,0.18752941,0.19814433,0.51901835,0.26899725
0.9009070596282385,0.9644828,0.98735875,0.9793066,0.26124486,0.17859317,-0.09083911,0.25820482
0.7768270433081732,0.67547864,0.94203264,0.95969194,0.21314968,0.10258661,-0.268118,-0.11472645
0.754817227268909,0.70908624,0.95093954,0.9555305,0.13721254,0.19648664,0.031323306,0.60123044
0.5986774987099948,0.66391087,0.9345757,0.94519,0.185606,0.14328556,-0.54526186,-0.4838069
0.9244138096552386,0.62298673,0.99179053,0.96644104,0.083350874,0.19529592,0.19370101,0.2066092
0.8533623894495577,0.80392325,0.9553998,0.9771385,0.2813572,0.16497618,0.5909949,0.34624177
0.8601319525278102,0.92000955,0.9704968,0.96625024,0.26846138,0.1664914,0.30496484,-0.1821096
0.7379080076320305,0.8925686,0.91943496,0.9516444,0.2755753,0.14848988,-0.10130161,-0.09857272
0.7273876135504542,0.6999482,0.9599965,0.9481633,0.14857177,0.116935454,0.20343278,-0.030392656
0.8614062616250464,0.933533,0.9792309,0.97308385,0.20648667,0.22300065,0.566724,-0.046557285
0.8597136788547153,0.7732006,0.95483667,0.9749041,0.39172563,0.18876918,-0.16122387,-0.08871677
0.9607973791895166,0.74642587,0.984479,0.9844532,0.12179388,0.15444739,0.92720807,0.36575326
0.8885301141204565,0.7913514,0.96784765,0.9705081,0.23597346,0.14268471,-0.5249523,0.11773231
0.8066286058735103,0.76418954,0.9568166,0.95905936,0.20625623,0.14047396,0.55102545,0.051287524
0.8763970095880383,0.6449064,0.96892506,0.97443646,0.122379914,0.1257008,-0.5525561,0.03301469
0.7311771327085308,0.5836932,0.9552444,0.9492624,0.07432579,0.16137294,-0.046816885,0.032012627
0.6184889059556238,0.58811724,0.9364411,0.9397112,0.07863943,0.15323222,0.8221943,0.58071184
0.6913758535034139,0.56691176,0.9295742,0.9465529,0.11046665,0.12492424,0.14635062,0.011416886
0.9168820035280141,0.7690757,0.9887993,0.97702193,0.08687889,0.18909684,0.64894575,0.07462838
0.8816046464185856,0.5244463,0.9869042,0.97152764,0.0729029,0.11207432,0.2902937,0.32522112
0.7288446113784455,0.9583914,0.950018,0.9606022,0.24041988,0.10334407,-0.88327396,-0.5952558
0.9538536714146857,0.7008458,0.99413264,0.984642,0.11321465,0.15559916,0.08442916,0.19009623
0.7710181560726243,0.69982004,0.95011294,0.9435747,0.1659824,0.26146102,-0.12123088,-0.26484382
0.6707064908259632,0.6176378,0.9590003,0.94954836,0.11124581,0.11479316,-0.27697697,-0.46901467
0.8705807303229214,0.8399247,0.9568357,0.9688336,0.2352178,0.19518451,0.44460398,0.05267216
0.8747089388357554,0.9290337,0.9889474,0.97719246,0.39336094,0.17089896,-0.8463775,-0.006630835
0.8227014028056112,0.53960043,0.9378725,0.955235,0.120647065,0.11349278,-0.232322,-0.14136846
0.7614641978567914,0.66206414,0.9723296,0.9557669,0.11535692,0.15254174,0.2923767,0.15795377
0.8360357601430406,0.80530626,0.9604612,0.9618179,0.16916433,0.18649125,-0.58598447,0.01638617
0.9380065040260162,0.74980843,0.99020964,0.9824429,0.12756355,0.21155256,-0.3201921,-0.18622138
0.7711850047400189,0.83944726,0.96042085,0.9612698,0.21006483,0.12897083,-0.1303861,0.536874
0.9034872619490477,0.9038655,0.98253393,0.96774775,0.2278158,0.25024405,0.34869713,0.2223697
0.8640545282181128,0.9875433,0.96241796,0.9700946,0.24122052,0.36164278,0.41707012,0.38736933
0.7422147768591074,0.5683732,0.9511423,0.95692176,0.0704122,0.10834162,0.18373214,0.008753367
0.8979343117372469,0.7285456,0.9754689,0.9694402,0.17169009,0.18048644,0.14197955,0.30191937
0.9165501302005208,1.0446925,0.9797519,0.97053325,0.38362303,0.35218528,-0.72042763,0.0804101
0.8504674978699914,1.1360382,0.9867769,0.98511356,0.36608484,0.23807439,0.5673826,0.57507
0.8746229224916898,1.0688596,0.96031415,0.9662947,0.5211458,0.51361877,0.38003546,0.22395402
0.7928289633158532,0.6899979,0.9698921,0.9606939,0.15303744,0.20233855,-0.49416727,-0.7286068
0.8858542954171816,0.95788914,0.9655597,0.9730557,0.33731735,0.3578746,-0.28902063,0.03818132
0.94800168000672,0.7427617,0.9823278,0.9792375,0.17366292,0.23597111,-0.8608158,-0.28294924
0.9430069720278881,0.8376361,0.9880627,0.9812482,0.25740913,0.2676739,-0.12547716,0.07511222
0.910757083028332,0.65241647,0.9574781,0.96277505,0.13639528,0.29719958,0.34790894,0.17556149
0.7512889251557006,1.0060929,0.97998446,0.97005117,0.19914001,0.17312635,-0.09560667,-0.20838591
0.8986780267121068,1.2743782,0.97438645,0.98247004,0.30450866,0.14761555,0.73527807,0.29445344
0.9192772131088525,0.71422845,0.9896421,0.978329,0.13567215,0.14741111,-0.9752071,-0.20479862
0.7495976863907454,0.6069374,0.9478983,0.9461268,0.110243276,0.1579775,0.80210924,0.5151418
0.8785216900867604,0.8024775,0.9694656,0.9707562,0.2254872,0.22452918,0.24785775,0.314337
0.6582614810459241,0.63337207,0.9488165,0.9415001,0.1131653,0.095878914,0.52236885,0.2993473
0.860441937767751,1.2238479,0.9345886,0.96475506,0.77044404,0.52709997,0.029178381,0.4375156
0.863061500246001,0.80222774,0.97874683,0.9706962,0.24213819,0.16028108,-0.53504807,-0.5057928
0.8500449041796166,0.59580606,0.94497365,0.9553375,0.14925364,0.17472117,0.121969335,-0.2569998
0.8567380509522038,0.9931025,0.96052855,0.9797016,0.21189067,0.16539867,-0.4568282,-0.37016687
0.8768633794535177,0.64730746,0.96944535,0.9651856,0.14014748,0.12206077,0.23243725,-0.28238449
0.7737649190596763,0.930686,0.9483108,0.95045215,0.33841836,0.36461756,0.3457878,0.36636195
0.9288679394717577,1.362106,0.9794603,0.9776536,0.5152053,0.31268263,-0.026010245,0.19560972
0.8503274333097331,0.9002626,0.92134976,0.9468807,0.28466898,0.25015825,-0.905492,-0.30596623
0.7760345601382405,1.0199951,0.9833724,0.98178786,0.11403049,0.2034642,-0.30154613,0.44379908
0.8985108900435601,1.272766,0.92369425,0.9605703,0.6305504,0.32020137,-0.041453525,0.12328051
0.91124908499634,1.0725076,0.98506993,0.9769543,0.33756608,0.41749245,0.6114376,-0.26429853
0.7194185256741027,0.5578752,0.9539568,0.9491668,0.10587726,0.16075964,0.5504771,0.39839986
0.9018404713618855,0.7375085,0.9703986,0.9793199,0.11357056,0.13719413,1.2232481,0.5239353
0.9137452869811479,1.1407483,0.9903112,0.98921585,0.2505015,0.16667953,0.51731265,0.24488392
0.8131111564446257,0.5686686,0.9859225,0.96817875,0.09224218,0.09275145,-0.08071956,-0.17539454
0.8779221676886707,0.69903827,0.97071207,0.9696855,0.13645834,0.19357905,0.026069263,0.159523
0.8225487621950488,0.9805427,0.9368427,0.953782,0.41555932,0.19987018,-0.5420503,-0.07811675
0.9532591410365642,0.98500806,0.98815376,0.9777847,0.19676769,0.35957813,0.5645858,0.26515132
0.9575170460681843,0.99424297,0.9888025,0.98453325,0.25609088,0.46818092,0.99162877,-0.06874579
0.761310021240085,1.065128,0.94917166,0.95557433,0.28195578,0.32915688,0.46485212,0.35951865
0.8959233916935668,0.9823353,0.98522216,0.97867787,0.16849312,0.33333337,-0.07657863,0.3896133
0.9064766179064716,0.7320714,0.9827208,0.98131096,0.113968894,0.103570744,0.32451022,-0.054152086
0.7990940443761775,0.8104012,0.9156739,0.94789743,0.27070004,0.16406715,-0.06264249,-0.18411583
0.85224878499514,0.6775646,0.9531197,0.9483887,0.18853611,0.23156954,-0.5171347,-0.3686418
0.6200151349409031,0.5516271,0.9442229,0.94167835,0.058374833,0.12467489,-0.2621245,0.009722667
0.8988093552374208,0.7690089,0.96528625,0.9713732,0.22230403,0.23389658,-0.045308813,0.22488295
0.8199893919575677,0.60304415,0.9586298,0.94845855,0.081146166,0.17623383,0.16086076,0.21416612
0.8882369289477157,0.723082,0.9727156,0.970869,0.14615855,0.25590047,-0.11063279,-0.19925669
0.8010602282409129,0.6475396,0.972783,0.96162754,0.10864855,0.11229999,0.5380303,0.49708426
0.8905434341737366,0.8012928,0.9642855,0.9756719,0.13585691,0.15951084,-0.17845479,0.2155263
0.7508565394261577,0.5553285,0.9278729,0.9444312,0.10030153,0.097753346,0.71919566,0.63388324
0.7894197976791907,0.58541673,0.9482773,0.9486647,0.10676342,0.1538152,-0.3314366,-0.22274339
0.8170211560846243,1.0841813,0.9349958,0.96348685,0.46115923,0.33752772,-0.57697326,-0.4255353
0.7836341425365702,0.50256413,0.9711804,0.96145034,0.07711591,0.1133769,-0.029969754,0.09504395
0.9042529610118439,1.3364227,0.97725314,0.9781049,0.6485585,0.29383582,-0.4234206,-0.46035403
0.7282557450229801,0.7274746,0.94999117,0.9508549,0.17154656,0.21725097,-0.24295573,-0.09660784
0.807311389245557,0.77224624,0.9762601,0.973967,0.14420666,0.12851103,1.186342,0.58511335
0.8315960303841214,0.65410733,0.98011523,0.97626495,0.112876914,0.1402128,0.41659638,0.3612709
0.7862915291661166,0.80075645,0.9467163,0.9428636,0.28581384,0.17866804,-0.47842035,-0.16123964
0.9520189120756484,0.683327,0.9859271,0.981934,0.08385791,0.14079084,0.068180926,0.028218273
0.8347206508826034,0.75525355,0.9725786,0.9619475,0.17504966,0.2299603,-0.22641508,-0.20704585
0.5906065544262176,0.6381882,0.90621924,0.9409403,0.12619166,0.11781517,-0.58072007,-0.3854571
0.6802666890667562,0.63422215,0.91727555,0.946446,0.10054682,0.11449976,-0.16382708,-0.2090257
0.7979070956283825,0.734329,0.960513,0.9593687,0.19361371,0.17404585,0.6481675,0.49539188
0.8805593942375769,0.670056,0.95044565,0.9668504,0.15590166,0.16472508,1.2286392,0.45186508
0.9336364705458823,0.7177574,0.98627895,0.97880656,0.09915633,0.15278013,0.44068414,0.23861802
0.9510174360697442,0.7223725,0.98563737,0.9875303,0.09249606,0.16321619,0.12004425,0.038705472
0.733503894015576,0.6508768,0.94574714,0.9578052,0.11083872,0.09345858,0.05644858,-0.030802313
0.8462365689462757,0.8388293,0.9566957,0.9714914,0.20286433,0.18134668,-0.33767655,-0.07060549
0.723565550262201,0.780442,0.9228411,0.9442863,0.2735768,0.14276205,-0.29019335,-0.22091813
0.8717908151632605,0.73121893,0.98647964,0.9772328,0.066182695,0.16613385,-0.21591896,-0.5716392
0.8507571310285241,0.5479452,0.99207187,0.96555537,0.08960243,0.10088103,-0.27007058,0.038108043
0.9009446917787672,1.1725549,0.98472255,0.98317,0.39248446,0.2554502,-0.14303552,-0.26270464
0.8248526754107015,0.67995375,0.97463876,0.94196147,0.15356594,0.25060844,0.19413012,0.36638924
0.7461880407521629,0.5574812,0.9744341,0.9500814,0.09099181,0.17599665,-0.59610987,-0.59822994
0.8121692006768028,1.0342257,0.9924739,0.98618597,0.20077328,0.35088086,-0.33125257,0.3207234
0.8679774879099517,0.75285524,0.96937805,0.9773918,0.20794553,0.14898401,-0.040549863,0.48949564
0.923117324469298,1.1903131,0.9859718,0.9793553,0.46109885,0.34291953,-0.8515485,0.0065540713
0.8473362533450134,0.8148075,0.9650589,0.97083426,0.23493758,0.17367898,0.34165713,0.46135467
0.7289465637862551,0.6527396,0.9513886,0.9514203,0.16651045,0.1429485,-0.23576397,0.23461068
0.8515307021228085,0.73035663,0.9570957,0.9742194,0.12878276,0.11096587,-0.26062223,-0.23064214
0.8937677990711963,0.51315504,0.9592044,0.97045404,0.06061247,0.09806845,0.42330098,0.16586393
0.6967437149748599,0.67103064,0.92299145,0.9389357,0.14030884,0.11989294,0.83529896,0.7530145
0.8809603878415513,0.75600314,0.97306955,0.9703334,0.16653858,0.20602427,0.3399454,-0.027513131
0.8968768675074699,0.59465164,0.97285426,0.97462356,0.099543,0.102584735,-0.054738015,-0.29405466
0.9192209568838274,0.86448306,0.99141973,0.980009,0.12802148,0.21757415,0.423018,0.45371693
0.8437543830175321,0.82596564,0.96445876,0.966924,0.15737899,0.2305966,-0.13547161,-0.284819
0.8987700910803641,0.6639196,0.984534,0.9683139,0.112346575,0.21236223,-1.2260936,0.09203525
0.8532429649718599,0.9635546,0.98248786,0.97823185,0.35280365,0.21991397,-0.6011844,-0.45012927
0.8973612854451416,0.9292045,0.9495019,0.9721401,0.27279308,0.3445962,-0.6555685,-0.34838304
0.8247635870543482,0.6676333,0.9753748,0.97615093,0.09829775,0.12670797,0.9362339,0.5874171
0.8074164136656546,0.75962067,0.95764035,0.960804,0.19284731,0.15324084,-0.026369613,-0.28773427
0.8384746498985995,0.72419184,0.9738001,0.96393996,0.14049424,0.17587602,0.37082052,-0.058308177
0.9211083244332978,0.82148623,0.9794125,0.98133427,0.21763697,0.16402051,-0.39726183,-0.04630522
0.9288591074364297,0.9038349,0.9830944,0.9798152,0.16516241,0.31006765,0.49021736,0.13401712
0.9085311221244885,0.9712985,0.9894824,0.95999736,0.26137903,0.47341803,-0.05699601,0.15626892
0.8617573350293402,0.8892197,0.9831692,0.9798741,0.22491674,0.161934,-0.06191252,-0.30230382
0.8819341197364788,0.6117372,0.9628449,0.96763664,0.17957684,0.17284876,0.63421947,0.586163
0.9184165696662786,0.8019482,0.98468107,0.9847258,0.10974328,0.17853913,0.6515934,0.22034979
0.8099896079584318,0.7265305,0.9873458,0.98682696,0.08542096,0.10712775,0.90590626,0.60279995
0.8504790179160715,0.89487636,0.9596527,0.97165775,0.16032921,0.275944,0.7862819,0.22781491
0.914505706022824,0.6667655,0.9879364,0.96862483,0.09483043,0.099128515,-0.8288622,-0.8342337
0.8210793803175214,0.85334027,0.9509772,0.95865047,0.26079643,0.18282701,-0.03758661,-0.121630676
0.9095801183204731,0.6763203,0.9602021,0.98253226,0.15715887,0.094452344,-0.6594783,-0.36437443
0.890439369757479,0.87584424,0.9829142,0.9874845,0.18705915,0.15981841,-0.25222528,-0.26393795
0.8765883383533533,0.80715746,0.9862433,0.9748896,0.15343107,0.20393816,0.64781797,0.43411514
0.9063299293197171,0.8091957,0.9881413,0.9696433,0.20720989,0.30693382,-0.30600047,-0.4511419
0.8428983475933903,0.5842237,0.93739456,0.9549462,0.12075562,0.118478894,0.33109245,0.47135454
0.8478682874731498,0.85923916,0.96508235,0.9558421,0.2672549,0.27855507,-0.3221416,-0.014671013
0.8621031284125136,0.7683314,0.96369547,0.9640324,0.17175193,0.20606801,0.35515508,-0.0791127
0.8341848727394908,0.7038766,0.9385774,0.959151,0.17789188,0.13206217,-0.67199147,-0.24188545
0.5336157344629378,0.5760079,0.9480722,0.9333991,0.06820409,0.08645234,-0.28132078,-0.5758063
0.8411730286921146,0.72389287,0.97771704,0.9658123,0.15059017,0.1202299,0.080322176,-0.16404586
0.8726096024384097,0.6879151,0.95627046,0.9578607,0.18389012,0.22845082,-0.3515603,0.06168637
0.8277871191484765,0.8090745,0.956279,0.97088885,0.16621216,0.19709873,-0.5164182,-0.15393762
0.8867885711542844,0.75539184,0.9862433,0.97963005,0.15343107,0.13992655,0.64781797,0.4734181
0.7568930435721744,0.7489302,0.95684505,0.95217097,0.14644244,0.15709147,-0.010676628,-0.2699504
0.8030421561686246,0.6546485,0.93832207,0.963966,0.15067938,0.115719266,-0.8405905,-0.7367806
0.7995940143760574,0.54261285,0.9460249,0.9534269,0.0873443,0.15312731,-0.346276,-0.2340507
0.8779210156840627,0.9023888,0.9813001,0.9782659,0.2194635,0.28587672,-0.0013582205,-0.23754416
0.8956556466225865,1.0549343,0.97893435,0.97249967,0.37436277,0.3566796,0.07267675,0.12657538
0.7598315193260773,0.7512576,0.9590206,0.96768147,0.14812607,0.075893775,-0.19785163,0.21729384
0.7674265897063588,0.61024135,0.9255726,0.9627017,0.08856797,0.109162696,-0.94335467,-0.53355193
0.8628918675674702,1.04377,0.9676736,0.9656382,0.53885525,0.34110644,0.32580623,-0.06461675
0.8834710858843435,0.85898376,0.99218154,0.9902787,0.14216083,0.21339518,0.46614286,0.06452681
0.6485230100920403,0.78938466,0.9389782,0.96964586,0.17029198,0.08430858,-0.08479101,-0.30063248
0.7146673706694827,0.61985916,0.964042,0.95888484,0.09276071,0.065579675,-0.24080545,-0.46953526
0.7772103728414913,0.66976064,0.96461827,0.94610256,0.14419074,0.18663216,0.49550152,0.12806188
0.8201990567962271,0.64247775,0.96552765,0.95627946,0.108976886,0.12825242,0.45968547,0.3199715
0.8390448921795687,0.6877533,0.944834,0.9627891,0.16897883,0.13498996,-0.26374698,-0.09958637
0.5591125724502898,0.6289019,0.94864273,0.9435819,0.076112196,0.08787167,-0.113500975,0.036779083
0.8481344965379861,0.6864889,0.9717365,0.96439844,0.14249155,0.117222734,0.08814864,0.34629947
0.8612114768459073,0.8055527,0.9754689,0.96182936,0.17169009,0.2905731,0.14197955,0.25271165
0.9250501962007848,0.7937017,0.9856868,0.97654104,0.19895092,0.14963003,0.40823177,-0.11465054
0.8716183024732099,0.7563563,0.95961815,0.95923346,0.2760883,0.30540094,-1.0601648,-0.40832144
0.8593402373609493,0.6994248,0.9626608,0.9569363,0.13312137,0.27193815,0.45017773,0.15642458
0.8983415453661814,0.87732667,0.98433626,0.9775163,0.12010043,0.18889698,-0.20326245,0.12911306
0.9425769863079453,1.0701731,0.97809786,0.98313874,0.2813592,0.2402252,-0.8283656,-0.14268406
0.8941615926463705,0.7487328,0.9767914,0.96599674,0.16027877,0.18091334,-0.058059633,0.013344935
0.7154586058344233,0.5603468,0.9372254,0.9501498,0.08578375,0.0798141,-0.8473004,-0.5174556
0.6629603158412632,0.51122373,0.9046579,0.93469733,0.076672494,0.10129929,-0.29389068,-0.01936285
0.8844764019056077,0.8721171,0.9917192,0.9858771,0.10760608,0.2096293,-0.06671972,-0.6080395
0.792197664790659,0.7071251,0.9447607,0.94281137,0.18404976,0.20302957,-0.06161549,-0.22547513
0.9194411817647272,0.9223564,0.9772432,0.97223145,0.20920779,0.39370954,-0.25813544,-0.12006118
0.5531044844179376,0.6047139,0.915115,0.94610345,0.107000865,0.09491791,-0.3352677,-0.320993
0.892633170532682,0.76569724,0.9915346,0.9838973,0.106295645,0.13253431,-0.6768131,-0.092267156
0.8255952383809534,0.6474253,0.95343673,0.9701751,0.094892465,0.091759115,0.10218119,-0.07516897
0.9201561926247706,0.7698528,0.98051864,0.98014545,0.16028905,0.16774866,-0.6649216,-0.18122974
0.6850164040656163,0.78426653,0.96614355,0.9541827,0.10063398,0.17558655,0.5121656,0.1618329
0.7878704474817899,0.8461619,0.9310551,0.958069,0.19026591,0.15077472,0.04686378,0.008631804
0.7273292453169813,0.51452607,0.9569176,0.9513541,0.061423093,0.110754326,-0.340188,-0.2625288
0.8097210948843795,0.9293418,0.9224769,0.9565172,0.3129729,0.24912897,1.206148,0.63627166
0.8819838479353916,0.70558816,0.98275363,0.976204,0.13526903,0.13768676,-0.5117443,0.0006922119
0.8291343885375542,0.8855041,0.94834125,0.95716363,0.21549566,0.14846437,-0.7670374,-0.26345804
0.8488979875919502,0.4551753,0.981299,0.96782863,0.06531244,0.102654666,-0.4087473,-0.2700378
0.8855738782955132,0.7936781,0.9782572,0.9739814,0.22203848,0.2612437,-0.6033735,0.42715424
0.8708723794895179,1.0035175,0.941286,0.9603633,0.40731388,0.43788156,-0.19893852,-0.12888959
0.914492745970984,0.7556098,0.98530686,0.9831091,0.07629261,0.18505608,0.011212154,-0.13804999
0.8878543674174697,0.8051412,0.9551459,0.9811022,0.20522733,0.12078922,1.2533767,0.44664815
0.8044866739466958,0.629326,0.9379884,0.9642095,0.12113217,0.12067668,-0.9061659,-0.66767395
0.7928307873231493,0.5833066,0.94884473,0.95781,0.11714256,0.11262685,0.46663246,0.36445925
0.8775359581438325,0.87224,0.970687,0.9658873,0.21640067,0.16131245,0.45841438,0.38247567
0.9554438217752871,0.69563353,0.9831754,0.98734003,0.10158843,0.08171972,0.17301482,0.24625337
0.9098817515270059,0.8609115,0.97382903,0.98445797,0.1776434,0.17017958,-0.6048557,-0.17083786
0.8245922263689055,0.732229,0.9609731,0.9586319,0.06838403,0.20659775,0.41997805,0.18583359
0.5199039996159985,0.74306804,0.9084421,0.9393255,0.15306786,0.078957066,0.040150024,0.07029967
0.7126708506834027,0.64020824,0.96863073,0.9580848,0.09247601,0.06425681,-0.8433233,-0.7253797
0.8158894075576302,0.7493462,0.96785635,0.9598965,0.120482564,0.123253055,-0.38874763,-0.4933292
0.8970886443545774,0.6939963,0.9719373,0.95584524,0.18668255,0.19131307,-0.17586853,0.0476189
0.8857978471913888,0.76336443,0.983173,0.9625162,0.239346,0.27462745,-0.48698246,0.23867865
0.9322028008112033,0.9924556,0.94883627,0.977351,0.41824695,0.35408986,-0.101862736,0.07614126
0.6984041376165504,0.6726342,0.9216062,0.955127,0.12627713,0.16780972,0.121884376,-0.007906072
0.9003587054348217,0.8261284,0.9828966,0.96377337,0.18769716,0.29832467,0.2286907,0.22903015
0.7146912747650991,0.62082654,0.9423307,0.9442269,0.11808511,0.16041477,-0.4637064,-0.67495835
0.9224878499513998,0.9515058,0.9749323,0.9830029,0.27864406,0.17950013,-1.2172002,-0.369751
0.857003684014736,0.7672685,0.9705117,0.96965873,0.09983188,0.10634866,-0.60528815,-0.18851915
0.8074089256357025,0.86382425,0.9637717,0.96768737,0.23864082,0.11900568,0.065527156,-0.16288722
0.9422694970779882,0.85208714,0.9828434,0.9748823,0.2534779,0.33393115,0.023567503,0.16420062
0.8365992823971294,0.8356833,0.95681465,0.9534378,0.25803244,0.27329415,-0.47668427,-0.07056679
0.8965198420793684,0.9153857,0.9940233,0.9882042,0.11886235,0.18171327,0.89728445,0.37588522
0.9246372025488102,0.8725248,0.9846531,0.9789624,0.18834245,0.14685509,0.16444872,0.22792472
0.847443677774711,0.7879016,0.97164905,0.9652963,0.21851379,0.25638497,0.76796895,0.49837112
0.7662780411121644,0.6781765,0.9191094,0.96064687,0.12436382,0.10171943,0.37968513,0.42446807
0.9576118694301627,1.1633843,0.9829669,0.98416847,0.27338755,0.33191803,0.27540955,-0.24755253
0.9548434353737415,0.82644933,0.98835903,0.9900715,0.13880855,0.16514532,0.009772901,0.18820325
0.8589309877239509,0.84283197,0.9505604,0.96421486,0.20800786,0.16202557,0.19925721,0.23198754
0.8861517046068184,0.9599038,0.9534195,0.9728148,0.3270573,0.22534128,0.09771232,0.23362201
0.9147478189912759,0.6507245,0.9941686,0.98288226,0.10762201,0.12873855,-0.39549923,0.22721983
0.9137024708098831,0.8904148,0.9695783,0.98698515,0.07883405,0.13379753,-0.5252084,-0.4329817
0.7840439681758727,0.72803086,0.97676617,0.97265166,0.10204465,0.12006714,0.8548651,0.49332577
0.8437787671150685,0.64744365,0.9623451,0.97923183,0.09816562,0.0995201,0.5349135,0.13976549
0.8699736238944956,0.5969369,0.94466144,0.9679793,0.15485543,0.16377455,0.3320545,0.053620834
0.8353882375529502,0.66634536,0.96076924,0.96618044,0.14458327,0.12256218,0.50286937,0.5788666
0.9455823743294974,0.9375618,0.97554374,0.97476333,0.29397306,0.32163048,-0.31840518,0.11156597
0.8317695990783961,0.5837071,0.9621173,0.9671667,0.107338116,0.087228216,-0.23759341,-0.48640528
0.8209474757899031,0.5786851,0.97635484,0.9510708,0.07913831,0.12242428,0.08976505,0.52689075
0.8464488257953031,0.67500323,0.9635171,0.9713992,0.09386496,0.12707378,0.12891704,0.040146302
0.7797137748550994,0.59765536,0.95434207,0.9563207,0.06985502,0.13256726,0.30716008,0.1808916
0.8689662918651673,0.8191239,0.9842872,0.96825284,0.19028309,0.19306104,-0.4211808,-0.14224139
0.7655324061296245,0.7205085,0.9447093,0.942335,0.13003263,0.103041396,-0.45965096,0.18542802
0.423378301513206,0.679151,0.90690553,0.94518447,0.099898815,0.07481406,0.44859305,0.4834041
0.7534520058080232,0.7397488,0.9682584,0.96655107,0.0874522,0.10762648,0.006748195,0.5662672
0.8906230184920739,0.64528435,0.965916,0.9775017,0.10737367,0.15292685,0.64693254,0.39994082
0.6060427441709767,0.58141977,0.930976,0.9500031,0.08465636,0.09895226,0.47722316,0.4385286
0.841381253525014,0.73892194,0.99168885,0.960382,0.15827985,0.2498679,0.30184448,0.687626
0.8645203220812883,0.66794586,0.98028815,0.9785463,0.12604354,0.10621838,0.43260324,0.5178422
0.6797675830703322,0.5118043,0.9421584,0.9472605,0.05550973,0.06898287,0.5551608,0.54613394
0.8999324637298548,1.0748992,0.9570758,0.977903,0.40945742,0.22630736,-0.60079056,0.14472556
0.9159717278869115,0.8983119,0.98248243,0.9829385,0.15088575,0.15420063,0.1870435,-0.32055417
0.9084670898683596,0.9298982,0.9812902,0.98665434,0.2244963,0.15762283,0.22756894,0.22908232
0.796690482761931,1.6406192,0.9777081,0.98522943,0.3321412,0.49439192,-1.2351428,-0.0055827736
0.8515327181308724,0.7266667,0.96718055,0.97506326,0.10556709,0.10760984,0.5162582,0.3266762
0.7926624026496105,0.8233054,0.96968913,0.95803994,0.14537792,0.20777363,-0.40679315,-0.45743343
0.9002345769383078,0.7530074,0.983001,0.9730314,0.16125122,0.15280335,0.14034465,-0.2362589
0.9028537554150217,0.7307696,0.96145755,0.9616799,0.21111137,0.2801458,0.1849006,-0.13240528
0.6441619046476186,0.69942784,0.95836115,0.96358377,0.058948033,0.10757292,-0.9288956,-0.39604363
0.8570417001668006,0.6910085,0.9858325,0.9604063,0.11695466,0.1220456,-0.076068014,-0.76411617
0.8604488497953992,0.60185003,0.9635038,0.9583868,0.091481,0.096688196,0.01893992,-0.07567018
0.5901411445645782,0.5931728,0.95286524,0.9531649,0.07046053,0.07699758,-0.23238657,-0.03580985
0.8942185208740835,0.94714105,0.9203501,0.95540816,0.39874637,0.4292258,-0.3121474,0.01411132
0.7258416233664934,0.72422594,0.95905906,0.9542706,0.08060457,0.16342998,-0.26500356,-0.47074586
0.8951813087252348,0.7986968,0.9755854,0.9715103,0.14961995,0.22305173,0.5226056,-0.13655725
0.8513065412261649,0.7135285,0.96586555,0.95915425,0.16143739,0.21891345,0.40016028,0.42240357
0.9216581186324745,1.0646892,0.9668252,0.9643876,0.5362045,0.4483879,0.67705053,-0.051150065
0.8541282805131221,0.6781354,0.956757,0.96767294,0.12107902,0.09652105,0.26334795,0.20144056
0.7292910131640526,0.74831194,0.94157976,0.9452978,0.19118635,0.2111372,0.36362728,0.2724261
0.8574826299305197,0.6439511,0.9928392,0.9719743,0.05086688,0.14570071,0.88804984,-0.40118325
0.7948717554870218,0.9247886,0.9377715,0.960748,0.3371003,0.2190146,-0.21304564,-0.18345566
0.8052630290521161,0.65839094,0.93913895,0.9701971,0.101536855,0.094090335,0.086375125,0.20664296
0.7193213732854931,0.82257324,0.9283115,0.9614212,0.12557828,0.16410726,-0.4633003,-0.30726093
0.8353210372841492,0.75473005,0.96611273,0.95822805,0.18156716,0.21339168,0.7400661,0.69274825
0.8448425473701894,1.118335,0.97727734,0.96788996,0.4021607,0.23955536,-1.0893729,-0.6570736
0.7703282973131892,0.7544765,0.9590204,0.9498009,0.20842122,0.1967075,0.28825775,0.2458894
0.9419885999543997,0.86055875,0.97123545,0.9781696,0.2100152,0.16601503,0.26585457,-0.0013891016
0.7611719726878907,0.60347944,0.9388105,0.95412797,0.12133681,0.107458085,0.0008329799,0.12100333
0.8590843003372013,0.57290536,0.9856963,0.96602494,0.080799095,0.10604475,-0.14156108,0.15893199
0.9543225372901492,0.61174333,0.9870572,0.9782528,0.11735784,0.18648277,0.2902642,-0.07415717
0.8456747746990987,0.57561666,0.9734773,0.9595072,0.110547744,0.1411836,-0.32182136,-0.18952717
0.8874876459505837,0.72497725,0.97192484,0.9650578,0.14112899,0.20089866,0.014254916,0.24042383
0.7309468277873111,0.70106256,0.93256426,0.95713305,0.16584583,0.20397238,-0.8976574,-0.65687615
0.8214253657014629,0.71238554,0.94305944,0.96241033,0.12466169,0.17868811,0.63103527,0.47450677
0.8972164208656835,0.8061767,0.98831654,0.9725065,0.1180889,0.16001712,0.08811223,0.6136294
0.8993499333997335,0.98909414,0.9797462,0.9651297,0.45822224,0.37578958,1.291481,0.061444934
0.7918409273637094,0.80144733,0.97835714,0.96999663,0.17616719,0.10837782,0.3024795,0.07800424
0.8757129108516434,0.78963614,0.9616319,0.97755164,0.14004508,0.13866298,-0.6836162,-0.4890953
0.7883377773511094,0.69510573,0.974968,0.95412445,0.1060293,0.111845925,-0.31968844,0.062638655
0.8660131280525122,0.94554627,0.99490845,0.9889203,0.136294,0.1145094,-0.26849863,-0.5488289
0.8324285457141828,0.71535265,0.97106224,0.95933014,0.10564804,0.16335097,-0.087058626,0.18091126
0.9277359989439957,0.9160757,0.99169815,0.9758493,0.1495403,0.2952034,-0.85953885,0.015175397
0.9407235068940274,0.80683184,0.9877858,0.98204744,0.11442712,0.1633765,0.4703997,-0.3366398
0.9375523262093048,0.8078687,0.9726315,0.98334736,0.13260943,0.15414827,-0.23102407,0.3073889
0.6965533462133848,0.5658397,0.96511763,0.94906986,0.04867853,0.113750935,0.31749943,0.19651178
0.7097993831975328,0.821864,0.93774706,0.9510325,0.21497786,0.18819119,-0.46332094,-0.22112343
0.49466809067236267,0.77303654,0.90830004,0.956622,0.1552449,0.10590327,0.5175765,0.67546755
0.6024944739778959,0.74898833,0.9448729,0.9587278,0.15874158,0.07215388,-0.85933006,-0.83525884
0.7073979335917343,0.54580986,0.93095237,0.94872993,0.09119187,0.07174091,0.06190266,-0.04866403
0.7050812523250093,0.7161723,0.95098525,0.956554,0.10100362,0.12036968,0.54618675,0.34166
0.8527595070380282,0.684079,0.96428645,0.96758544,0.10141661,0.2203123,0.6432272,0.28446662
0.9099934959739837,0.9657777,0.9701658,0.9751293,0.28509519,0.3347934,-0.28891927,-0.22427973
0.7296661041764034,0.81656575,0.9708101,0.9817235,0.12910065,0.16461502,-0.9416796,-0.790388
0.8761434725738902,0.77508456,0.94171005,0.9543704,0.2354328,0.35478652,0.09719414,0.42534277
0.7044657938631754,0.70066893,0.9037098,0.94527715,0.17711313,0.11698987,0.18478128,0.15818067
0.8418408073632294,0.746955,0.9655083,0.9667449,0.1523108,0.107219815,-0.12030745,-0.6358665
0.9103384253537015,0.80703634,0.97413445,0.96858335,0.17303906,0.3479559,0.10414054,-0.3277331
0.8969827559310237,0.9382192,0.9463813,0.95249414,0.5012187,0.67081064,0.4251801,0.12733242
0.919246972987892,0.9329835,0.9607479,0.95420283,0.2871974,0.6638581,0.13910507,0.44163913
0.7847168348673393,0.9629572,0.94948643,0.9557881,0.31862098,0.283051,-0.1637678,0.04360933
0.8633326053304213,0.9586873,0.9587555,0.9690265,0.34636283,0.32202068,0.64662665,-0.0136286635
0.7928972195888783,0.77598864,0.9493102,0.96753156,0.15857202,0.0922481,0.17127606,0.34580714
0.5652051408205632,0.59226274,0.9297651,0.9494808,0.06948073,0.08504483,-0.4179919,-0.18153022
0.958686810747243,0.9845569,0.9835801,0.97617203,0.23934053,0.4321102,0.19983125,0.02407884
0.8196296785187142,0.93668073,0.9511803,0.9595476,0.29197204,0.16043952,0.3175541,0.16039878
0.8974701498805996,0.62860304,0.9613838,0.97371954,0.114910975,0.1326412,-0.52262866,-0.38960463
0.567565502262009,0.51842886,0.9803414,0.95220697,0.06791147,0.062486373,0.8815102,1.0342357
0.8785584582338329,0.56252205,0.97853494,0.9648569,0.095899746,0.10466248,0.22759974,0.4314806
0.5790935163740654,0.7466763,0.92764455,0.9466055,0.10440232,0.12210536,0.078054294,0.065954074
0.8461686006744027,0.70948833,0.9667001,0.9658214,0.14664796,0.13590252,0.15704437,0.51732475
0.7714814539258157,0.6118764,0.95958,0.9501772,0.08437931,0.09197752,-0.5237301,-0.36364108
0.8871035484141937,0.69421446,0.97672164,0.9713614,0.15462151,0.13168535,-0.62428874,-0.12697159
0.8713981735926943,0.6756727,0.97518545,0.9523409,0.18566625,0.28363484,-0.17581972,-0.48011324
0.9052323569294277,0.8271602,0.9839153,0.9615193,0.20737924,0.27290186,0.25780132,-0.057650268
0.704127008508034,0.58494437,0.9011565,0.9483183,0.10885458,0.14038147,0.17872639,0.119149506
0.7918266233064931,0.70704234,0.9760788,0.958116,0.13124791,0.14751354,0.41751394,-0.09730637
0.9010560522242089,0.79741377,0.99012727,0.97448164,0.1807513,0.23922382,-0.022486674,0.279378
0.6052705170820684,0.8561062,0.9084978,0.94662017,0.25809062,0.2199075,0.3841357,0.4169043
0.7789280117120468,0.5904978,0.9278685,0.9522531,0.059188444,0.17628211,-0.52127826,-0.40826187
0.8432259969039876,0.9646043,0.9553308,0.95858663,0.3524111,0.15846829,0.1313471,0.09934238
0.8600396961587847,0.9157344,0.9838341,0.97550863,0.13356979,0.08881478,-0.017872809,0.062210273
0.941064884259537,0.82028663,0.972909,0.98132575,0.09796087,0.18700367,-0.3048859,0.16245857
0.8453830295321181,0.5595096,0.95036405,0.96401924,0.0811384,0.103157245,0.7382135,0.3553322
0.7500588722354888,0.79934233,0.95270807,0.9632153,0.11763971,0.116503276,0.15085097,0.08083294
0.8186505706022824,0.75370115,0.9600077,0.966832,0.06671743,0.17552921,-0.24832253,-0.5284664
0.64788460753843,0.5519854,0.96427816,0.95131415,0.07965591,0.09473752,-0.016101016,0.12882325
0.906116328465314,0.6501891,0.9913893,0.98001224,0.045720037,0.119747125,0.48745725,0.28510964
0.903314557258229,0.7560329,0.99314237,0.9742725,0.08253266,0.19701816,-0.31475127,-0.22328338
0.8447203388813554,0.6735944,0.9614059,0.95899767,0.11703973,0.11999584,0.25700527,0.38722762
0.8326332185328741,0.7639632,0.9883953,0.97137886,0.13903199,0.1609044,-0.17833106,-0.64596057
0.8604436657746631,0.7652575,0.9632334,0.9651233,0.15107556,0.11934306,-0.3787775,0.18014258
0.8121857127428508,0.987776,0.97246087,0.9518221,0.12204343,0.13166453,0.7229539,0.23251095
0.8332264049056195,0.66242,0.94355863,0.95234317,0.14404795,0.15238748,-0.7842344,-0.319926
0.7509451477805911,0.6422002,0.93786186,0.9557374,0.13862386,0.11784521,0.0011923038,0.037458964
0.8779139116556465,1.103271,0.98470306,0.97364295,0.3238437,0.5222305,0.3207567,-0.23730893
0.8182785691142764,0.8075492,0.9483386,0.9652544,0.17797202,0.12166018,0.9924748,0.5385397
0.9091580046320185,0.7621671,0.99009514,0.9742067,0.104115345,0.15180299,-0.35795355,0.027130913
0.642378121512486,0.5976205,0.9058162,0.94571126,0.11291985,0.1229746,-0.51242614,-0.42887935
0.9057335486718001,1.1641661,0.97774386,0.9647002,0.4693301,0.4897982,-0.07916208,0.1785691
0.8696081504326018,0.4953956,0.96909046,0.96144265,0.060805093,0.120786734,-0.88196117,-0.3820511
0.8431935487741951,1.1288191,0.98539764,0.97948074,0.2853168,0.204128,-0.4425961,-0.55351263
0.9027542030168121,1.0712526,0.97750384,0.9686467,0.5172986,0.5676867,0.18575597,0.36935267
0.9087560510242041,0.97843695,0.96030825,0.9608811,0.35692117,0.599875,1.0285339,0.06954839
0.7201525446101784,0.568383,0.9678636,0.9481851,0.065578334,0.08933411,-0.5908929,-0.3750325
0.7944594338377352,0.6622498,0.9369986,0.9487344,0.16147353,0.20547117,-0.0052515543,0.04735509
0.8298697514790059,0.8075546,0.9798979,0.9688123,0.16242509,0.15112382,0.07586073,-0.32550856
0.8749445237780951,0.6257506,0.9553153,0.95320255,0.13101868,0.21541822,0.51942617,0.1959809
0.7817381349525397,0.7764001,0.91622645,0.9530198,0.18293695,0.29038057,-0.7159339,-0.61818683
0.9146774507098028,1.0302347,0.98109,0.96852267,0.31267002,0.26478094,0.12799424,0.3050336
0.9271176604706418,0.7128848,0.98703897,0.9746593,0.10707648,0.190151,0.2858647,-0.23789814
0.5232619010476043,0.7590445,0.9311933,0.945295,0.11220347,0.0859113,0.3789291,0.2363987
0.8629194196776787,0.52002716,0.9738822,0.962471,0.05415789,0.114465185,-0.052215233,-0.08073249
0.7933906615626463,0.7028973,0.9442612,0.9460288,0.1583963,0.20059483,0.33943462,-0.0033322447
0.8136143904575618,0.7280232,0.9505343,0.94191337,0.18636245,0.18466225,-0.75612396,-0.411505
0.8674648458593834,1.0057507,0.9924918,0.98134077,0.18334161,0.14172782,0.5794916,0.5153256
0.7467227628910514,0.7602864,0.9453571,0.9566833,0.2202326,0.15607171,-0.20128329,-0.26413494
0.9392440449761799,0.81224304,0.9865545,0.9778261,0.165957,0.17670074,0.2101037,-0.2668671
0.9163643694574778,0.80066854,0.97104657,0.96102446,0.21647364,0.3609553,-0.265892,-0.107734
0.9408447299591934,0.9039436,0.9917654,0.9788184,0.3271793,0.28352526,-0.9892467,0.08249398
0.8814561338245354,1.1501249,0.9913879,0.97710013,0.42453906,0.43032274,0.37650526,-0.32333046
0.6328451873807496,0.6242707,0.92467546,0.94071144,0.13105136,0.11446745,0.20847283,0.1615093
0.8935340381361525,0.66880774,0.98585874,0.9643183,0.15059976,0.22876225,0.115084045,0.02552987
0.8789774999099996,0.8699646,0.98526347,0.9676368,0.20706412,0.16111176,0.25509506,0.68655634
0.8649947559790239,1.1941355,0.96609765,0.9616646,0.22504285,0.67682046,0.38127375,0.16983697
0.927937311749247,0.6866846,0.9874229,0.98022825,0.08567548,0.13246499,-0.34476674,0.01920993
0.9090572042288168,0.7711371,0.97957546,0.97756034,0.1603646,0.17693436,-0.2860026,-0.4112746
0.6896760707042828,0.61065596,0.9378775,0.9596912,0.11246597,0.09406687,0.0057001747,-0.2355782
0.8327687710750843,0.7355853,0.9613319,0.9623644,0.18049979,0.20225197,0.10513089,0.06167002
0.9380147600590403,0.78933585,0.9795049,0.9781363,0.26235256,0.2150169,-0.8030778,-0.044767957
0.7868496753987015,0.8156959,0.94707423,0.9471215,0.2083878,0.24381447,0.7067861,0.4741258
0.8233091812367249,0.8563028,0.99352616,0.9691823,0.20656821,0.26214495,0.2880127,0.91663593
0.7696643586574345,0.75167155,0.95218337,0.96736,0.13158292,0.15366404,-0.70578796,-0.5267157
0.765184692738771,0.56900173,0.9575005,0.9517519,0.09179977,0.089977555,-0.08604521,0.12993595
0.7280952323809294,0.5716029,0.9741125,0.94844586,0.14062937,0.12047626,-0.7243585,-0.22396052
0.8910486841947367,0.76398855,0.977463,0.9585792,0.25015652,0.28477126,0.17847511,-0.196394
0.947446221784887,0.7220551,0.9773669,0.98152876,0.2372427,0.20091873,-0.47944617,-0.057813104
0.9342129528518113,0.55690956,0.99034834,0.9729086,0.11600733,0.16503936,-1.3582156,0.0007972162
0.7369474277897111,0.8826411,0.94707644,0.9473138,0.19340909,0.16849057,-0.012370005,0.045783367
0.8055984543938175,0.58228105,0.9636687,0.9432242,0.10768667,0.14590985,-0.5597751,0.21453749
0.7006033144132576,0.7062685,0.95878106,0.96985525,0.1783187,0.124409325,0.8664555,0.5434733
0.7065056100224401,0.8293881,0.90875447,0.9537054,0.2200924,0.18034604,0.13849871,0.06854088
0.8132962167039762,0.7268632,0.9699577,0.9548092,0.1251591,0.16421093,-0.0077637453,0.18740772
0.8383059772239088,0.8588733,0.9565156,0.9679423,0.18884191,0.18651198,0.047142457,0.12804955
0.8309570518282072,0.9421613,0.9799977,0.9735812,0.17105351,0.20561233,0.023742206,-0.3252166
0.777380101520406,0.66828275,0.94267446,0.9545594,0.082038574,0.18570521,-0.5167503,-0.40187746
0.8744812259249036,0.67006356,0.9724478,0.9627242,0.11995412,0.11940529,-0.7646397,-0.35880378
0.9184590018360074,0.83453184,0.9824654,0.9815717,0.21071157,0.17992082,-0.020613164,0.0858018
0.9043155532622131,0.7588794,0.9862433,0.97455984,0.15343107,0.16021797,0.64781797,0.52653325
0.648999555998224,0.82222974,0.9702686,0.9492844,0.10585164,0.091279715,-0.023391983,0.4629499
0.8971208044832178,0.9235026,0.9793546,0.974868,0.18886913,0.17102903,-0.2364192,-0.38639656
0.9629785079140316,0.7202606,0.9844393,0.98535836,0.0915756,0.15352269,0.016939718,0.25845566
0.5113429733718934,0.6318412,0.94923055,0.9399572,0.06810453,0.1168117,-0.1806753,-0.11515527
0.8816985347941391,0.7727331,0.97236836,0.97475785,0.1657219,0.19288702,0.18285634,-0.24264531
0.942009816039264,0.94303125,0.96999,0.9822034,0.28942907,0.25084952,0.0870766,-0.038410336
0.8299165996663986,0.70314276,0.96340805,0.95946085,0.16481318,0.16898637,-0.20643665,-0.43297172
0.8903366493465974,1.0400013,0.9726793,0.9669658,0.23015535,0.5132285,-0.32190204,-0.35679433
0.7734973659894638,0.71285033,0.9252725,0.95644575,0.15066686,0.104528636,-1.1877166,-0.5945459
0.9089774279097115,1.0178906,0.97893435,0.9648021,0.37436277,0.61996126,0.07267675,0.19000211
0.8475904623618493,0.6956486,0.9883507,0.9835094,0.103008576,0.12284297,0.2749501,0.23027737
0.868376561506246,0.629495,0.95120007,0.9618695,0.18413585,0.16604258,0.8504828,0.6674163
0.8250376681506726,0.62140065,0.9812087,0.96191937,0.05809886,0.12842178,-0.14001669,-0.5549037
0.9321695846783385,1.1938937,0.98438627,0.98030597,0.3138797,0.25532317,-0.08258618,-0.19491996
0.7856731906927629,0.778405,0.97025365,0.9612318,0.1061996,0.18906993,-0.062717035,0.2843601
0.8961690566762267,0.6879994,0.9759481,0.9771928,0.14748833,0.22926994,-0.6972656,-0.27966
0.9158541274165095,0.76616025,0.9748471,0.9713611,0.1883319,0.18408522,0.3931098,0.090304784
0.7789074676298705,0.8463543,0.9515797,0.9589555,0.18719281,0.1635781,0.40026078,0.24405314
0.895312733250933,0.6531327,0.9820434,0.96885544,0.11725204,0.21644588,0.07397041,-0.362761
0.8507667310669242,0.7638744,0.9616744,0.96167153,0.1627866,0.24657328,-0.52152294,-0.2606664
0.8661995607982432,0.82970893,0.9640228,0.96431565,0.24800375,0.2517506,0.046568617,-0.30049914
0.8954508778035112,0.9650185,0.97043043,0.9778853,0.26449242,0.15634906,-0.41734722,0.3065788
0.8956926067704272,0.88915104,0.95530313,0.97206426,0.35335243,0.21336372,-0.05239701,-0.29697403
0.8101335125340501,0.8557207,0.96145856,0.9591889,0.14839508,0.1523316,-0.8996861,-0.47868437
0.8827224748898995,0.93237114,0.9659578,0.96736014,0.26084542,0.24052815,-0.15320756,-0.2753628
0.9334807579230314,0.75288564,0.97388685,0.9821154,0.11678684,0.17017129,1.5132515,0.48938355
0.8777768231072924,0.56579,0.96705323,0.96093565,0.06603152,0.14967585,0.23060083,0.21878088
0.7865816423265694,0.6733945,0.96060526,0.95424396,0.095565416,0.16639467,0.046975426,0.3616399
0.8649819879279517,0.60046107,0.9274797,0.961093,0.13690746,0.13609116,-0.085669644,-0.33811867
0.9338098472393889,0.82204235,0.991942,0.9814848,0.14166082,0.1353548,0.47573736,0.10125155
0.890999531998128,0.63135463,0.9602195,0.9583875,0.09396032,0.13948838,0.17841204,-0.2807928
0.8750983163932655,0.5019193,0.9912486,0.9674935,0.052590474,0.104174085,0.3004019,0.27882645
0.902066168264673,0.9672349,0.9855728,0.9711175,0.27511424,0.35747078,-0.009372194,0.13347901
0.8737938631754527,0.89911425,0.96005845,0.96757036,0.26693603,0.21380436,0.54682326,0.34207383
0.886377881511526,0.75065506,0.96739763,0.96635616,0.18437096,0.19804277,-0.15118569,0.19550043
0.820315313261253,0.7893486,0.93968225,0.950666,0.19164203,0.16398115,0.42868465,0.21034504
0.8658061512246049,0.6539689,0.9738339,0.9643716,0.105719104,0.11509572,-0.06566768,0.3814154
0.8698031272125089,0.7707461,0.9754689,0.97013223,0.17169009,0.22118297,0.14197955,0.2662354
0.5610131880527521,0.6175966,0.9360403,0.93502444,0.08877691,0.11323243,0.40725234,0.35268256
0.5297497989991959,0.5372262,0.88817376,0.9442327,0.061581735,0.11166864,0.46287417,0.45626625
0.8885266581066324,0.61226296,0.9890367,0.96436054,0.090360455,0.14588287,-0.8273982,0.23536275
0.8231743966975867,0.6966018,0.9509184,0.9543095,0.13308421,0.20971912,0.094631255,0.123937055
0.8489363877455509,0.8075578,0.956986,0.95367044,0.1933414,0.25937453,-0.043871343,-0.09697691
0.8312236448945794,0.9475321,0.9849647,0.9717254,0.18866427,0.18496308,-0.2853639,0.654038
0.7846783387133549,0.63677543,0.96176773,0.94598794,0.20276967,0.17389964,-0.18361907,-0.2290356
0.8748987315949264,0.7544504,0.9535895,0.96181667,0.17075957,0.20393391,0.051001955,-0.043384627
0.7607744350977403,0.9161708,0.9564056,0.96039534,0.2860287,0.22047402,0.34469122,0.024662027
0.8962285769143077,0.6090857,0.9709985,0.963199,0.11513195,0.21426268,-0.740394,-0.7569327
0.8650560042240167,1.1309677,0.9660952,0.9602429,0.54653126,0.32370704,-0.012748124,-0.03895538
0.6194331657326628,0.5393693,0.9046579,0.943711,0.076672494,0.1257987,-0.29389068,-0.18324028
0.812379729518918,0.7402151,0.9696025,0.96291745,0.12403043,0.15325485,-0.7410032,-0.9405778
0.8173804855219421,0.875195,0.94618404,0.9652766,0.20957221,0.18540785,-0.17202447,-0.08867425
0.8908080112320449,1.1596867,0.98186177,0.9844936,0.295735,0.32551777,-0.06293824,-0.33667082
0.8453891735566941,0.8535199,0.9859171,0.98702943,0.080082744,0.13821553,0.5593592,0.7805147
0.867248556994228,0.7208183,0.9401934,0.9623307,0.13713293,0.23349325,0.5284439,0.28777412
0.8043838575354301,0.6485997,0.9599493,0.9586265,0.1400583,0.17978136,-0.25904146,-0.38021982
0.9253953175812704,0.88124555,0.97809756,0.9830229,0.19026956,0.18027619,0.4241016,-0.11436941
0.8538904875619503,0.8031482,0.98300385,0.9664256,0.09406766,0.14564063,0.40344805,0.52287805
0.9089965319861278,0.5724604,0.9678923,0.9660894,0.117253326,0.14155973,-0.20142055,-0.11052813
0.8325534422137688,0.73167247,0.9737637,0.9678948,0.11008356,0.11934846,-0.936155,-0.10132121
0.8255126780507122,0.7324335,0.9322834,0.95297825,0.25562868,0.19382156,-0.14685823,-0.15510972
0.9015691742766971,0.9103875,0.95770293,0.98020256,0.23252593,0.13029863,-0.6401268,-0.34419665
0.8751515966063863,0.6670602,0.97569543,0.9769975,0.13148557,0.14577766,-0.10849959,0.08213938
0.9258205992823971,1.0387806,0.97147334,0.970098,0.37979248,0.30495656,0.047373872,0.14879668
0.7910165720662883,0.6540526,0.9592716,0.9455525,0.12597768,0.11865175,0.35434145,0.03821668
0.6305766983067932,0.7031795,0.9389673,0.9446768,0.15815279,0.10074541,-0.0762958,-0.19289339
0.64287914751659,0.74216086,0.93976045,0.9472149,0.18823037,0.13600206,-0.54652977,-0.2445107
0.9255918303673214,0.68986124,0.9704087,0.97130114,0.17003219,0.2311604,0.3508957,0.23194422
0.7671781407125627,0.61729527,0.92288154,0.9426092,0.09826448,0.12607573,-0.16250153,-0.08805439
0.6315987183948736,0.7465094,0.9371067,0.9440883,0.1392817,0.10395604,0.6167104,0.38895744
0.9203764175056698,0.689029,0.9856804,0.98140323,0.0803395,0.18338142,-0.7261322,-0.21639289
0.8240291841167364,0.48895872,0.95884466,0.9550307,0.060298588,0.09319488,0.049336974,-0.011687142
0.8558061752247009,0.8435559,0.9399559,0.9605993,0.27116242,0.31480685,0.5899543,0.37573317
0.854434809739239,0.97770774,0.99459696,0.98539567,0.084530406,0.22413121,-0.36310652,-0.09418314
0.9623235932943732,0.8951263,0.9931346,0.989118,0.10372653,0.2027603,0.74086183,-0.13687852
0.7167892671570687,0.5309277,0.9292752,0.9465241,0.074891716,0.11471607,-0.115162365,-0.30701718
0.8676457105828423,0.9802094,0.9587838,0.96512854,0.39004862,0.30661345,-0.4522135,0.2925527
0.9322900651602606,0.90209925,0.97312003,0.98430574,0.23595333,0.15539226,-0.31087714,0.11298366
0.8914198216792867,0.756982,0.97482085,0.96132755,0.11873238,0.13416123,0.19723237,0.17966732
0.9025958023832094,0.69220084,0.99221796,0.9789958,0.13043487,0.13634591,0.7703126,0.29788095
0.8573837495349982,0.9071029,0.9862433,0.972465,0.15343107,0.25875098,0.64781797,0.4124426
0.8779336877347509,0.7924552,0.9853934,0.98447114,0.13628994,0.17625986,-0.17343532,-0.23516291
0.7779536078144312,0.9683912,0.9300064,0.94103825,0.35638133,0.17536326,-0.6087836,-0.52498585
0.9323917295669182,1.0162222,0.9791455,0.9813678,0.24417669,0.21578743,0.048840206,0.06595207
0.8913109572438289,1.1262324,0.9603938,0.96671975,0.38060716,0.6340616,-0.14603384,-0.3627847
0.8653636854547417,0.8442759,0.9739197,0.96767896,0.25268608,0.19549586,0.23456067,-0.06456654
0.8960020160080638,0.63311416,0.9867198,0.97332877,0.09847126,0.17600104,0.5122947,0.19907805
0.7923130572522289,0.63465786,0.917619,0.94032156,0.1692757,0.18663152,0.3390365,0.081370965
0.926573722294889,0.7384221,0.9888794,0.9762364,0.10788975,0.24898325,-0.6581112,0.023652857
0.9318448153792616,0.7725129,0.9857315,0.9776089,0.15454854,0.26063374,-0.46379465,-0.13962647
0.9404651698606794,0.78078973,0.96684945,0.9798146,0.195284,0.26200092,-1.4050767,-0.3751882
0.7929813159252638,0.8719197,0.9566575,0.95991516,0.20021625,0.21505111,0.7320913,0.41174275
0.950939579758319,0.90637726,0.98444426,0.98691213,0.25908062,0.20428653,0.19806483,-0.2345162
0.6424078816315264,0.6614386,0.9549438,0.9460281,0.07815563,0.118961304,-0.5220671,-0.1618625
0.7286419545678183,0.7497806,0.948973,0.9537776,0.12830369,0.15267774,0.41876677,0.11379802
0.6655767103068412,0.590265,0.9439637,0.9292206,0.085893996,0.124231994,0.7827749,0.6552895
0.8902778011112044,0.92824405,0.9847413,0.97156644,0.11340452,0.2871258,0.22307602,-0.12716049
0.6246976347905392,0.6727599,0.9372752,0.9348799,0.16989683,0.088340305,-0.30449826,-0.25910237
0.917436117744471,0.9032204,0.97421306,0.9765126,0.23133749,0.3647837,0.2643919,0.20797652
0.8443314413257652,0.6532001,0.98272574,0.9539525,0.16681722,0.1878893,-0.20947987,-0.40670583
0.9436916467665869,1.0206714,0.979407,0.97935134,0.2228076,0.35641354,-0.4186305,-0.042723894
0.8931223884895539,0.74456406,0.9750036,0.96258014,0.15191524,0.24624851,-0.14446947,0.043583505
0.9234249096996388,0.7613735,0.97809654,0.9748381,0.14359502,0.2701525,0.22529852,0.13619477
0.9153031812127248,0.7955652,0.9944579,0.9870932,0.12572706,0.19301578,0.6677945,-0.1617276
0.9052178608714433,0.58618945,0.9943856,0.97511244,0.06887827,0.10195947,0.9316355,-0.35461792
0.8708671954687818,0.96584004,0.9678687,0.97189516,0.25103045,0.27621016,-0.13503288,-0.06490687
0.6840262561050244,0.72759473,0.92169386,0.93675834,0.20766997,0.14078584,-0.2394103,0.11658569
0.7066117864471457,0.6456502,0.9589023,0.93955684,0.1532668,0.1333136,-0.08061073,-0.011673102
0.9024797379189515,0.701793,0.98383945,0.9710055,0.08864579,0.12896486,0.09810327,0.10684024
0.9444249936999748,1.0878199,0.98379904,0.98162407,0.1713366,0.2419822,0.475783,0.275448
0.7736811107244429,0.77194625,0.9024202,0.94713897,0.17301938,0.24605699,0.68382424,0.2810992
0.9510925083700336,0.66340476,0.98456883,0.980954,0.13038479,0.15320323,-0.26556766,0.19816446
0.9343870015480062,0.7286246,0.99495196,0.9866061,0.14775275,0.14558345,-0.020233205,0.1337448
0.8937072228288914,0.51832473,0.9770032,0.9659618,0.08357117,0.13229935,0.52334017,0.11951931
0.3712268609074436,0.541738,0.9169129,0.925615,0.066723,0.06169465,-0.15636024,0.009958259
0.8516348625394502,0.67729205,0.98152983,0.9614158,0.08756424,0.13668515,-0.4993342,0.109786466
0.8969260197040788,0.7746075,0.9849232,0.9783695,0.20386845,0.26559955,-1.8918077,-0.25869474
0.9182159288637155,0.6316848,0.97521317,0.9651684,0.14987506,0.20123881,-0.29027966,-0.19466087
0.8487053148212592,0.72649026,0.9668586,0.96435237,0.14738955,0.09786704,0.25502855,-0.06378271
0.8890634922539689,0.6098756,0.98648405,0.97038347,0.068204544,0.08646927,-0.09910026,-0.14593837
0.8973638774555098,1.028217,0.97893435,0.9701308,0.37436277,0.4049658,0.07267675,0.1974332
0.9347052428209711,0.8638327,0.9940142,0.9767807,0.25845644,0.3530345,-0.52142334,-0.14250621
0.9322733610934443,0.73066986,0.98345464,0.98508257,0.10299142,0.12775038,-0.18069874,-0.00781723
0.8690685322741291,0.98793805,0.97589433,0.96691287,0.37005574,0.552203,-1.1599925,-0.09294405
0.8644019536078144,0.7639358,0.977153,0.9758857,0.13567302,0.15365553,-0.13066451,-0.117258966
0.8585982503930014,1.2628931,0.9649978,0.9744975,0.34497863,0.27462807,0.20493302,0.3723791
0.9260410161640646,1.2983834,0.9692317,0.96488297,0.6035759,0.52353865,0.37178287,0.19279529
0.8949842199368796,0.6983608,0.992999,0.9754959,0.15944561,0.25000754,-0.5908984,0.12008087
0.6973700214800859,0.64193493,0.9523106,0.9499208,0.09680858,0.11172747,-0.03037239,0.29020715
0.6987552110208441,0.5255057,0.9039992,0.93213785,0.09297137,0.12193442,0.37196472,0.28260908
0.8774384217536869,0.6928715,0.95166254,0.97388506,0.15047029,0.21831782,0.9587384,0.5543817
0.8542931131724527,0.8912391,0.92781043,0.9511936,0.39187527,0.3215708,-0.18524612,-0.23921332
0.905874695498782,0.7460192,0.96205306,0.9776224,0.15289104,0.16730501,-0.0791695,0.06703753
0.894757851031404,0.56517404,0.9626769,0.9719343,0.1515929,0.13518214,-0.25794393,0.22673549
0.8269976119904479,0.7256815,0.97531503,0.97322977,0.1272429,0.10854437,-0.6749438,-0.32378957
0.902937755751023,1.0775276,0.9758003,0.97859955,0.42292687,0.32606176,0.51407915,-0.045296527
0.8348070512282048,1.1895145,0.9776204,0.9438197,0.5992304,0.41372317,0.16382983,-0.048324343
0.7519268477073908,0.6122287,0.97206646,0.97067165,0.10776362,0.08926419,-0.10985298,-0.3786654
0.8288977475909903,0.7862831,0.939506,0.974211,0.16753109,0.15298434,0.49869242,0.36070144
0.7892193488773954,0.669339,0.9349587,0.9543939,0.13382882,0.123341285,0.6629155,0.55788636
0.8854594458377832,0.6445107,0.9913697,0.97357535,0.08311257,0.122512,-0.50283676,0.04406078
0.8617471589886359,1.0256586,0.9417413,0.9481341,0.31777728,0.54005873,-0.6817008,-0.036617626
0.8098847755391021,0.8442736,0.9719219,0.97157377,0.17234099,0.19838761,0.11741525,-0.4788335
0.924178224712899,0.6485862,0.98539644,0.9797083,0.11640075,0.18220752,-0.23687509,0.13247202
0.9067377389509558,0.80748105,0.9898307,0.97110224,0.2379791,0.40140852,-0.7381737,0.06294705
0.8579259597038387,0.8085479,0.9754689,0.96216613,0.17169009,0.36881846,0.14197955,0.25932658
0.8439177756711026,0.65202177,0.9799923,0.9747671,0.084789306,0.08641312,0.9024717,0.207504
0.6080371521486087,0.60208356,0.94424295,0.9438482,0.06432073,0.089416996,-0.25827387,-0.06830047
0.873439045756183,0.5477211,0.97517097,0.9684854,0.11373508,0.10070572,0.1371175,0.145641
0.782815259261037,0.9218684,0.94021094,0.9549413,0.25852752,0.17176588,0.4970747,0.25494787
0.94788100752403,0.834976,0.9937353,0.9877447,0.11737015,0.20833907,0.39911982,0.13493006
0.8550274201096804,0.8691217,0.94271713,0.95864946,0.21772495,0.29483032,0.24543957,0.14388897
0.6293547094188375,0.5505077,0.9046579,0.9384634,0.076672494,0.13261469,-0.29389068,-0.11870708
0.8632145248580994,0.69294524,0.97657084,0.9689289,0.11439695,0.10049584,0.18831797,-0.355449
0.9145483301933206,0.61778355,0.9875562,0.9725317,0.1362477,0.16084467,0.5288342,0.6090466
0.8624062976251905,0.71651566,0.97968036,0.9638327,0.13710177,0.14654367,-0.31083038,-0.23908713
0.9276249264997061,0.92874986,0.9650646,0.9842832,0.31606832,0.17194057,0.89848405,0.0150351105
0.7448462433849735,0.6497074,0.96264315,0.94447184,0.08469984,0.10300522,-0.13606146,-0.26374587
0.8132936531746127,0.57701373,0.961837,0.9632747,0.08776867,0.12692915,-0.5646534,-0.3182197
0.847441469765879,0.6093781,0.9550093,0.9651444,0.10757525,0.11369359,-0.029546333,-0.16981083
0.7809782919131676,0.6909602,0.95932037,0.951836,0.17458081,0.12921704,0.1693131,0.35101983
0.7065837543350173,0.9127741,0.9578188,0.9646503,0.28828377,0.17867659,0.28915,0.20657988
0.8616849507398028,0.59690565,0.99212205,0.96900165,0.081095144,0.11905255,0.06260687,0.1471741
0.8454707738830954,0.86569315,0.9537697,0.9648213,0.2649899,0.20630354,-0.3380445,-0.6389778
0.8520740642962571,0.6698504,0.9609006,0.9665672,0.20378211,0.21839423,0.48691177,0.12302796
0.7826342985371941,0.55268043,0.9596912,0.9472464,0.10638002,0.1504725,-0.3795878,-0.35975617
0.8808657314629258,0.82725626,0.9922425,0.9777031,0.1459491,0.21154024,-0.61578923,-0.43610686
0.8502735770943084,0.86578745,0.9862433,0.9733799,0.15343107,0.19023627,0.64781797,0.46712857
0.9148680114720459,0.71518075,0.97622645,0.9707121,0.15944114,0.19924532,-0.49448368,-0.0046096835
0.8280863523454093,0.68362546,0.95433396,0.9641187,0.16788599,0.17024687,-0.3999964,-0.02543149
0.8614770139080556,0.6144879,0.9729438,0.9677585,0.10591306,0.1243214,-0.1716463,-0.20897454
0.926377113508454,0.8455043,0.9933398,0.98408526,0.09310161,0.1121784,0.34130284,0.52914435
0.8053226452905812,0.81602234,0.99191296,0.9781396,0.10004402,0.17333226,0.5959334,0.53593636
0.5431152604610419,0.736425,0.9040797,0.9506935,0.14499447,0.13880374,0.4291185,0.07534766
0.7962046248184993,0.7491497,0.9252492,0.9458448,0.16434184,0.16283204,0.4645962,0.16192517
0.8253673334693339,0.777637,0.9518925,0.95570475,0.28303638,0.19065504,-0.33888954,-0.42594203
0.9132591410365641,0.9784539,0.97893435,0.96536773,0.37436277,0.42564267,0.07267675,0.36425307
0.9154818379273517,1.0563079,0.9814642,0.9791058,0.24915302,0.380967,-1.0988843,-0.16831626
0.6933297493189972,0.6943449,0.9354372,0.9525326,0.10621021,0.16048983,0.9181671,0.70304036
0.8681877287509149,0.7140476,0.9872047,0.971229,0.07804867,0.17826232,0.47921476,0.48273665
0.8110210360841443,0.6078238,0.9815848,0.95781183,0.10764912,0.1439731,0.0816263,0.011628522
0.8463732734930939,0.8573391,0.9647206,0.97256607,0.20247628,0.14975114,0.0740133,0.2951451
0.719696926787707,0.5660653,0.94915915,0.9490944,0.06692507,0.11322473,-0.1458385,-0.10536322
0.8291805647222589,0.9295713,0.947943,0.95780414,0.2871758,0.20364836,0.63643205,0.35369733
0.79837701750807,0.82780504,0.98391896,0.9629375,0.17785428,0.28785878,0.58178765,0.6226473
0.7285578582314328,0.7673698,0.99093634,0.98006916,0.08363209,0.13983989,-0.50761724,0.23337254
0.8519547358189433,0.8539317,0.9718544,0.9716984,0.20471391,0.24787273,0.99706763,0.8654191
0.639747806991228,0.5250168,0.93944174,0.9402144,0.07778549,0.10620017,0.49624693,0.25567847
0.45728467713870846,0.5633261,0.91427284,0.94206524,0.07027674,0.09300849,0.70841736,0.7483776
0.7099212076848307,0.6178841,0.9579006,0.94896966,0.09924145,0.14005043,0.88623863,0.47041735
0.8214767259069037,0.67959046,0.9715081,0.9571633,0.13293865,0.10814062,-0.22428021,-0.008270719
0.6659864399457598,0.42562497,0.93386686,0.94111824,0.053250182,0.08010555,0.40157846,0.5546303
0.8975191100764401,1.2005869,0.9906461,0.9767726,0.33619472,0.5394097,0.08820995,0.25141504
0.8483082572330289,0.97315794,0.9682286,0.9646966,0.22333226,0.21034822,0.19369297,-0.2636496
0.8376983907935632,0.87337327,0.9445614,0.9525516,0.31900096,0.31968528,0.060788397,0.08597904
0.9083926895707584,1.1357746,0.97104543,0.9744517,0.49603358,0.34505135,0.14627062,-0.4376499
0.8487628190512763,0.695693,0.95722884,0.963848,0.09562837,0.1987958,-0.96797454,-0.38688108
0.8937166308665235,0.7717217,0.9607028,0.9589517,0.27699316,0.27795893,0.15798578,-0.08931733
0.928568610274441,0.6181387,0.9911621,0.9817389,0.07751285,0.11696401,-0.8392803,-0.005130665
0.8309861399445597,0.9028829,0.9573404,0.9770321,0.11659851,0.14310315,1.166272,0.9716009
0.9407962751851006,0.7893467,0.99359876,0.9825707,0.20213374,0.24181627,0.7840676,0.13258468
0.8552850851403406,0.88442105,0.9694749,0.96591556,0.2841623,0.19938727,-0.4082037,0.09401501
0.8575283261133044,0.83442795,0.9754689,0.9655461,0.17169009,0.18990272,0.14197955,0.26703075
0.9230362041448165,0.8913004,0.9898505,0.98048675,0.101363234,0.13409694,0.4939101,-0.11556586
0.8943820095280381,0.5176265,0.9830343,0.96743774,0.0796118,0.17680022,0.08343682,-0.071809955
0.9255394141576564,0.827562,0.9680528,0.9758932,0.22434695,0.19282673,1.0345105,0.25051925
0.8477323509294036,0.67245257,0.9791725,0.9607656,0.09693113,0.17460388,-0.89358026,0.16600715
0.9035942063768254,0.5837392,0.96436256,0.9587749,0.12020126,0.2631758,-0.17739327,-0.2540204
0.8219053676214704,0.8462662,0.982831,0.9562259,0.22176662,0.31008002,0.13414326,-0.04353539
0.8303990975963904,0.9515146,0.9761163,0.9646798,0.27429733,0.1744415,-0.8136502,-0.13896418
0.6933632534530139,0.7186982,0.9606305,0.95769167,0.12734616,0.14952067,-0.45215213,-0.49215183
0.7104158976635906,0.9829269,0.96229947,0.9574115,0.19557452,0.11248418,-1.360012,-0.4787923
0.7827860751443007,0.54681593,0.9630033,0.951091,0.06618607,0.12650652,0.10510523,-0.19529577
0.9325811383245534,0.7384492,0.9882494,0.98080045,0.11575931,0.2107733,-0.58629453,0.30858147
0.8953893415573663,0.88778746,0.9800717,0.96801275,0.2524837,0.39297023,0.10763465,-0.4524139
0.8663362653450614,0.84475785,0.9656954,0.9718744,0.19485976,0.16592094,-0.6656382,-0.8173684
0.6949185556742226,0.6313158,0.955438,0.9414302,0.10808635,0.1361105,0.18403235,0.1066301
0.7836157104628417,0.59749794,0.970118,0.95121294,0.10314288,0.1400694,1.0179799,0.53350663
0.8469531158124634,0.85713995,0.95248896,0.96235174,0.21195155,0.20896846,-0.21192989,-0.23067234
0.9422408889635558,0.8076536,0.9774167,0.9833724,0.1386328,0.17399552,0.19036546,0.08464476
0.9186913227652909,0.72727066,0.9918586,0.9784433,0.1211612,0.22010624,-0.5056423,-0.82348007
0.8813356533426133,0.6051426,0.97209984,0.96837246,0.10440222,0.13789213,0.52813005,0.28162178
0.897185892743571,0.79200166,0.95188314,0.95270693,0.32823285,0.41878048,-0.40106907,-0.07301337
0.8268924915699661,0.72035676,0.9342636,0.9446276,0.16464804,0.1461168,0.083054595,0.086993456
0.9248486913947656,1.0794764,0.9731745,0.9836681,0.2870221,0.23665263,0.3405034,0.5128787
0.8798114552458209,0.86849666,0.9587209,0.9707418,0.20155726,0.16230497,0.3543543,0.0044715204
0.8592872451489806,0.69295293,0.91854066,0.9570954,0.16092892,0.18909198,-0.032792974,-0.02581222
0.7172646610586442,0.79209036,0.93679327,0.9588312,0.17097928,0.13417608,-0.23135842,-0.26340628
0.9409212676850707,0.69397694,0.9937045,0.9812631,0.082015745,0.15406807,-0.21981743,0.40653372
0.9431252445009781,0.7638619,0.9808203,0.97508454,0.15109044,0.20238201,0.13913131,0.5642134
0.9179518318073271,1.1917875,0.9885119,0.97475296,0.39609462,0.5322309,-0.6717365,0.08816183
0.8868378193512774,0.5883606,0.97260916,0.9731614,0.11968102,0.13580322,0.09691111,0.17006417
0.7899357037428149,0.69283104,0.9445911,0.95984167,0.1450361,0.1416943,-0.5958399,-0.51947683
0.9236170064680259,0.9487479,0.9701893,0.97380865,0.22589386,0.32814497,0.38931113,0.2008436
0.7129983079932319,0.7322874,0.9800998,0.9753911,0.08329563,0.080660254,0.2880263,0.4800216
0.8315794223176892,0.6999668,0.9666886,0.96002674,0.10622127,0.15417753,-0.043637227,-0.024446227
0.9048932835731341,0.83608186,0.9923854,0.9786413,0.23172104,0.20493335,0.475076,0.18599784
0.6771998607994432,0.8551626,0.9517061,0.9507267,0.17839651,0.17578551,-0.2091581,-0.7380708
0.8571134124536498,0.7609434,0.9667916,0.96350825,0.1460202,0.2051007,-0.7864009,-0.24946916
0.8560368641474565,0.9676396,0.9696946,0.96447855,0.4410861,0.32169372,0.03313773,-0.3117988
0.8348475633902537,0.6443605,0.9472804,0.95477396,0.12510686,0.17146085,0.5320879,0.20060395
0.662059640238561,0.7146044,0.97248435,0.9599973,0.12544125,0.106503576,0.08754354,0.13778168
0.8724773139092556,0.6912702,0.9791077,0.9614312,0.13645265,0.23883455,0.80147105,0.3715105
0.7429821079284317,0.62891525,0.9423985,0.9480424,0.13942918,0.17027342,0.26269406,-0.12737162
0.8403851535406143,0.8051174,0.9851108,0.9670873,0.18320845,0.25671223,-0.46836194,0.033686504
0.8976650306601226,0.86450833,0.96136415,0.97575116,0.2634379,0.18755998,0.07501493,-0.6780519
0.9440151680606722,0.85510474,0.98771554,0.9841743,0.19870692,0.22782874,0.03534576,0.19705284
0.8154183336733346,1.0471709,0.97118574,0.9605619,0.26686293,0.25239313,0.768957,0.35575172
0.7971933327733312,0.94325066,0.9708638,0.95340866,0.22194155,0.29455724,-0.7582804,-0.64409906
0.8155283501134003,0.67820174,0.9463084,0.9589384,0.22329813,0.15261428,0.26694283,0.18959235
0.9524390097560389,0.920555,0.9826352,0.9811427,0.24785061,0.26732466,0.3795867,0.2646932
0.9085196980787923,0.7946036,0.98500586,0.9754523,0.2484405,0.17699823,0.2680691,0.09156061
0.7912592610370441,0.7217454,0.9696738,0.95975494,0.15581195,0.14734061,0.21436608,0.35412902
0.8157740150960603,0.6039591,0.97107476,0.96850884,0.05713137,0.10567371,-0.23549767,-0.6012897
0.8657074628298512,0.71371245,0.97529286,0.96236056,0.16968319,0.16161679,-0.37929866,-0.67551875
0.7696994947979793,0.73451304,0.9554738,0.96702206,0.12652291,0.17260864,-0.18818702,-0.09581031
0.8819645518582073,0.6719774,0.9793227,0.9681969,0.1074144,0.13650423,-0.24834347,-0.33593777
0.8069438037752151,0.9430299,0.96485084,0.9605575,0.28220156,0.22054918,0.9489394,0.79847735
