correlation,rmse,generative_a,estimated_a,generative_sigmasq,estimated_sigmasq,generative_mu_x,estimated_mu_x
0.5266078024312097,0.7267745,0.9611305,0.95502925,0.07085304,0.1364726,0.17737187,0.36387962
0.627498925995704,0.6329491,0.93115824,0.9518648,0.102121845,0.14924079,0.040762052,0.17203705
0.8758620954483818,0.7172324,0.95995235,0.963423,0.1314148,0.22991793,-0.6910442,-1.1983309
0.8694244056976227,0.48112813,0.9561979,0.95298505,0.08041293,0.09941762,0.92426217,0.6378629
0.9066235944943779,0.8574554,0.9751533,0.97214556,0.20043157,0.2403429,0.8757046,1.0011883
0.5782229848919396,0.55915326,0.932136,0.95449376,0.10233722,0.076417014,-0.14911726,-0.4309465
0.8888645794583178,0.6256753,0.9683527,0.96365505,0.06369313,0.12259589,0.39510047,0.4065384
0.8658121992487969,0.8487916,0.9872458,0.966554,0.21193163,0.23787884,-0.21406764,-0.80881697
0.8077244788979157,0.4514361,0.92279685,0.9535749,0.07826912,0.08642795,-0.031697787,-0.12902793
0.7829901719606878,0.6916619,0.93256086,0.96305496,0.160125,0.11480085,-0.03551748,-0.3803588
0.7453074292297168,0.59540975,0.9558992,0.95388955,0.08348831,0.111074805,-0.46249187,-0.04739163
0.7743095292381169,0.6199464,0.9470106,0.96362364,0.12201212,0.12386873,0.33586124,0.59150493
0.9366068184272737,0.7954199,0.9865268,0.9740323,0.13874981,0.18555105,-0.06461232,-0.2849158
0.9228637874551496,1.0780523,0.98462296,0.96832794,0.48608705,0.5605264,-0.8772522,-0.031132484
0.8361222564890258,0.6055226,0.9545666,0.95981276,0.13624984,0.1322805,0.24977958,0.66411906
0.80288058752235,0.98873055,0.9604785,0.966165,0.26784047,0.23260981,-0.5016184,-0.60139656
0.7653362773451093,0.7478201,0.95026714,0.9614846,0.093959175,0.12859903,-0.35504133,-0.42914042
0.8251078444313776,0.66064674,0.9369267,0.9572687,0.15919317,0.1256438,0.0056986813,-0.10272083
0.7263918015672063,0.92261904,0.9363535,0.96591556,0.22008368,0.13787778,-1.0679272,-0.95109355
0.8893815415261661,0.7981892,0.9862433,0.96712834,0.15343107,0.33965823,0.64781797,0.71744496
0.8491581486325945,0.5901452,0.95904994,0.9574967,0.07544837,0.1160467,-0.22193277,0.16442539
0.7790427321709286,0.5435972,0.9201084,0.9605829,0.10583509,0.09873658,-0.34900257,0.08629016
0.8205416821667286,0.60913235,0.9746619,0.95833045,0.13707659,0.122261316,0.5693308,0.88356394
0.8113318853275413,0.7379885,0.96692616,0.96232927,0.14736347,0.16511054,-0.0782879,-0.59321827
0.8692876051504205,0.9524944,0.9465095,0.95375204,0.40443906,0.5510603,-0.29934466,-0.13828103
0.8086671066684268,0.8511568,0.90794146,0.95386994,0.36533302,0.28283936,0.096972,0.19073427
0.8763664814659259,0.8341492,0.9924448,0.97116005,0.12993649,0.12552854,0.20584643,0.7021701
0.9259938799755197,0.85430837,0.9926659,0.97247314,0.16614152,0.30380085,0.24996307,-0.940299
0.8150980763923056,0.55282986,0.93885636,0.9558211,0.109778896,0.1318065,0.33283105,0.41176254
0.9122039048156192,1.2074068,0.9638623,0.9657198,0.55447876,0.6496552,-0.55915016,-0.36041108
0.8081320965283861,0.667252,0.9627608,0.9586979,0.16337553,0.16098128,0.77937675,0.88915837
0.8721484165936664,0.6505407,0.9660274,0.9603807,0.12645754,0.15088962,-0.47749168,-0.16039027
0.8503070812283248,0.55148345,0.9824252,0.96020657,0.043929864,0.08845114,0.05832234,-0.7118037
0.8476567026268105,0.7142497,0.97038144,0.9652911,0.15734655,0.17462955,-0.094119236,0.020526052
0.7944937059748238,0.8784222,0.97984475,0.9700839,0.10221573,0.12944233,0.6708253,1.7416571
0.7905319621278485,0.5233205,0.94462013,0.95526564,0.07996757,0.10118841,-0.95995504,-0.43913686
0.8274483056519822,0.7076156,0.98325396,0.95844066,0.10661639,0.11371637,0.53646,-0.102522515
0.865691334765339,0.69093347,0.96477896,0.963807,0.10766228,0.11796465,0.08954643,0.46171963
0.8542340729362917,0.86185366,0.9502583,0.9587287,0.22584848,0.24103647,0.31756103,0.67686844
0.6557796791187165,0.6489565,0.9467816,0.95236415,0.14046979,0.110315934,0.25213155,-0.24719265
0.8646768987075948,0.91870546,0.97342175,0.9686011,0.21461274,0.29221082,-0.026728095,-0.63704616
0.760688706754827,1.0176878,0.9409366,0.9547399,0.17962547,0.43747178,0.7104656,0.671747
0.8550608282433129,1.1742475,0.9291382,0.9606604,0.42566952,0.1769156,0.87132734,0.78926957
0.8796642866571466,0.6311305,0.9801898,0.9724994,0.09377436,0.12029972,-0.31311,-0.11729975
0.8867035148140592,0.9066483,0.99063575,0.97470987,0.21549402,0.20619969,0.45878112,1.2482288
0.8471210204840819,1.0267205,0.95602185,0.96390396,0.3077702,0.31391716,1.0125535,1.0784267
0.9219929679718717,0.7874548,0.9762438,0.9694035,0.18750179,0.15168275,-0.33626056,-0.16881356
0.7751525086100345,0.7150386,0.95583665,0.9623281,0.14912744,0.172862,0.5541116,0.49911305
0.8032206208824835,0.7702859,0.94179267,0.95850796,0.17136005,0.16984256,-0.21401866,-0.38321382
0.8191738686954748,0.54456854,0.97129035,0.9600894,0.0842709,0.10974661,0.17935324,0.24480619
0.8244889299557198,0.5388363,0.9751945,0.9590375,0.09848594,0.121567085,-0.12735234,0.01981063
0.8245777303109213,0.65888005,0.967562,0.96000195,0.07262571,0.15274681,0.052438397,0.28925514
0.7874560138240553,0.8646442,0.9228234,0.95932883,0.30023518,0.18023558,-0.6186461,-0.6437085
0.9013669014676058,1.0246006,0.9798257,0.9776956,0.2212032,0.33615366,-0.3348652,-0.26616785
0.8942481849927401,0.66587543,0.98337346,0.97049016,0.1435217,0.16047281,0.29432687,0.41107315
0.7123272653090611,0.6431053,0.9423335,0.95025975,0.12162848,0.13143775,0.12173692,-0.13851921
0.8831325885303541,0.8053415,0.9668351,0.9579401,0.1836623,0.262072,0.19334419,0.17141627
0.7806447865791463,0.69891053,0.9325231,0.96845776,0.13252874,0.072249085,1.1074411,0.94230425
0.797442549770199,1.1155864,0.9082826,0.95674545,0.42190465,0.15500504,0.94725657,0.6385301
0.7685567062268249,0.88360214,0.9531788,0.95799905,0.23937507,0.23106761,0.54861647,0.23233019
0.8584652898611594,0.8958236,0.96184295,0.9577267,0.23169358,0.25330532,-0.44201306,0.2115204
0.5677512630050521,0.60863626,0.9624956,0.953506,0.06131891,0.073297076,0.23539725,-0.19362728
0.7510447961791847,0.54901284,0.97623384,0.9518359,0.06348583,0.09003125,0.19282536,-0.23598295
0.6399218556874227,0.68129724,0.9614423,0.9535508,0.12122505,0.08094146,0.7366967,0.8932385
0.8365572342289368,0.67846096,0.9492084,0.9637111,0.19789046,0.13556133,0.12861249,0.17813498
0.939264781059124,0.807066,0.9653838,0.9677777,0.1960415,0.3574434,0.38812226,0.13551004
0.8170128040512162,0.59047306,0.9831877,0.9749475,0.06137288,0.09001484,-0.04046847,-0.08006407
0.9343533054132217,0.9776945,0.9844866,0.9839763,0.14330126,0.20091851,0.33388287,0.74513006
0.9153228612914452,0.6231671,0.9864927,0.96226496,0.07056443,0.25090107,-0.016117308,-0.12904455
0.8904815139260557,1.0027974,0.9711609,0.9588172,0.3100181,0.58241194,-0.4600701,-0.30751076
0.9199157116628466,0.80495614,0.99258447,0.9845574,0.18822756,0.14811309,-0.15547529,-0.24535255
0.9110124440497761,0.8598585,0.9602967,0.9726609,0.24217382,0.26413038,-0.25171316,0.22463542
0.8357390229560918,0.6621541,0.9835243,0.977247,0.12652679,0.068393916,0.11236703,-0.19514316
0.8758693914775659,0.78100604,0.98472244,0.96105033,0.13086171,0.114683814,0.04357731,-0.18336245
0.7652727250909004,0.5494058,0.9516821,0.95946723,0.07031743,0.08290379,-0.29676667,-0.3441607
0.6355979983919936,0.7222142,0.9220994,0.95312726,0.15637939,0.055421114,-0.79759353,-0.6621081
0.8166984987939951,0.79239583,0.96223927,0.96248215,0.19308895,0.1693765,0.048905652,0.009846715
0.9320857763431054,1.0510545,0.99484223,0.9854213,0.20053978,0.2853076,-0.15497217,0.32452035
0.8397934071736286,0.71860456,0.9729783,0.9648105,0.099998616,0.10171926,1.0332851,0.60318595
0.7964625778503113,0.83908314,0.9652176,0.9670813,0.17301315,0.11062302,0.025700783,0.30180496
0.9181154164616657,0.7798848,0.98885226,0.97334075,0.10301653,0.21692741,1.0052458,0.39369065
0.6561096324385298,0.5303843,0.9212794,0.95565754,0.07571131,0.060981296,-0.7290641,-0.60665613
0.7974573338293354,0.5438087,0.9537906,0.9572912,0.07689827,0.093726985,0.09024412,0.07991554
0.840383713534854,0.6211914,0.9242814,0.95344496,0.18853274,0.21180543,1.2351696,0.6471537
0.7662920571682287,0.78704506,0.976094,0.952283,0.127373,0.20766188,-0.7416328,-0.25717518
0.8539305197220788,0.752821,0.9617558,0.9690823,0.15018298,0.21611503,0.17742532,-0.287642
0.9422850491401965,0.7582174,0.98833716,0.9769289,0.23688668,0.32445621,-0.05790395,0.13355105
0.8741030804123215,0.9091684,0.98964775,0.983289,0.1371361,0.14354007,-0.15216799,0.23922218
0.9465922983691933,1.4518083,0.9938882,0.989153,0.14018326,0.39954168,-0.0434811,0.22528684
0.8040610082440329,0.6982795,0.9637971,0.94531363,0.15528537,0.21169245,0.06669989,-0.43218866
0.8586102504410017,0.5706273,0.95263296,0.96145964,0.09339359,0.11463155,0.68744963,0.26852578
0.8572116208464834,0.7709764,0.9696887,0.9838783,0.13581279,0.13530338,0.26090714,-0.0167607
0.9403992175968703,0.84495956,0.98528504,0.9787716,0.12751485,0.19203869,-0.2998143,-0.6794605
0.7824897219588878,0.7756036,0.9678741,0.963631,0.11611802,0.16983938,-0.17685096,-0.31432864
0.7695100860403441,0.75330275,0.97301656,0.9563594,0.15072517,0.16904145,0.006426793,-0.55166006
0.8902185688742754,0.8791819,0.9919143,0.9735844,0.18802917,0.28294656,-0.0900386,0.33037204
0.8739948879795518,0.7550344,0.960512,0.96170044,0.23564398,0.2675489,0.041235764,0.044737384
0.9098078312313249,0.95173496,0.9546793,0.96248114,0.41230172,0.5715235,0.4124723,0.05976311
0.8697780711122844,0.86220735,0.9899397,0.98973936,0.11271932,0.19772638,-1.0394526,-0.7940337
0.8829299317197268,0.74603814,0.992946,0.9696955,0.22687352,0.22983976,-0.25170434,-0.8166131
0.8847138108552435,0.9878333,0.9668599,0.9582768,0.51733273,0.44799468,0.14783385,-0.13110696
0.7219553358213432,0.7610041,0.9355888,0.95618904,0.2024319,0.13622725,-0.855133,-0.3644784
0.9415667742670969,1.0888134,0.9574155,0.97051907,0.5051887,0.56818753,0.22876734,0.0072332937
0.9048566114264457,0.79411805,0.9757611,0.9597983,0.2486623,0.31623292,-0.17496094,-0.009517965
0.8644469777879111,0.49762017,0.9722038,0.9635332,0.082109585,0.093180545,-0.28743696,-0.7134994
0.6351688766755066,0.6241298,0.91685414,0.9429257,0.13776676,0.07294022,0.3961317,0.14462496
0.9261699446797788,0.55406666,0.9741541,0.9765474,0.061579265,0.12770551,0.25091547,0.17690031
0.5993424933699735,0.5955979,0.9059326,0.9448349,0.13319297,0.07074034,-1.5075035,-1.1321748
0.7610572522290089,0.9499749,0.91640186,0.9377057,0.35078338,0.45283657,0.43385503,0.33344617
0.8564923859695438,0.5225054,0.962257,0.93192893,0.07714125,0.14640422,-0.48110437,-0.12928116
0.7631364285457142,0.6401828,0.9670718,0.9545751,0.08607633,0.11669512,0.21402873,0.4025503
0.859689966759867,0.63855684,0.9936069,0.9724246,0.12485739,0.13466129,-0.293068,-0.41026405
0.88849468997876,0.75036085,0.9839941,0.9680572,0.21168295,0.24690501,-0.5086233,-0.33748543
0.8075837423349692,0.6644552,0.9564842,0.95669913,0.07654506,0.17461643,-0.09239524,0.34248415
0.899439981759927,0.8041371,0.9683729,0.9693289,0.1765051,0.2890026,0.15304527,0.42260695
0.901248916995668,0.64055127,0.97706157,0.967777,0.103332385,0.13572943,0.9966512,0.16567816
0.8417081348325394,0.7529201,0.968905,0.95477206,0.21899061,0.20569862,-0.29954433,-0.011790759
0.9070379321517285,0.7782004,0.9901441,0.9680485,0.1784751,0.19085088,-0.28724068,-0.02579099
0.9589977559910239,0.91106814,0.9881183,0.9886132,0.18624261,0.1875142,0.24764203,0.20377852
0.791945951783807,0.5955741,0.9544096,0.9739295,0.10085183,0.08054794,0.23283048,-0.38861105
0.73187716750867,0.55390406,0.9662488,0.9594824,0.04714951,0.09490308,-0.1042536,0.09569721
0.8512080448321793,0.73378754,0.9639701,0.95549196,0.2510646,0.28255397,0.2612861,0.37238187
0.755498541994168,0.92957324,0.96794695,0.9512607,0.19493555,0.14003067,0.55320716,0.3845214
0.8709520598082392,0.6181344,0.9752604,0.967617,0.07152021,0.123353116,-0.37515533,-0.22054908
0.9041076164304657,0.94884247,0.9846628,0.97623587,0.18761249,0.30778095,-0.89191055,-0.3199065
0.9203082572330288,1.2929094,0.97239363,0.9771048,0.5814647,0.29928857,-0.24139117,0.051036272
0.7058980235920944,0.6751039,0.9576973,0.9450978,0.09057203,0.08363904,-0.012906695,-0.31458262
0.8777940071760287,0.87180406,0.9862433,0.96386635,0.15343107,0.33618167,0.64781797,0.57680446
0.9510752283009133,0.9350834,0.9771065,0.9744014,0.20822015,0.5757185,0.66491926,0.22433914
0.9284661778647115,1.2529608,0.9805708,0.9696189,0.19550592,0.7288422,0.4658105,-0.26223582
0.7628646514586057,0.83559227,0.9463601,0.9552831,0.18792067,0.25002244,0.6856632,0.5865733
0.8963378253513012,1.234114,0.9844144,0.97101957,0.37962767,0.35599148,0.2085369,0.19226938
0.2507460909843639,0.7475871,0.93166804,0.93041676,0.08174038,0.10031132,0.2286527,0.20705539
0.8321687686750745,0.56382674,0.94287103,0.9540794,0.1278853,0.12934196,0.27524576,-0.0163217
0.904370849483398,1.5038184,0.9801941,0.9890526,0.36133814,0.306503,0.16170734,0.37969968
0.8596835347341387,0.47950685,0.96276027,0.9692833,0.06149307,0.113832,-0.2737409,-0.27783686
0.9134607418429672,0.8878663,0.95688534,0.9594843,0.30884805,0.45923012,0.016876932,0.3672255
0.6955984303937216,0.73742354,0.96142656,0.9571717,0.11211413,0.13067338,-0.044805065,-0.15580961
0.7676230064920259,0.69498295,0.9741127,0.9674788,0.117563106,0.092423394,0.23812303,0.0314177
0.8464580418321673,0.6745212,0.9766986,0.9834041,0.10230192,0.12823264,-0.10356689,-0.2961975
0.9409345157380629,0.9322259,0.99219245,0.9914147,0.20536174,0.12848571,-0.22361244,-0.046178337
0.9580649202596808,0.8457287,0.99444026,0.98515815,0.21082664,0.31301335,0.39242497,-0.036655765
0.5882848811395245,0.49069858,0.92560136,0.92297107,0.0785479,0.05657564,-0.7214399,-0.68522096
0.8917069588278352,0.6525,0.9889803,0.9769316,0.06614277,0.11710647,0.38816866,-0.100044146
0.9018485353941414,0.79807144,0.9770351,0.9749436,0.14449869,0.13567284,-0.17023528,0.32877395
0.8528341953367813,1.2694968,0.9913812,0.981317,0.25261363,0.22975773,1.0198625,0.53547305
0.627003948015792,0.5677176,0.9159266,0.9415457,0.09900496,0.11072918,-0.27459848,-0.27752167
0.8756066384265536,0.82636887,0.9747744,0.9656862,0.16691151,0.2508977,0.68581825,-0.18947215
0.8608236352945411,0.81947535,0.9534089,0.9756684,0.18020009,0.15945525,-0.57802385,-0.39685765
0.8825139620558482,0.7810928,0.9721683,0.97054166,0.15917397,0.13413261,0.35079214,0.08554259
0.7123855375421502,0.5945875,0.9578268,0.9616015,0.06239267,0.096791536,0.3985665,0.014542022
0.8044568178272713,0.55781907,0.96068376,0.96751076,0.079366416,0.12299607,-0.1867169,0.004744361
0.8649849639398556,0.82047576,0.9862433,0.9729091,0.15343107,0.16644561,0.64781797,0.64349663
0.8549495637982553,1.0979071,0.98523605,0.9869029,0.24846397,0.29172862,0.23192437,0.3071299
0.6465396421585686,0.7513479,0.9139068,0.9568875,0.17768236,0.08566529,0.8198238,0.9296192
0.9021695606782425,0.71746826,0.9911209,0.96845835,0.093482584,0.16874889,-0.27689648,0.23193769
0.7096702626810507,0.77591187,0.94646025,0.9565844,0.17347233,0.20179655,-0.29113874,-0.43781784
0.7853905655622623,0.73864526,0.942399,0.9582316,0.1403197,0.14748825,0.28174928,-0.25823656
0.9066674666698666,0.6981735,0.97015166,0.97007006,0.20975994,0.22760873,-0.26052022,-0.1351812
0.8788643154572618,1.1328113,0.93264025,0.96056,0.6576878,0.46111885,0.64967966,0.16062449
0.8616069024276096,0.6408951,0.9503099,0.970096,0.13766947,0.13841437,0.17417309,-0.24914935
0.71549978999916,0.6998227,0.96994245,0.9689693,0.08898451,0.101527505,0.7624272,0.76266223
0.9184137856551428,1.0107229,0.9624287,0.9674644,0.31028652,0.53643423,0.20220414,-0.22516924
0.9070673082692331,1.0260996,0.9691477,0.98007035,0.30833167,0.2859753,0.44990575,0.18724433
0.6993009732038927,0.617046,0.9463194,0.95567995,0.13564835,0.09387604,-0.29401287,0.10475805
0.935062268249073,1.2589898,0.99328065,0.9803097,0.23729329,0.5279711,0.17782271,0.18138096
0.5264489217956871,0.63459826,0.93589425,0.95822215,0.10635664,0.08078409,0.0065792007,0.09540421
0.8077604790419162,0.7035633,0.9414933,0.95392793,0.20494013,0.25978327,-0.0033353423,-0.36211097
0.8099108876435506,0.5427407,0.96615106,0.9551398,0.06739162,0.14330314,0.32295263,0.13053343
0.884747218988876,0.7557198,0.98004174,0.9623598,0.20046599,0.29838532,-0.21100023,0.27507967
0.8713948135792543,1.1461878,0.9941139,0.98037744,0.22333673,0.3254123,1.004937,-0.33407962
0.9286455065820263,0.9509116,0.9705295,0.98192126,0.31205118,0.36759317,0.11251474,-0.028337603
0.876558002232009,0.74232936,0.9816262,0.96549404,0.14539163,0.18690519,0.48313984,0.05639298
0.8003432973731894,0.73795825,0.95248795,0.9607623,0.15982752,0.17390697,-0.4621125,0.23703769
0.91101014004056,0.63288665,0.9752957,0.97252274,0.10186751,0.1085778,-0.29508644,-0.27348676
0.9615956223824894,0.5959205,0.9896813,0.98845893,0.07319443,0.11899499,-0.51685274,-0.107492276
0.8356019344077374,0.824295,0.95346564,0.9578509,0.3546197,0.3316708,0.0025226304,-0.63513684
0.8873133092532371,0.8083872,0.98608893,0.97281754,0.14954743,0.2561241,0.46206132,-0.007058914
0.8621296245184981,0.90821505,0.9532557,0.9688181,0.2036987,0.123183206,-0.014362459,0.052752737
0.936878211512846,0.87639374,0.97528285,0.9731206,0.3037833,0.33782202,0.05591167,-0.32804596
0.8737173508694035,0.64967644,0.9720952,0.96966755,0.06991428,0.16309705,-0.30089015,0.12929116
0.9135521342085369,0.80872005,0.9709953,0.96486604,0.30197945,0.288177,-0.7225736,-0.41582015
0.8612693650774603,0.8962165,0.95505154,0.9712973,0.19588485,0.18593077,-0.50803685,-0.019957002
0.8945859143436573,0.8316697,0.98954415,0.9685759,0.15279076,0.21972494,0.3049076,0.43266195
0.7703876255505022,1.0048866,0.98324466,0.97199446,0.2022303,0.13620049,-0.08970379,0.08309589
0.899573614294457,0.7423022,0.96575296,0.97280157,0.13691962,0.20309113,-0.108002804,-0.23814616
0.9047063708254831,1.1395546,0.98057973,0.97939175,0.42869246,0.38610336,0.24440867,-0.41867864
0.7087348349393396,0.66302085,0.9447866,0.95810723,0.12585415,0.09964942,-0.67362887,-0.64417535
0.8985758823035291,1.1141397,0.97893435,0.96822184,0.37436277,0.3470464,0.07267675,0.15927494
0.7669145236580946,0.7391156,0.9542061,0.95890105,0.13740769,0.14915714,-0.466752,-0.39039102
0.8226584906339626,0.73547906,0.9389155,0.96284354,0.2021771,0.15690467,0.35107386,0.27148008
0.8139755439021756,0.67673224,0.94034374,0.9658559,0.15424922,0.11474387,-0.78464615,-0.79616284
0.8809829479317918,0.8745341,0.9641285,0.9671,0.26602525,0.21459259,-0.17974854,-0.021301737
0.9225554342217368,0.9646707,0.9856111,0.97171247,0.26688063,0.20717205,-0.46314543,-0.08183157
0.6409913959655839,0.86486804,0.89119494,0.95632076,0.32961366,0.09977477,0.24157827,-0.25325763
0.8318472633890536,1.1378659,0.9675296,0.9597454,0.46721488,0.33453783,0.48366508,0.105340414
0.7728083712334849,1.1056645,0.9511043,0.95839936,0.43459713,0.21789564,-0.15544361,0.07714349
0.8352847491389964,0.7442427,0.9908764,0.98515606,0.08865006,0.20667683,0.19642243,0.2769801
0.837820695282781,0.9982281,0.98945475,0.9860875,0.17639962,0.1973479,-1.2227587,0.18628214
0.8611959247836991,0.62966645,0.96838784,0.9653744,0.11372421,0.13352244,0.08671332,-0.18807136
0.872436033744135,1.2764378,0.978037,0.96924466,0.41688707,0.63419163,-0.84465283,0.08438324
0.8087885471541886,0.9116562,0.9693397,0.96693647,0.23287998,0.32009223,0.039396275,-0.078092195
0.9212718130872523,0.7916726,0.97073066,0.9720301,0.23720945,0.27472952,0.0046042185,-0.0027002608
0.8940281521126084,0.7430032,0.9862433,0.9714124,0.15343107,0.2717967,0.64781797,0.5947588
0.7682424009696038,0.6150465,0.9536461,0.95977557,0.07081899,0.06630939,-0.61118764,-0.24087787
0.7122714890859563,0.5989267,0.9615063,0.9632942,0.08008788,0.09150084,0.41481942,0.14333472
0.7003915375661502,0.6373468,0.95572543,0.9612966,0.07767997,0.11314918,0.61438555,0.85316443
0.9103215292861172,0.78224456,0.9584634,0.9669538,0.27626562,0.34712923,0.0069249594,-0.043569986
0.9121700166800667,1.4677633,0.96510494,0.97037727,0.6085096,0.8734093,0.08908143,-0.040130433
0.8581036564146256,0.70146835,0.9906778,0.965511,0.23881562,0.251624,-1.0948275,0.515615
0.8575261181044722,0.86236924,0.95661587,0.9684308,0.24081635,0.21500373,0.53878826,0.4341709
0.8081752967011868,0.80400026,0.9360615,0.95976543,0.28388178,0.11534421,-0.79711777,-0.9085445
0.8473254053016211,0.60023636,0.96775234,0.9707968,0.102102645,0.13241373,-1.0002847,-1.2503697
0.5689113316453266,0.59409237,0.9366185,0.9597221,0.07340661,0.0606633,-0.20783277,-0.29509968
0.8632958371833487,1.0979483,0.94465035,0.96363777,0.46546182,0.15242249,-0.48407972,-0.22964945
0.6801932487729951,0.6341885,0.9476887,0.95399654,0.098020844,0.12904759,-0.12364843,0.11395661
0.922873963495854,1.0525494,0.99423546,0.9831063,0.24501708,0.3050356,-0.22017476,0.42845562
0.756319249276997,0.69490886,0.9613752,0.96799636,0.15241641,0.15022326,0.18360828,0.5431779
0.9344309697238788,0.7302124,0.99384016,0.9819387,0.078169845,0.2208756,0.2823988,0.7345491
0.7764996819987279,0.63944143,0.9638646,0.963684,0.07512282,0.14258794,-0.4356734,-0.40692928
0.7023962175848703,0.6529186,0.9544161,0.9549856,0.1261487,0.10148017,0.07840323,0.017609902
0.8730134760539041,0.7658367,0.9706446,0.96499866,0.11626817,0.11610556,0.7857349,0.5959022
0.922760107040428,0.76427805,0.98024964,0.9742149,0.13575043,0.2160862,-0.02561334,-0.30682638
0.9161106404425619,0.9725645,0.97859156,0.96936643,0.36784753,0.43045524,-0.21637136,0.1529799
0.8597779031116124,0.9782276,0.98161304,0.9728529,0.2433016,0.28087154,-0.5393636,-0.14173011
0.9518656954627818,1.1981977,0.9823225,0.9808334,0.33578098,0.5742998,-0.12848623,-0.46086714
0.8379251437005748,0.7290543,0.9614144,0.96311736,0.12884748,0.22005141,0.70842344,0.14463367
0.8633301093204372,0.97379154,0.98205495,0.98209417,0.12185584,0.15679136,-0.77480143,-0.63313127
0.8335841983367933,0.7920131,0.9813614,0.9764072,0.14945634,0.14567694,-0.13451153,-0.7532344
0.7382382489529957,0.73098505,0.9180103,0.9604113,0.2124378,0.06732584,-0.3686537,-0.6304546
0.9011013644054575,0.696807,0.9658733,0.9725794,0.14094953,0.19470924,-0.17678131,0.09595983
0.8610996363985455,0.7767992,0.9910179,0.96859705,0.1443663,0.34484363,-0.5084469,0.5197014
0.8766558266233063,0.93808305,0.96361977,0.96135175,0.2902824,0.30561802,0.5811762,0.28555965
0.8719473917895671,0.8666338,0.96727645,0.9780367,0.20586966,0.17074485,-0.43555814,-0.4953994
0.8930555722222889,0.47182295,0.97627074,0.9712334,0.06722703,0.078026585,0.28990582,0.42148322
0.9181677366709466,1.2165717,0.98885936,0.9726946,0.38712856,0.3793553,-0.37044838,0.2042254
0.911072348289393,0.6415832,0.97104055,0.9696573,0.11610332,0.17301346,-0.20279373,-0.0041245297
0.836881331525326,0.81741285,0.96828043,0.9701226,0.20252527,0.091979645,0.86435413,0.2941269
0.8182066648266593,0.60563374,0.98530674,0.9673555,0.10398862,0.0948809,-0.4241475,0.4561231
0.7723371053484213,0.57589746,0.9685759,0.95725614,0.09114299,0.11681878,0.58353317,0.39357698
0.768132384529538,0.7743315,0.96808964,0.96799845,0.10519477,0.1068781,-0.06967244,-0.8930662
0.8353418693674775,0.72417295,0.98062783,0.9771375,0.112798765,0.14344688,-0.527148,-0.88108647
0.7732689810759242,0.674317,0.9520457,0.9603389,0.13675009,0.17477489,-0.46059874,0.068094075
0.7414148056592226,0.6989734,0.97104436,0.96758103,0.08169171,0.123815045,0.3364126,0.5755842
0.9431407005628022,0.64649314,0.98387355,0.9823155,0.12982798,0.15570623,-0.37802526,0.11022429
0.9685485461941845,0.95252573,0.9907258,0.981492,0.24186073,0.48901498,0.7873625,0.09097783
0.8793964455857823,1.0770477,0.98239106,0.97921675,0.24526553,0.13986588,-1.3643688,-0.36516428
0.7792907011628046,0.75820124,0.97328436,0.9669789,0.08230863,0.19125569,-0.06946909,0.2268593
0.913249732998932,0.92165804,0.9932328,0.9769888,0.35526684,0.28079626,0.49091122,-0.073494315
0.7784263137052547,0.90187216,0.9860634,0.975725,0.118218176,0.10109733,-0.7533925,-1.0021983
0.72037401749607,0.78792346,0.9508786,0.9458661,0.17694063,0.15141127,0.027502486,0.13620111
0.6955506222024888,0.6422673,0.9913103,0.9635313,0.05398351,0.114410296,0.73132753,0.36746952
0.816943587774351,0.5479171,0.9737446,0.96506923,0.05967101,0.098297656,0.1174558,-0.014771948
0.8447258109032435,0.73912525,0.96765125,0.96311814,0.18115665,0.1936532,0.15426166,0.30128896
0.8548988755955023,0.88697225,0.9649503,0.95996344,0.2611792,0.18968704,0.10774735,-0.41942504
0.8321578246312985,0.8971151,0.9860801,0.97691464,0.19989093,0.17387187,1.039788,0.61807394
0.8439825759303037,0.56659764,0.9367777,0.9604054,0.082595065,0.15966389,-0.18824957,-0.038782146
0.6644652178608714,0.5511083,0.94978905,0.9507272,0.091549054,0.11742064,-0.29104707,0.063727744
0.7756358705434822,0.9022294,0.94540435,0.9641325,0.28345034,0.23349433,0.9554262,0.6518644
0.6718231672926691,0.70464504,0.971551,0.96217656,0.06963659,0.09794076,-0.9555676,-0.66280466
0.7983862335449341,0.6541088,0.9607832,0.9591786,0.1263802,0.09845589,0.69841814,0.57599014
0.8287227388909556,0.80942804,0.9459315,0.9552647,0.18761773,0.30449626,-0.51120025,-0.16550536
0.9238011352045407,1.2236562,0.95364994,0.9604193,0.59845686,1.1110249,0.8698783,0.10324715
0.91149762999052,0.96487653,0.9832782,0.9785065,0.32556662,0.26242822,-1.0066881,0.2886035
0.8468217872871492,0.8135368,0.9514401,0.96584624,0.19757754,0.16348144,-0.20282115,-0.053573072
0.9519687038748155,0.76103956,0.98948956,0.98170316,0.12153916,0.24402085,0.042962443,-0.03332603
0.8050941643766574,0.70531434,0.98156446,0.983462,0.08331356,0.07380016,-0.3478472,-0.66458
0.9335321181284726,0.57011163,0.9823217,0.9787303,0.10601431,0.09740426,-0.28582084,-0.42375892
0.8351606206424825,0.7341701,0.99065536,0.9614912,0.12862757,0.12453622,-0.027164547,-0.5380166
0.8618224232896932,0.9290936,0.92986995,0.95620185,0.45124236,0.35272804,0.18512829,0.3624307
0.8809671078684314,1.0014981,0.9726792,0.9660405,0.34144172,0.46633586,0.25653088,-0.019940684
0.8461626486505945,0.82242876,0.988141,0.97336787,0.14347559,0.14297621,0.3690898,0.11079778
0.928264481057924,0.8779927,0.98938894,0.97447044,0.22123054,0.44638032,0.33863726,-0.4293001
0.9268756435025739,1.2638614,0.9812768,0.96341693,0.576933,1.2100415,-0.19078198,0.1472099
0.8430189240756962,0.9283014,0.9424644,0.9703107,0.31941864,0.150623,-0.30505523,-0.17140388
0.7713463813855255,0.8681609,0.94526154,0.95737445,0.23139237,0.24269818,0.42702731,0.15948099
0.9146591146364584,0.81419563,0.9842015,0.98293245,0.18715099,0.19426715,-0.12342075,0.20556343
0.8084731858927435,0.66923386,0.94980603,0.96552813,0.16793124,0.11516918,0.25390354,0.43721315
0.8539409837639349,0.70957893,0.94505274,0.9530462,0.2153754,0.22005409,-0.44138378,-0.41471034
0.8799540158160631,0.8455399,0.96127445,0.9724287,0.27756873,0.2189121,0.20484623,0.4229686
0.6613932055728223,0.64325744,0.90511227,0.9472331,0.11927145,0.10829493,0.15385245,0.108748324
0.7484308017232069,0.6943138,0.97654927,0.9711927,0.10688309,0.079272225,-0.31936628,-0.4369984
0.9038881595526382,0.66400117,0.98358905,0.9743861,0.08339504,0.15979457,0.24114315,0.037479006
0.8865482821931289,0.7179703,0.9862433,0.9691303,0.15343107,0.30913195,0.64781797,0.59167606
0.9010927243708975,0.70329577,0.99473214,0.9746287,0.07114704,0.17685212,0.9499038,-0.3408431
0.7741129204516818,0.86717963,0.9573183,0.96584594,0.29391307,0.094541445,-0.08744955,-0.036806285
0.9193277093108371,0.7586234,0.9933962,0.9875148,0.12374897,0.20902368,0.19355835,-0.0665373
0.8424642338569355,0.6297339,0.98106825,0.96726704,0.077088855,0.12115435,-0.23062582,-0.1971879
0.7162576170304681,0.5666838,0.9512632,0.9465606,0.083713494,0.109474875,-0.13678114,-0.3143276
0.9262186168744675,0.9168503,0.98298705,0.9805648,0.23154609,0.3371156,-0.16755891,-0.28495666
0.8521703526814107,0.68777645,0.9665139,0.9597166,0.12883127,0.23001955,-0.495077,-0.09183572
0.8375001500006001,0.79077274,0.965165,0.97307134,0.13824002,0.19504593,0.07309412,-0.2343874
0.9299197196788787,1.0548862,0.9935162,0.992275,0.12695563,0.19794981,0.19850625,-0.06287425
0.9247394429577717,0.94060636,0.9841509,0.97236466,0.13729626,0.44120595,0.7819157,0.4707031
0.8263551774207096,0.70347714,0.98392195,0.96843594,0.11361295,0.14688347,-0.5726521,-0.98242986
0.6399648638594554,0.6044013,0.93568456,0.95234334,0.11491451,0.08532461,-0.26329896,-0.17407529
0.8919878559514237,0.6449021,0.9734882,0.9632995,0.14494912,0.18027629,0.13543464,0.12995048
0.9008623234492937,0.90292716,0.9703808,0.98125625,0.19729535,0.23816514,0.76778626,0.5861659
0.8887344029376119,0.6388307,0.9893095,0.96908975,0.12951615,0.15721092,-0.37497342,0.36120996
0.7940522002088009,0.97077954,0.9424981,0.96986336,0.35626504,0.16814554,0.80810755,-0.0144624775
0.6493667574670299,0.5508147,0.94721043,0.9518009,0.06926688,0.078235604,-0.9526868,-0.71059364
0.8529162756651028,0.88059527,0.9744041,0.96329266,0.26658475,0.27558932,-0.649617,-0.5370501
0.8353106692426769,0.6293889,0.9873854,0.97219145,0.10458064,0.10021766,0.10405915,-0.41420665
0.8798436153744615,0.79264003,0.9481106,0.97945505,0.20430057,0.12744172,-0.31414458,-0.14520292
0.5287901791607167,0.6356318,0.9278519,0.95601094,0.09997527,0.06717371,0.2607353,0.14544909
0.6623833535334142,0.6320061,0.9479291,0.95592046,0.09692404,0.13249858,-0.35728693,-0.35855165
0.9514897579590317,0.79535943,0.9922051,0.990614,0.11432058,0.13691953,-0.45263198,-0.568677
0.9495630302521211,0.986197,0.97416943,0.9856877,0.25811675,0.1745836,0.8754381,0.10313535
0.9359825279301117,1.0244619,0.96147764,0.97882074,0.437713,0.19811618,0.23423132,0.14559574
0.9619174156696627,0.60062844,0.9933243,0.98720074,0.08124454,0.1090441,-1.7428838,-0.4044689
0.7909087636350545,0.70123124,0.9511826,0.9633185,0.18687534,0.15613137,-0.3554921,-0.1997458
0.8454885339541357,0.5583439,0.9849024,0.9649241,0.07235534,0.10170677,0.3297403,0.65690994
0.8090439081756327,0.6799874,0.96630627,0.9679091,0.13557781,0.13536271,0.89317226,0.7087897
0.7991696926787708,0.8781717,0.9573909,0.94914424,0.2357167,0.26583114,-0.4678325,-0.5091844
0.9134022776091103,1.0343946,0.9934449,0.9736762,0.37898588,0.463765,0.30576852,0.024181165
0.9527287389149557,0.7791555,0.9932276,0.98855424,0.090422206,0.11668032,-0.17026426,-0.049376585
0.7918745274981099,0.62511474,0.97008,0.9691625,0.1272435,0.096975,0.008790234,0.075571716
0.7601977607910431,0.536723,0.964377,0.9471589,0.0770589,0.14792134,-0.027930373,-0.14909165
0.9291514286057145,0.79637516,0.97936636,0.9721584,0.19299471,0.23080532,-0.8546709,-0.12490218
0.887822879291517,0.6984596,0.97092205,0.96990925,0.11394554,0.13395786,0.001415518,0.38665876
0.7112102048408193,0.786444,0.9477548,0.95501626,0.20404123,0.12195488,-0.2728894,-0.05900537
0.8762191208764835,0.9851423,0.94049007,0.9682088,0.44634488,0.4104758,-0.78186727,-0.16657689
0.833256837027348,0.9325349,0.9862433,0.97531545,0.15343107,0.15685715,0.64781797,0.5689465
0.5409039876159504,0.7797111,0.9165171,0.9569748,0.15955628,0.062333528,-0.93646115,-0.500329
0.9500206640826563,0.6633841,0.9844422,0.9770377,0.122757845,0.21899766,0.30712906,-0.18768671
0.7979638318553273,0.5850916,0.95926005,0.95719045,0.09747365,0.13121265,0.82965165,0.3933016
0.8614524378097511,0.8146941,0.9719659,0.96206826,0.2256752,0.16701774,0.32008892,0.41798952
0.7154239496957988,0.6818792,0.9387184,0.9552022,0.14830258,0.14078972,-0.33620325,-0.13124588
0.8110509882039528,0.6382496,0.954508,0.9568427,0.15884481,0.1644055,-0.060983695,0.4004912
0.7832055968223872,0.7899589,0.96470535,0.95938057,0.29771394,0.16007502,-0.27946183,0.24882981
0.9332045648182593,1.1976017,0.97777843,0.9709485,0.43437767,0.38282278,-0.53238374,0.0074442825
0.9044327697310789,0.8828404,0.9914146,0.97383523,0.20853461,0.2420436,-0.41413462,0.27393758
0.8920395041580167,1.0873007,0.97893435,0.9693652,0.37436277,0.35600662,0.07267675,0.2975646
0.8932094608378434,0.9473623,0.9737897,0.97991437,0.17358863,0.16807136,-0.99233073,-0.2528254
0.7439901119604477,0.56236374,0.96512794,0.9628333,0.06900339,0.10539133,0.21425782,0.20326738
0.9218837195348781,0.7702444,0.98260874,0.97460955,0.17724665,0.16994339,0.38781476,-0.45605698
0.8632405409621638,0.9436689,0.9499794,0.96715224,0.37225547,0.38121247,-0.09897182,-0.19755638
0.5293397813591254,0.59399974,0.9038258,0.9500203,0.09264598,0.06805257,0.4156399,0.59067625
0.8400930243720974,0.80996203,0.9754689,0.9660946,0.17169009,0.22025336,0.14197955,0.27515507
0.8655754623018492,0.9196341,0.9656068,0.96625686,0.19444326,0.16414079,-0.71122795,-0.48127785
0.8868025872103488,1.0284165,0.96382,0.96207446,0.44327655,0.653865,0.4613528,0.36520663
0.8876663986655946,0.8085797,0.97796786,0.98588276,0.15523587,0.15112293,-0.5714418,-0.06051827
0.8883407053628214,0.78586024,0.9752388,0.9789801,0.16774899,0.15403438,0.06627709,-0.27427986
0.8669546038184153,1.3786408,0.9441854,0.9656712,0.82937914,0.44204667,0.2948419,-0.32076624
0.8463918975675903,0.847614,0.9713717,0.9828837,0.098791614,0.0949799,-0.033136908,0.17246781
0.6606126264505058,0.8755272,0.9473563,0.9559251,0.28267106,0.11134249,-0.909985,-0.6025858
0.8198200472801892,0.7880175,0.9865718,0.9603488,0.14069375,0.13526027,-0.75255996,0.62068766
0.826685898743595,0.7972501,0.98941797,0.9788197,0.105701454,0.10069915,1.1383597,1.028313
0.8993727070757737,0.6633806,0.99367636,0.98766816,0.076256014,0.12987629,-1.050383,-0.4135945
0.8905099300397202,0.7242673,0.9562378,0.9767989,0.15685228,0.15387931,0.5380647,0.11217983
0.847566654266617,1.2933974,0.9455621,0.96196586,0.7709623,0.26765615,0.70531183,-0.16828455
0.7629530678122711,0.9351178,0.92441833,0.9371666,0.25938857,0.47901973,0.04920921,0.39131245
0.9311033084132335,0.69325495,0.9723445,0.98416066,0.10650798,0.11974763,0.28768897,0.5390824
0.942509018036072,0.64628506,0.9888472,0.9770931,0.13286756,0.2667669,-0.62412685,-0.49270248
0.8288223872895492,0.54737544,0.96991897,0.9687384,0.073839925,0.080808125,0.7780353,0.24926949
0.8078526394105576,0.64947003,0.96191144,0.97114176,0.048752703,0.12234843,-0.15975559,0.107850365
0.9569750279001116,0.60877305,0.985281,0.9872045,0.088097066,0.12797701,-0.8172735,-0.43846974
0.8189262837051348,0.71685904,0.95739883,0.96622163,0.154216,0.14279634,0.21624823,0.3451154
0.7294065976263905,0.8105265,0.9308489,0.9455711,0.27370217,0.18958534,-0.72464585,-0.68635076
0.8060861363445453,0.58071715,0.9318905,0.9557653,0.13440792,0.17542805,-0.354215,-0.4613449
0.929374341497366,0.91236526,0.9906691,0.98236954,0.18323122,0.2576158,0.15238497,-0.05442925
0.7512376609506438,0.60712403,0.9156775,0.95290667,0.13956147,0.09925274,0.96707344,0.70001334
0.615064668258673,0.53484607,0.94761777,0.94083023,0.06434575,0.10493495,-0.67768615,-0.7345965
0.8473069732278928,0.8153814,0.9658399,0.9608133,0.1549636,0.17813931,0.5118953,0.17320973
0.8699891759567038,0.74690324,0.9794679,0.97462493,0.17687708,0.098309286,0.43014792,0.019771053
0.8651052524210097,0.54286534,0.93761283,0.9511049,0.08011624,0.113416195,0.7178204,0.36118683
0.7117429109716438,0.7621143,0.9409127,0.9395478,0.12606071,0.27711192,-0.44211373,-0.33407614
0.8528391873567494,0.7044148,0.9808302,0.9735379,0.11924677,0.13889667,-1.0963156,-0.90721613
0.9299009996039983,0.49140185,0.97509533,0.9709156,0.0871201,0.13256541,-0.052408125,-0.10368877
0.7530775083100333,0.6190405,0.94501084,0.9641191,0.09266335,0.07400674,0.67005575,0.9156144
0.9028538514154056,0.6079442,0.9767433,0.97723556,0.10940706,0.112607986,0.31717613,0.5788004
0.771443053772215,0.50694686,0.9545331,0.9482213,0.07071403,0.07277576,0.10790471,0.1822027
0.8566074904299616,0.8410215,0.96057516,0.9460121,0.21008581,0.4463888,-0.5434537,-0.7864854
0.8636075504302018,0.5726571,0.9412176,0.9567466,0.08951777,0.0921787,-0.7209731,-0.7921714
0.9360845763383052,0.6591776,0.9783933,0.98184097,0.13733852,0.0987924,-0.7518123,0.49472532
0.7387936111744446,0.60766613,0.93255043,0.9488355,0.08203299,0.15589459,-0.6726113,-0.23788224
0.7842202248808995,0.73320705,0.9461292,0.9473549,0.14238851,0.13892637,0.41591752,0.36110285
0.5130941163764655,0.7495234,0.9539358,0.9496126,0.1061996,0.079515815,0.8103117,0.6918466
0.8851270925083701,0.7312478,0.9820917,0.9753762,0.11441638,0.11633557,-0.5887093,-0.7425795
0.8554839019356076,0.9061734,0.9578358,0.952458,0.4393503,0.29613253,-0.17402695,0.3136066
0.9067410029640118,0.8105212,0.9816168,0.96106684,0.24311723,0.32441,-0.53049546,-0.213636
0.8554268777075108,1.2693368,0.97713774,0.97156537,0.32718873,0.1704874,0.44877926,0.5799733
0.8426729386917547,0.635702,0.9601639,0.956304,0.1525506,0.17469932,-0.24393824,-0.59812045
0.9084681458725834,0.6144604,0.9665866,0.9773525,0.13393243,0.113155425,0.047939252,0.1257259
0.8745904743618975,0.7818652,0.9396019,0.94214785,0.18535608,0.5250152,1.0712899,0.99369437
0.7735928863715456,1.4978304,0.940001,0.93896025,1.0491323,0.3793718,-0.20788929,0.23312621
0.7446763227052908,0.6997621,0.9474808,0.95898414,0.09952828,0.07485435,-0.35117736,-0.5156631
0.9162450409801639,0.7875999,0.98591495,0.9740703,0.12249849,0.22769259,-0.07916012,0.57191575
0.8802791691166764,0.56110054,0.9546845,0.9532577,0.13071845,0.1668718,-0.02622,-0.42549428
0.8879898239592957,0.56920207,0.97949946,0.95932025,0.07181025,0.13492665,-1.2243547,-0.9959572
0.9151413245652983,1.4947314,0.98801184,0.9876418,0.16350867,0.24129155,0.25760445,-0.5307542
0.9214157176628707,0.77782434,0.9933857,0.9811365,0.16650015,0.16414216,0.025229093,-0.88634866
0.6564656018624074,0.5935808,0.97428674,0.9398808,0.10194053,0.06721875,0.020500941,0.48906222
0.911562622250489,0.7278432,0.9862433,0.9717988,0.15343107,0.23146188,0.64781797,0.7229288
0.8456196704786818,0.7363954,0.97164166,0.974942,0.13122757,0.1921602,-0.31477767,-0.032697186
0.7430265561062244,0.8624817,0.98700196,0.9663331,0.14407298,0.12001618,-0.19160996,1.061847
0.8790678362713451,0.85722065,0.9892221,0.9788426,0.12765914,0.103270955,0.3174468,0.37961257
0.8955166380665521,1.0042185,0.9938997,0.96705073,0.22579932,0.52464324,-0.75953174,0.2105634
0.5684114576458306,0.5989244,0.9414336,0.94456804,0.08372298,0.10414724,-0.0673238,-0.33718157
0.9037318709274836,0.8438302,0.97829735,0.9818819,0.20924409,0.18967542,0.28531793,-0.2132838
0.7212747890991563,0.94989926,0.96410894,0.9664879,0.29187334,0.10967992,-0.10201391,0.3330569
0.8106085224340897,0.77402353,0.9657004,0.9482691,0.19573723,0.23583174,-0.06891277,0.2883588
0.9346692426769708,0.90584326,0.98447585,0.97157717,0.22898236,0.2869254,-0.2218251,-0.15932645
0.9028625874503499,0.92244256,0.9757383,0.9710583,0.30196273,0.3323756,-0.618691,-0.06814479
0.8421978327913311,0.5999646,0.96069086,0.95742255,0.09535804,0.1801703,-0.41151422,0.05610555
0.7881658406633626,0.9716387,0.9520867,0.97017777,0.29498824,0.16688444,0.042877715,-0.40391037
0.626752043008172,0.90006363,0.918625,0.9463114,0.21292096,0.10853479,0.035765152,-0.26756838
0.9332539090156359,1.1423135,0.9936576,0.98895437,0.1261762,0.3506785,-0.48148924,-0.05685396
0.9057613190452762,1.0512811,0.98110944,0.96484095,0.3471058,0.41758576,0.04960452,0.23040532
0.77162622250489,0.8956146,0.9153555,0.9544766,0.40827385,0.22761273,-0.5523852,-0.5099497
0.6403316813267254,0.7972574,0.9622266,0.94883746,0.09882132,0.1452042,0.024115851,-0.11762594
0.9253205332821332,0.9234653,0.98656076,0.9765599,0.1514152,0.26782516,-0.19352864,-0.23104706
0.9024925059700238,0.8361247,0.9740109,0.954987,0.20609508,0.20498195,0.19535896,-0.31738296
0.8627416269665078,0.8543316,0.9862433,0.96680915,0.15343107,0.2834161,0.64781797,0.4924172
0.8932837651350606,0.95773816,0.98817736,0.988475,0.18202618,0.18324408,-0.6176839,-0.34172413
0.7518694394777579,0.6476022,0.9787202,0.96193445,0.08127748,0.090347216,0.21715647,-0.51717126
0.750628826515306,0.78654367,0.9429081,0.9608219,0.13238417,0.17783244,0.6987619,0.51287454
0.910631130524522,0.6080588,0.9772905,0.9752868,0.10641131,0.11561929,-0.16551894,-0.19128592
0.8096262465049859,0.6018938,0.9415353,0.95987284,0.08263473,0.12035777,0.7737234,0.46596697
0.8660560402241609,0.56830394,0.98622966,0.958138,0.103615254,0.16483608,-0.23893672,-0.074455075
0.8607109308437232,0.78238595,0.95872074,0.95231074,0.22766122,0.30997714,0.6534999,0.109624356
0.8964542738170952,1.2192118,0.9902225,0.98158133,0.14343461,0.6117295,0.39289594,0.40198675
0.8340843603374414,0.90148234,0.96465373,0.95119464,0.3334722,0.31074563,0.13150144,0.005179291
0.6644785619142477,0.6898579,0.9358072,0.9397092,0.13681734,0.12577422,0.008829534,0.12884769
0.8832030528122112,1.8487829,0.9810185,0.9705114,0.6419332,1.176654,0.044213086,-0.32916415
0.8651635246540986,0.7184542,0.9670278,0.9598359,0.1624079,0.1683698,-0.06999048,-0.19824523
0.8590800763203053,0.89816326,0.97170097,0.9720629,0.22751518,0.17173554,-0.043103483,-0.1669798
0.9197547190188762,0.89648664,0.9870651,0.970658,0.26908347,0.43661115,-0.62864524,0.06847305
0.9059417037668149,1.0433834,0.9501022,0.9774677,0.3961908,0.24473898,0.09242602,0.122136004
0.8073708134832538,0.71469206,0.96380657,0.9552184,0.17603706,0.2100066,-0.70473915,-0.16005208
0.8199039516158063,0.83881426,0.9924899,0.96027166,0.1432059,0.14202327,-0.1056386,-0.36033973
0.8390478681914727,0.63640106,0.96069556,0.9553819,0.16446261,0.13534452,-0.28129154,-0.4982109
0.9076989907959631,0.74461204,0.9687578,0.97324675,0.16285741,0.18355994,-0.95622164,-0.15877314
0.9277010548042193,1.0369244,0.9830468,0.98607624,0.13229808,0.22685274,-0.24945575,-0.41350564
0.8488605474421898,0.8221135,0.9599949,0.948832,0.29483244,0.3728451,0.1226142,0.41070095
0.8499272077088307,0.58548075,0.9849194,0.95772964,0.10526964,0.14030452,-0.7577881,-0.124718085
0.8918680474721897,0.68608654,0.97541857,0.9694776,0.1054141,0.1630127,0.41088557,-0.4301935
0.6722638090552362,0.6468934,0.9652296,0.9393898,0.11556309,0.099265955,0.10738205,-0.12805939
0.6725379861519446,0.5535076,0.9531866,0.94504505,0.060087383,0.07463236,-0.5149169,-0.13767798
0.6707027468109873,0.77645665,0.98828226,0.9409229,0.15895788,0.113653585,0.16783525,0.6964614
0.8385324421297685,0.6594083,0.9663358,0.9575402,0.17051706,0.18803594,-0.1053474,0.15928592
0.8556531506126024,0.66482776,0.9403407,0.95906883,0.26984957,0.20461209,-0.31292242,0.18613777
0.9176414625658502,1.0544128,0.9710248,0.96998346,0.35934716,0.38351113,0.20839006,0.024723016
0.9319907359629437,1.0603739,0.98843753,0.97648525,0.4199783,0.36719432,0.0069496143,0.0353046
0.9099902319609279,0.75108,0.9782555,0.9651924,0.16110836,0.26549822,0.26358774,0.07816916
0.9605806103224412,0.9523697,0.9911227,0.9887548,0.19577534,0.22365674,0.60855526,0.27681062
0.9073893895575581,0.6240745,0.9677651,0.96387905,0.14016476,0.20570326,0.29998216,0.34443185
0.7636070224280896,0.7139473,0.9225177,0.9389352,0.20140015,0.15862684,0.31827882,0.10093462
0.9023290173160692,0.7579624,0.9716238,0.9702817,0.19802245,0.19973387,0.5885409,0.3240188
0.39390320761283043,0.58680916,0.9300039,0.9326417,0.05910297,0.09741667,0.2393137,0.23979476
0.891250861003444,0.6924927,0.9758314,0.9717641,0.14586075,0.13708466,0.33352652,0.34951833
0.6170878763515053,0.5979787,0.95750386,0.96009433,0.08465395,0.08744623,0.120680206,0.13816324
0.9143365533462133,0.9449953,0.99252176,0.9746097,0.23841983,0.4093219,0.22210515,-0.6101635
0.8333421813687254,0.5276566,0.97637373,0.9645689,0.075495474,0.11101531,-0.50294226,-0.41625327
0.8391822687290748,0.6478231,0.9794386,0.968741,0.11669114,0.14450051,-0.06577543,0.18349662
0.940636626546506,1.0743155,0.9874694,0.9681346,0.26892078,0.6663105,0.8812297,-0.028853348
0.8692019728078912,0.7131202,0.960755,0.96503884,0.18087831,0.16853502,-0.84824073,-0.5077193
0.8160047040188161,0.8212634,0.95101166,0.96448576,0.11668572,0.27492926,-0.11165425,-0.07577036
0.791940383761535,0.63056266,0.94936365,0.9669466,0.13508417,0.06814999,-0.34265363,-0.58563393
0.8673240132960531,0.99857795,0.95797426,0.967246,0.4531003,0.37478,0.24950017,0.33189315
0.8928913155652624,1.1062313,0.9678521,0.9637947,0.4320692,0.7337397,-0.093330994,0.104882695
0.9153579014316057,1.2978382,0.96044564,0.9658326,0.6769799,0.70166546,0.120066084,0.30689472
0.8922297769191077,1.3418198,0.95576936,0.96645147,0.7243973,0.52719975,0.3716261,0.24267402
0.8960416641666566,0.916706,0.98108554,0.96917427,0.29997295,0.15232064,0.41043046,0.50982165
0.9182944571778288,0.72635806,0.9622017,0.97005296,0.19128709,0.24584556,-0.27434453,0.09289317
0.8704207936831747,0.79221624,0.9862433,0.9703418,0.15343107,0.21074373,0.64781797,0.5317858
0.8674291337165349,0.6195432,0.974507,0.96614957,0.08666115,0.17040461,-0.09067051,0.091515794
0.8950228120912482,1.1274551,0.9794358,0.9729487,0.24461783,0.2560776,-0.0143863745,-0.54888445
0.9033789735158941,0.88226676,0.9776122,0.96566606,0.16798826,0.43402827,0.2701509,-0.06124896
0.92375169500678,1.1196407,0.96880895,0.97573054,0.3578264,0.2570035,-0.5133288,0.14900221
0.8844215856863425,1.0619048,0.95659304,0.9628857,0.4305743,0.28699866,-0.15942167,-0.11803839
0.707381229524918,0.82618207,0.9310828,0.96196,0.25887144,0.15347001,-0.016000412,-0.21739492
0.5452207408829635,0.7556294,0.93447864,0.9622272,0.0685548,0.11516511,0.08271832,-0.2742137
0.9172721490885962,0.66047364,0.99069804,0.97270685,0.13719404,0.24050415,-0.29761115,-0.102714434
0.893635126540506,0.88846993,0.9664815,0.9671029,0.36895362,0.2617201,0.40561014,-0.17813867
0.8494935739742959,0.9271597,0.9716036,0.96496636,0.3897102,0.3226958,0.2968136,-0.17515892
0.5083266413065652,0.7254513,0.93585265,0.9604744,0.16289929,0.06495953,0.20384881,0.066453226
0.8524059376237504,0.6678029,0.9699414,0.9691948,0.13519964,0.11990053,-0.20683941,-0.11507329
0.757002004008016,0.6326547,0.9581919,0.9658433,0.10812371,0.121263415,0.73384976,0.14873855
0.9026243144972579,1.1742867,0.97893435,0.96426505,0.37436277,0.9089445,0.07267675,0.21338265
0.7969045636182543,0.91053635,0.9572544,0.9657644,0.28697014,0.09440113,-0.43243352,0.13685182
0.8171659246636985,0.72538984,0.97618306,0.96526676,0.13907622,0.1752035,0.15043478,0.05556309
0.8992294529178115,0.9631424,0.9944678,0.9736545,0.19150692,0.28646523,-0.17186755,-0.59815353
0.8005266581066324,0.8849281,0.946079,0.9634339,0.26762453,0.17098148,0.3432853,0.085127465
0.8719660158640635,0.6786696,0.96825045,0.96497834,0.13285612,0.09319832,0.010200738,0.24803944
0.7130154920619682,0.582584,0.95871156,0.9646529,0.08854181,0.07986091,0.29982567,-0.14418443
0.892880179520718,0.7205181,0.92319083,0.96576333,0.19480005,0.1931562,0.1658748,-0.020576904
0.7238085272341088,0.8309563,0.9537405,0.96354216,0.2015984,0.16430904,0.035270117,0.106514916
0.6849523718094873,0.60754126,0.9569015,0.9654451,0.0874796,0.12096853,0.84819317,0.7725683
0.9550890043560174,0.94218564,0.9882657,0.9776653,0.24283865,0.3664889,0.12381381,-0.01810413
0.8767154428617714,0.8553474,0.9597887,0.9690253,0.29620096,0.22160697,-0.13148078,-0.08822579
0.870935355741423,0.5904182,0.9748965,0.96696794,0.07691945,0.08214282,0.060941476,0.39165866
0.9060445201780807,0.7001042,0.99222386,0.9711881,0.06976482,0.08940453,0.29197845,0.6406734
0.8495651902607609,0.76910025,0.9829075,0.96989053,0.0789755,0.19624689,0.15721498,0.5852051
0.8640930243720975,0.7728051,0.96564984,0.9712576,0.19406736,0.12478736,-0.23067187,0.3175683
0.8625076740306962,0.66817456,0.9757967,0.96614605,0.10347103,0.13557859,0.1089404,-0.015842246
0.7742793851175405,0.8278188,0.91937405,0.96438926,0.3175291,0.15974239,-0.09288998,-0.027779115
0.9080623522494089,0.9237574,0.9857337,0.96793765,0.2798757,0.38739234,0.11912503,0.08997827
0.6991283645134581,0.6531307,0.94279426,0.96011454,0.14619857,0.1427473,0.3487162,0.22228713
0.9224670178680714,0.9688469,0.9670613,0.96638644,0.31177837,0.55638635,0.65902126,0.11642419
0.7023058812235249,0.7859744,0.94368535,0.96231604,0.18095636,0.1044186,-0.93726605,-0.5577764
0.9028066192264768,0.7777633,0.9898099,0.9751661,0.13373792,0.16451848,-0.8410519,0.06980682
0.9376528386113544,0.6968053,0.9889686,0.98607767,0.08920941,0.13969797,-0.05325204,-0.052233793
0.8244914259657039,0.6006692,0.9843581,0.96582854,0.06748247,0.10784912,-0.6367817,-0.30927286
0.9081295525182099,1.1628675,0.9818975,0.9824872,0.4056597,0.4540836,0.25583068,-0.05114496
0.7478688154752618,0.92147124,0.9447657,0.9624421,0.2899909,0.09631981,-0.75892884,-0.4918098
0.9330820683282731,0.7668834,0.9872227,0.98264766,0.1366344,0.18512262,-0.32402375,-0.3367418
0.5544077856311425,0.69925046,0.9158628,0.95197517,0.12521748,0.082313515,-0.20173864,-0.15298769
0.8547430669722679,0.6203451,0.9625023,0.96982205,0.08892025,0.096768014,-0.5875955,-0.17982043
0.9098319273277092,1.1798611,0.9840817,0.96281034,0.39625654,0.6476409,-0.20931123,0.025502447
0.6859322477289909,0.5752303,0.8957179,0.95283,0.12387681,0.06855862,-0.52382684,-0.4866196
0.8632952611810447,0.8958683,0.9430323,0.9584537,0.4646059,0.37323272,0.00017424552,-0.201554
0.9489705158820636,0.9693521,0.98192424,0.9886027,0.13542745,0.1475478,-0.23010615,-0.38194564
0.902566522266089,0.9561458,0.9634135,0.9600066,0.44776198,0.59639776,0.00538939,0.24845055
0.6054571418285672,0.67751914,0.9293003,0.96097904,0.09622883,0.08222144,-0.0065030716,0.25334394
0.7564312817251269,0.7550429,0.9604615,0.95888716,0.097249396,0.11424039,-0.015089489,-0.1120654
0.8954384937539749,0.6179442,0.9595769,0.9671881,0.113010235,0.09765414,0.01374823,-0.29624084
0.8174108216432865,0.73332965,0.9794675,0.9793025,0.1217492,0.12700996,0.80674815,1.0942546
0.7647312829251316,0.4756044,0.92721623,0.95190585,0.061561577,0.0895111,0.07129996,-0.23776186
0.8990503162012646,0.6790666,0.9647921,0.95832145,0.1905271,0.18719508,-0.021313602,0.015361283
0.8757479509918038,0.73334926,0.9732851,0.9799581,0.16002712,0.14824685,0.2100846,0.7646153
0.8615589982359929,1.134705,0.9846383,0.9757369,0.3418516,0.40784115,0.20763497,0.42477682
0.872122304489218,0.9198214,0.9862433,0.9711889,0.15343107,0.18819325,0.64781797,0.5825703
0.8609780039120156,0.85218346,0.9626457,0.9591409,0.21286538,0.3921361,0.017590325,0.018922806
0.7765406741626967,0.98193157,0.9735469,0.9675747,0.32475883,0.16946365,-0.047040332,-0.21683842
0.8579950799803199,0.524029,0.92771125,0.9610658,0.09995766,0.16172117,-0.33557156,-0.10368296
0.8949275797103188,0.9732867,0.9836472,0.97564137,0.2524862,0.23515981,0.34946772,0.44882187
0.5777907911631646,0.66755605,0.9179623,0.9590724,0.10844428,0.08172831,0.48455822,0.64304566
0.8409195876783506,0.64470583,0.97536135,0.96809965,0.107408516,0.12427688,-0.44917983,-0.30738014
0.9319641438565753,1.0773137,0.972507,0.97614616,0.28341636,0.3877963,0.16421172,0.27018556
0.824876483505934,0.72235703,0.94900346,0.96227443,0.13334408,0.104446374,-0.19546436,-0.27257144
0.8533340693362773,1.2342883,0.97893435,0.97247916,0.37436277,0.25028917,0.07267675,0.29755855
0.7042775371101483,0.7188284,0.9728503,0.9564699,0.11881773,0.113750584,-0.6008063,-0.45905215
0.8161782727130907,0.6810766,0.9580717,0.96422505,0.1290531,0.12727177,0.81455654,0.65753776
0.8934701018804073,0.6978697,0.96643436,0.9730836,0.12447675,0.14628278,-0.49215448,-0.24542885
0.9379513998055993,0.9262097,0.9914304,0.984916,0.15499678,0.18788539,-0.011502602,0.13229401
0.9457731270925083,0.82877916,0.9857982,0.97309995,0.1783067,0.30711696,0.69843,0.19466613
0.9613625334501338,1.0208102,0.9841116,0.98614967,0.15947217,0.24695882,0.705084,0.17239137
0.8907698030792122,0.7919585,0.960663,0.96875304,0.2063097,0.29226375,-0.04537617,0.12748885
0.8377971751887007,0.868591,0.9754689,0.96538997,0.17169009,0.20973739,0.14197955,0.20179313
0.8236470065880264,0.68279266,0.96204066,0.96423686,0.14107251,0.13047618,0.23464607,0.32632044
0.8998212952851812,0.7526462,0.977961,0.9802829,0.11924686,0.1252802,-0.8877242,-0.6968542
0.791306301225205,0.6794452,0.97962177,0.9769378,0.14602877,0.0694569,0.61162543,0.5614447
0.824433057732231,0.80733484,0.9573843,0.96905994,0.18356961,0.31642687,0.6153116,0.74998105
0.9002328489313958,0.92364436,0.9464334,0.9613862,0.28698346,0.5675008,0.28874478,-0.027306497
0.8061102324409298,0.5872411,0.9651223,0.9571852,0.11697756,0.083196916,0.05241391,0.5569873
0.793006276025104,0.7439972,0.95011926,0.95496964,0.1079898,0.099348836,-0.1880042,-0.2501495
0.770619370477482,0.80116594,0.9876585,0.97053045,0.10938966,0.10348569,-0.14720862,-0.9108777
0.7826469705878822,0.6554619,0.96337515,0.95843554,0.12669528,0.12160722,-0.49071175,0.21154945
0.9246243384973538,1.2998087,0.97601193,0.9743525,0.25152567,0.57501966,-0.28537482,0.17079878
0.6780894963579854,0.62389153,0.9472729,0.9349289,0.087060176,0.113608345,0.14220868,-0.21656097
0.8693271573086292,0.7352566,0.961354,0.95526236,0.2278102,0.23300532,0.14679044,0.011011544
0.9009244356977428,0.80191207,0.9942329,0.97422016,0.20747492,0.2571349,-0.115740694,-0.036757912
0.9228886515546061,0.8532924,0.9748344,0.97848177,0.21638277,0.22916523,-0.53036904,-0.1783407
0.8913485893943575,0.9152853,0.94930315,0.9688746,0.4272221,0.19333135,0.23137213,0.24412137
0.8588505394021576,0.6202754,0.9901902,0.9791558,0.070074424,0.079740904,-0.32740396,-0.06967373
0.6944998019992079,0.7095381,0.96925503,0.9519953,0.14673695,0.123131946,0.027596457,-0.17929994
0.8098951435805741,0.94152373,0.96998984,0.95406777,0.29415715,0.27260384,0.28829035,0.034119654
0.8694275737102948,0.66173995,0.97178483,0.9638473,0.0965145,0.1323877,-0.36415073,-0.1197842
0.8272641090564362,0.5238636,0.94593406,0.9537679,0.07372085,0.098291636,-0.2705553,-0.26421678
0.8254270457081827,0.7408513,0.947542,0.95039624,0.15722342,0.15095842,0.29800907,0.42849353
0.8959848319393278,0.85759366,0.98570186,0.99075055,0.1868554,0.1257056,0.6384887,0.31886944
0.9040251521006082,1.0481082,0.99397004,0.97366023,0.23555732,0.3345447,-0.0688547,0.3113003
0.757689462757851,0.7461332,0.9453405,0.944136,0.22583279,0.16276841,0.031161333,0.22040993
0.6927402109608438,0.5345429,0.9351614,0.9446748,0.06670816,0.09814991,0.3873239,0.38611263
0.6362137448549794,0.57717884,0.9384959,0.9367013,0.10533074,0.08291526,0.2510573,0.15611112
0.7953197892791571,0.8276881,0.94659823,0.94399893,0.23411745,0.26589522,-0.27407694,-0.5099277
0.9346284425137701,1.2048879,0.9875211,0.9754737,0.35251203,0.54782754,-0.016539311,-0.049800165
0.7478108312433249,0.7124743,0.9604198,0.9573244,0.13373049,0.116871886,0.47877264,0.4066482
0.8550556442225768,0.60086143,0.93542725,0.9617978,0.12834935,0.07685773,-0.27859065,-0.1880702
0.9002510890043561,1.0218573,0.9377647,0.95524734,0.46420324,0.41415933,0.6065515,0.08325011
0.8051492685970744,0.58861274,0.9556385,0.95056134,0.100284524,0.1110272,-0.37123248,-0.7144368
0.8921198564794258,0.8149563,0.96778077,0.9666853,0.18165757,0.33725044,-0.6368321,-0.45789072
0.7110220440881764,0.6222527,0.9547027,0.96253926,0.13917728,0.07989516,-0.20269057,0.26889014
0.8372937491749967,0.55161464,0.97473794,0.95012486,0.08441965,0.17092802,-0.35331267,0.057955127
0.39534081336325344,0.57074594,0.9157441,0.93729645,0.061815917,0.06306773,0.59642947,0.50412244
0.884999411997648,0.7917551,0.97152054,0.9694737,0.17786478,0.20686191,-0.714161,-0.21132185
0.8631968607874431,0.65441364,0.94447905,0.9541432,0.14565493,0.16009279,0.03386233,0.12951115
0.7239682718730874,0.59346634,0.95439893,0.9395478,0.13274164,0.13359192,-0.30820158,-0.24726704
0.8687960831843325,0.53344065,0.95897037,0.9550612,0.09444626,0.10306202,-0.37826252,-0.25505146
0.9000371041484165,0.67668295,0.989381,0.9788943,0.08734572,0.07365653,-1.0453626,-0.32340792
0.9215453181812727,1.0051035,0.9793974,0.9835623,0.1639463,0.08613905,0.5370834,-0.11462797
0.8769763719054876,0.68785256,0.9920277,0.96682006,0.10257191,0.119310744,0.14434102,0.064255334
0.7534913659654637,0.5875715,0.9126116,0.9477534,0.09266176,0.09606358,-0.14447117,-0.13144849
0.9048014112056448,0.67843914,0.9668455,0.9567066,0.14675942,0.26314366,0.46559352,-0.096999854
0.8635013740054961,0.7960865,0.966547,0.97315115,0.17610545,0.192521,-0.03768055,0.07752184
0.8966752667010668,0.8183687,0.97378206,0.9561453,0.23670743,0.40703157,0.23830327,0.25916266
0.823069660278641,0.9540039,0.9418999,0.9637189,0.3296861,0.21656361,-0.21182153,-0.3704874
0.8485186900747602,0.60251737,0.9420604,0.956233,0.11555245,0.15786205,0.6206449,0.23776038
0.6923518894075575,0.87180954,0.9601932,0.95795256,0.13960359,0.09218186,0.71307266,0.34433803
0.8431332605330422,0.5458268,0.9667455,0.97094464,0.06413472,0.07238839,0.16296239,0.11661965
0.6827169068676274,0.6776547,0.9628866,0.94103754,0.13696204,0.093345895,-0.4962798,-0.16575606
0.6023450973803895,0.76998633,0.91340077,0.9455098,0.16951492,0.11178829,-0.06516769,0.160442
0.8385285061140244,0.6332444,0.9482594,0.95205086,0.09955742,0.11017739,-0.3165732,0.15277009
0.8824509858039432,0.79847974,0.96892583,0.95723057,0.1743226,0.24620035,-0.40317965,6.925488e-05
0.5286821787287149,0.651576,0.92837036,0.95269257,0.100832276,0.07757125,-0.682614,-0.3916591
0.7632784131136524,0.99932444,0.97944957,0.9815328,0.24137236,0.095722385,-0.29730815,-0.49969706
0.801060612242449,0.7168738,0.9725389,0.96053183,0.12170631,0.10922066,-0.74574107,-0.17696534
0.8750304441217764,0.79027957,0.95355636,0.96763057,0.21124142,0.22019209,0.47794294,0.49164042
0.9211729326917306,0.8456428,0.99415827,0.9729965,0.14850973,0.3719369,0.6083338,0.3245778
0.9055423421693686,0.8835709,0.9746876,0.97299016,0.24410188,0.2281174,0.09479188,-0.19149742
0.5534437497749991,0.7618235,0.9382842,0.94545937,0.11395483,0.12640329,0.41015175,0.18718585
0.8434405577622309,0.6757204,0.98901063,0.97537565,0.085873954,0.10744309,-0.7382262,-0.81435955
0.8825053220212881,0.64767206,0.9657592,0.9728201,0.1411114,0.14354716,0.46195665,0.119625464
0.9235495181980728,0.7825531,0.9633493,0.9623968,0.39708027,0.4147549,0.27194217,-0.07061042
0.9091081804327217,0.93168616,0.9723286,0.9855959,0.12945972,0.15346117,-0.23331892,-0.07232248
0.8192024768099073,0.8091623,0.9346031,0.9654672,0.21042016,0.17054215,0.5296892,0.71320343
0.8988829875319502,0.7256346,0.9818021,0.97587955,0.15827525,0.18695956,0.4442513,0.22144581
0.9064985059940238,0.84803796,0.98616385,0.9746028,0.22494732,0.24779285,0.67235386,0.49164268
0.8529085956343825,0.5458521,0.99050504,0.96150434,0.08276512,0.12922001,-0.6015358,-0.6220491
0.7861849687398749,0.79410213,0.9636642,0.9685618,0.20189594,0.13157047,0.20916373,0.17741859
0.8613405973623893,0.663434,0.9697037,0.9601508,0.19279955,0.13867542,0.24706692,0.1032316
0.8911373885495542,0.67951113,0.9746183,0.97765803,0.12540537,0.1432942,0.1737737,0.4182353
0.7845343381373525,0.805547,0.935956,0.95469135,0.20379306,0.24492344,-0.04988808,-0.109591484
0.8570536042144169,0.9700798,0.98626244,0.9760509,0.15485306,0.15655112,0.6491043,0.88198406
0.9188293713174852,1.0529635,0.9724649,0.9653133,0.15307179,0.59602714,-0.056705635,-0.099062204
0.8705852423409693,1.0138394,0.98129714,0.9853352,0.20369406,0.17510884,-0.33056086,-0.58918667
0.9028469393877575,0.71728224,0.98245716,0.9701804,0.17351528,0.1889101,-0.26119438,0.15115678
0.8526045624182496,0.68225193,0.95435655,0.95361274,0.12940483,0.16343427,0.38664174,0.659308
0.8593941895767584,0.68780553,0.97101223,0.97504914,0.12040572,0.107896395,0.5758114,0.59945214
0.6640293761175045,0.6143624,0.94850457,0.9571417,0.15258056,0.08378781,-0.23285122,-0.19409332
0.8360155040620162,0.6025497,0.9561905,0.9645078,0.09251853,0.16494468,-0.23084638,-0.63589567
0.9436469105876425,0.86184573,0.9780787,0.9867937,0.13361092,0.19411781,0.28571978,0.2254214
0.8516094224376897,0.8741944,0.9836802,0.9860179,0.1872246,0.13495862,-0.011422798,-1.0484178
0.8722406729626918,0.81632435,0.9652268,0.9777644,0.18965246,0.12760782,0.0776481,0.31270337
0.8801928858961731,0.7311915,0.9601728,0.97561336,0.16573839,0.14122699,-0.37346715,-0.1556899
0.8279304477217908,0.6080049,0.9506385,0.9510697,0.10966432,0.08781229,0.04669601,-0.10777996
0.9082024168096673,1.0431035,0.9944837,0.9822703,0.23968084,0.21077076,-0.3325228,0.40990868
0.8624275137100549,0.97925735,0.9594088,0.95803034,0.3377733,0.28051928,-0.69441944,-0.5395237
0.9372219888879555,0.76304406,0.9814737,0.98190486,0.27123857,0.18387897,0.33364597,-0.005761853
0.7564386737546951,0.651718,0.94865423,0.95346725,0.13727917,0.1131126,-0.23816109,0.026093096
0.7383034332137328,0.59709233,0.9459398,0.94844705,0.10309432,0.14917111,0.2842148,0.016406942
0.7944197856791427,0.830257,0.9533518,0.96645147,0.13312204,0.21456589,-0.6281841,-0.16515629
0.7145803943215773,0.72969055,0.95557564,0.9566437,0.13890898,0.15929696,1.0445061,0.54881
0.8664726818907276,0.6562681,0.9728245,0.9583568,0.096626215,0.106155224,-0.3667394,-0.2270604
0.8389290197160788,0.6848192,0.9535563,0.96172404,0.112879366,0.13391611,0.17632613,-0.43084505
0.8307081228324913,0.69318855,0.96350837,0.9539257,0.12244409,0.19699946,-0.09958591,0.10626973
0.8787675470701882,0.6944134,0.99257183,0.9663529,0.12792392,0.19177122,-0.42175353,0.41242543
0.9080892323569294,1.4222775,0.9648514,0.97714263,0.8891615,0.3100763,-0.36494336,-0.21355452
0.7380621842487369,0.9371546,0.9174201,0.96485335,0.25118256,0.14958586,0.33420974,0.2743631
0.8995793743174971,1.1123241,0.9847809,0.97775507,0.4422876,0.27342543,0.15780832,0.3053051
0.900383927144923,0.63778824,0.9767491,0.97116435,0.09399064,0.107465826,0.638641,0.30901435
0.9271760287041149,1.1437812,0.98765194,0.9844087,0.13303053,0.24168544,0.2533522,0.2756655
0.8550187800751203,0.6043365,0.96711457,0.95952445,0.09922889,0.18613249,0.32125118,-0.06696303
0.6781479605918422,0.6336655,0.9851797,0.96414274,0.092220105,0.09468497,-0.005900916,-1.0403628
0.7814621338485354,0.89835525,0.94745266,0.95849574,0.366391,0.13395053,0.61553913,0.2797547
0.7551011004044016,0.58700895,0.99044645,0.96108234,0.059877086,0.13009197,0.59080416,0.62476486
0.8135237660950643,0.73840964,0.9792113,0.96212643,0.10263737,0.13442242,-0.0050086062,0.43726662
0.8459671918687673,0.67181593,0.98043823,0.96345335,0.10956488,0.16562435,0.56532407,0.10420865
0.872065568262273,0.7922851,0.9862433,0.9751978,0.15343107,0.164355,0.64781797,0.64945304
0.9089263557054228,0.7849229,0.988021,0.9786688,0.12284225,0.19950175,0.3624305,0.20984674
0.9298526154104616,0.6441197,0.97730696,0.9798657,0.13985485,0.17666982,0.6207308,0.2415521
0.7808494593978376,0.7857226,0.96942943,0.9599327,0.21717103,0.2425832,0.3183564,0.15007645
0.8370580682322729,0.7125166,0.9641771,0.9774043,0.09005452,0.11071726,-0.90408325,-0.6028599
0.9543029532118129,1.1278608,0.98524785,0.98631155,0.15201074,0.29946992,0.5108062,-0.008180292
0.6706821067284269,0.82538253,0.9416164,0.9471612,0.13366134,0.08080602,0.51844716,0.193831
0.6902486169944679,0.6011491,0.9423171,0.95633817,0.099376604,0.060122494,0.84694177,0.5440204
0.8186912747650991,0.9069962,0.9604503,0.95960003,0.25654602,0.17490946,0.04142196,0.23188382
0.9163522734090938,1.0132257,0.9854126,0.97198975,0.32941523,0.39807436,-0.20379208,0.15063591
0.7844392017568069,0.63638353,0.9428851,0.96116215,0.11962876,0.09301903,0.4774272,0.44199005
0.8323227532910132,0.6689141,0.9786391,0.9697596,0.16961853,0.12008339,0.41098356,-0.010220258
0.8046456505826022,0.7946438,0.9669508,0.96084017,0.16887495,0.15272698,-1.1189462,-0.0065193563
0.927384733538934,0.62163925,0.9725532,0.9780315,0.10387451,0.15086772,-0.12685962,0.09042191
0.7531987567950271,0.52262324,0.9669643,0.96714026,0.07094694,0.066912465,0.05736017,0.19081296
0.8822187608750435,1.0266454,0.9703495,0.97724015,0.19094922,0.1593826,-0.5116977,-0.34982786
0.8310018840075359,0.6877217,0.96284175,0.96955675,0.12425549,0.08713866,-0.44410092,-0.35651588
0.9392160128640513,0.7371526,0.9893202,0.9825071,0.11335064,0.23075351,1.3629799,0.43424696
0.8914935713701315,0.6654368,0.96760833,0.97489667,0.1268948,0.14275698,-0.33935347,0.1690764
0.7459737678950715,0.6122283,0.9585767,0.96407425,0.057422727,0.10134217,0.5056774,0.20445643
0.8585687782751131,0.6059796,0.96623087,0.9591399,0.11607982,0.13826402,0.3390564,0.19758753
0.8534885339541358,0.93823206,0.98192585,0.9589722,0.4081819,0.2666351,-0.060717434,-0.32991976
0.44368948675794706,0.6534052,0.9097386,0.9514317,0.14297946,0.07824089,-0.62594336,-0.39029208
0.8444652658610634,0.6038745,0.9524083,0.966008,0.08100448,0.12611243,0.6086753,0.022868115
0.8469018516074065,0.71136564,0.9892693,0.9829191,0.12762031,0.12719262,0.09324653,0.2680212
0.9272411169644676,0.8528179,0.99452776,0.98408884,0.11638007,0.21137813,-0.39525023,0.31125593
0.877066036264145,0.96033055,0.9734657,0.9669685,0.20373805,0.3928854,0.08588169,-0.25264728
0.8049742598970395,0.5509993,0.9735705,0.9666532,0.0680369,0.080738224,-0.09751276,0.16820608
0.8954023976095903,0.9671718,0.98985475,0.987956,0.099185556,0.19661748,-0.35849333,0.24757783
0.8210419401677607,0.8906221,0.9686975,0.9570791,0.17139849,0.2179738,0.12666544,-0.110738054
0.4625677702710811,0.9126672,0.917614,0.95025593,0.22569332,0.12071789,-0.014430766,0.35758638
0.9143365533462133,0.77820534,0.9622186,0.97035855,0.3082242,0.33707726,-0.10876945,0.1154748
0.8414087096348385,0.9934034,0.9575268,0.97210014,0.35203743,0.24630238,-0.4516466,0.041160993
0.8976372865491461,0.7194803,0.9734316,0.97145736,0.1250183,0.14245173,0.5448074,0.1858941
0.8690329161316646,0.78225213,0.96278554,0.9694513,0.151666,0.16935349,-0.44742787,-0.30263823
0.8508933555734223,1.0690497,0.9651674,0.9656877,0.28468105,0.28468883,-0.33585083,0.30502218
0.8875750063000252,0.8135757,0.98861444,0.9715672,0.18113977,0.2326183,0.8444211,0.45424202
0.8017935751743007,0.61278987,0.9613565,0.9655147,0.10731132,0.088255174,0.44098693,0.41712746
0.818820011280045,0.80575734,0.95820564,0.96489435,0.22975329,0.22289403,-0.43516174,-0.07826291
0.9227466669866677,0.7392488,0.97915196,0.9736527,0.20981269,0.27651554,0.69842553,0.026492652
0.8816789507158028,0.9849175,0.9764523,0.97726667,0.31350312,0.21562782,-0.40990093,-0.18435109
0.9015234780939122,0.9868456,0.9899734,0.9743733,0.25092804,0.26271412,-0.70828223,0.015398343
0.8618685034740139,0.84778976,0.99005824,0.9629587,0.16958186,0.39325687,-0.34528747,0.07347372
0.7453686774747099,0.75722545,0.95711523,0.9580594,0.08205115,0.09861544,0.09497428,-0.2878068
0.8339187596750387,0.9495729,0.96123654,0.96521837,0.18962324,0.20813471,-0.7016918,-0.42489907
0.93774845499382,0.9105396,0.9848895,0.97567093,0.2996218,0.36730677,-0.12139921,-0.007342673
0.827254701018804,0.7875029,0.9401975,0.9685645,0.23120074,0.124666706,1.2063456,0.39905325
0.827502862011448,0.66369724,0.97753835,0.9644439,0.10115522,0.117625535,-0.2059831,-0.34959304
0.8170373801495207,0.7426035,0.9693174,0.96554816,0.14549907,0.09844602,0.21989124,0.5370278
0.7895321181284726,0.78138816,0.9492649,0.9663853,0.21698713,0.12769288,0.42949674,0.38421252
0.8858428713714853,0.8812404,0.9669282,0.9786538,0.274369,0.13891773,0.09298901,0.055168398
0.9595691502766011,0.8533198,0.990108,0.9863294,0.24600649,0.21732263,0.0500757,0.006398838
0.8285003060012239,0.9611244,0.98962677,0.9855576,0.20633559,0.15710697,-0.3932337,0.027738612
0.9032914211656845,0.8043113,0.9880421,0.96487504,0.17979197,0.42061457,-0.9442874,-0.04562451
0.6174679418717675,0.6540501,0.96879494,0.9441784,0.06482214,0.12887162,0.9640556,0.76764154
0.7804694898779595,0.9939357,0.96695065,0.9590461,0.23383236,0.28672937,0.7008814,0.33052623
0.8835431821727286,0.77823645,0.9748159,0.9798843,0.1723419,0.12129741,-0.23417354,-0.34467193
0.8395251821007284,0.73637944,0.9547166,0.9498852,0.15020776,0.2692314,-0.5795549,-0.33688197
0.7422826491305965,0.47802874,0.9176728,0.93659794,0.067981966,0.08436571,0.5094458,0.28162724
0.9351643166572667,1.0179809,0.98983824,0.9826238,0.30616453,0.19395335,0.012213156,-0.03546215
0.7103969855879423,0.72024405,0.94737744,0.944633,0.19537225,0.18558365,0.20640793,0.08811754
0.8488045792183168,0.5928499,0.97403693,0.97261405,0.08485032,0.13329346,-0.07890808,-0.31466407
0.8977684230736923,0.6899371,0.96607316,0.9674615,0.14053732,0.15886115,-0.031612754,-0.16398752
0.878067800271201,0.8218977,0.9760585,0.9803422,0.2213561,0.15895756,-0.19025181,-0.047976088
0.8379906159624637,1.0127485,0.93611187,0.9376808,0.39548573,0.5636669,0.31373617,0.52949125
0.8785409861639446,1.038824,0.9738564,0.9724284,0.3375767,0.2194087,-0.41182482,-0.5070114
0.9049956199824798,0.77829844,0.9620034,0.9784331,0.18543665,0.18216804,-0.59369737,0.19370931
0.8382576890307561,0.7216557,0.9528512,0.950568,0.20280857,0.19512963,-0.17545931,-0.36760676
0.5877872151488606,0.6206432,0.94439465,0.9275469,0.09606097,0.14195329,-0.41295195,-0.7118732
0.9421445045780182,0.7619022,0.9689932,0.9714916,0.2221452,0.3064825,0.6635501,0.07975918
0.6337236868947475,0.61101633,0.9618585,0.91503555,0.09374356,0.089399114,-0.3933033,-0.48801917
0.8769395077580311,0.7775094,0.9792851,0.9755674,0.13702773,0.21316127,0.65188867,0.3632648
0.7656815907263629,0.5827066,0.9709794,0.9481911,0.068232715,0.15161665,0.07601444,0.70170003
0.659815919263677,0.66702,0.94162834,0.9218655,0.12397314,0.17302938,-0.52042663,-0.62159353
0.8594658058632234,0.9849857,0.9716953,0.9663254,0.20008196,0.31657338,0.87893003,0.36068922
0.7654748058992236,0.75475407,0.9313582,0.9336946,0.25982103,0.23254307,-0.08362642,-0.046226412
0.8801487045948183,0.8324442,0.97520256,0.9633699,0.19805855,0.3485935,0.6555285,0.40330535
0.9373074292297169,0.831535,0.9928433,0.9777759,0.18586864,0.33733454,-0.32440537,-0.39492458
0.9390195960783844,0.60383767,0.9838545,0.9800352,0.11596605,0.14401136,0.14439274,0.10684018
0.947810927243709,0.69099206,0.98392904,0.97334516,0.16841534,0.28651813,-1.1088687,-0.8336972
0.8585651302605211,0.7591104,0.9639231,0.9613985,0.12999704,0.19902064,0.345647,0.22919875
0.915444493777975,1.1307154,0.9798736,0.98895067,0.30904087,0.23602946,-0.5548428,-0.14661632
0.8574500858003431,0.83160526,0.98498297,0.96139085,0.13746509,0.30440494,-0.015910424,-0.5842029
0.7125727382909531,0.7505052,0.9544194,0.96532786,0.14272872,0.14141825,-0.7232645,-0.49290225
0.7444728978915914,0.62566286,0.9550504,0.95064884,0.09128841,0.1453577,-0.19340625,-0.5854269
0.9214058296233183,0.8095899,0.98889244,0.9699985,0.22689883,0.17531268,0.50503343,0.2915093
0.7942404569618279,0.6234153,0.9692004,0.94483227,0.11494983,0.15022703,0.12920189,0.053578276
0.8988889395557581,0.9141451,0.9714132,0.96555495,0.41917446,0.40696856,-0.16194925,0.23993489
0.799250429001716,0.815005,0.9806466,0.9568638,0.17453615,0.21865769,0.12992622,-0.2197069
0.9348570194280778,1.2225344,0.96329874,0.95677024,0.7486201,1.2161006,-0.23421873,-0.1443212
0.9455133500534002,0.9959854,0.9920258,0.98755246,0.108219214,0.14318866,0.37793332,-0.04212166
0.8908530354121416,0.83891934,0.97784567,0.97879034,0.19501592,0.21956488,-0.7984068,-0.54725325
0.8981861207444828,0.72469413,0.9642261,0.9611953,0.13214982,0.22789036,-0.22277987,0.11772415
0.8740778323113292,0.719556,0.97968185,0.9837693,0.12619828,0.13928525,-0.13966976,0.18324998
0.9045575702302809,0.98690903,0.9692576,0.9588593,0.48803645,0.5346978,-0.16489157,-0.29199666
0.7223806175224701,0.5387241,0.94574374,0.9258607,0.08803784,0.1293152,-0.46393117,-0.43864343
0.9070982203928816,0.60858047,0.98765665,0.9835608,0.05904503,0.09005187,-0.51537234,-0.20129436
0.9285087060348242,0.94199485,0.9794252,0.9827241,0.26791212,0.17948958,0.07591998,-0.079669066
0.7594095016380065,0.6043313,0.951036,0.93643844,0.06599158,0.16256668,0.2622143,0.29697737
0.8929475717902872,1.0472348,0.9871505,0.97250456,0.28873026,0.39782667,0.15153082,0.29974174
0.956639794559178,1.2637701,0.9850418,0.9836919,0.2892727,0.5890673,0.22140408,0.03179343
0.904241056964228,0.67861426,0.9740643,0.9639826,0.20202917,0.2598188,-0.6031508,0.0028344765
0.9164760179040716,0.71853125,0.9735873,0.9742677,0.18077509,0.17376731,0.26618314,0.10905711
0.67212115248461,0.55316025,0.9234954,0.9462,0.06942444,0.1333469,0.36685604,0.3703832
0.875307213228853,0.83191967,0.9833096,0.97161686,0.19266917,0.2205339,0.70047575,-0.025712537
0.8063472573890296,0.77382797,0.9573875,0.963529,0.22363341,0.1732899,0.8882229,0.6095843
0.8712679970719882,0.53718466,0.96197677,0.9672038,0.11929377,0.123397455,0.5890164,0.21498717
0.9169171396685587,0.8116784,0.98103315,0.9762829,0.14931712,0.1906015,0.5770513,0.19824591
0.896129888519554,0.6402787,0.9656813,0.9682894,0.13594727,0.14517832,0.43272927,0.034597002
0.895945663782655,0.90601504,0.97234845,0.9679116,0.27701417,0.38074726,-0.32750118,-0.37673402
0.7641445285781142,0.670293,0.9210677,0.95467407,0.098257236,0.22144337,0.67487746,0.5166685
0.8646833307333228,0.58332264,0.946073,0.95951766,0.11642579,0.14460523,0.468226,0.18747942
0.7583814335257341,0.78703576,0.95808524,0.9589689,0.19586213,0.18113239,-0.4893728,-0.5000808
0.8564105936423745,0.66538095,0.9469212,0.95320547,0.15981479,0.20088139,-0.3368713,-0.1930937
0.9162916011664046,1.1809181,0.9881252,0.97718865,0.29861215,0.53935856,-0.04693108,0.23867995
0.9065250981003923,0.6357835,0.9768017,0.9675168,0.099318236,0.18607749,0.20340161,0.25497803
0.9072735170940684,0.6368814,0.98740333,0.9791927,0.092746094,0.14446494,-0.47537392,-0.51554734
0.8814924219696878,1.1488559,0.99428046,0.9689903,0.22266433,0.308052,0.10722229,0.5089284
0.7776845187380749,0.69721967,0.95968264,0.9587925,0.12620477,0.1525773,0.6338432,0.59399277
0.9335879903519614,0.93309814,0.98386544,0.98564166,0.083828725,0.2261598,0.10194595,0.024430567
0.8278852315409261,0.77193433,0.9587793,0.9534518,0.1513879,0.17534678,0.09227039,0.2635821
0.8263748574994298,0.71306723,0.9607707,0.9643173,0.1555619,0.16598073,-0.6261675,-0.32170132
0.9455636542546169,1.1946962,0.9936263,0.9842027,0.21681875,0.41099557,0.35597253,0.19070996
0.9153335173340694,0.84855586,0.9882267,0.9738876,0.06935738,0.3032652,0.5601311,-0.06514176
0.8168500834003335,0.8742824,0.98630893,0.9821049,0.17824352,0.17085642,-0.014404011,-0.83695775
0.8008783075132301,0.8175228,0.95842487,0.9641045,0.17802887,0.111528344,-0.3084065,-0.03348759
0.9482089448357792,0.7722202,0.9880875,0.9805116,0.11493928,0.22475299,-0.2106338,0.0760745
0.911509726038904,0.80241734,0.9687411,0.97929806,0.14855051,0.19982018,-0.5554505,0.29111713
0.8040077280309121,0.7963951,0.9479659,0.95831233,0.1806397,0.20669779,0.3383077,0.24517547
0.8288485953943816,0.69709855,0.94977885,0.959111,0.16348533,0.17234658,-0.17047356,0.13015045
0.797311989247957,0.7685447,0.94789857,0.96174526,0.16734973,0.16530073,-0.8140976,-0.79070646
0.839496285985144,1.0274365,0.96666837,0.9614822,0.2834155,0.411134,-0.71605885,-0.60579515
0.8426240744962981,1.0000094,0.9915712,0.98066884,0.17795935,0.14547762,0.16671987,0.68055326
0.9056857667430669,0.8522735,0.98101836,0.97076803,0.19122735,0.29422152,0.41981098,0.054496687
0.8925748982995931,1.0284133,0.9547358,0.968285,0.34267682,0.45973343,-0.035095405,0.18064097
0.7683043212172849,0.6222608,0.93845856,0.9490374,0.09828393,0.16421498,-0.4050014,-0.15613022
0.8525217140868563,0.8815507,0.92952627,0.9567355,0.26335788,0.19337107,-0.60068756,-0.51393384
0.8398046392185569,0.8255807,0.98451865,0.9707166,0.10983553,0.24374086,0.1910911,0.36467537
0.9563612014448055,1.1954284,0.9937902,0.9857615,0.16841209,0.21963158,-1.082497,-0.42901847
0.9105897543590173,0.72445166,0.94803584,0.9595077,0.24400902,0.22565019,-0.8060579,-0.33367857
0.8197054228216912,0.72888863,0.95177287,0.9500826,0.19170201,0.20672226,-0.3123008,-0.08001841
0.7778032712130849,0.6856569,0.9690321,0.96283364,0.119769104,0.19140752,-0.86465895,-0.65794325
0.9291152364609458,0.7532955,0.98594964,0.9810136,0.14372748,0.18515928,-0.75248575,0.031710498
0.9343445693782775,0.71401525,0.9837769,0.98049194,0.16694818,0.15945378,0.16992144,-0.27770674
0.6438641114564458,0.7329096,0.940907,0.95412165,0.106473856,0.14304696,-0.25145015,-0.055821694
0.8651560366241464,0.5257959,0.9686148,0.9676158,0.08320232,0.12156484,0.25236332,0.11512828
0.9084068976275906,0.63493603,0.98915535,0.96843433,0.0642009,0.1784004,0.55387473,0.7144626
0.8474543338173353,0.7145974,0.95618904,0.9612846,0.13681623,0.19417048,-0.112258,0.11967771
0.7865761703046812,0.89604956,0.9420503,0.95179385,0.38447472,0.33398947,-0.2687475,0.27835104
0.8315250861003444,0.80087435,0.9551067,0.94751585,0.1589184,0.1981237,0.12335352,-0.163236
0.7440619202476809,0.8726531,0.92313653,0.9517184,0.2740728,0.157071,-0.36172238,-0.14685515
0.8805138900555602,0.7960538,0.9545485,0.9654581,0.22279608,0.21519679,-0.10655743,-0.20043279
0.8031099324397298,1.086714,0.9701577,0.96236163,0.2859086,0.19294432,-0.29779023,-0.6194481
0.6918498073992295,0.6120733,0.94520336,0.9432858,0.09566869,0.12867625,0.35560498,0.26450703
0.956007728030912,0.7136331,0.9856214,0.98291105,0.13687225,0.14817083,-1.097727,-0.09008531
0.9186114504458016,0.84323066,0.9795654,0.96284086,0.19861974,0.48501047,-0.20786972,0.14006796
0.8982531290125162,0.614853,0.9804037,0.9674995,0.08620653,0.117006674,0.5598561,0.5743865
0.758379993519974,0.7641856,0.9574076,0.9516597,0.21889807,0.15414743,-0.26456505,-0.058931112
0.7525786903147612,0.9345715,0.9699734,0.9741808,0.24012427,0.1452482,-1.407896,-1.0129051
0.7859594638378553,0.7764357,0.9762999,0.96257985,0.13688806,0.12472458,0.16780317,0.46597248
0.8774637658550634,0.68447953,0.98173094,0.96328336,0.08057095,0.2418873,0.63342005,0.6963024
0.8383853695414782,0.6342391,0.97257257,0.96198124,0.084865816,0.120631054,0.63374716,0.45611653
0.7066707306829227,0.76109236,0.9736035,0.9603475,0.1012896,0.1727602,0.663704,0.09360824
0.8680143520574082,0.68200326,0.96494853,0.95721316,0.12518261,0.15653758,0.22765245,-0.38221583
0.9155163980655924,0.8710587,0.96638143,0.9645166,0.18646584,0.44829303,-1.4154704,-0.7808718
0.9187049548198191,0.59392786,0.9909093,0.9694052,0.084340714,0.19139095,-0.075081185,-0.055332933
0.8784273217092868,0.53342986,0.96175635,0.94603455,0.08012522,0.27001542,-0.85198265,-0.06823043
0.8115491341965366,0.61700183,0.97388905,0.9600191,0.095754996,0.12505849,-0.17776883,-0.18027885
0.8530669002676011,0.44392663,0.9632566,0.9525046,0.04847176,0.10876547,0.2541021,0.12126447
0.8589594038376154,0.79354864,0.98719877,0.9789809,0.1798543,0.14548205,-0.6079458,-0.48393357
0.607437149748599,0.6869416,0.9637,0.952057,0.083735995,0.101261064,0.3228674,0.18105417
0.7125232980931923,0.73611283,0.9489965,0.95771974,0.07995517,0.17213856,-1.0571973,-0.5312925
0.7651048204192816,0.74325997,0.9768378,0.9733546,0.13221121,0.08242685,-0.060918227,-0.7354489
0.6763481453925815,0.7114159,0.9255279,0.9477823,0.11777663,0.17046507,0.7671642,0.65708876
0.8850440521762087,0.5142681,0.971719,0.95909864,0.061152488,0.17798363,0.061532766,-0.2380359
0.9386614186456745,0.71223193,0.98231757,0.9796827,0.113431945,0.16102996,-0.10139921,-0.1352101
0.9042059208236833,0.92006963,0.9821721,0.975894,0.38681504,0.2286624,-1.1002594,-0.009182448
0.9119171516686067,1.1152984,0.96607554,0.962427,0.588489,0.60533476,-0.44744772,0.2935478
0.8218958635834543,1.1187127,0.95438313,0.9438561,0.27753535,0.21123073,-0.1342595,-0.3654992
0.8741927447709791,0.8935305,0.97386724,0.97808737,0.2015394,0.16852896,0.9582681,-0.09084882
0.9113005412021647,0.6013985,0.9653049,0.9690187,0.123251565,0.18080159,0.56494373,0.3184674
0.951195036780147,0.9688755,0.9799566,0.9821278,0.3024421,0.17979008,-0.15627441,-0.43834984
0.7359746558986237,0.6936016,0.9656886,0.96903485,0.09225773,0.10964347,-1.3548962,-1.1495733
0.7809110916443666,0.5963585,0.96840674,0.96890676,0.122773506,0.10101687,-0.2342961,-0.65008026
0.7253166932667731,0.74781585,0.9081062,0.9482001,0.23073646,0.13308191,0.1052896,0.011923547
0.7414343897375588,0.555566,0.9544991,0.9590613,0.08266551,0.11851725,0.33628333,0.5375105
0.9111214044856181,1.1852419,0.9618687,0.97052896,0.37308878,0.27394426,0.20216879,0.65462345
0.8947184908739635,1.0282253,0.99355036,0.9748014,0.26508188,0.39914533,-0.1963928,0.36601657
0.3107201228804915,0.64625955,0.9282024,0.9407703,0.08191688,0.10412793,0.5251513,0.59118336
0.6534145176580706,0.5889478,0.94456846,0.94534945,0.07761209,0.13484448,-0.36931774,-0.1585412
0.8752392449569798,0.735162,0.96269196,0.9662843,0.1851424,0.24277534,0.56545144,0.29560712
0.8956173424693697,1.2412109,0.9681136,0.9676086,0.6025416,0.69403094,-1.3908958,-0.3224596
0.8714096936387744,0.84511703,0.9596518,0.9704439,0.23791724,0.22525556,-0.7868093,-0.2363159
0.8270943803775215,0.60795987,0.9649499,0.95549023,0.071275875,0.09267998,0.39663413,0.19353963
0.9538420553682214,0.6054129,0.98400265,0.97692305,0.12243256,0.19604686,-0.3664808,-0.4655126
0.8859777519110076,1.2860223,0.9890701,0.9903902,0.111351006,0.2822344,1.2943487,0.36903945
0.8256996867987472,0.9098623,0.97648376,0.97111577,0.27465987,0.16273294,0.007982578,-0.8883253
0.8634312937251749,0.68109435,0.9923873,0.9826236,0.081699155,0.11443327,-0.78165823,-0.77337795
0.940811635246541,1.0490416,0.9949172,0.98743135,0.10870934,0.21687059,0.41654205,-0.1439557
0.8987953391813566,1.1101851,0.98369855,0.97225714,0.34154847,0.31204,-0.17580067,0.13570327
0.9280604802419209,1.3181925,0.96313256,0.97763234,0.70140904,0.4806106,0.13055235,0.17210008
0.871190524762099,0.6508165,0.95857924,0.9554682,0.12246415,0.21040486,0.23425949,0.031753138
0.779437101748407,0.79082793,0.9645912,0.95149,0.14171018,0.1424388,-0.17146422,0.005345113
0.8969675878703514,0.88576245,0.9800149,0.98256534,0.16227266,0.11151922,-0.122801036,-0.28738782
0.7978872235488941,0.9082975,0.96890265,0.9650487,0.18073405,0.17749326,0.40196347,-0.25276792
0.869946167784671,0.6544663,0.94602716,0.9572095,0.17025712,0.22184417,-0.8771686,-0.47510213
0.9079858399433597,0.816377,0.9815445,0.9755018,0.16548201,0.22474207,-0.29795456,-0.32818386
0.8835528782115128,0.8016962,0.98875785,0.98521984,0.107297026,0.13866578,0.52019644,0.13130115
0.887937215748863,1.089459,0.9550885,0.9516505,0.46374628,0.75574017,-0.55794775,-0.38930988
0.5765274261097044,0.79905826,0.9417173,0.9514338,0.10183133,0.13573936,-0.43307063,-0.10035804
0.7158331993327973,0.81515783,0.95665,0.9575445,0.1331891,0.103723966,0.75876886,0.6083516
0.9432023328093313,1.1020529,0.9718348,0.9651145,0.32800058,0.81545866,0.6452654,0.11691128
0.6598579674318696,0.5046902,0.9043527,0.9444862,0.08205921,0.09611428,0.28674537,0.49910048
0.8945131460525841,0.83110654,0.97140956,0.95846474,0.15754768,0.1593375,0.58916026,0.32794008
0.8322428809715239,0.8890554,0.9862433,0.97049105,0.15343107,0.22187139,0.64781797,0.5428244
0.9023338173352693,0.8616802,0.9861549,0.97098786,0.28593764,0.21314119,-0.044995427,-0.17841524
0.7464047136188544,0.6258379,0.9321358,0.95168966,0.09202215,0.11315125,0.011544372,0.05623392
0.7189660758643034,0.62410223,0.9522221,0.9500593,0.08741257,0.1055503,-0.5565807,-0.62341326
0.9213295093180371,0.8876042,0.96900165,0.9703238,0.2515017,0.27937177,-0.38939482,-0.43024224
0.8614607898431594,0.70361084,0.950777,0.9554421,0.16980378,0.24466684,-0.3496628,-0.14755097
0.8988431473725894,0.8471784,0.97933173,0.97674304,0.15627292,0.21317692,-0.7647744,-0.315174
0.9284416017664071,0.5538834,0.9863486,0.97180605,0.12686141,0.1499668,-0.8978993,-0.64488393
0.7097423589694358,0.72951454,0.9197109,0.9398434,0.1928113,0.16017991,-0.33928707,-0.11443139
0.7546137064548257,0.5214545,0.9548122,0.9506768,0.07840475,0.096232355,-0.07378136,-0.018702349
0.8476410545642182,0.7355857,0.9576729,0.95871574,0.19404784,0.1626693,0.3320636,0.15217412
0.8922145128580513,0.8803346,0.9842716,0.9660927,0.15320916,0.26038313,0.13241929,0.021270076
0.4868789192007709,0.57929593,0.90143085,0.93976814,0.08716741,0.08022876,0.8262358,0.6273564
0.9635799503198013,0.7720865,0.9944713,0.98520124,0.14392063,0.24291126,-0.76314014,0.17195463
0.7026680906723627,0.7506664,0.92763174,0.9427497,0.15515827,0.1512368,-0.47449735,-0.2839325
0.8988136752547009,0.7895923,0.9901156,0.9703271,0.16519879,0.23151082,-0.7431488,0.046230815
0.6627821391285564,0.5843963,0.95187855,0.9531856,0.1261703,0.12900566,0.0667204,0.2706469
0.8945928263713054,0.76804304,0.98852533,0.9766135,0.13834846,0.16932026,0.03069294,-0.24776119
0.8126509306037224,0.91532916,0.9617233,0.9543846,0.2667751,0.1898978,-0.54590243,-0.29709062
0.9212301489205956,0.90384305,0.9818752,0.96676654,0.2428057,0.3567148,-0.114867665,-0.08239254
0.7863859935439742,0.8403413,0.9675234,0.9635545,0.21831049,0.11612602,0.13465351,0.06894502
0.8904177696710786,0.7775851,0.9882929,0.9641086,0.21975414,0.25389004,0.36599013,0.59953755
0.8267465709862839,1.0357243,0.96232307,0.95465887,0.32971478,0.25234452,-0.29506102,0.18613161
0.8920314401257605,0.93389153,0.9484414,0.95922035,0.37019837,0.37236023,0.31133363,0.026965784
0.8294413977655911,0.6527054,0.9749594,0.95255387,0.09159735,0.22326636,0.7801722,0.47569808
0.8484519698078792,0.8873084,0.9394905,0.96212417,0.33245283,0.22434495,-0.00074714574,-0.10162849
0.8915996303985216,1.1357199,0.97893435,0.9626766,0.37436277,0.5245702,0.07267675,0.16216257
0.8096506306025224,0.68489695,0.9489545,0.9441601,0.14001952,0.15760015,-0.072669275,-0.20170552
0.8666898347593391,0.70418537,0.9565066,0.95923924,0.12401107,0.15674241,0.124520294,-0.025490262
0.9025769863079453,0.8911467,0.9851048,0.96899575,0.15337782,0.33116993,-0.013768034,0.07921106
0.6992834051336205,0.8234091,0.915426,0.9498612,0.1951393,0.14232413,0.10501984,0.3172872
0.5956329425317701,0.83554107,0.93353266,0.9542233,0.17270306,0.13825336,-0.3647098,-0.17975646
0.9311291325165301,0.9032198,0.96727955,0.96733534,0.3978573,0.41933256,0.4107078,0.1986074
0.6581792087168348,0.7201107,0.9470892,0.96259147,0.14541706,0.09963194,-0.068610355,-0.821634
0.844747602990412,0.66116434,0.96738803,0.96418387,0.09383274,0.15614033,-0.06626555,0.31495446
0.877319381277525,0.8226748,0.9336118,0.9517692,0.3241509,0.260379,1.182497,0.4828436
0.8814550778203111,0.72383314,0.9687346,0.9620997,0.14721829,0.22651564,-0.23299128,0.0855546
0.9083431533726135,0.8225444,0.9722397,0.97155374,0.2236257,0.19085816,-0.14720924,0.027529923
0.8722154248616993,0.7320724,0.9391147,0.9613517,0.2374064,0.18271455,-0.4108815,-0.24048242
0.8376184224736899,0.73328805,0.9319775,0.9533969,0.3011326,0.26151195,0.09442212,-0.07085649
0.7664144576578307,0.7329946,0.9354975,0.961373,0.14650072,0.15191838,0.06058521,-0.020281987
0.8635703982815931,0.85729617,0.9838187,0.95962054,0.2771149,0.25597674,0.1508996,0.46995467
0.7392496129984519,0.6954307,0.9382217,0.9580042,0.15955383,0.15891932,-0.14630735,-0.20780717
0.696623234492938,0.79212344,0.9574954,0.96211714,0.13742602,0.119295955,1.0560331,0.7351553
0.6560125760503042,0.68326306,0.938093,0.9513787,0.14385317,0.12804952,-0.10213747,0.4295219
0.869441013764055,0.7509458,0.9799626,0.9658832,0.16823949,0.15607126,0.35968167,-0.0960776
0.8657398149592598,0.6074093,0.9755921,0.9644098,0.07621883,0.14742114,0.9819656,0.518643
0.7772506930027719,0.7375338,0.9589498,0.9569862,0.12612072,0.12183126,0.30455914,-0.0074948245
0.8686012024048095,0.7355002,0.9660068,0.9587892,0.2283214,0.22908647,-0.38734055,-0.6302703
0.8186821547286189,0.6587386,0.96786475,0.9576164,0.12440902,0.21413827,0.49430624,0.021690499
0.8619283117132468,0.6910191,0.97464657,0.96145076,0.12869637,0.19218636,-0.7285333,-0.32159004
0.9110183000732002,1.0714643,0.9790991,0.962559,0.40860328,0.63553774,0.037358798,0.22414954
0.8994698378793515,0.8939185,0.98540026,0.9635663,0.24247555,0.36077595,0.7255633,-0.362545
0.9351943647774591,0.9740239,0.9888777,0.98126924,0.14904648,0.1908157,0.8840534,-0.26027355
0.8869083796335185,0.63966876,0.9790593,0.98011875,0.07669955,0.09530234,-0.04458201,-0.27911872
0.7360718082872331,0.5423662,0.9507036,0.9583,0.070499465,0.093740806,-0.33311424,-0.27371797
0.80999747998992,0.71617204,0.97368246,0.96415776,0.1549402,0.19508487,-0.94197744,-0.34102756
0.7533644534578138,1.0898967,0.9793614,0.97317845,0.30537707,0.21551457,0.7562902,0.7309385
0.92437665750663,1.2672045,0.99474347,0.9735872,0.27291045,0.24518724,0.05243449,0.5320872
0.8410476521906087,0.93989533,0.96261895,0.9646358,0.31883192,0.2624758,0.05176391,0.31952652
0.9086592826371305,1.0158103,0.9631695,0.97242445,0.30389154,0.2922053,0.60314506,0.45877424
0.2985381541526166,0.5428213,0.8569484,0.9489093,0.07054459,0.07062213,-0.5036562,-0.44307888
0.8678462553850216,0.9851093,0.9730761,0.9619653,0.3506671,0.24326527,0.17429723,0.11170164
0.8740658322633289,0.7397562,0.9670408,0.9673968,0.16229713,0.2760655,-0.8852152,-0.3038977
0.8309573398293593,1.0315032,0.9533071,0.9609344,0.44127607,0.17067918,-0.5299974,-0.28425276
0.8755308941235764,0.7222732,0.9649426,0.9674681,0.17025205,0.118993215,-0.65923774,0.0054699956
0.8400391681566726,0.5350666,0.9479888,0.9659356,0.08201502,0.1017288,-0.5797422,-0.3618115
0.8787303949215796,0.57613176,0.96627384,0.96897465,0.09667981,0.17444627,-0.3055426,-0.26478863
0.7645967863871456,0.683185,0.94642985,0.96576834,0.09145895,0.11125794,0.17453381,0.33170345
0.754377833511334,0.6695747,0.930211,0.9616361,0.15677877,0.11207256,-0.87219733,-0.4315979
0.929198564794259,0.6754057,0.99317,0.97978437,0.09231734,0.13587701,-0.06518321,0.32014135
0.7905114180456722,0.53169024,0.97519034,0.95664096,0.08989008,0.12331616,0.9101396,0.6835807
0.8719518078072312,0.5865753,0.9701204,0.96388346,0.13626917,0.13839695,-0.22335935,0.01956287
0.9412682130728522,0.5792276,0.96657306,0.97645843,0.099683076,0.10869368,0.8795618,0.39626753
0.9101182964731859,0.96343404,0.96096385,0.96749103,0.38144708,0.24243504,-0.066903025,0.27631617
0.9268104592418369,0.70478666,0.98929685,0.9751381,0.14339052,0.16819061,0.46553802,0.07481786
0.666308617234469,0.6742375,0.97361,0.9609335,0.14694569,0.10549038,-0.2916441,-0.96500516
0.8681708326833307,0.6619878,0.97612506,0.96792895,0.12505795,0.13429748,-0.62703377,-0.22650248
0.7808391873567494,0.75419426,0.98028547,0.9677432,0.12900975,0.13131233,0.39769056,-0.69759804
0.691562958251833,0.8345368,0.95037246,0.95865387,0.14443223,0.18060344,-0.6597276,-0.35465437
0.8293000852003407,0.80538726,0.9618814,0.96129745,0.19229878,0.23362188,-0.3024873,-0.22374326
0.9090357001428006,0.86492014,0.9612074,0.9717433,0.19342461,0.271417,0.2190343,0.17539392
0.6800726722906891,0.834868,0.9271919,0.9597687,0.2191349,0.13385102,-0.5871434,-0.52686393
0.6770453961815847,0.49875185,0.9698802,0.9504981,0.063122116,0.06513607,-0.26858008,0.15229315
0.6207672830691322,0.6172425,0.9397647,0.95302165,0.11624065,0.07566603,0.3310763,0.19027852
0.8298859755439021,0.63125724,0.99209565,0.9683727,0.085549474,0.13191423,0.1618188,-0.22945982
0.8948880275521102,0.58637226,0.9903244,0.97166103,0.07798692,0.13825767,-0.7111085,-0.39715785
0.8016987940359475,0.7025231,0.9659166,0.9564965,0.12173794,0.19814445,0.017728016,-0.47282112
0.8564480337921352,0.63680106,0.952923,0.96339375,0.07829784,0.11105974,0.6882313,0.2869802
0.8621739766959068,0.76099765,0.9790192,0.9704504,0.12927811,0.15055628,0.10253606,0.56559074
0.7593800295201181,1.0004302,0.9674267,0.961328,0.18955977,0.26318678,-1.3301562,-0.8006931
0.9379575438301753,0.6913675,0.98516995,0.9816104,0.13283505,0.21661742,0.30282637,0.35563758
0.8409864039456157,0.90562403,0.94737315,0.9655264,0.25187638,0.18052758,-0.8093479,-0.32424837
0.951509726038904,0.9106632,0.9905446,0.98892546,0.19897571,0.20664494,-0.43858212,0.27540523
0.7141661526646106,0.7689744,0.9520536,0.9618227,0.17485757,0.12828977,-0.06403488,0.43177903
0.9578309673238693,0.8863848,0.9922905,0.98605484,0.18345436,0.27354324,-0.027983494,-0.085680485
0.8851475405901623,0.62891126,0.98767096,0.9843278,0.0721866,0.09429279,-0.27306858,-0.019909726
0.8706676106704427,0.8367698,0.96966916,0.9688328,0.28091267,0.23861076,-0.43246633,-0.07875178
0.7824852099408397,0.7521008,0.9559518,0.9525504,0.20998006,0.23623028,-0.27448854,-0.62213403
0.8993755655022618,1.0812125,0.9574876,0.95156336,0.6356718,0.81896025,-0.031640902,-0.2545388
0.8679166236664946,0.68737864,0.9799092,0.9728644,0.18122612,0.17364039,-0.22549295,-0.04986522
0.7260485041940168,0.69855773,0.9391112,0.9606515,0.15870611,0.12270482,0.67355984,0.43097603
0.8322368329473318,0.6393329,0.9205503,0.97129047,0.12200931,0.10076504,-0.59900767,-0.38135153
0.7080375841503366,0.63381976,0.9431356,0.9670824,0.11286554,0.091368355,-0.8842408,-0.6838634
0.9101353845415382,0.8554686,0.9784337,0.9799556,0.2711064,0.30187395,0.81383145,0.33353546
0.9126939867759469,0.79285365,0.9949574,0.98814654,0.14346458,0.21633723,-0.102146626,-0.5343776
0.6522285289141156,0.60268563,0.9237468,0.9481524,0.114288785,0.088210426,0.12610734,0.314363
0.6634727658910636,0.5071406,0.9484476,0.9565199,0.05904655,0.09040518,-0.34893835,-0.22164232
0.871373213492854,0.6607813,0.9682346,0.95916086,0.10160536,0.14975064,0.20854372,0.14027005
0.9314676298705195,1.1624981,0.9789463,0.97038597,0.4000855,0.44364762,-0.9152323,-0.08231562
0.7718998235992943,0.76724356,0.9655964,0.964851,0.22755429,0.12734236,0.24238218,0.50538015
0.7514130536522146,1.0916388,0.98944527,0.97750396,0.23548749,0.3814718,0.44070995,0.7354796
0.9110494041976167,0.70997757,0.9389047,0.9737212,0.29074955,0.14696658,0.35197046,0.29298097
0.8682332329329318,0.8505982,0.9862433,0.9700466,0.15343107,0.19531447,0.64781797,0.68055004
0.9143239772959091,0.7917019,0.9760106,0.97673273,0.1830388,0.14622144,-0.3731528,-0.04424974
0.9076705746822987,0.85526764,0.9823343,0.9612506,0.15547605,0.3808285,-0.0002561951,0.1012766
0.8675754383017531,0.6373202,0.99195683,0.98495233,0.07241672,0.08831189,0.34038493,0.5832876
0.8887963231852928,0.5446421,0.95053744,0.9707875,0.11279785,0.08227898,0.026992403,-0.13841592
0.882929259717039,0.6206099,0.9825856,0.97846574,0.058344685,0.1354426,-0.5377496,-0.43645117
0.8214142296569186,0.62105846,0.9853022,0.9639598,0.12402961,0.08175017,0.124784455,0.78198576
0.9125901143604574,0.8907458,0.96436894,0.9704029,0.38584104,0.36803073,0.04618313,-0.020263314
0.9344288577154308,0.8285177,0.9911982,0.9806592,0.20454228,0.2079589,-0.114644624,0.05380868
0.9223226332905331,0.908392,0.97893435,0.9690846,0.37436277,0.56296486,0.07267675,0.17331608
0.9487678590714361,0.73695517,0.9856396,0.97958875,0.12893184,0.13019818,0.052655037,0.13884193
0.8409757479029916,0.96283805,0.9328071,0.96380496,0.35566765,0.35215572,-0.84872186,-0.5373157
0.717875895503582,0.65956557,0.9531305,0.9421034,0.10802758,0.096534654,-0.5831595,-0.16181977
0.8645766743066973,0.6300167,0.96407485,0.9764553,0.09775577,0.098525085,-0.42738277,0.024124937
0.7704060576242305,0.87409157,0.9735049,0.95723855,0.19698624,0.18297663,0.054839097,-0.040643815
0.7939680078720314,0.87236124,0.9601492,0.96058035,0.24202529,0.17468609,-0.85714245,-0.32578927
0.8662393049572197,0.7232494,0.9486147,0.9607583,0.23497865,0.21260476,0.043258317,-0.13449088
0.7795811983247932,0.51566046,0.96425503,0.9601997,0.062105093,0.077677585,-0.36719745,-0.27802244
0.7740713522854091,0.7458758,0.96272,0.9506342,0.15878628,0.10026405,-0.3856928,-0.4877647
0.9132034608138431,0.82210815,0.957612,0.9711753,0.24570613,0.27662092,-0.55080676,-0.3725859
0.8270843003372013,0.7778602,0.95815617,0.9587874,0.23109144,0.11664972,1.0005562,0.46984822
0.9025676742706971,1.2173071,0.9737956,0.9871496,0.33076438,0.22566499,0.54173225,0.30884296
0.8676054864219456,0.666183,0.97919786,0.97022575,0.1148855,0.14491987,-0.041682605,-0.5940645
0.9187049548198191,0.7480007,0.9773171,0.9692698,0.20927182,0.22528833,-0.35659605,-0.79936343
0.516436657746631,0.5739468,0.9344205,0.9401691,0.06344655,0.08216083,-0.73361236,-0.6827598
0.8717179508718035,0.71190035,0.96153545,0.9712748,0.17314099,0.09073399,0.5769961,0.21579301
0.7795559502238009,0.55684304,0.96163654,0.9523552,0.09785669,0.11571557,0.09034786,0.15285416
0.9189436117744471,0.9078641,0.99156326,0.9912113,0.13616894,0.24099448,0.29488474,0.028517008
0.8713467173868695,0.74018157,0.97030777,0.9629018,0.121088974,0.12643065,0.08692295,0.17669807
0.8405569942279769,0.83972335,0.9862433,0.9808516,0.15343107,0.14290315,0.64781797,0.5651317
0.7026836427345708,0.7301836,0.9293837,0.9515728,0.16942982,0.07848945,0.21818604,0.7790821
0.8613400213600854,0.6921679,0.9652044,0.9369413,0.16584548,0.2533049,-0.01040928,0.020436795
0.9031291805167221,1.0200956,0.97893435,0.97097737,0.37436277,0.3659063,0.07267675,0.258946
0.9054598778395113,1.0437645,0.99167764,0.97232795,0.2909155,0.233446,-0.3714234,-0.100172415
0.8370501962007848,1.5285189,0.9663591,0.9728717,0.5193248,0.71274835,-1.1076418,-0.5491713
0.9455867903471613,0.9759227,0.9819816,0.9846854,0.28302094,0.27225992,-0.31913033,-0.2603066
0.8982700250801001,0.80715144,0.9750061,0.97034407,0.20955157,0.23436983,-0.63263565,0.22677466
0.9062037848151392,1.0448152,0.9921853,0.9709987,0.1461721,0.36660218,0.41804796,-0.20104061
0.8561058884235536,0.61816067,0.96840715,0.9532012,0.13249932,0.19407538,-0.09164486,-0.2559783
0.842440041760167,0.8657921,0.9670623,0.9669711,0.30499882,0.17710377,0.75804377,0.23878129
0.7602223368893476,0.6084611,0.96240866,0.96635854,0.09422366,0.088677205,0.18719716,-0.36682126
0.8708732434929739,0.61520326,0.9718102,0.958273,0.10608875,0.14049238,-0.04954394,-0.33709708
0.9499079596318385,1.0984983,0.9861854,0.9840182,0.17717046,0.4399287,0.2050076,0.19686498
0.8807661790647162,1.0257771,0.9904079,0.97115946,0.20136614,0.37834144,0.49766627,0.5954148
0.8609093636374546,0.7809708,0.9581155,0.9663464,0.19630222,0.17297654,0.28358305,-0.025133029
0.7657873831495325,0.9486106,0.9669355,0.96455556,0.12980564,0.21192399,-0.20349276,-0.10251908
0.6863498493993976,0.4861652,0.9744145,0.94771475,0.054885276,0.065129876,-0.75989896,-0.8987253
0.5541971607886431,0.5549585,0.98301303,0.9270959,0.04816007,0.100413226,0.13010703,-0.4610907
0.8606466105864423,0.8629657,0.9640578,0.9687342,0.3183373,0.1897912,0.33039108,-0.09096863
0.9427496909987638,0.68226826,0.97374636,0.98260504,0.16904394,0.1465413,0.08822209,0.05873083
0.8201396325585301,0.72971976,0.9517568,0.95653266,0.176419,0.24037883,-0.6577025,-0.4602045
0.740004368017472,0.9335315,0.9689729,0.96699107,0.15426946,0.21806023,0.41372097,0.26177633
0.8315987183948735,0.52420735,0.9809434,0.9587786,0.0755963,0.11639548,-0.9124341,-0.82620573
0.8417095748382992,0.7653296,0.9503025,0.95504564,0.2032676,0.20046678,-0.24658214,0.0596991
0.6499680078720315,0.6227272,0.92389464,0.95843583,0.08944875,0.09860797,0.77575064,0.676408
0.7743236412945651,0.786973,0.94828355,0.9456936,0.15356892,0.1833307,-0.07589678,-0.053370968
0.938935883743535,0.6860278,0.9798026,0.9869417,0.14240785,0.17959477,0.04559588,-0.13985398
0.6850946443785774,0.6354534,0.9593736,0.9494093,0.07345694,0.10023702,0.6467887,0.57710266
0.7984087936351745,0.7143036,0.9946413,0.9671455,0.10138726,0.10502352,-0.8745004,-1.3177669
0.8119093276373105,0.7505152,0.9718472,0.98071194,0.1277867,0.076077215,-0.068359256,-0.23384175
0.719942879771519,0.7704915,0.91236037,0.9535564,0.122792125,0.20105612,0.538436,0.20480947
0.6605058740234961,0.8808528,0.9485043,0.94911516,0.17566337,0.11599289,-0.3018327,-0.17292695
0.9098828075312301,0.7294289,0.9847939,0.9744536,0.10003343,0.14363873,-0.33643687,-0.14208695
0.7795259981039924,0.7958278,0.98464406,0.95471466,0.13029148,0.1699601,0.5026526,0.25692683
0.8596793107172429,0.7453952,0.96231145,0.9628619,0.21702161,0.21457472,0.10853408,0.09961873
0.9221722966891868,0.72612315,0.96878004,0.974988,0.18204689,0.1436409,-0.6610565,-0.39426363
0.8655941823767294,1.5078136,0.99205256,0.9756842,0.35584065,0.8200116,0.84846544,-0.23267148
0.9079529118116473,0.75972646,0.9711077,0.97778594,0.1757079,0.16847633,-0.19305578,-0.40238526
0.6606340345361381,0.6534781,0.9200463,0.95071805,0.1147805,0.06610846,-0.0022135791,-0.09434395
0.7941846807387228,0.8310835,0.9704459,0.96935964,0.1192634,0.17140348,1.1933136,0.9154882
0.8800332161328646,0.9579789,0.9946224,0.97945774,0.22527707,0.25759378,-0.7833518,-0.69118816
0.9377339589358357,0.7615653,0.99395823,0.9861128,0.08623645,0.08404628,-0.11150338,0.05830589
0.8005784023136092,0.76577115,0.9631962,0.9662929,0.14237554,0.10518193,0.6841308,0.2462599
0.8093604214416857,0.48362276,0.9622779,0.96477795,0.049275313,0.076179005,-0.22802016,-0.070086
0.8461411445645782,0.98112696,0.9355982,0.9676072,0.32593575,0.245745,0.3915885,0.32740706
0.922183720734883,0.7256963,0.98251045,0.9797336,0.10731723,0.19630097,0.4380695,0.49542946
0.7709161076644306,0.7970037,0.971568,0.9546987,0.18903534,0.1380175,-0.009166276,0.07278346
0.8997452629810518,0.63420075,0.94327086,0.96645963,0.14218837,0.14738365,0.18554644,0.065781154
0.8943265213060851,0.82865655,0.98116964,0.9769784,0.14713496,0.17764267,0.026518105,0.33386874
0.9116135024540097,0.9177492,0.98185736,0.96808255,0.427439,0.42967892,-0.21395038,-0.35573798
0.8683031212124848,0.8355339,0.9862433,0.972159,0.15343107,0.27796975,0.64781797,0.5160124
0.726316537266149,0.85012877,0.9328948,0.96332175,0.20113686,0.15090574,-0.22225498,0.14510022
0.9223539294157177,1.1837304,0.9664554,0.96534544,0.586859,0.48297822,0.10425581,-0.024821717
0.8528705794823178,0.7441761,0.9669864,0.97587544,0.09968732,0.16128846,-0.79836285,-0.43119845
0.8093993975975903,0.77696764,0.9413534,0.9621384,0.2747384,0.18291953,0.19958659,-0.285462
0.8991784767139068,0.85607296,0.9655251,0.9676341,0.20919581,0.2677054,0.25953975,-0.18629313
0.7956642386569545,0.6446299,0.9693602,0.96807057,0.09452004,0.16103488,0.4496189,0.44594106
0.9535529022116087,0.80066866,0.99448836,0.98634154,0.15356152,0.2208069,0.44045377,0.43989292
0.8683283693134772,0.93224186,0.9550199,0.968911,0.27766225,0.23372275,-0.18429881,0.00013228989
0.9444082896331585,0.66619104,0.9908159,0.9872409,0.071304575,0.17251982,0.061039463,0.28218257
0.7273169572678291,0.7287939,0.97918206,0.95607454,0.1754951,0.20409596,0.09071692,0.53359205
0.8939044076176306,0.8631217,0.9729053,0.96913356,0.20406272,0.32292497,0.2015261,0.24299802
0.7819549998199993,0.5999788,0.96401525,0.96631414,0.06354035,0.09909979,-0.5575985,-0.048546158
0.8714862059448237,0.71320957,0.9928151,0.9700074,0.12472683,0.13832419,0.078883044,-0.30586258
0.7099155436621746,0.5791784,0.9782166,0.9653456,0.08001129,0.12400058,0.42937857,0.66626495
0.8769445957783831,0.9367428,0.9856483,0.9801966,0.15426663,0.17783427,0.18330161,-0.16385497
0.9203741134964539,1.0566256,0.98607916,0.9760241,0.19837396,0.35511374,-0.043414064,0.07009885
0.76712697250789,0.84133863,0.91432196,0.9599061,0.26238778,0.21421877,-0.27960083,-0.12341686
0.8936852387409547,1.1027744,0.97822803,0.976319,0.4130676,0.22249441,1.0440114,0.37786448
0.8165158100632403,0.71083117,0.9478793,0.9679805,0.18743378,0.12457194,0.21066344,0.40740067
0.9206481945927784,0.93874055,0.9733224,0.9683079,0.27167162,0.2731189,-0.61996776,-0.26181197
0.8549763479053917,0.53657645,0.96046764,0.9629213,0.08924908,0.15075822,-0.24039932,-0.1565695
0.8627743630974523,0.5996403,0.98339313,0.9701452,0.07614197,0.11976527,-0.49195123,-0.33771646
0.7762995211980848,0.7198824,0.9639939,0.9633664,0.12238855,0.14602986,0.6168261,0.32178634
0.8578759435037739,0.8108142,0.9899596,0.97442675,0.11983918,0.1289356,0.106635906,0.7702421
0.8809238116952468,0.62845576,0.9921141,0.97058606,0.122641504,0.13784705,0.7905737,-0.13078493
0.8381615926463706,0.66252494,0.97718954,0.96888,0.12178799,0.17225237,0.14932133,0.3525341
0.8707358669434677,1.0167834,0.94127715,0.9745401,0.5022559,0.25689846,-0.46882176,-0.16894358
0.9146890667562669,0.87597495,0.9878587,0.97463775,0.12933524,0.22378084,-0.45794046,-0.50409
0.9080504482017927,1.3379848,0.98668087,0.9751282,0.41193038,0.56051564,-0.080491304,0.05367788
0.7247122748490993,0.77852076,0.94276994,0.9625876,0.16453134,0.0961632,0.15635748,-0.17907865
0.7176888867555471,0.74218774,0.95262116,0.9674518,0.1700296,0.1301613,0.2095501,0.5348152
0.891752943011772,0.86402375,0.9698996,0.9665685,0.3399366,0.34544733,-0.3126368,0.027910572
0.9453643574574299,0.8580388,0.9882556,0.9844377,0.26167974,0.2651616,0.8853029,-0.2881922
0.9009938439753757,0.8054217,0.9936605,0.9818398,0.08215321,0.13488501,-0.93420064,0.32951418
0.90962658250633,0.99512696,0.97893435,0.9709791,0.37436277,0.41242996,0.07267675,0.20214586
0.7681688646754586,0.5432997,0.9444381,0.95773405,0.10742244,0.11570748,-0.11282592,0.08826641
0.9461137364549458,0.64025736,0.9807282,0.9786096,0.1582565,0.14696136,-0.34289286,0.059638675
0.7807293629174515,0.75656897,0.95267224,0.9597564,0.13462228,0.1674481,0.25503653,0.14306538
0.8893133812535249,0.9724633,0.97858846,0.9712443,0.23913029,0.25762412,-0.18171714,0.03411238
0.8440443041772167,0.7960386,0.9522021,0.96039194,0.22403306,0.13256444,-0.12233669,0.06408539
0.8396182064728258,0.7173509,0.9631602,0.9622615,0.15355156,0.19300188,-0.24705686,-0.14800248
0.8548018192072767,0.75317794,0.96116966,0.9689751,0.16471118,0.1369261,-0.00021197072,0.06855918
0.9064161376645506,0.81452614,0.9645946,0.9699048,0.32586256,0.22069615,0.34658378,0.024326509
0.890561674246697,0.6473404,0.9893201,0.97036177,0.11282709,0.13244905,-0.42527393,-0.45942917
0.8874173736694947,0.7098285,0.9803317,0.98081475,0.09267452,0.11499882,-0.25759035,-0.21799079
0.6165885783543135,0.65788025,0.930207,0.9500053,0.10456993,0.10465653,-0.16514795,-0.29886794
0.8559112956451826,0.74982864,0.9500387,0.9583332,0.2075896,0.27425063,0.035615366,-0.0027090623
0.9134317497269989,0.82800853,0.9878081,0.970548,0.22951333,0.2826811,0.03363891,0.38695228
0.9405933303733216,0.5977662,0.9871643,0.98053086,0.058438905,0.095501445,0.5076446,0.19799422
0.7974139416557666,0.64138514,0.9644589,0.9575773,0.13525072,0.13889994,0.24274418,-0.065101646
0.8908723314893259,0.73381144,0.9927667,0.96361035,0.11541981,0.19431175,-0.27619854,0.11530446
0.6316130224520898,0.57544535,0.9356368,0.9416949,0.09881029,0.083464116,-1.0598876,-0.5368353
0.8977545030180121,0.8348174,0.9634674,0.9609554,0.21083458,0.24192116,-0.047061495,-0.2772322
0.633125796503186,0.55984247,0.94350487,0.94223106,0.1026258,0.14894079,-0.29388395,-0.08352397
0.9023766335065341,0.85314155,0.9769268,0.9724281,0.23918113,0.24905372,0.28465146,0.5010095
0.7062766491065964,0.6975019,0.9844601,0.96202874,0.0993373,0.08920606,-0.10460283,-0.67335147
0.8492088368353472,0.82379216,0.98135287,0.97547245,0.18769424,0.14727323,0.538575,0.5867824
0.8636310705242821,0.8744495,0.9862433,0.95829207,0.15343107,0.50220066,0.64781797,0.5126744
0.8656974787899152,0.8551816,0.97983706,0.9697425,0.19886456,0.32889524,1.3680632,0.8055047
0.8495200700802803,0.8232762,0.9725984,0.97309345,0.2372715,0.25880456,0.7565201,0.28242218
0.8106933867735472,0.8350557,0.9516398,0.9558173,0.18434183,0.13860571,0.21371326,-0.07185482
0.9211268525074098,1.0609468,0.972624,0.964561,0.5792717,0.58880603,-0.3846919,-0.28838143
0.8978241992967971,0.86572725,0.9898116,0.9783382,0.14186734,0.19000176,-0.20194563,0.4414347
0.9107902031608124,0.7979481,0.99181414,0.97790277,0.11989864,0.19067964,-0.34208357,-0.77452177
0.8370343561374245,1.1695693,0.94445145,0.952423,0.5244078,0.32043874,-0.46285984,-0.46870765
0.844501074004296,0.7055397,0.9503036,0.9598721,0.12666537,0.23394933,-0.19447325,0.01088567
0.6281495205980824,0.5860487,0.9756263,0.9525095,0.068310134,0.13139154,-1.2228657,-1.1179078
0.9049034596138383,1.1349648,0.9718864,0.9638737,0.48830068,0.5175468,0.010582854,0.31763405
0.6602185448741794,0.5587809,0.9420887,0.9419815,0.056674846,0.1011284,0.4438387,0.23288344
0.7946007464029856,0.6550458,0.97379863,0.96975434,0.12283522,0.12954971,0.70571935,1.0825148
0.9139966159864639,0.93553555,0.98883224,0.97140956,0.23327652,0.43638122,-0.17465822,0.25334492
0.8132885651542606,0.65253145,0.9774748,0.9549487,0.08509971,0.11975404,-0.3215505,-0.53841627
0.7077001428005711,0.7651142,0.954071,0.959593,0.08616708,0.15282911,-0.2568236,0.3239367
0.8447331069324276,0.77560806,0.9539988,0.95372045,0.24222404,0.27110878,-0.37931678,0.09222546
0.8507717230868922,0.94649136,0.96864045,0.9645337,0.13221544,0.1677503,0.41789097,0.35475636
0.7016646946587787,0.7532838,0.9333581,0.94656545,0.19686493,0.1810679,-0.30550513,-0.27485076
0.8202943851775406,0.79846776,0.9642539,0.971716,0.10163662,0.15072289,0.30850813,-0.09610934
0.859687374749499,0.8471277,0.95674413,0.9650994,0.22573999,0.26179966,-0.5646537,0.17534263
0.8776605666422665,0.76876163,0.9862166,0.9640428,0.1337308,0.24878825,0.102600455,0.5057441
0.7306071784287137,0.65373063,0.9699694,0.96331894,0.13329525,0.12520854,-0.42153877,-0.17151833
0.9088444673778695,1.0261736,0.97893435,0.966513,0.37436277,0.4002198,0.07267675,0.2958362
0.8971013164052655,0.97193927,0.98629344,0.96206,0.40411115,0.45239815,0.45573285,0.6560309
0.9151899007596032,0.8466176,0.9828263,0.97507733,0.22549611,0.3835594,-0.19778846,0.17982048
0.7719774879099517,0.8414741,0.92076045,0.9525485,0.3211215,0.20994022,-0.41179582,-0.3702634
0.7809712546283287,0.61207795,0.9807668,0.96429205,0.07730524,0.13096866,-0.51248926,-0.41021827
0.8401625286501146,1.100706,0.93230397,0.9570665,0.49913195,0.2908282,-0.649169,-0.16877405
0.8990938043752175,0.5902132,0.9764423,0.97016203,0.08587391,0.13224274,-0.05941059,0.10981382
0.9101403765615063,0.8657825,0.99079424,0.9706687,0.20728183,0.26902094,-0.3570852,0.2878833
0.8126516986067944,0.821121,0.9370334,0.958794,0.24012206,0.16894081,0.42947057,0.47679955
0.781190740762963,0.8964078,0.9403851,0.9619074,0.28186056,0.1855198,-0.32235324,-0.5217428
0.8016846147384589,0.7704003,0.98883057,0.96946275,0.12670246,0.18781126,0.36319956,-0.33365297
0.883058764235057,0.86100817,0.9742847,0.9678017,0.15301818,0.22414336,0.60012233,0.82446533
0.9007540350161399,0.82318306,0.9689186,0.96926194,0.13456027,0.2303859,0.07840686,0.13569376
0.9407464509858038,0.6498054,0.9791113,0.98253995,0.13049379,0.1404296,-0.3020009,-0.20635766
0.870812091248365,0.5714186,0.9880668,0.9673822,0.08738775,0.11663298,-0.02431203,-0.07625227
0.864505826023304,0.85046536,0.96782565,0.980632,0.22552103,0.08378365,0.48656213,-0.12189578
0.4971190764763059,0.7694134,0.9657126,0.9578669,0.13038859,0.07134303,0.09255596,0.362629
0.9379668558674236,0.9762562,0.97689885,0.9705538,0.34146455,0.6349988,0.17986654,-0.1891593
0.9119208956835827,0.6639221,0.9909067,0.98244375,0.06250945,0.13913791,0.5964401,0.065929994
0.7676633266533066,0.6966587,0.95142514,0.96129566,0.1706034,0.1722906,0.5012551,0.0758255
0.8919453277813112,0.96143335,0.99222726,0.97748834,0.21404353,0.29349846,0.0681835,0.2461399
0.7205243540974163,0.78320324,0.97505933,0.970216,0.1385101,0.1067494,-0.2813663,-0.045042895
0.7250346441385764,0.6967915,0.97443193,0.9669041,0.12863517,0.10647661,0.008476134,-0.39937416
0.8812476209904839,0.708609,0.9657049,0.96621966,0.19023022,0.15301968,0.104208484,0.07450517
0.7239363997455989,0.5873388,0.9570651,0.9603302,0.07174636,0.108919956,-1.0110387,-0.42420238
0.8289876039504156,0.9214442,0.9862433,0.9803523,0.15343107,0.12008518,0.64781797,0.39495224
0.93638025752103,0.7818196,0.98028636,0.98369706,0.21170832,0.21970879,-0.40653363,0.14485368
0.8744677858711435,0.8629618,0.9555894,0.9778718,0.20934391,0.089669116,-0.052743297,-0.17662981
0.8952110688442751,0.8062463,0.9826181,0.98197216,0.10435546,0.17001697,-0.0373782,-0.17889248
0.9282352969411877,0.95795023,0.97852194,0.9830606,0.27403167,0.27397126,-0.058051057,-0.18137403
0.946700490801963,0.7934422,0.9841513,0.98473245,0.113306575,0.23451348,-0.04644279,0.17774773
0.6690066120264481,0.65422654,0.9453355,0.9527776,0.1232441,0.10043351,-0.37447342,0.0775716
0.8472724130896524,0.62046874,0.9897623,0.98099154,0.09273111,0.07473504,-0.31378993,-0.26296055
0.9720883683534733,0.83346105,0.9921349,0.9868045,0.1030867,0.21802174,-0.6458522,0.04748067
0.8902675290701162,0.7224201,0.9614094,0.9714941,0.18965079,0.1639422,-0.12281368,-0.20928387
0.9132287089148355,0.73326606,0.98449314,0.96947145,0.14279673,0.24095944,0.16228773,-0.021562407
0.7501494965979864,0.9663138,0.9661114,0.9697822,0.25353485,0.12054715,0.20393161,-0.34939066
0.9147648110592441,0.9636622,0.9647619,0.98071295,0.2665418,0.13437828,0.19977234,0.03990533
0.6850170760683043,0.63496965,0.9256052,0.9562755,0.12661988,0.07206302,0.057658106,-0.021331532
0.8544679298717194,0.9108605,0.97276694,0.9679663,0.21341573,0.26054204,0.16666365,-0.007836283
0.768941379765519,0.55441993,0.96548724,0.9633951,0.10400747,0.10694457,-0.29409546,-0.38277438
0.9401852327409309,0.8717017,0.9928272,0.9767388,0.1691174,0.25973517,0.34589905,0.047678582
0.9019105516422063,0.88556165,0.97447795,0.97543216,0.27452755,0.3505117,-0.009595,-0.08087599
0.8175446461785847,0.5787169,0.9739425,0.9643698,0.12693685,0.09669113,0.3082409,-0.017722115
0.7392190848763395,0.7563029,0.94370013,0.9682927,0.12647781,0.072142474,-0.4176333,-0.21464486
0.5061060564242257,0.5714645,0.9350265,0.95735973,0.07680074,0.07398358,0.17609847,0.16027759
0.9482962091848367,0.8227697,0.98267907,0.98366207,0.2113303,0.27753848,0.3489771,-0.11352888
0.955308365233461,0.79455495,0.99020374,0.987391,0.15287723,0.15312573,-0.011122265,-0.014945062
0.8025914343657374,0.66571105,0.97229254,0.977321,0.09148237,0.07514147,-0.71872616,-0.57480997
0.7744243456973827,0.5971198,0.9591314,0.9606033,0.09923225,0.098069295,0.6436673,0.22983061
0.8565936663746654,0.76260674,0.96410507,0.9798338,0.14539497,0.09946857,-0.42424127,-0.13759442
0.8923931695726782,1.0871472,0.9403117,0.9654144,0.75144315,0.42670387,0.41982648,0.2307401
0.9517354229416918,0.8399057,0.979373,0.97954214,0.18363965,0.3796648,-0.78739375,0.10002364
0.8929986439945758,0.7926577,0.9570565,0.96634597,0.2853284,0.26465935,0.008598368,-0.10153163
0.824689570758283,0.5784706,0.96347404,0.9680382,0.07781997,0.122897804,0.7281809,-0.010378926
0.742567290269161,0.71550083,0.9436462,0.9616915,0.1914568,0.1547407,-0.53299856,-0.48270217
0.866810411241645,0.6274212,0.9923343,0.986589,0.0731075,0.09134578,-0.13523124,0.2142634
0.9327688190752763,0.92815894,0.9941932,0.97967076,0.2981824,0.4724047,-0.1449839,0.23364802
0.642187368749475,0.6612734,0.94217753,0.95819527,0.10019818,0.09574461,-0.44469568,-0.35206544
0.9021344245376981,0.7928098,0.9815923,0.97111684,0.24101742,0.2227605,0.57061285,-0.22732033
0.8519683678734715,0.7987738,0.95141846,0.971352,0.2495327,0.25877878,0.512205,0.186226
0.9084764979059917,0.44001442,0.984702,0.975779,0.05499145,0.10513042,-0.44262308,-0.16508943
0.6860918003672014,0.64904773,0.9361158,0.96362585,0.13459173,0.07426041,-0.4095145,-0.085794695
0.932871731486926,1.1581502,0.97542685,0.96818435,0.58889574,0.5381332,-0.75936407,-0.22966236
0.8984051936207744,0.6708534,0.98353106,0.9816846,0.14652522,0.14211927,-0.20309855,-0.47386116
0.8645876183504733,0.47611102,0.94910455,0.96840435,0.07349037,0.095538646,0.4316606,0.52702224
0.853881751527006,0.66039026,0.9553573,0.96631455,0.13448907,0.1856274,-1.1377709,-0.4602415
0.9095836703346812,0.68193746,0.9734834,0.97365606,0.16307701,0.14417247,0.25442126,0.17674957
0.7870712442849771,0.6526295,0.95406425,0.96113324,0.1833757,0.13194819,0.546452,0.041468844
0.9398278233112933,0.98695815,0.98613954,0.97151494,0.37560937,0.48855647,0.1627042,0.079398245
0.8492398449593799,0.84438723,0.9646708,0.97629213,0.21550168,0.16722547,0.19322248,0.16427492
0.713876903507614,0.59026545,0.9419551,0.9539572,0.15835686,0.10999242,0.93501365,0.49690488
0.8290283081132325,0.6486332,0.96995443,0.9698349,0.15154015,0.17598549,-0.1144552,-0.44377077
0.8026176424705699,0.6640572,0.96029544,0.9652726,0.1313333,0.11045684,-0.90193343,-1.0819697
0.937881319525278,0.8185085,0.97594863,0.98134905,0.24449837,0.17407729,-0.34525466,-0.15416855
0.8823418333673335,0.7167617,0.976257,0.97359276,0.17856404,0.1568159,-0.44841,-0.52289814
0.8466610826443305,0.62922734,0.9730206,0.971914,0.07734418,0.16741271,-0.15892485,-0.022173706
0.676749522998092,0.82636404,0.97113097,0.95591587,0.16998611,0.14072737,0.045967218,0.38783315
0.7018336553346213,0.60992545,0.9011053,0.95712644,0.12495781,0.08503377,0.32739538,0.104374856
0.9049022116088463,1.0919824,0.98656845,0.9739951,0.34925488,0.34060183,-0.07370811,-0.69934523
0.9339520238080953,0.6828615,0.97873163,0.97896945,0.12920336,0.16481175,0.26160058,0.09340526
0.8450377161508645,0.8660806,0.9719175,0.9633078,0.29956424,0.17856157,-0.1290254,-0.6340511
0.9402173928695715,0.8712387,0.9871545,0.979902,0.3041185,0.26534244,0.25359395,0.32279602
0.937934599738399,0.9134625,0.9810196,0.9797123,0.24542786,0.29746118,-0.535078,-0.18453394
0.7552945411781646,0.65324813,0.9608792,0.96591985,0.065744065,0.12613645,-0.60311335,-0.41933402
0.7826609866439466,0.6942839,0.9872462,0.9697163,0.08750016,0.1378624,-0.0072273137,0.07095067
0.9198960315841264,1.6082683,0.9911538,0.9901691,0.09369181,0.26387078,1.0490829,0.4344788
0.8891422125688503,0.9010219,0.9433929,0.9534572,0.3774307,0.36292508,-0.5659251,-0.13510725
0.8833527174108696,0.7629719,0.9862433,0.9728353,0.15343107,0.21736164,0.64781797,0.5370676
0.9218005832023328,1.1493211,0.9861409,0.9729343,0.4264355,0.5422838,-0.4117707,0.07586635
0.688497185988744,0.48489773,0.9357544,0.95645374,0.04160278,0.09207834,0.38763013,0.4118573
0.8032088128352513,0.6159052,0.9591393,0.95569515,0.08219267,0.11803391,-0.4508525,-0.20461091
0.7941663446653787,0.94643897,0.97874,0.9765299,0.2597512,0.16419011,-0.380514,-0.19585499
0.9190397081588326,0.761187,0.9885136,0.9859119,0.22120367,0.15204649,-0.118738405,-0.250232
0.842065544262177,0.68586963,0.9774558,0.9685702,0.11854801,0.15243864,0.30627626,0.509672
0.8935543902175609,0.7326007,0.9847335,0.98455083,0.096145235,0.12863304,-0.8401599,-0.42904675
0.8900526802107208,0.68079555,0.9778329,0.9682579,0.21416469,0.29841885,0.47315288,0.027507806
0.8803555854223416,1.1464828,0.97893435,0.9670375,0.37436277,0.6042401,0.07267675,0.32926118
0.8617059748238993,0.74950373,0.94987917,0.9613311,0.16128653,0.2211728,-0.6835063,-0.76948845
0.9158576794307176,0.6781647,0.99314207,0.98387283,0.09843441,0.15783015,0.30251056,-0.23379913
0.6625359941439766,0.7923318,0.8883874,0.9680797,0.14640938,0.09700379,-0.12030513,-0.36613363
0.8844011376045504,0.8425498,0.9846576,0.98024535,0.16037205,0.15439227,-0.45865157,-0.71734124
0.7269613718454874,0.72401494,0.9416233,0.9646664,0.13994989,0.08505925,0.17243071,-0.29299787
0.8626234504938018,0.7550631,0.98449457,0.9735687,0.10898213,0.14165604,-0.052208174,0.43524697
0.8885862743450973,0.9451146,0.98293626,0.98772806,0.14404838,0.16565791,-0.4011969,-0.22450773
0.8520303841215364,0.6507268,0.97395945,0.96989596,0.09303578,0.14614879,0.116940886,0.41947258
0.9243870255481023,0.9625824,0.96972704,0.97888535,0.2823201,0.26626363,0.53720015,0.1100958
0.8506637226548905,0.5320998,0.96590304,0.97229886,0.075165085,0.0746668,0.13133085,-0.22544612
0.8507056748226993,0.9081219,0.96742,0.9726806,0.30558994,0.22871092,0.77313673,0.8971733
0.8575332221328884,0.6848825,0.9815464,0.962683,0.18086371,0.13000387,0.46454605,0.4252842
0.9111095964383856,0.86987215,0.981377,0.97918487,0.27343324,0.14479178,-1.5599263,-0.5816182
0.9334966939867757,0.8238819,0.98361623,0.9784296,0.16018552,0.2351135,0.49693567,0.32625875
0.8166757467029868,0.6938751,0.9857043,0.9730872,0.07888421,0.09156889,-0.42093182,0.52390206
0.743373309493238,0.64307165,0.9625368,0.934013,0.13389042,0.18773957,-1.1510189,-1.0333881
0.8282181608726434,0.5579735,0.94556046,0.9602109,0.110185415,0.10094308,0.084447496,0.24640185
0.845941751767007,1.0280961,0.9775614,0.9661406,0.20685342,0.3165956,0.22166762,-0.15840031
0.8703894975579901,0.5624492,0.9618206,0.9568601,0.11586183,0.1473011,0.27010888,0.15332305
0.6933513494053976,0.6102682,0.9614565,0.9465789,0.0893379,0.14653431,0.326393,0.43172884
0.905055332221329,1.1877346,0.9913351,0.97320986,0.34995586,0.3698885,-0.68004763,0.2135187
0.6754076296305185,0.62517965,0.9234871,0.9469091,0.10474647,0.11800374,0.032998927,0.23551093
0.823564734258937,0.98661,0.9687499,0.95680344,0.21051462,0.38923475,-0.01808211,-0.38111886
0.9081486565946263,0.9148067,0.98942363,0.98252094,0.30093092,0.2356283,0.077867076,0.6724654
0.5030284761139044,0.6383256,0.91890824,0.94538385,0.08855205,0.11677361,0.26055574,0.5064213
0.8780516722066888,0.9418044,0.96877587,0.96372044,0.21547884,0.17190193,0.23722023,-0.16923948
0.7490898443593774,0.72355753,0.93720555,0.94975555,0.15169986,0.112448335,0.5004842,0.61655885
0.8859739118956476,0.5802984,0.94520456,0.9660233,0.12780635,0.14335129,0.87786597,0.17568421
0.8567273949095797,0.63164073,0.94881713,0.9695907,0.119549036,0.09796878,0.45243338,0.50703365
0.7797591830367322,1.0517026,0.99383146,0.9722497,0.14650014,0.12961313,-0.45394394,1.1688341
0.7634711818847275,0.86403024,0.95390624,0.9578674,0.25170782,0.14852011,0.24810006,0.55723363
0.6634505577250445,0.7334568,0.9169141,0.94787616,0.21739872,0.12526135,-0.27222985,-0.6752156
0.8959755199020796,1.3184781,0.9890564,0.9813068,0.25688365,0.58585745,0.25584975,0.52233684
0.8638139512558048,0.9258563,0.9946628,0.98566365,0.14164455,0.25850454,-0.6626244,-0.90631896
0.896187008748035,1.1318231,0.9899485,0.97547674,0.30278,0.3169975,0.2595548,0.48468682
0.8970314281257123,0.6214183,0.9699483,0.97574407,0.122037254,0.11178051,-0.37173453,0.05513241
0.911061020244081,0.96282965,0.99046415,0.9788846,0.21142711,0.16852546,0.46479934,0.65319365
0.8829614198456792,1.0032297,0.98073536,0.9756282,0.35537586,0.2739026,0.16346887,-0.94364333
0.8394804459217836,0.65847266,0.96918225,0.96487206,0.11155851,0.1377015,0.24808872,0.18019694
0.8164610898443594,0.7427977,0.9568726,0.96719307,0.15241566,0.11476194,0.1909095,0.5831767
0.7654269977079908,0.6962164,0.97144854,0.95701146,0.09430014,0.10697388,0.21887429,-0.7569837
0.7841939207756831,0.93406427,0.9503096,0.9552272,0.19333592,0.1940508,-0.76285636,-0.43679628
0.6263073692294768,0.92709005,0.9257075,0.94311357,0.2981866,0.102803774,1.1796274,1.3414812
0.8712042528170112,0.7646596,0.9862433,0.97081494,0.15343107,0.28332466,0.64781797,0.80930495
0.9101477685910744,0.6917403,0.9656979,0.97004926,0.19473033,0.20192605,-0.22517656,-0.5205049
0.7106574346297385,0.6756465,0.93883663,0.9549759,0.0997397,0.16699775,-0.19882436,-0.6329274
0.8854227736910947,1.1274316,0.9939862,0.9727806,0.258426,0.4238295,-0.024133727,0.69855404
0.8197949911799648,0.5381102,0.9579576,0.94813937,0.059585642,0.0666032,-0.2046416,-0.4103494
0.7755890223560895,0.6459554,0.93751144,0.9561701,0.12734455,0.14181228,-0.34010684,-0.55514675
0.8717475189900759,0.9695772,0.9691478,0.95869595,0.393819,0.43528664,0.42437223,-0.7313044
0.744497953991816,0.55450505,0.9555193,0.9535043,0.086946316,0.12207706,0.37556103,0.31008354
0.708250801003204,0.7216309,0.9426228,0.95874184,0.0794626,0.08650606,-1.1990457,-1.4973143
0.7235152460609843,0.6798771,0.9291002,0.9428628,0.2003512,0.08021621,-0.08476524,-0.23586448
0.9383992415969663,0.95172876,0.98225063,0.97444797,0.19844255,0.46673423,-0.5694446,-0.07039988
0.8125246900987603,0.5981557,0.9477691,0.94686824,0.13476428,0.22820114,0.1774239,0.76223135
0.9013729494917979,0.9590876,0.9821048,0.9690094,0.269365,0.29086378,0.37337226,-0.17354988
0.9015671582686331,1.0138451,0.97893435,0.96390986,0.37436277,0.5988855,0.07267675,0.16723953
0.8461984567938271,0.6870764,0.96454835,0.9621584,0.14439546,0.2289719,-0.5292164,0.08817252
0.9704455137820551,0.95528746,0.9920864,0.9839231,0.068716206,0.15209684,-1.8634281,-0.93883854
0.8722971211884847,0.679615,0.98096925,0.9626878,0.10511189,0.19449887,-0.30056682,-0.56952137
0.9327739070956282,0.7319285,0.98201483,0.96465576,0.17152375,0.21326298,-0.4793449,-0.18683502
0.7093364693458774,0.91481084,0.96827096,0.94081426,0.26730976,0.1607027,0.27341348,1.4184604
0.8715912303649214,0.7829513,0.9696709,0.9618222,0.17115526,0.115700066,0.35429996,0.6088177
0.7494088536354145,0.8350966,0.9592544,0.97128475,0.1382299,0.16689552,-0.8661141,-0.5375804
0.8900469201876807,0.9975866,0.9551489,0.96985453,0.3329009,0.43866664,-0.45998982,-0.0442335
0.9207852831411325,0.64540505,0.9907839,0.9758078,0.11599406,0.15361238,0.1893394,-0.20212406
0.7788918195672782,0.8130636,0.97798926,0.9512475,0.23646693,0.23199211,-0.22621612,-0.49616048
0.7668635474541897,0.7500813,0.95501524,0.9526807,0.2004614,0.15611567,0.22702834,0.28985375
0.7751762207048828,0.8887129,0.9490045,0.9505468,0.23127688,0.16988164,0.06907274,-0.20282371
0.65987860751443,0.6506419,0.9343787,0.9400193,0.08566927,0.089808576,-0.77932006,-0.63423795
0.8914875019500078,0.9555042,0.9769152,0.9705423,0.38158438,0.36685127,-0.23982507,-0.018387476
0.7828376273505094,0.50199324,0.96891403,0.94354206,0.07078937,0.099296205,0.124242134,0.06398479
0.8685478261913047,0.846719,0.9862433,0.97522455,0.15343107,0.14873075,0.64781797,0.5029159
0.9428269713078853,0.71448314,0.99309164,0.98743594,0.12871905,0.19282547,-0.121163644,0.20108034
0.74262940251761,0.8001836,0.94259834,0.9473985,0.32200783,0.12106518,0.85475814,0.017201453
0.7988265873063491,0.78276026,0.96020085,0.9569274,0.19014263,0.18917552,0.2392147,0.29537567
0.8560455041820166,0.6596367,0.98321444,0.96962047,0.04784183,0.13675787,0.3832644,-0.010163095
0.8261378325513302,0.6795895,0.96372175,0.96523184,0.14266047,0.13857105,-0.52241564,0.040956475
0.9444154896619585,0.5255517,0.98701495,0.9830231,0.093163125,0.09124681,-0.087890156,-0.12530437
0.7534509498037992,0.7031323,0.947022,0.9566807,0.17466107,0.13959192,1.0424609,0.6147782
0.7340980403921615,0.9444893,0.9284807,0.954542,0.30160215,0.17354071,0.41639644,0.091356754
0.8153368293473173,0.6365733,0.95170087,0.9492357,0.123937964,0.19554283,-0.24632841,-0.07428179
0.8268778995115981,0.78353846,0.9573405,0.9547559,0.13901676,0.17907411,-0.1577489,0.078758545
0.8256056064224256,0.851462,0.9731451,0.9466492,0.21998028,0.15513897,-0.1368528,-0.49186411
0.7892334609338437,0.64603245,0.93715274,0.95710033,0.1643563,0.11135606,0.11600628,0.057531282
0.8693129492517969,0.8600675,0.9676077,0.9640219,0.29396987,0.170205,-0.5391418,-0.32519844
0.907805551222205,0.93033236,0.9778183,0.97972697,0.2707264,0.22707148,0.06379876,0.17708085
0.9104035136140545,0.6430874,0.975057,0.9794423,0.11592083,0.15667443,-0.4875532,-0.12550145
0.7098961515846063,0.8179433,0.94805855,0.9539875,0.27702168,0.16044061,0.2726825,0.5273604
0.8588895155580621,1.0131637,0.95842457,0.9713549,0.34047145,0.31620324,-0.65470135,-0.65994924
0.7638531674126696,0.60541123,0.9509669,0.9549772,0.100814894,0.12671937,-0.8421508,-0.26215327
0.8520952803811214,0.73808426,0.9909404,0.9541773,0.06134798,0.31405506,-0.3347035,0.07063328
0.8972599090396359,1.0649887,0.97893435,0.96770823,0.37436277,0.3956285,0.07267675,0.11017478
0.6565248340993364,0.58088493,0.9799193,0.9494308,0.04351743,0.08734053,0.7577949,0.32655367
0.7683911055644222,0.7499982,0.9702982,0.9563823,0.14720175,0.12940626,-0.28381583,0.14232571
0.8457662630650523,0.67869306,0.9821989,0.9569659,0.12793805,0.16084775,0.42433754,-0.048704807
0.8971641966567866,1.0111609,0.96025145,0.9793478,0.42190763,0.25835887,-0.15136462,-0.15897417
0.8260038160152641,0.7417348,0.9769756,0.9588187,0.12892778,0.16783072,-0.782273,-0.57819766
0.9005571382285529,0.89097124,0.9821599,0.97195315,0.25752655,0.30563402,-0.4339679,-0.0005948813
0.7726412345649383,0.5249173,0.9522757,0.9518582,0.051409725,0.09922943,0.0041907947,-0.114915915
0.859564302257209,0.7333753,0.9935361,0.98242116,0.09201658,0.16990367,0.17043407,0.43345195
0.7207270109080436,0.809622,0.93083507,0.94337237,0.26718003,0.17525356,-0.26451176,-0.48372683
0.8872045408181631,0.5623213,0.9765203,0.9693467,0.0708612,0.10464869,0.19428465,0.26500735
0.9198427513710054,0.59146285,0.9864992,0.97619706,0.086579435,0.1598799,0.21677694,0.3187388
0.9500335281341126,0.9259227,0.9870614,0.9857283,0.19075954,0.2697244,-0.23351501,0.28310126
0.8094252217008867,0.9488388,0.96883,0.96987456,0.124949105,0.20295982,1.0796019,1.085771
0.8449518918075672,0.9123935,0.9728723,0.96617705,0.32797375,0.25309157,-0.5910669,0.08333385
0.8829666998667993,0.7908629,0.98074126,0.9718602,0.13106829,0.16726035,0.27764493,0.60277665
0.8694451417805671,0.7615956,0.9736271,0.96696043,0.13672766,0.16399191,0.21344972,-0.09034062
0.9172979731918927,0.942505,0.98603123,0.97411466,0.19109616,0.26229134,-0.4027296,-0.31890833
0.865309445237781,1.2249323,0.9762897,0.98389816,0.33907005,0.24175368,0.57933813,0.36222836
0.8504954339817359,0.6137638,0.9607222,0.9527259,0.08102932,0.15176079,-0.6576646,-0.4304051
0.8362854571418286,0.6170474,0.93460506,0.96651196,0.11929398,0.12904346,-0.75629044,-0.86947036
0.9572434449737799,0.9553771,0.98853964,0.98030007,0.3610917,0.4210145,0.49618745,-0.35679787
0.7774559418237672,0.69086546,0.9490912,0.9560902,0.17288564,0.111224554,0.28959724,0.013384667
0.7835894063576254,0.8855211,0.988744,0.96604425,0.13656215,0.20063432,-0.39443234,-0.42005703
0.7435117420469682,0.63993734,0.9729859,0.9492363,0.086057924,0.13543123,-0.20615114,-0.78261584
0.8764098736394945,0.9771828,0.98131007,0.96845746,0.25678396,0.44751528,0.03693691,0.47755727
0.614436441745767,0.7550217,0.9891901,0.9492975,0.10882401,0.12533027,-0.3039102,-0.10975498
0.8052282769131077,0.9409697,0.934689,0.949919,0.38811195,0.21994601,0.48949614,0.11845541
0.8787246348985396,0.7368844,0.9588652,0.96916986,0.16454794,0.18137705,-0.50096095,-0.094410665
0.8081421765687061,0.7777696,0.97452784,0.94489884,0.15492748,0.0710436,-0.12596138,-0.46985763
0.8849969159876638,0.6985559,0.978451,0.9681608,0.115002945,0.14540656,0.388993,0.31686887
0.9417332389329556,1.0979836,0.98140866,0.9851054,0.33224028,0.29870558,0.94569427,0.07597072
0.8990959163836655,0.774257,0.98162156,0.9735939,0.10114948,0.20635536,-0.4894323,-0.13382134
0.8272455809823238,0.7744304,0.9622777,0.96966755,0.12250742,0.11117101,-0.57959884,-0.57886404
0.8067379789519158,0.74059546,0.96699846,0.96063787,0.19252002,0.21813773,-0.7424943,-0.67129326
0.8571703406813627,0.80230343,0.9841701,0.96712273,0.20860657,0.23760481,0.94720536,0.6235484
0.8823181212724851,0.8459691,0.9870245,0.97802126,0.15298013,0.20705025,-0.19957066,-0.12301924
0.8453673814695257,0.6356209,0.9781657,0.95804346,0.1306444,0.16908179,-0.34117863,-0.27219313
0.9446693146772587,0.98295224,0.9946615,0.9893371,0.19880258,0.23569411,-0.87916654,-0.21813236
0.7345465541862167,0.7700988,0.9076033,0.9466785,0.16621457,0.12840037,0.18685219,-0.120919116
0.6713678374713499,0.5836283,0.91146296,0.93355983,0.11951301,0.1619036,0.8575353,0.77660894
0.9161424165696662,1.0987428,0.9661839,0.9664998,0.38316813,0.32523507,0.73020685,0.40038013
0.8520281761127044,0.6463575,0.96611756,0.9591835,0.16413912,0.17882499,-0.31385234,-0.39229786
0.9127368989475957,1.0064048,0.9854777,0.99206716,0.13175991,0.15478782,0.47857583,0.38389373
0.9242307369229478,0.9727413,0.9905404,0.98727596,0.22159196,0.20047843,0.15528423,0.06384132
0.8605190260761043,0.8569191,0.9425392,0.9643001,0.33456764,0.23629041,0.76388735,0.12658904
0.9140980883923535,1.1825395,0.97375154,0.9650109,0.7288596,0.5578238,0.87292576,-0.09568943
0.5961290725162901,0.7114584,0.9754817,0.95320433,0.09107752,0.079622775,0.5756977,0.08274797
0.7799006876027503,0.74036133,0.9369512,0.96746916,0.13502866,0.13103566,0.17087132,-0.14410202
0.6375504542018168,0.72715664,0.93763584,0.95801127,0.12838374,0.113421485,-0.102891386,-0.41334477
0.9104499777999111,0.75648814,0.970379,0.96658397,0.21702519,0.30442992,-0.272172,0.13418034
0.8767740030960124,0.79844177,0.9862433,0.9718532,0.15343107,0.20571057,0.64781797,0.4915105
0.7654820059280237,0.81826556,0.9727669,0.9610719,0.13571677,0.13796902,-0.30915663,0.098461
0.8811119724478897,0.8925723,0.9700464,0.96920854,0.2557273,0.2604928,-0.16980153,-0.5777096
0.7794845259381037,0.9010244,0.9422275,0.9574473,0.15581393,0.27873662,-0.07606953,0.11173825
0.869314389257557,0.9451235,0.9685846,0.95710784,0.27384874,0.38065064,0.20738043,0.15117645
0.9129531878127511,1.6172371,0.9865868,0.98699254,0.26989406,0.71994525,0.02828181,0.12619147
0.9024399937599751,0.91405284,0.98662937,0.9743604,0.21183047,0.32661203,0.617291,0.18925843
0.8533316693266774,0.6494167,0.9645207,0.94259566,0.1732746,0.21542794,0.5074193,0.1965663
0.792369121476486,0.6685707,0.9451036,0.9529815,0.14991717,0.15561199,-0.040901538,-0.06453252
0.8639292477169908,0.72962695,0.96354926,0.949409,0.11223505,0.15346995,-0.8579924,-0.50743985
0.7616818307273229,0.8319651,0.9553424,0.9638096,0.17509694,0.15126419,0.018467015,0.19595899
0.9177876711506845,1.001738,0.96746325,0.9719996,0.47379783,0.56651115,0.6942151,-0.008310065
0.8768902595610382,0.96527594,0.98126775,0.96472573,0.27401498,0.24809758,0.42326975,-0.12176284
0.9139126156504626,0.96100855,0.9690815,0.9744417,0.36739516,0.22356541,-0.76438755,-0.16658893
0.3357233268933075,0.5303024,0.9064327,0.92553926,0.10317069,0.07493378,-0.12505828,-0.25932148
0.6504815139260557,0.6827047,0.9511744,0.9423046,0.110796385,0.11709032,0.65895367,0.05729305
0.834316489265957,0.5900218,0.9789002,0.9707169,0.08934945,0.10185656,-0.07872837,-0.022666821
0.8852253969015874,0.55813676,0.9513002,0.96346897,0.11093376,0.15645103,-0.54420006,-0.39150882
0.8986420265681061,0.6593093,0.99149823,0.9788063,0.096712686,0.16916206,0.8142238,-0.39625227
0.9128780195120781,0.7895698,0.9834393,0.9660171,0.12799947,0.21721403,-0.11422531,-0.36223423
0.8523384493537973,0.6558471,0.9719118,0.9623244,0.10023311,0.095960684,0.7612153,0.36996174
0.7861205524822098,0.8136538,0.92467904,0.9515617,0.34612706,0.21627754,-0.7700814,-0.15471715
0.9096477025908102,1.0397809,0.9655663,0.9702087,0.33571604,0.14968501,0.35196778,0.2351195
0.8033834375337502,1.2345033,0.93842417,0.9571213,0.5193954,0.15907346,-0.45499808,-0.57247967
0.8651829167316669,0.82742035,0.93982947,0.9690944,0.20358816,0.17641984,0.404904,0.087143496
0.559317917271669,0.57257897,0.95776576,0.93427837,0.10637541,0.07443952,0.28474703,0.3626045
0.9219027276109104,0.869528,0.9870947,0.9818871,0.08400427,0.14228398,0.5218835,-0.057639584
0.7889749318997276,0.6801479,0.9511726,0.94770354,0.1666401,0.13320875,0.5020207,0.1900423
0.7733367573470293,0.72875714,0.93558764,0.9420703,0.18895143,0.1458059,-0.47898945,-0.1744265
0.952679586718347,0.7012185,0.9897769,0.9880923,0.07889221,0.12406481,0.084795326,0.010629349
0.7505275461101845,0.6950606,0.9180351,0.9583559,0.15455794,0.11924222,-0.2573089,-0.18055095
0.9377083268333073,0.6557633,0.988894,0.98246425,0.06239703,0.10529887,-0.0034190118,0.3730334
0.6653514934059735,0.5055451,0.9378212,0.9369129,0.050513502,0.10943701,0.056632023,0.22494777
0.9196776307105228,0.78322005,0.9738527,0.9756537,0.16853519,0.1824054,0.5622769,0.38018942
0.6845254581018324,0.56933075,0.9477239,0.93414605,0.09705156,0.11173131,-0.22236598,-0.32854712
0.616317089268357,0.91909707,0.9286118,0.93720526,0.21595763,0.281905,0.5454667,0.42596745
0.8348298033192133,0.7899679,0.9469404,0.97026086,0.18133205,0.14067858,-0.21791106,-0.37723526
0.6574992379969519,0.5731578,0.92661744,0.94050574,0.112087406,0.10613259,0.030115463,-0.22734757
0.9225297061188246,0.729265,0.982583,0.9743416,0.11817284,0.23420075,0.26636085,0.276876
0.9130257641030562,0.612621,0.9821129,0.9778119,0.072775245,0.13378987,0.35630065,0.34262565
0.631690686762747,0.67149025,0.93054354,0.9371209,0.14409655,0.08869184,-0.029747939,-0.14921091
0.8364409777639111,0.6826464,0.9780144,0.9667088,0.15143363,0.10046694,0.30541646,0.41885158
0.7731109644438577,0.5548094,0.95331264,0.953157,0.10027333,0.0820992,-0.75192016,-0.399511
0.7915853743414972,0.63566846,0.93221265,0.95534784,0.13960192,0.12619275,-0.31180903,-0.6217258
0.8776128544514178,1.0268033,0.93092906,0.9669499,0.51945955,0.2413705,-0.40730697,-0.29693666
0.8261260245040979,0.6722869,0.9672316,0.9633776,0.14739652,0.13779135,0.5552403,0.5558384
0.6072135648542594,0.8253575,0.9304999,0.9615486,0.16603737,0.117276765,-0.43682438,-0.38246438
0.8882455689822758,0.90023035,0.9796266,0.95835406,0.35721374,0.33574635,0.122249946,0.18055102
0.8142144888579554,0.6796332,0.972291,0.96449983,0.14884807,0.17322136,0.2717371,0.051667254
0.6534449497797991,0.64645314,0.96784633,0.9520254,0.091672696,0.062960185,0.24624585,0.43064716
0.904810147240589,0.7733405,0.97693855,0.979888,0.16143109,0.120827675,0.46179965,0.34931234
0.8993764295057181,0.7353081,0.97145665,0.9644404,0.15916817,0.22061709,-0.23010318,-0.38027185
0.8121571046284185,0.5187345,0.96615547,0.9507688,0.05589805,0.092136644,0.40739787,0.08233808
0.8858741674966699,0.7578047,0.9608173,0.97790086,0.13736497,0.13161992,0.18772419,-0.13936006
0.9000179040716162,0.8559069,0.99309915,0.980413,0.17782556,0.19116426,0.26338673,0.44714528
0.9279039996159985,1.0150883,0.99139845,0.9873312,0.3808853,0.32188752,0.10736815,0.24385722
0.762749546998188,0.6342779,0.99425995,0.96177334,0.11585987,0.08968722,-0.14670582,0.2768459
0.6991359485437941,0.6174,0.9520564,0.94236577,0.11519532,0.13066545,0.24136253,0.20845746
0.7869744758979035,0.5552415,0.9552019,0.9600779,0.08590176,0.13101496,0.65397406,0.5212813
0.8747140268561073,0.8061714,0.9862433,0.973701,0.15343107,0.23453349,0.64781797,0.43912697
0.9225418981675926,0.8185359,0.9770845,0.98067117,0.13198939,0.18114692,-0.6531762,-0.10184462
0.8055421981687927,0.65482813,0.95609313,0.98124933,0.12052764,0.08735609,-1.6781871,-0.75826585
0.9029514838059353,0.75938684,0.9774035,0.9820191,0.118947655,0.13556266,-0.251511,0.24702017
0.750626810507242,0.7589258,0.96746486,0.95203394,0.10892327,0.12536635,-0.33581394,0.2046146
0.7623084252337009,0.847657,0.96918625,0.9708829,0.1957037,0.100839116,-0.35038206,-0.89368016
0.941245748982996,1.0755235,0.98958534,0.9861201,0.23469004,0.1908082,-0.78212464,0.25286642
0.9117695990783962,0.71574295,0.99030614,0.9861769,0.07527452,0.11643203,0.564849,-0.17283806
0.949752247008988,0.8134249,0.99367785,0.98711604,0.17995323,0.19050811,0.042362187,-0.018103246
0.7832047328189312,0.56800026,0.9660086,0.95916206,0.10602347,0.097208835,-0.53516674,-0.3757732
0.8394155496621986,0.68670994,0.9499484,0.9642873,0.16255964,0.2130252,0.8643108,0.9979714
0.5661138804555219,0.74731755,0.87659603,0.94114673,0.1852099,0.094209105,-0.41150352,-0.28347182
0.9058687434749738,0.7484935,0.9919533,0.9867228,0.08415588,0.17443903,0.16947404,0.27697247
0.8999652958611835,0.9734499,0.96141404,0.9738517,0.35205436,0.34355068,-1.0112224,-0.27498576
0.6086179544718179,0.698356,0.96257836,0.94277656,0.13857625,0.17180201,0.60432875,0.33033744
0.8565592022368088,0.6601546,0.96773124,0.9677625,0.105152495,0.07642705,0.4746681,0.037377667
0.7592244128976516,0.7187636,0.94418836,0.96138495,0.15932512,0.120615944,0.23161297,0.3230307
0.821069396277585,0.7142438,0.9541215,0.9598827,0.1252479,0.11191528,0.5546273,0.4262336
0.8484040656162625,1.1215987,0.9559939,0.9606965,0.48897383,0.34222707,-0.08379976,-0.33264506
0.8605209460837843,0.67224723,0.9685585,0.9572482,0.10303874,0.21134697,-0.25910622,-0.27091604
0.8077173748694995,0.728443,0.9567904,0.94298375,0.15903561,0.19133992,-0.11410063,-0.18935667
0.8760574562298249,0.87927157,0.97734016,0.96646893,0.28409308,0.24128293,-0.65122634,-0.2786512
0.7545070500282001,0.6953141,0.9686872,0.95648515,0.13615862,0.11749008,0.3211878,0.68167263
0.8581045204180816,0.7228235,0.9760421,0.9794071,0.08918348,0.13747147,-0.8232567,-0.27957484
0.8977548870195479,0.57895035,0.9605172,0.97090673,0.11987446,0.12139036,0.18553348,-0.20271225
0.9337970791883167,0.9018928,0.99246264,0.98156244,0.32929277,0.2655286,-0.34865016,0.1800691
0.7003208812835252,0.6948466,0.9539789,0.9219207,0.14283483,0.13578628,-0.5907566,-0.21221279
0.9123976335905343,0.8564232,0.9673253,0.9872766,0.2841655,0.091254026,0.071428105,0.3828795
0.8911762687050748,1.1163644,0.98659855,0.98783463,0.3039388,0.19411916,0.1769083,0.33691788
0.9080587042348168,1.0678804,0.9442866,0.96993536,0.41825095,0.21817505,0.38207075,0.25729394
0.9343127932511731,0.7940076,0.9923334,0.98689216,0.12583733,0.1690799,-0.30546927,0.13465305
0.6390054360217441,0.8499709,0.9485484,0.9445711,0.13467576,0.1458447,0.850941,0.40585464
0.7721361765447062,0.5128012,0.9324548,0.9518635,0.085634306,0.10618392,-0.17096739,-0.44473192
0.6430723002892011,0.85381985,0.94973046,0.9250519,0.16045082,0.1406327,-0.5480717,-0.51239395
0.8657810951243805,0.61133,0.9630105,0.9570286,0.13121109,0.12950188,0.746403,0.5074599
0.8588174192696771,1.0434625,0.98775005,0.9911134,0.12997791,0.15598945,0.25597236,-0.083035015
0.8735865983463933,0.63050044,0.95108545,0.9666502,0.11443378,0.12371013,-0.199636,-0.1911785
0.9048012192048768,0.6514545,0.979488,0.9715791,0.14845286,0.16618781,-0.25673786,0.023107292
0.8581654806619226,0.7936805,0.98801446,0.9765307,0.10407064,0.16263981,0.6750659,0.27527204
0.8476883827535309,0.79167444,0.9764829,0.9697444,0.1684565,0.11005217,0.046519395,0.30274174
0.7545860583442333,0.58617234,0.92738765,0.94959784,0.09383059,0.11376784,0.10650172,0.03559701
0.746880395521582,0.7017162,0.94228584,0.9445874,0.081981294,0.17309776,0.5199708,0.39529306
0.8592820611282445,0.67442566,0.9642975,0.952777,0.19717826,0.162201,-0.2571837,0.2621172
0.8042906411625645,0.8008818,0.95429254,0.9664892,0.18502621,0.13782494,-0.15899684,0.03230509
0.8015399421597686,1.1226258,0.87846524,0.92952704,0.9423927,0.45973328,0.68891245,0.6031553
0.8905552422209688,0.74676716,0.99127656,0.98203385,0.0783872,0.13270722,0.373839,-0.45289955
0.802314665258661,0.60536146,0.94648486,0.9591083,0.09119275,0.1402985,-0.15380287,-0.13583353
0.8849957639830559,0.955583,0.9435507,0.94690776,0.47376055,0.35598147,-0.44609648,-0.41682073
0.9243032172128689,0.7005554,0.9895894,0.9819877,0.07895496,0.09347724,-0.022294192,-0.15300813
0.898005448021792,0.87861925,0.99381006,0.98866653,0.14633319,0.1477894,0.62810504,0.57359457
0.726757659030636,0.69732034,0.92139107,0.9371964,0.16317266,0.16658558,-0.17593561,-0.1137965
0.9419664238656954,0.75230837,0.9824881,0.9836285,0.14008582,0.17907554,0.2392549,-0.119251095
0.8480858243432973,0.89831215,0.98631424,0.9689517,0.2814409,0.30481386,0.7045941,0.4157546
0.9401738086952347,1.1175357,0.9781919,0.9697103,0.68112826,0.6385088,-0.82925034,-0.18844138
0.8501824727298908,0.77422106,0.9704202,0.95770943,0.13845636,0.28189343,0.80246437,0.13156599
0.964685106740427,0.7147086,0.9861388,0.98286736,0.16294444,0.2347437,-0.12843606,0.10120725
0.8065958983835935,0.6817043,0.95268214,0.9659541,0.079109885,0.15293011,0.8882489,0.7177852
0.5703970335881343,0.6323995,0.9399819,0.9176329,0.11601624,0.112300314,-0.0529613,0.029325105
0.862941115764463,0.6602045,0.9731687,0.968068,0.1316775,0.13463451,-0.44003382,-0.32579148
0.918871899487598,0.889823,0.9908374,0.9758068,0.2756125,0.2984364,-0.69910854,0.029202936
0.8797831351325405,0.7844522,0.97459525,0.97599894,0.22677976,0.25741822,-0.43722963,-0.07759326
0.8211769167076668,0.6126448,0.96754265,0.9603556,0.09484659,0.13966413,-0.79327685,-0.40049192
0.8863350653402612,1.1759915,0.9693574,0.9678783,0.38647363,0.2810264,-0.7242796,-0.2040132
0.7041822087288349,0.71129614,0.9716052,0.9648314,0.112250075,0.09869564,-0.45670098,-0.062073443
0.9478348313393253,0.9038683,0.9881222,0.9792617,0.21150474,0.2439451,0.3437253,0.18890971
0.5733966615866463,0.5925724,0.9418219,0.96165454,0.08864096,0.059527293,0.2951269,0.18989381
0.7688363553454213,1.07815,0.9608894,0.9752959,0.31013504,0.1522398,-0.37811,-0.66264266
0.7091044364177457,0.4998292,0.9293289,0.9543128,0.060055654,0.08234006,0.66187996,0.66626406
0.8834057096228385,0.83196694,0.97588223,0.97216046,0.20419993,0.25008532,-0.47573,0.020761551
0.6678897435589742,0.48836407,0.91248846,0.9485425,0.103498615,0.052977815,0.48286226,0.39290872
0.6793539174156696,0.80458003,0.9485278,0.96215016,0.20423515,0.121919565,0.28000876,-0.1566308
0.9318373273493095,0.75037104,0.9708459,0.9838212,0.11762751,0.13948688,-0.15336542,-0.11166992
0.7704155616622466,1.1080388,0.9736249,0.97552633,0.5080854,0.41036087,-0.47604582,-0.07875147
0.8614271897087589,0.7089564,0.961585,0.9577647,0.21250463,0.18746455,-0.01904585,0.008588346
0.8312082848331394,0.87685525,0.9418313,0.9649121,0.25707418,0.14053512,-0.22419727,0.02160307
0.8226608906435625,0.7184595,0.9383122,0.9698305,0.14482494,0.12574412,-0.37600818,-0.16817512
0.8595232140928564,0.7439374,0.9711162,0.97151875,0.21267962,0.22877249,0.46703008,-0.2859325
0.7647611390445561,1.0095111,0.9676869,0.9766798,0.30097502,0.1712242,0.736703,0.39571923
0.8499070476281906,0.61527693,0.9831646,0.97440684,0.14701785,0.09482723,-0.103154644,0.4682808
0.7901747446989786,0.66707313,0.9445249,0.9635226,0.14542581,0.06768212,-0.28915748,0.17645173
0.7909757719030877,0.53780353,0.9621722,0.96785116,0.0609508,0.09786708,-0.17127346,-0.2939894
0.8135797343189373,0.78553724,0.9320681,0.96692926,0.3061541,0.14628205,-0.8695951,-0.52967054
0.7656065184260736,0.58338654,0.942758,0.97159445,0.10243397,0.07740322,0.52228814,0.32366267
0.8870837723350893,0.67813134,0.9680044,0.97630966,0.10926306,0.12431904,0.12030828,0.05324509
0.864938211752847,0.69341314,0.9803155,0.97328943,0.13781977,0.10872624,0.521408,0.45709273
0.6707039948159792,0.769141,0.9879538,0.95517755,0.13058501,0.10708831,0.16428755,-0.74212843
0.5981839607358429,0.5824414,0.920697,0.95049274,0.11113508,0.07709566,-0.4566237,-0.290849
0.7623473053892216,0.820739,0.9122832,0.96393025,0.1544384,0.06888781,0.91496557,0.6935938
0.7496528866115464,0.746367,0.9583522,0.98294383,0.15690485,0.074050926,0.70345354,0.45147803
0.7774635258541034,0.5340999,0.9540295,0.95925665,0.056271754,0.06759447,-0.0005194497,-0.14820665
0.8305709382837531,0.59878165,0.99438673,0.96820164,0.07511446,0.09879253,0.17664921,0.10846662
0.8934136536546146,0.7627488,0.9725493,0.97871685,0.15871762,0.13179824,0.51789737,0.26442268
0.8119962079848319,1.3683474,0.98863316,0.98953646,0.22428678,0.101155095,-0.3495529,-0.5287366
0.8446973947895791,0.9269698,0.9610556,0.9632266,0.30918965,0.30042633,0.020117844,0.03465461
0.9115498541994167,0.67483234,0.9795493,0.98334754,0.11228242,0.09376528,-0.4172594,-0.026125692
0.8123180972723891,0.75203866,0.9372964,0.95970947,0.23049624,0.24221934,0.24264584,0.054847766
0.9551154044616179,0.7549124,0.9875259,0.9876802,0.109738626,0.10651118,0.41335416,0.30512756
0.9008983235932944,0.6840307,0.98257893,0.97197956,0.1515926,0.15761532,0.81922793,0.48323256
0.913950055800223,1.1176493,0.9891227,0.97553736,0.37531883,0.41443244,-0.23194093,0.24215992
0.8472924771699085,0.72728395,0.95592904,0.9657894,0.1877539,0.17724098,0.18741047,0.002237052
0.9327598910395641,0.70815146,0.98782456,0.9807872,0.08022381,0.11717291,-0.013001602,-0.11746015
0.9235056460225841,0.8248234,0.98957056,0.97866505,0.21754348,0.22621721,0.89901006,0.2519209
0.7929992679970719,0.69654185,0.99139,0.9635672,0.08270066,0.083121985,-0.22200482,-0.17314918
0.8880344641378564,1.0795544,0.99449706,0.9752772,0.31137308,0.29377377,0.8214958,0.60612005
0.8861427765711062,0.758383,0.9811686,0.965855,0.1294254,0.19015771,0.4000043,0.34203026
0.9281394885579541,0.7334506,0.9785049,0.9834055,0.1157525,0.09208993,-0.44467908,-0.4619779
0.8289516038064152,0.72618705,0.9713158,0.96979016,0.16091603,0.12600784,-0.03740217,0.28302056
0.9103000252001008,0.9604094,0.97857517,0.9821857,0.2402774,0.24735509,0.2066642,-0.17949574
0.8514113736454945,0.98547804,0.992665,0.985821,0.07805688,0.21687028,-0.009519536,-0.21450932
0.902320089280357,1.2791317,0.9903966,0.98118573,0.36410743,0.26368544,-0.017879533,-0.57444316
0.8282020328081311,0.709547,0.9773337,0.95906126,0.06533464,0.16853802,-0.77341455,-0.49274352
0.915625454501818,0.9120342,0.98435146,0.977532,0.16167314,0.28390858,-0.20924158,-0.010745778
0.939001068004272,0.8698667,0.9857185,0.9865092,0.19455184,0.23490088,-0.43311146,0.4596431
0.7969691718766875,0.7850278,0.93858594,0.9528638,0.2395148,0.15018544,-0.0515582,-0.31362453
0.9030566042264168,0.8101069,0.9786927,0.96200776,0.1947623,0.30758715,0.16446891,0.13601923
0.9688817635270542,1.1381205,0.98777014,0.9854098,0.15621129,0.34474644,0.019320289,-0.4706849
0.7175150300601203,0.7073811,0.96363837,0.95475394,0.16020828,0.07150243,0.09314741,-0.13894358
0.7356045744182976,0.7109554,0.94614017,0.9571236,0.1202637,0.0871956,-0.036442008,0.072261594
0.9175741662966652,0.67046565,0.9823026,0.9748008,0.13190283,0.19787997,1.4065986,0.4696173
0.8136870627482509,0.6186026,0.95797896,0.96580154,0.09340034,0.08263458,-1.0897131,-0.7359394
0.9200468481873926,0.96098584,0.9815554,0.978404,0.17816389,0.2265392,-0.2067035,0.06676911
0.9083841455365822,0.7159239,0.9745105,0.97888947,0.12519228,0.10864469,0.43251225,-0.3638677
0.8722553610214441,0.87610656,0.96459424,0.9616831,0.24720705,0.2792422,0.58965445,0.19215839
0.7276110064440258,0.63350785,0.95528996,0.9538948,0.088630244,0.08316359,-0.17996003,-0.3934405
0.9216145344581378,0.8420103,0.9931899,0.9866012,0.086341016,0.16615313,0.5454548,0.6232967
0.9415351901407605,0.74819136,0.9886216,0.96538407,0.20474043,0.33652762,0.4769532,0.0048406096
0.637874839499358,0.45848545,0.9453832,0.948358,0.035959784,0.08243109,1.0794467,0.93927956
0.6739091596366386,0.4511083,0.92912287,0.9419337,0.051285736,0.08250577,0.3095171,0.3750361
0.8714375337501351,0.88980645,0.9862433,0.9701192,0.15343107,0.18319787,0.64781797,0.51036733
0.8916354385417543,0.49387738,0.9681934,0.9666109,0.069696926,0.1321396,0.18366678,-0.09092174
0.7863328093312374,0.6529809,0.9578141,0.9729683,0.1169662,0.071791485,0.30301467,0.79489577
0.827125964503858,0.8059236,0.956844,0.9628603,0.18261798,0.16048281,-0.44439247,-0.61139995
0.7428412753651014,0.5984097,0.9491407,0.9451237,0.097048655,0.089634284,-0.6831296,-0.6431719
0.5539641678566714,0.7713224,0.92019,0.9521613,0.1365767,0.0968595,0.24955922,0.36107185
0.8947126348505392,1.1475064,0.9862252,0.9735403,0.18039496,0.38078374,0.4341477,0.47654256
0.8088904995619982,0.61003584,0.9727163,0.9579882,0.10746077,0.13626423,-0.45906562,-0.47382987
0.8663859935439742,0.74460727,0.90935993,0.96338356,0.3775391,0.21722423,0.6109548,0.24062343
0.7844745298981195,0.6770368,0.9632066,0.9550259,0.15732197,0.09992246,-0.4528938,-0.51072085
0.8105806823227293,0.5241465,0.9565804,0.956539,0.072753705,0.076816194,0.08201091,0.3166323
0.8554970539882158,1.2026469,0.9215767,0.94566727,1.0343643,0.59612405,-0.24600205,0.40594015
0.7317279829119315,0.6672365,0.9670604,0.9583932,0.06395759,0.07814615,0.11147512,-0.120201126
0.6501850647402589,0.7518022,0.9338897,0.9524456,0.1715523,0.17531347,0.37184736,0.55482644
0.8674808779235117,0.9837117,0.991974,0.96740544,0.19084582,0.4816533,0.722041,0.44871566
0.9138676874707499,1.1259899,0.97031915,0.9668219,0.42793643,0.44541538,-0.24234663,0.1925164
0.9017345829383315,0.95152986,0.9667429,0.96887225,0.34928274,0.28651556,0.41867557,0.066405386
0.9358932475729903,0.8012292,0.9828496,0.9675472,0.1870474,0.3592634,-0.3878058,-0.14687556
0.8699172716690865,0.6714278,0.99203986,0.9618974,0.14273146,0.14994836,-0.18647774,-0.243935
0.8734035256141025,0.82237655,0.9383948,0.9646283,0.24972387,0.14052704,-0.16300629,0.043850534
0.9156771987087947,0.7849679,0.97891235,0.9823024,0.12055546,0.08586518,-0.32129553,-0.08741061
0.8437299029196116,0.7046683,0.9723882,0.9702272,0.12685727,0.16499494,0.2413612,0.5409606
0.8846420985683943,0.6845091,0.962523,0.95937026,0.092135385,0.23484784,-0.13578643,-0.051699128
0.8538476713906856,0.6312333,0.97353053,0.95635307,0.12133176,0.13675629,-1.1857282,-1.0527585
0.7278467833871336,0.5316756,0.9730648,0.95365244,0.047145993,0.10498527,-0.18738104,-0.03750494
0.595319213276853,0.6133896,0.9082111,0.94896686,0.10482829,0.1319565,0.58180463,0.745856
0.9426908427633709,0.760495,0.99132323,0.98895603,0.12017235,0.21848927,-0.43455306,0.15089847
0.8957382069528278,0.77036554,0.97007567,0.9762535,0.18428458,0.16544388,1.0850805,0.44720224
0.8529743558974235,0.46441257,0.9692504,0.9639893,0.06992275,0.07790501,-0.44685638,0.13979761
0.840323521294085,0.7132558,0.97442144,0.9684102,0.07933212,0.12623973,-0.07643274,-0.015466524
0.9302646490585962,0.6490646,0.98189986,0.97814953,0.12940376,0.14590357,-0.7889884,-0.23689342
0.8028783795135179,0.7985745,0.97418916,0.9597415,0.21566255,0.22942653,0.17279957,-0.179171
0.7305262501050004,0.591382,0.9721638,0.9489215,0.09466304,0.10038591,0.19259654,0.24210547
0.5335278941115764,0.72675353,0.9452933,0.9432629,0.12316755,0.063640654,0.058518656,0.12963146
0.8845739382957531,0.7095533,0.9545857,0.96252984,0.18717484,0.2490517,-0.2388133,0.25286
0.85224878499514,0.9127019,0.9743938,0.96355695,0.25359467,0.2609908,0.4069075,-0.08333727
0.811002892011568,0.702185,0.97311205,0.96338797,0.12681973,0.17597222,-0.65372545,-0.46767923
0.6659117516470064,0.6869047,0.9256283,0.9550075,0.095247604,0.08527908,0.03266099,0.20801762
0.7627890991563966,0.6173874,0.96992075,0.9493222,0.09216792,0.098422855,0.53881097,0.32811484
0.6947188435486267,0.7430178,0.973413,0.9511236,0.09463508,0.17338616,0.86740255,0.16249412
0.8218697514790059,0.9901424,0.93452215,0.9609567,0.42736888,0.18088825,0.5256162,-0.19086525
0.941744758979036,0.8276691,0.9849799,0.97871476,0.17475435,0.32461026,0.62834775,0.47591504
0.7838537914151656,0.8056139,0.9483447,0.95659024,0.19021633,0.16416529,0.4931035,0.04736367
0.9589740438961757,1.1730732,0.98024243,0.9748113,0.17408046,0.59379566,-0.0036993055,-0.1866831
0.9187040908163633,0.8649731,0.97724694,0.9717709,0.121172465,0.20314486,0.4235668,-0.057518236
0.7490532682130728,0.72789186,0.9731075,0.9600982,0.1016744,0.16165577,0.04630287,-0.5108753
0.9287314269257076,0.8304397,0.97911525,0.9758356,0.22971608,0.33389363,0.4346885,0.09864824
0.7410342601370405,0.8582619,0.94249094,0.94658417,0.22616513,0.17619047,0.674672,0.3756531
0.8962557450229799,1.1472782,0.9884955,0.9892365,0.2581166,0.24910732,-0.3111326,-0.47792354
0.733872151488606,0.77712417,0.9499203,0.9599518,0.15681116,0.18598053,-0.6256752,-0.6334816
0.8312343009372037,0.6820239,0.9586428,0.96483535,0.14218916,0.14143875,0.5813518,0.46361244
0.8239838719354877,1.1064624,0.9902457,0.9864918,0.24059615,0.14235967,-0.58952403,-0.5852568
0.7990323161292644,0.7411184,0.9841436,0.95163864,0.13827685,0.19078974,0.15487003,-0.06697499
0.8147041868167472,0.8235455,0.95880085,0.9502626,0.23628303,0.13359173,-0.20547564,-0.55765206
0.7663587774351097,0.72219986,0.96045434,0.95034987,0.18004651,0.18942377,-0.21290231,0.058239613
0.8540521522086088,0.6973467,0.95997775,0.9589865,0.1268184,0.08747938,-0.30619958,-0.21461907
0.8620950643802574,0.66040164,0.9830623,0.9557591,0.105255984,0.1550619,-0.060034312,-0.2953805
0.8565393301573206,0.6320842,0.98653466,0.96911955,0.085035935,0.11398127,-0.08497608,0.17289028
0.8804080976323906,1.0389273,0.9644867,0.9779816,0.24777506,0.3042886,1.3017592,0.23924437
0.8629038676154703,0.76005805,0.9799021,0.9627509,0.15340032,0.2624326,0.17724364,-0.51599216
0.9300923283693134,0.5607326,0.97227705,0.9716099,0.11825854,0.1680599,0.24877314,0.010745374
0.6979797199188796,0.64100707,0.9372776,0.94725907,0.12949204,0.10007425,-0.6800454,-0.39364305
0.9244729458917834,0.7499603,0.9881362,0.98401636,0.14161971,0.16491371,-0.17854619,-0.38736346
0.7653891735566942,0.7040703,0.9581593,0.9563942,0.16004425,0.08221337,-0.16260755,-0.019170243
0.7776754947019788,0.69639945,0.9648915,0.96010447,0.19645897,0.17938845,-0.4904018,-0.23966399
0.6430070200280801,0.65361196,0.97161984,0.9490722,0.09412458,0.14925908,0.35770893,-0.28988412
0.8140189360757442,0.93519354,0.97123617,0.9609731,0.15629415,0.1454116,-0.111928456,-0.7341197
0.8479046716186863,0.7794646,0.9432635,0.95546764,0.18214498,0.28907034,0.12251827,0.18586469
0.9309812919251675,1.0006669,0.9758711,0.9671608,0.28518805,0.60486853,-0.16258156,0.072906196
0.8544870339481357,1.0583594,0.95655805,0.9450604,0.21876514,0.8201768,-0.10303605,0.10674004
0.7324704498817994,0.6987239,0.9564595,0.94730973,0.15158284,0.09995606,-0.5991755,-0.21820019
0.8343319453277812,0.83781224,0.96195954,0.95504326,0.16578533,0.16208208,0.089217745,0.1631843
0.7121177924711699,0.874542,0.9453902,0.9503593,0.2583163,0.2918093,1.0237887,0.8439838
0.7412042768171072,0.7427754,0.9288317,0.9448052,0.19498816,0.16103782,0.35531184,0.16985275
0.7942014808059231,0.73885846,0.96974456,0.9562018,0.15312,0.116856314,-0.64506596,-0.5605355
0.9010796683186733,0.80119693,0.95927554,0.96903324,0.2884521,0.26258424,0.21624036,0.31351015
0.6704907460547623,0.74146026,0.9194037,0.9570355,0.2105288,0.11433934,-0.48236367,-0.04849142
0.8156846387385549,0.79890096,0.958484,0.9692057,0.14648099,0.10500517,-0.5951394,-0.19907586
0.9114383017532071,0.76192474,0.98728704,0.979933,0.1261466,0.14892615,-0.614903,-0.3543227
0.8064118656474626,0.6363238,0.9522445,0.9586846,0.1169879,0.1478585,-0.40693733,-0.25744814
0.8589203316813268,0.7588361,0.9651251,0.96891797,0.09770772,0.13927117,-0.5608731,-0.475465
0.6502071448285793,0.52785486,0.9438462,0.9398651,0.059704125,0.07403251,0.15305169,0.11000384
0.800694274777099,0.48901376,0.94880366,0.9554592,0.08320859,0.07748582,-0.78288114,-0.5964142
0.7783824415297661,0.6637572,0.95695513,0.95518494,0.11500235,0.11545388,0.2396113,0.1280579
0.8405304981219925,0.94037026,0.9862433,0.9663904,0.15343107,0.29172483,0.64781797,0.5633178
0.9047391069564277,1.0430748,0.9871046,0.9886571,0.20411672,0.15358305,1.0342388,0.16498832
0.7521178884715538,1.4629917,0.9948425,0.99068654,0.08654503,0.31528878,-0.061912972,-0.05364672
0.7895791583166333,0.8519556,0.9560117,0.9420739,0.18199638,0.14432895,0.6518394,0.7015439
0.8713938535754142,0.6933561,0.98983157,0.9755277,0.05731968,0.1302234,-1.4185961,-0.71691585
0.9522439369757479,0.9446716,0.99446446,0.9880613,0.28582644,0.2567122,-0.15498565,-0.13140236
0.8535908703634812,0.80097353,0.96962583,0.9633344,0.14545338,0.22867402,0.49035653,0.58993804
0.914497641990568,1.6411898,0.98146546,0.9810385,0.16944209,0.51559234,-0.3417565,-0.0832238
0.701071892287569,0.7844805,0.9531494,0.93315285,0.103212915,0.16001433,-0.16597052,0.42810342
0.849695846783387,0.62692374,0.98591816,0.94687504,0.11495175,0.2400468,0.16315842,-0.16872609
0.9144015456061825,1.4145207,0.989342,0.99038005,0.22150195,0.26230395,0.4745366,-0.11897891
0.874873579494318,1.2570302,0.94860035,0.96125287,0.5647061,0.25524032,-0.45600647,-0.2708733
0.8045030900123601,0.5561325,0.9402993,0.9470739,0.09021927,0.14723627,0.31538108,-0.03411756
0.7213643574574298,0.550033,0.9409194,0.935784,0.10315604,0.14026223,-0.24228697,-0.33976877
0.7256753507014028,0.6910678,0.9316939,0.94748235,0.14090805,0.1772888,0.1551287,0.30577487
0.9439348157392627,1.2561548,0.954211,0.9768732,0.53578836,0.30230188,-0.30744603,0.0795265
0.7860810963243854,0.9386916,0.95705116,0.9618636,0.29766175,0.22904873,0.05258187,-0.17200159
0.8350002040008161,0.7327756,0.9556978,0.9595842,0.22775891,0.16579999,-0.32110453,-0.07969044
0.766132888531554,0.7141319,0.94422525,0.9443399,0.17955592,0.21301591,0.20100637,0.2629263
0.893879351517406,0.7868792,0.9691524,0.9659554,0.23458216,0.20946208,1.27574,0.47557613
0.9056133824535297,1.0116541,0.9843631,0.9756792,0.26794285,0.22924446,-1.2455617,-0.21763426
0.8360548642194569,0.6438057,0.9634476,0.94703656,0.142314,0.15441008,0.23190357,0.25540036
0.909313045252181,0.67412615,0.97488755,0.97159827,0.1662308,0.15318567,0.07665399,-0.20408377
0.8330228840915364,0.83274776,0.98394877,0.9725563,0.15575024,0.19964916,-0.2987886,0.28812692
0.5957002388009551,0.58609504,0.94141686,0.93572557,0.08974861,0.10672034,0.21476449,-0.03514048
0.7234363337453349,0.93156046,0.9416539,0.9538804,0.3026598,0.16733818,1.0951787,0.22321123
0.8863511934047736,0.7071516,0.96849364,0.9554687,0.1539545,0.26332417,-0.42707324,0.27779633
0.836502226008904,0.5027507,0.96115285,0.9548707,0.08462066,0.10377897,-0.71955967,-0.3191568
0.906934347737391,0.59923685,0.9879022,0.9704423,0.11852941,0.14705937,0.019630544,-0.26407948
0.9020901683606735,0.80101407,0.988027,0.97106034,0.21994336,0.263358,-0.16113687,-0.5481691
0.8445601142404568,0.7944277,0.9494944,0.9551822,0.21363354,0.23577857,0.064951845,0.064252734
0.9027464269857078,0.63859916,0.97734034,0.96831965,0.1270544,0.17121217,0.47461113,0.25982413
0.7354242856971427,0.56711423,0.96499395,0.93778986,0.066806905,0.1327919,-0.063724734,0.48729396
0.8307822351289404,0.71293503,0.94662106,0.9603382,0.13311513,0.1590222,0.19172083,0.07261785
0.7964113136452545,0.82520574,0.96795464,0.9655129,0.20460469,0.15966788,-0.058593642,0.49799833
0.8468950355801421,0.5864579,0.96649593,0.93814224,0.08616749,0.22969905,-0.2732932,-0.064440176
0.7775244860979444,0.90676194,0.9567043,0.9568837,0.22461848,0.20750321,0.5849227,0.36051524
0.9267883791535165,0.7779406,0.98901653,0.98849833,0.12362046,0.09937772,0.26723817,0.23325348
0.9083984495937982,0.78278476,0.9920346,0.96346974,0.20385306,0.38788095,0.38427797,-0.11494039
0.8757184788739155,0.88942736,0.9475752,0.95831,0.3554837,0.35653126,0.2488981,0.16713926
0.6557746870987483,0.70986557,0.9031659,0.945354,0.17333181,0.10038072,-0.8457028,-0.73478276
0.9008105792423168,1.1841328,0.9779151,0.9686363,0.6171194,0.27406093,0.07873918,-0.0831631
0.8444333937335748,0.786674,0.9583881,0.9765781,0.15361762,0.12667231,0.49799004,0.21126033
0.8086968667874672,0.8842667,0.94474864,0.95738846,0.27077568,0.11455985,0.05952803,-0.009133661
0.8828522674090696,0.9900776,0.9658812,0.96964717,0.47938237,0.34920394,-0.48603746,-0.33310622
0.922188232752931,0.98127896,0.96294874,0.9786929,0.19258264,0.25730935,0.6064234,0.11638213
0.7247590270361081,0.7283846,0.98340803,0.93487364,0.08716647,0.1644116,0.06302717,0.010772546
0.8966503066012264,0.97507614,0.9573368,0.9668731,0.3396122,0.3650043,-0.20302506,0.007351638
0.7172354769419078,0.8415039,0.9143255,0.94746816,0.2150461,0.23375148,-0.3056978,-0.55184305
0.7941097044388178,0.63278276,0.9693563,0.9621969,0.12966694,0.12426475,0.39348543,0.40791157
0.8582665690662762,0.6149879,0.987479,0.96218216,0.10019211,0.10706546,-0.5657681,-0.04979322
0.9154149256597027,0.67540365,0.9615273,0.9786151,0.11801038,0.1284303,-0.7739622,-0.5009899
0.9182543290173159,1.2678391,0.9908995,0.99166375,0.13127208,0.1987713,0.03631026,0.04333246
0.9459647438589754,0.8707929,0.99098504,0.98587114,0.1448247,0.21221769,-0.23983379,0.18332697
0.8738285193140772,0.8379496,0.95274466,0.9824388,0.23313981,0.13035743,0.69961303,0.029965093
0.9258291433165733,0.79297745,0.98604316,0.98310703,0.11436947,0.09794186,0.27788725,0.29281852
0.9476364945459781,0.8074789,0.9827038,0.98530394,0.19684651,0.24700026,0.11514756,0.04102784
0.9089173316693266,0.78449,0.9353591,0.97256535,0.21650138,0.2685348,-0.4128378,-0.2903327
0.6851926607706431,0.70481324,0.95465726,0.9314644,0.15692623,0.11656395,0.39184114,0.53068423
0.7291148524594099,0.92617065,0.926309,0.94583255,0.23522161,0.21020834,-0.17656834,-0.56489724
0.5396069264277058,0.5466198,0.95771235,0.93274355,0.058673378,0.0987499,-0.67357075,-0.05536581
0.5702200088800354,0.71711403,0.9554817,0.9237408,0.08648026,0.06502795,-0.16833933,0.22648524
0.795189420757683,0.8235431,0.9354447,0.951079,0.19942035,0.17482893,-0.5233522,-0.5657005
0.8711002844011376,0.7896815,0.9614714,0.9530779,0.28735405,0.31779018,1.0157465,0.10520102
0.8905864423457694,0.93211395,0.98830694,0.9744499,0.24113674,0.46406022,-0.038465567,0.16640952
0.915256621026484,0.78101486,0.96032524,0.9792503,0.18294047,0.18326434,0.7061622,0.059869166
0.8735540542162169,0.6799518,0.985223,0.97507036,0.08160414,0.15087569,-0.2946205,-0.049959376
0.8896136704546818,0.59143627,0.99426955,0.9752879,0.101975285,0.11823485,0.2507489,0.215164
0.8785668102672409,0.62107086,0.95955724,0.980116,0.13766271,0.11897478,0.64584374,-0.096441
0.5614527738110953,0.636616,0.9234321,0.9344136,0.14794487,0.08704731,-0.23385863,-0.021975286
0.9102205368821475,0.66574186,0.9841887,0.9690344,0.1336839,0.2547711,0.24046819,0.23026909
0.8671233724934899,0.9616479,0.9343078,0.9576091,0.39605626,0.2504282,0.2655667,0.3317661
0.6791221724886899,0.5413087,0.9239503,0.9281384,0.096987076,0.12102671,-0.7506875,-0.59178627
0.9335345181380724,0.67740977,0.99471027,0.9882565,0.08501238,0.11011454,-0.28534633,-0.1496453
0.7051644846579386,0.7159368,0.9801925,0.9361785,0.14685288,0.16607395,0.036551747,-0.41953164
0.929873063492254,1.25457,0.95906776,0.97561204,0.8918064,0.8205574,-0.28765714,-0.14373106
0.8870813723254892,0.96894795,0.9898675,0.9675828,0.20224431,0.56050557,0.5196441,0.41175485
0.8960514562058248,0.9539618,0.9696807,0.9735359,0.30130005,0.18805304,-0.722757,0.20968536
0.8763841455365822,0.7687776,0.977576,0.9886199,0.13853475,0.117177986,0.7381157,0.32109904
0.9219385357541431,0.7064354,0.99260765,0.9798445,0.17926036,0.17082337,0.35327268,0.07099593
0.5967338749354997,0.57479113,0.963391,0.9171408,0.051712047,0.12423146,-0.11884567,-0.16136344
0.9458855435421741,1.1956924,0.97710013,0.98459893,0.3460344,0.51858264,-0.6782092,-0.005363625
0.8474008616034463,0.78181344,0.9616508,0.9701057,0.19939557,0.24009678,0.04563504,-0.033839066
0.8197420949683798,0.8323613,0.96917343,0.97468364,0.21342205,0.11744701,-0.19520877,0.019070102
0.9032045408181631,0.69683564,0.97903395,0.95739096,0.20709217,0.26146615,0.037142906,0.298152
0.9274011496045984,0.6743039,0.9621825,0.9715106,0.17392325,0.16584784,-0.25751853,-0.23067258
0.8240746882987533,0.87278897,0.95153356,0.9432338,0.21466832,0.27167475,-0.11499499,-0.27675748
0.8128004992019967,1.1233478,0.97896224,0.9633641,0.29435584,0.4893921,0.09862453,0.37401652
0.9452654770619082,0.7275995,0.9867352,0.98209125,0.12424365,0.11048697,0.11941924,-0.5942068
0.9004326257305029,1.0227796,0.9854735,0.96766317,0.33441228,0.6360426,-0.8126091,-0.049209397
0.7503268093072372,0.7141478,0.9525473,0.938003,0.14114344,0.15853998,-0.32809,0.06331596
0.7609016356065424,0.80877966,0.9174994,0.9366094,0.25071925,0.29910144,-0.06782226,-0.074185684
0.7307220908883636,0.82398325,0.8995497,0.92856306,0.23410964,0.25624982,-0.07080531,0.018538576
0.8631485725942902,1.1851591,0.90465117,0.9435971,0.9577382,0.5507126,-0.46474314,-0.3604845
0.9364622418489673,0.80160797,0.98759454,0.97631526,0.2043509,0.27894047,-0.033141397,-0.3868384
0.9076544466177864,0.91110027,0.9922811,0.9846505,0.076075874,0.18653744,-0.5193904,-0.05566921
0.8840590882363529,0.77324635,0.9583911,0.9714302,0.2048867,0.14724286,0.11044899,0.23498873
0.7963339373357493,0.77787083,0.9170647,0.945269,0.24072427,0.30773705,0.7333979,0.5678076
0.7582571130284521,0.8350477,0.9487044,0.9428517,0.20243523,0.0937151,-0.8333838,-0.8928334
0.8499847119388477,0.68419236,0.9490046,0.94573694,0.16318937,0.14155297,0.49445945,0.114881225
0.9443746894987578,0.7413682,0.98915696,0.9765336,0.20845993,0.23769614,0.25252235,0.21598649
0.8646569306277224,0.9210213,0.9233159,0.9669163,0.20192522,0.2809733,0.7391314,0.6572903
0.6470516122064488,0.6882529,0.9628422,0.9448605,0.08521439,0.14983669,0.37684122,0.08927169
0.7462284569138276,0.65634775,0.93559784,0.95519394,0.06621794,0.17267784,0.29399115,0.19994114
0.6285320821283286,0.5384662,0.9562112,0.94865996,0.0739812,0.09288156,-0.53775597,-0.26073635
0.9682340489361958,0.9437241,0.9843766,0.98591816,0.22727734,0.3405235,0.8459512,-0.033495218
0.9418479593918374,1.001717,0.9815527,0.9775495,0.25279498,0.4269244,0.42732882,0.14427857
0.6306197064788258,0.6040774,0.96575916,0.95085186,0.06214858,0.11112263,-0.19738558,-0.20425712
0.8687282109128437,1.3041664,0.97225547,0.9770977,0.45032907,0.24229768,-0.65239453,-0.22981782
0.8358843675374701,0.77694607,0.9387967,0.96417874,0.20356733,0.17000043,0.099408746,0.20947811
0.8473010212040848,0.92698336,0.94675654,0.97407776,0.16062284,0.1831729,-0.07905119,0.120755285
0.9149361717446871,0.7119853,0.98933583,0.9752273,0.14862901,0.20631096,0.40224323,0.48108283
0.6711793887175548,0.77801,0.9812265,0.9562589,0.08970722,0.1715565,0.46750337,0.37622836
0.9425017220068879,0.95260966,0.9838865,0.9787354,0.33132276,0.53710896,-0.11105724,-0.05826831
0.7384147936591745,0.88114166,0.9669466,0.96397614,0.15480982,0.12570791,-0.057519663,0.3319947
0.7184609218436874,0.7950481,0.9675054,0.9626927,0.13155816,0.19980125,0.32555574,0.24491367
0.7754722858891435,0.84635216,0.9571224,0.9531067,0.17448032,0.21698478,-0.027818292,0.23006281
0.9137869511478044,1.0385098,0.9696209,0.96372175,0.5513386,0.69599247,0.071359426,-0.121208884
0.7688078432313729,0.57608277,0.9544009,0.9543576,0.088531405,0.10510782,-0.020838812,-0.36444956
0.9120418561674246,1.0810499,0.9570805,0.9781718,0.51361656,0.25999826,0.17113395,-0.01711253
0.8972390769563078,0.63342917,0.98353267,0.97069067,0.12310442,0.18104699,0.31307283,0.30529568
0.6554983019932079,0.5349296,0.93926597,0.9464392,0.046640985,0.11856546,0.85726106,0.6366861
0.6711127644510577,0.84070945,0.9281347,0.9577507,0.21185984,0.11797857,-0.042577736,0.012988382
0.8425959463837854,0.8028938,0.9815621,0.97436893,0.082029805,0.15836577,0.39024323,0.7407968
0.8882163848655396,0.948201,0.94483125,0.96867776,0.3470306,0.33610627,0.03381666,-0.17222191
0.8218369193476773,0.99674904,0.9911396,0.98322505,0.09757954,0.21896376,0.22955477,-0.50211114
0.9217697670790682,0.8314609,0.9798835,0.9761528,0.26109377,0.35502353,-0.35146192,-0.27955624
0.9253852375409501,0.936041,0.9941264,0.9886564,0.11835625,0.14372623,0.6344704,0.54267174
0.782750363001452,0.6339962,0.9605565,0.95285213,0.14450672,0.14224297,-0.2435654,0.047435258
0.8751671486685946,0.6320386,0.9833997,0.96921027,0.101214476,0.1608291,0.9012216,0.4414322
0.9343118332473329,0.6968621,0.975447,0.975642,0.17604212,0.23933907,0.06724381,0.13816324
0.9423688574754299,0.82798874,0.9734619,0.97563493,0.3046228,0.30645463,0.6113455,0.2807469
0.8944766659066636,0.8999585,0.96211547,0.97252154,0.18932895,0.3162556,-0.57366437,-0.24285161
0.8739254797019187,0.7484532,0.97894084,0.9625936,0.18235776,0.1413372,-0.03743064,0.18297186
0.9201833607334429,1.0551044,0.99408275,0.97190803,0.10421312,0.44976437,-0.111735895,0.33191463
0.8793016932067728,0.8984935,0.97144276,0.9726129,0.15585852,0.3522634,-0.6815801,-0.5559798
0.9228742514970061,1.0122931,0.9746434,0.9801736,0.22586195,0.2923189,0.03855675,0.0023647211
0.7757404149616598,0.6261673,0.9383234,0.9529551,0.12788798,0.1465975,-0.13934574,-0.021075295
0.8439863199452797,0.5986362,0.97289455,0.960677,0.10698532,0.13777265,-0.7698877,0.03322987
0.884564338257353,1.0795584,0.9870524,0.9732402,0.265203,0.5083365,-0.8754703,-0.019241383
0.8243883215532862,1.0024592,0.9257649,0.9499041,0.55703896,0.5022391,0.2932182,0.12792598
0.7447744350977403,0.8772778,0.94357157,0.964311,0.19839089,0.124663875,-0.81122047,-0.45679024
0.8318626234504938,0.8590475,0.9756665,0.9626917,0.12840566,0.27204782,-1.0062101,-0.0528761
0.8570603242412969,0.8525813,0.9862433,0.9737869,0.15343107,0.23724979,0.64781797,0.45816067
0.902818715274861,0.72442925,0.9850441,0.98288375,0.12085916,0.1463778,0.5315453,0.31553742
0.9302602330409321,0.97948784,0.9637569,0.9631581,0.44737643,0.5444076,-0.6087946,-0.14430743
0.9103625214500857,0.95026267,0.9778114,0.9860761,0.2504518,0.2127663,-0.28585672,-0.117051266
0.8453426133704534,0.7504165,0.9668414,0.97012883,0.19580571,0.14899047,-0.66061026,-0.7876767
0.9201059844239377,0.57854426,0.9696818,0.9713952,0.08125578,0.1529039,-0.053576004,0.08727807
0.8474647018588073,0.6739669,0.96898365,0.9685077,0.12857531,0.19756445,1.0071756,0.5336267
0.896509378037512,0.9863763,0.97893435,0.97004056,0.37436277,0.5347464,0.07267675,0.18367295
0.8285261301045204,1.2738152,0.95454645,0.97381806,0.5025889,0.18437311,-0.46845567,-0.16277424
0.8568083232332929,0.55904704,0.97578937,0.970831,0.089215614,0.08685372,0.110623516,0.14054349
0.7295571262285049,1.0728575,0.96422076,0.9539883,0.30385062,0.27760166,0.34466618,0.3683689
0.9547146028584115,0.87824917,0.98405284,0.972883,0.28904718,0.48182446,-0.8046436,-0.056137387
0.734499801999208,0.6344517,0.9372547,0.9636569,0.12843806,0.07153928,0.37035844,0.42640975
0.957076404305617,0.7092462,0.98992604,0.9830394,0.108893625,0.17959726,-0.45046833,-0.04007979
0.723691214764859,0.832716,0.9571712,0.9617195,0.16459528,0.1543098,-0.086173505,0.36849558
0.5889845319381278,0.6678112,0.9571345,0.95534956,0.10861229,0.08058146,0.067114756,-0.032877713
0.6030003000012,0.81563914,0.9399931,0.9469993,0.14133699,0.099969804,-0.0029902055,-0.010117692
0.6521572006288024,0.67256224,0.97751516,0.9535911,0.1064716,0.055913087,-0.061822794,0.5038044
0.8869834519338077,0.8775141,0.97951555,0.9751823,0.1908104,0.33292654,0.66138905,0.7225477
0.7790478201912808,0.94547606,0.98571366,0.96908015,0.31794348,0.34075817,0.12947765,-0.18314183
0.8521796647186589,0.85004556,0.9503313,0.9697612,0.21330127,0.13547705,-0.5723865,-0.3515891
0.7140920403681614,0.7047856,0.94343007,0.9655601,0.16625604,0.066455245,-0.3829367,-0.122089334
0.8713535334141337,0.6237389,0.9652687,0.96647877,0.12176929,0.13934135,0.63058394,0.39841664
0.9356782067128268,0.715864,0.97219235,0.97135085,0.15620072,0.25457314,-0.4089746,-0.04928186
0.8572786291145165,0.7027219,0.96494836,0.9713341,0.13593102,0.14109291,-0.124719486,-0.18194649
0.7038346873387493,0.6555183,0.97680914,0.95611334,0.10003295,0.08541571,0.45003122,0.38963437
0.7945337381349525,0.7356019,0.97808754,0.9687271,0.13509293,0.10527007,-0.059472285,-0.027749937
0.9269944919779679,1.1067128,0.98904234,0.989546,0.20656982,0.14659555,-0.6200239,0.0463896
0.8258399433597735,0.7743181,0.9851799,0.95956683,0.19401361,0.1332371,0.40405145,0.034241986
0.8588029232116928,0.75638825,0.99183714,0.9669619,0.21197398,0.15870391,0.29668248,-0.40414602
0.7935642302569209,0.782571,0.9361496,0.96212566,0.24572103,0.16423842,-0.6396551,-0.455984
0.8260179280717123,0.68100864,0.96344954,0.96781546,0.07794336,0.106852695,-0.28221932,-0.20427631
0.9388154032616132,0.943209,0.98632294,0.9699101,0.38935512,0.5346638,0.16736065,-0.0072133816
0.7247164028656115,0.7532613,0.9467334,0.95365155,0.109005705,0.14718103,-0.30609885,0.05088349
0.9571844047376188,0.789993,0.99130654,0.98622304,0.10782849,0.30211744,-0.033041526,0.44389877
0.8359526238104953,0.65780205,0.96072346,0.9658121,0.09958793,0.11076289,0.58418816,0.14012004
0.9638835995343981,0.9812759,0.99060035,0.986809,0.2932606,0.36084697,0.5983964,0.16397904
0.8805516182064729,0.8164038,0.9640427,0.9685715,0.2848728,0.15051924,-0.27539834,0.17124748
0.8234821739286956,0.7839555,0.99034405,0.9717696,0.17800331,0.13311686,-0.5362997,-0.07943434
0.8673966855867423,1.0691172,0.9936415,0.9833735,0.13367282,0.08688912,-1.3508878,-0.44085425
0.9622675290701164,0.80151224,0.9931981,0.98674715,0.14540002,0.19994766,0.37613773,-0.38066977
0.9135254461017844,0.8525813,0.9887917,0.9831558,0.18899132,0.21738712,-0.05571856,-0.10380732
0.952998883995536,0.73503035,0.97795576,0.97857326,0.19632022,0.19956174,0.18843506,0.17769425
0.8584924579698319,0.53696895,0.9504951,0.96057403,0.0844611,0.07899031,-0.23824142,0.10082594
0.5898062952251809,0.7716327,0.9318787,0.95714897,0.12949945,0.1042676,0.10819621,0.11681783
0.7338909675638703,0.6442531,0.97463757,0.97326607,0.13343449,0.07032178,-0.3599227,-0.51416826
0.8608341953367813,0.7965916,0.9810315,0.9763822,0.16038969,0.17908941,0.45427537,0.3449976
0.8897258949035797,0.72751886,0.9862433,0.9771254,0.15343107,0.17457226,0.64781797,0.4643504
0.8032813891255565,0.51573527,0.9444343,0.9579813,0.11814312,0.0948785,-0.6035704,-0.2757702
0.9368211872847492,1.0791674,0.9946888,0.97632325,0.26304746,0.2599493,-0.5169983,0.24443166
0.8727248028992115,0.8008154,0.9884536,0.9773759,0.12579961,0.0685958,0.41471592,0.17779772
0.8019141516566066,0.65110356,0.9608061,0.96471184,0.13526925,0.07839468,0.38571665,0.3877373
0.9092943251773007,0.59349644,0.9659679,0.9721041,0.1098701,0.15395623,-0.100976944,0.016597936
0.9004819699278795,0.67941254,0.97484094,0.96786094,0.1315506,0.15132138,-0.030472826,0.03617132
0.7476644306577227,0.7708896,0.92053294,0.95989287,0.12812899,0.12098138,-0.3218732,0.15905021
0.7569559238236953,0.7280781,0.9744927,0.95915496,0.09459287,0.18356103,-0.9880005,-0.54537356
0.9249233796935189,0.84812826,0.98434603,0.9704833,0.20199205,0.22728023,-0.46055493,0.16697708
0.9364434257737032,0.93584114,0.97419614,0.9804183,0.20997712,0.35351336,0.35599488,-0.2638584
0.641818535274141,0.68808055,0.934345,0.9495126,0.113558084,0.15565766,-0.011896995,0.19739872
0.5667244428977715,0.85455817,0.9675976,0.9632616,0.124978215,0.16996083,0.7849045,0.47803542
0.7627449389797558,0.93784696,0.9434289,0.9611879,0.3036706,0.17604035,-0.07968484,-0.45259988
0.889445189780759,0.91972625,0.9785073,0.97691345,0.27750468,0.18441026,-0.8527589,-0.31774417
0.9204821139284556,1.4253846,0.986642,0.97821516,0.6295192,0.32205412,0.08536499,-0.44075292
0.9481988647954592,0.7888558,0.9804733,0.98060524,0.17607757,0.23242018,0.46622157,0.019256467
0.8795168300673203,0.94223833,0.98496443,0.98241,0.25022614,0.407849,0.31742594,0.42918003
0.9426124104496417,0.6198817,0.99108326,0.98169047,0.110750295,0.13878703,1.2635003,0.148194
0.7887550910203641,0.53822696,0.9171677,0.95448685,0.11330341,0.116564445,0.78359073,0.556186
0.8308396433585734,0.7207006,0.98336977,0.9676348,0.12105347,0.12401822,-0.060259752,-0.038935076
0.7826510026040103,0.55846375,0.9173844,0.9460252,0.14577721,0.14193286,-0.325537,-0.22236246
0.9197874551498204,0.8993974,0.9428854,0.9746431,0.30729765,0.26334354,-0.84652466,-0.32672942
0.7872277249108995,0.7299179,0.9796256,0.9616042,0.17852251,0.17115875,-0.060729023,-0.16701053
0.781500438001752,0.55404735,0.9676319,0.9580541,0.08963474,0.11365821,0.17430183,-0.14998561
0.7157555350221401,0.66263556,0.90865225,0.95385945,0.15300582,0.14084654,0.43178207,0.23261419
0.8933522134088536,0.89753425,0.96300614,0.9683659,0.2615475,0.32600313,0.4552426,-0.05034688
0.825753063012252,0.6412555,0.96314013,0.96455395,0.105950765,0.13822132,0.17258547,0.251094
0.8837830871323484,0.6470558,0.93489224,0.9618373,0.17799921,0.15327634,-0.027908526,0.20071009
0.6767476029904119,0.648021,0.94412374,0.9619931,0.11551893,0.090613216,-0.8325872,-0.67271596
0.8464156096624387,0.6690133,0.9576217,0.9582246,0.12873426,0.13471839,0.10286352,-0.33242142
0.9144200736802947,1.115855,0.97337604,0.98077816,0.45848164,0.42646858,-0.4043407,0.14402476
0.9456187584750338,0.6486001,0.9898757,0.9845356,0.082462914,0.17255893,-0.37061945,-0.031181447
0.9144178656714627,0.99029076,0.9445048,0.9659053,0.33634302,0.23505913,0.011385213,0.006529693
0.871698654794619,0.6564076,0.96536237,0.9635954,0.1594004,0.23724043,0.08349498,0.050830163
0.8939265837063347,0.9668456,0.985025,0.9825012,0.23646702,0.17921716,0.9433401,-0.37658405
0.8577977991911967,0.770704,0.97998726,0.97751755,0.1124,0.15331468,-0.61952394,0.14240107
0.8087226908907634,0.68714,0.97301656,0.96228606,0.11361038,0.09343559,0.9368779,1.2943767
0.9152739970959883,0.9969915,0.9790936,0.98863876,0.22215174,0.17275123,-0.032134946,0.33666053
0.9068347953391813,0.79287535,0.96392363,0.97253764,0.17355514,0.30103463,-0.8576052,-0.2808164
0.905625670502682,0.7317245,0.9883115,0.9750192,0.100906804,0.19945012,0.24744529,-0.10545209
0.9294660218640873,0.77077264,0.98233104,0.9762697,0.1850894,0.27814576,0.5681595,0.36675516
0.8681150564602258,0.7804958,0.9862433,0.97320175,0.15343107,0.2195016,0.64781797,0.50421125
0.892437809751239,0.780539,0.9834215,0.97014993,0.18333977,0.20790288,0.6598413,-0.07258103
0.7866021864087456,0.88861215,0.9600626,0.9715075,0.11818924,0.13616739,-0.37364075,-0.0054364894
0.8176777027108107,0.5599961,0.9708501,0.96472406,0.07966291,0.117385,0.60395986,0.2422973
0.8500526802107209,0.8155162,0.98181593,0.97168255,0.23886116,0.24131413,-0.8349677,-0.5329708
0.6664754659018636,0.64796,0.9589844,0.9480865,0.09146251,0.13741063,-0.2421094,0.048505414
0.8993497413989657,1.023329,0.9930193,0.97795594,0.25629154,0.26902547,-0.8218933,0.1372227
0.9375166140664561,0.5443389,0.9866114,0.9761361,0.09496656,0.13681595,-0.062333804,0.4623392
0.8914338377353508,0.63289386,0.95949745,0.95338976,0.15762882,0.31039456,-0.27389136,-0.09876579
0.9118236472945892,0.8322243,0.9898219,0.9788818,0.22212867,0.19830889,-0.76698893,0.017825851
0.891122508490034,0.6719202,0.9925328,0.98650813,0.07771814,0.15551792,-0.6339485,-0.2890159
0.8057128868515474,0.70926386,0.97724265,0.9650889,0.13549303,0.1313139,0.35985273,0.123840675
0.8790246360985443,0.63413805,0.9854244,0.96176916,0.08094328,0.2186718,-0.27823737,0.29384026
0.9088877635510543,0.86261237,0.9873134,0.97947234,0.1661233,0.1377476,-0.48669973,0.34495386
0.884311377245509,0.6772601,0.9659604,0.96039057,0.17000535,0.1896278,-0.8002551,-0.25919005
0.9051170604682418,1.1318735,0.97808063,0.9700331,0.41303748,0.38764057,0.83203036,0.39422193
0.9133301813207254,1.0859566,0.9904908,0.9830878,0.19517176,0.3463819,0.79676735,0.54556006
0.8646264025056101,0.92095643,0.9699135,0.9799302,0.1573631,0.13279112,-1.1160247,-0.5526299
0.9152811011244044,0.95648354,0.97903466,0.9715516,0.25496557,0.21425961,-0.1561326,-0.15594386
0.846197592790371,0.8102503,0.94927484,0.9735628,0.30813715,0.14023726,0.79021615,0.14107643
0.797877815511262,0.7130032,0.9834184,0.9771778,0.06314643,0.1045574,1.0727853,0.108155094
0.8608405313621253,0.86348253,0.9614116,0.9723079,0.25741544,0.12941909,-0.24891259,-0.2960507
0.7898543914175656,0.70723367,0.95839345,0.96880406,0.17107071,0.10144947,0.4387959,0.2735195
0.5781494485977944,0.6599105,0.935271,0.96780324,0.09976835,0.085569814,0.7272695,0.4797085
0.9392314689258756,0.6585646,0.97088885,0.98192114,0.13232155,0.14886,0.6086443,-0.066015795
0.8646420505682022,0.7761037,0.9761505,0.9736034,0.20707819,0.1147271,0.216294,-0.4522492
0.8342462169848679,0.7271181,0.98145616,0.97222286,0.12560561,0.13580093,-0.0021539654,-0.040330328
0.9291290605162419,0.703202,0.98996043,0.9770732,0.2614368,0.20219386,0.48715934,0.28658935
0.9527504350017401,0.9074502,0.97130793,0.9834081,0.33322838,0.1818473,0.5505567,0.020316087
0.9050464041856168,0.86071426,0.9646281,0.9794373,0.2690834,0.20797382,-0.010200066,-0.039403334
0.8272859011436046,0.8305777,0.9440313,0.9710249,0.25914952,0.15609655,0.2878175,0.30143043
0.8456732386929547,0.8529028,0.9466797,0.9768824,0.2428163,0.1609661,-0.2634948,-0.041022252
0.8890326761307047,0.59652466,0.97936547,0.97355825,0.07420576,0.080922075,0.16493423,0.27847987
0.7718241752967011,1.0019315,0.98973054,0.98353606,0.12232731,0.17777012,0.3753277,0.5107308
0.8051835407341629,1.1826011,0.9762505,0.9812975,0.26656047,0.29487956,-0.9361506,-0.48506618
0.8560463681854726,0.82845265,0.9689245,0.9765917,0.208788,0.10282136,-0.5091184,0.006659855
0.9378768075072301,0.72630805,0.98139745,0.9823134,0.18895486,0.12641095,0.2633143,-0.2769801
0.9095930783723134,0.7916687,0.97434247,0.9797719,0.12399638,0.098250754,-0.055054568,-0.047589228
0.9402689450757801,0.9354221,0.9884207,0.98295355,0.24571843,0.22737911,-0.13405599,0.11766979
0.9021594806379225,0.8661292,0.99076444,0.9778937,0.18451299,0.33300835,0.1873709,0.22765653
0.8533377173508694,0.7567633,0.9630829,0.9734145,0.13859312,0.12108846,0.625462,0.3140981
0.7304363937455749,0.8113092,0.9629,0.97341335,0.13606614,0.107555054,0.358608,0.03668073
0.5494113496453986,0.5511232,0.9252909,0.96509415,0.08089219,0.07937196,0.6994278,0.27159524
0.7908235152940613,0.7620853,0.9643826,0.9775461,0.11939129,0.11322251,-0.29207563,0.067017645
0.9312593090372362,0.85421413,0.98360956,0.9824318,0.27065217,0.21785045,-0.19660568,-0.17130281
0.910250009000036,0.5110511,0.9798885,0.9751825,0.07034165,0.112092674,0.49898243,-0.1189769
0.7455406141624566,0.6969326,0.97122043,0.97362363,0.115711845,0.117337316,1.1016455,0.5473002
0.8721289285157141,0.66360766,0.9810264,0.975705,0.11853236,0.1361184,0.5082722,0.18949977
0.8317989751959007,0.9688598,0.9759135,0.96939063,0.3127329,0.3038066,0.2203418,0.5210806
0.765439861759447,0.63387805,0.9786859,0.9671248,0.101127826,0.1102562,-0.07211879,0.11868815
0.6920129120516482,0.77669,0.96018463,0.9688859,0.13713811,0.123045295,0.23645787,-0.29148012
0.7684240336961348,0.6028121,0.9469142,0.9738477,0.059149127,0.15387657,-1.2434607,-0.62915814
0.8422285529142117,0.68001163,0.9441923,0.97200084,0.14605018,0.10102201,0.5331556,0.38979477
0.8800696002784011,0.9131495,0.9637051,0.97490495,0.3390601,0.14922881,0.44379035,0.3139142
0.9071925887703549,0.87819827,0.9686127,0.9783719,0.2290318,0.15195186,-1.0565543,-0.567966
0.773197652790611,0.5450177,0.948106,0.96950525,0.106997065,0.108813666,0.18021773,0.35445583
0.9511207324829297,0.8924402,0.99037284,0.9773326,0.31257218,0.27932864,-0.010841014,0.46092093
0.9274318697274789,0.7630511,0.9909704,0.9837858,0.06960277,0.1324994,0.5123118,0.0050328295
0.8895206460825843,0.9061458,0.9708391,0.9775332,0.24294582,0.20807505,-0.23507406,-0.36831647
0.8431095484381937,0.89535236,0.9745741,0.97314346,0.18041699,0.2061785,-0.9456902,-0.07079537
0.8157026868107471,0.6102456,0.93909127,0.96818,0.12956084,0.12604827,-0.028791144,-0.19426966
0.9362251209004836,0.76686865,0.97525173,0.97893167,0.17841753,0.1611571,0.08882642,0.10965874
0.7252420049680198,1.0553501,0.9105217,0.967372,0.33888978,0.1313996,0.37115383,0.29996973
0.878188376753507,0.69816995,0.9726025,0.98178,0.09964928,0.11893272,-0.46826988,-0.37200084
0.7611920367681471,0.732662,0.9387031,0.96993876,0.14831418,0.08031306,-0.59408766,-0.43419093
0.781694262777051,0.85809416,0.95718044,0.97385794,0.21184334,0.14729613,0.08359907,-0.16053163
0.7970744842979373,0.823408,0.9692267,0.97159237,0.22666945,0.11349848,-0.6758196,-0.42013118
0.8095772863091453,0.95964146,0.9689522,0.96875197,0.3368615,0.17625703,0.019730425,-0.03490175
0.8194946059784238,0.8220609,0.943063,0.96991646,0.286149,0.14266434,-0.78406423,-0.45096216
0.7965505142020568,0.81380975,0.950048,0.9494384,0.1632512,0.08476647,-0.36609292,-0.30495673
0.6908800115200461,0.7290702,0.9721541,0.9648646,0.11191627,0.11144715,0.24188492,0.7065013
0.8392703970815882,0.8191798,0.9857903,0.9742209,0.1026675,0.14436927,-0.45326596,-0.61865234
0.8108466993867974,0.6706005,0.9403833,0.9556641,0.19728775,0.14143984,-0.27545467,-0.090482764
0.8540597362389449,0.5794688,0.97727627,0.95456433,0.087480746,0.10388003,0.8167768,0.4981936
0.9175627422509689,0.88755023,0.9933526,0.9799744,0.18651724,0.29844698,0.025704525,-0.20564748
0.6641067524270097,0.63105977,0.925188,0.945029,0.1114994,0.08443668,-0.7926332,-0.8866806
0.8828928755715022,0.71275765,0.94367635,0.9533718,0.26629257,0.23584755,-0.24117562,-0.21076928
0.8273317893271572,0.5270814,0.98776585,0.9631988,0.080394834,0.08844286,0.14088121,0.03844447
0.9508907155628623,0.57358533,0.9822158,0.9827209,0.05771101,0.12153612,0.57375425,0.4442715
0.6159482557930231,0.8458809,0.9404613,0.9681639,0.17685188,0.13694258,-1.0769508,-0.9075633
0.8137563750255,1.1987969,0.97822917,0.96899265,0.4837997,0.18960927,0.22157265,0.070823595
0.9054484537938151,0.83694106,0.976028,0.9775799,0.21932487,0.17912927,-0.42813888,0.081211075
0.838622394489578,0.8728436,0.96922153,0.97337556,0.17865936,0.17782956,-0.48334396,-0.22433971
0.7580682802731211,0.5882491,0.9647505,0.963253,0.07191099,0.09252917,0.436548,0.49407408
0.9052561650246602,0.97572464,0.9849325,0.97567093,0.2393179,0.2199327,-0.23881935,-0.06330924
0.6953204132816531,0.6429574,0.9633398,0.93973446,0.12362397,0.17156267,0.076275624,0.18312877
0.8484962259849039,0.775003,0.9703151,0.9640458,0.14660728,0.21238199,-1.3531139,-0.41797045
0.8137584870339482,0.79166037,0.95172215,0.9454559,0.2346183,0.24117625,-0.6506859,-0.3907572
0.8833973575894304,0.79901284,0.9807442,0.9798975,0.16146374,0.15769845,0.4683694,0.37434524
0.7625217380869523,0.5852547,0.94240946,0.9348571,0.10720525,0.09142239,-0.48953706,-0.15645185
0.8709751959007835,0.81349283,0.9923616,0.9708191,0.1676943,0.21058409,-0.4168462,-0.85619724
0.6570531242124968,0.87081426,0.9027064,0.9403506,0.20125836,0.10760268,0.16528136,-0.001485183
0.5955928143712574,0.56820405,0.95319855,0.94179857,0.05275008,0.090549156,-0.4374136,-0.5121399
0.8459539438157752,0.82739234,0.9862433,0.9732022,0.15343107,0.21082465,0.64781797,0.40384206
0.8925212340849363,0.9818212,0.97893435,0.97489804,0.37436277,0.31322578,0.07267675,0.18690696
0.8408058272233088,0.6731972,0.96071094,0.94885206,0.16292277,0.2037813,0.36225063,0.14627686
0.934939483757935,0.8571108,0.98609775,0.9866821,0.12548266,0.08990715,-0.17619695,0.11852578
0.8334842619370477,0.669295,0.97518766,0.96925294,0.09800358,0.13773026,-0.38932827,-0.0029954216
0.686064440257761,0.7243399,0.95736176,0.96538,0.10667886,0.13944866,-0.89650166,-0.64645356
0.874629450517802,0.62466997,0.9673948,0.9628965,0.0878299,0.17089675,-0.03447551,0.23001413
0.9618439753759014,0.80263925,0.977303,0.98078376,0.24038331,0.3840351,-0.7491925,-0.12442479
0.8193309253237012,0.6940259,0.94553894,0.9643019,0.10804965,0.08787412,0.03338225,0.014613259
0.8778298153192613,0.81432563,0.9441643,0.93386513,0.3944912,0.5654906,-0.07140615,-0.12228323
0.9069034356137424,0.87837905,0.9819876,0.9764329,0.25324807,0.22743239,-0.046672076,-0.2583348
0.8312674210696843,0.6978574,0.92466545,0.9612622,0.18918827,0.1496666,-0.5657519,-0.3579571
0.8895913023652096,0.8873091,0.96056634,0.97185594,0.22308184,0.22625038,-0.21962984,0.20002215
0.9044704018816073,0.82855207,0.99293536,0.9781123,0.15745361,0.15647754,0.7605153,-0.23924455
0.8788413713654856,0.76274776,0.9923863,0.98767245,0.11293722,0.09655172,-0.30554077,-0.22135957
0.9027417229668918,0.8641993,0.9687326,0.9647531,0.22662683,0.23179793,0.123757884,0.0733735
0.9465839463357852,0.86554706,0.9939387,0.9810018,0.1563966,0.27869436,-1.1402117,-0.429432
0.8926671546686187,0.7019572,0.984461,0.98248994,0.106855065,0.10963023,-0.37750214,0.09594751
0.708058800235201,0.58598834,0.92259896,0.96000206,0.076959915,0.10295882,0.06788899,0.17165636
0.6990871803487213,0.63663423,0.9328313,0.94729877,0.11912231,0.099683926,0.21110713,0.24555738
0.8595041100164401,0.8428746,0.9654824,0.9710117,0.19959985,0.17739011,-0.32216236,-0.4340608
0.8552577250309001,0.76406354,0.9516223,0.97087747,0.18327127,0.18908927,0.057736766,-0.14832413
0.9128934755739022,1.0802673,0.9909255,0.97180825,0.3507579,0.640695,0.70827186,0.0063855127
0.8470576602306409,0.7875834,0.9754689,0.9661584,0.17169009,0.24103108,0.14197955,0.29345545
0.9425766023064093,0.83660436,0.9948318,0.9769396,0.2817744,0.23352401,0.83627874,0.08072857
0.9375952383809534,0.8724174,0.9945364,0.98585874,0.18797258,0.13170004,0.63476425,-0.47934616
0.9377637190548762,0.80130863,0.98494214,0.9814361,0.13444592,0.23574239,-0.038262375,0.23609711
0.9129733478933915,0.7406871,0.9657793,0.97126687,0.13190845,0.12851219,-0.07753068,-0.20400007
0.9004781299125196,0.7694921,0.973358,0.97020876,0.2008011,0.18180308,0.6595426,-0.3916839
0.6181314965259862,0.44575152,0.91504836,0.9256267,0.061135285,0.09273873,-0.49439642,-0.4008425
0.8645795543182172,0.77917516,0.98058933,0.97911775,0.12314916,0.15033363,0.2609152,-0.23442686
0.8509571958287834,0.6064904,0.96357226,0.9667717,0.119309396,0.10241275,0.38038436,-0.106012106
0.8638351673406692,1.2411462,0.99126023,0.9880467,0.16415882,0.24235275,0.3967217,-0.13564615
0.7388378673514694,0.78719723,0.96482646,0.9554929,0.18389653,0.13041975,-0.7442866,-0.26460317
0.9066942507770032,0.6233215,0.97925407,0.97533536,0.12557143,0.15494521,-0.027542962,0.36105263
0.9061021204084817,0.6356821,0.98654646,0.9785208,0.08278185,0.0899402,1.0270807,0.13445377
0.8604486577946311,0.82260597,0.9407287,0.9567456,0.27868214,0.22728455,1.1630675,0.66742474
0.8648883875535502,0.8095597,0.9665894,0.946717,0.1857397,0.4996445,0.6128184,0.3513431
0.7169351877407509,0.7986861,0.944025,0.9637388,0.16409019,0.10963549,-0.46171215,-0.5684162
0.9436645746582987,1.0475224,0.98636407,0.98860854,0.15748632,0.1037949,0.08245766,0.079922594
0.8675241740966964,1.0839036,0.9768274,0.95923066,0.22370622,0.49392015,-0.46930337,0.5055613
0.7370656042624171,0.673889,0.9553721,0.93709135,0.10817167,0.16828503,-0.32557562,-0.0036171165
0.8072880611522446,0.87295645,0.9569092,0.9541094,0.21990462,0.21905418,0.72167885,0.31873187
0.8198631514526057,0.724924,0.93906957,0.95242965,0.15228625,0.20484644,0.43521792,0.037536
0.7652216528866115,0.6515086,0.94127923,0.95529056,0.11160526,0.14167528,0.04403655,0.39829522
0.6790366361465445,0.7069699,0.9610092,0.9472283,0.11531959,0.08392638,-0.019002043,-0.023708478
0.7920877443509773,0.5848919,0.95093334,0.9501995,0.13960657,0.12025566,-0.32834038,-0.35899457
0.9197047028188112,0.6362339,0.9827376,0.9624229,0.11004446,0.23916502,-0.024727132,-0.33917585
0.5360715202860812,0.8316323,0.9031271,0.93114734,0.19797006,0.14141639,0.15536669,0.2090741
0.7393423493693975,0.81251967,0.9651142,0.94059074,0.15413883,0.1582154,0.13077636,0.123577625
0.932317233268933,1.0491723,0.9803516,0.98146814,0.39463207,0.25428647,0.2955261,0.21669136
0.8269000756003024,0.6486183,0.9221286,0.9548045,0.14519766,0.11286116,-0.25324968,-0.32500067
0.6909830199320797,0.7424382,0.9450519,0.9516746,0.1594296,0.12057102,0.0015912212,0.023085743
0.781064980259921,0.66627765,0.9709374,0.96178263,0.11504601,0.13033557,0.9258265,0.6270183
0.9122251209004836,1.2235446,0.96878827,0.9793139,0.6381275,0.39902765,-0.15174286,-0.02136369
0.8200469921879688,0.8049212,0.9892117,0.97165877,0.12333533,0.13831015,-0.6127777,-0.65314454
0.5088052992211969,0.66315275,0.9177109,0.94123673,0.11295666,0.093196236,-0.11625639,-0.07704244
0.8271806847227389,0.9174641,0.9371238,0.94529337,0.5173068,0.44634378,-0.13616084,-0.2464495
0.9335506462025849,1.3434205,0.99356496,0.9760815,0.31355676,0.25802577,-0.18089303,0.2879702
0.8037400789603159,0.9738288,0.96956295,0.95299405,0.34716654,0.39083302,0.3623367,0.06078111
0.9122981771927089,0.9558644,0.9524478,0.95488,0.4575327,0.43779072,-0.55103,-0.39561152
0.9047993951975808,0.68883413,0.9714246,0.9711976,0.18703918,0.17954946,-0.34351218,-0.18411048
0.8717616310465242,0.71272093,0.9736805,0.9653942,0.14910078,0.23822439,0.504531,0.500433
0.9521948807795231,0.69877726,0.9790593,0.98039395,0.1460779,0.1437613,-0.13427746,-0.26128513
0.8991013884055538,1.0537689,0.94694984,0.96032363,0.5116144,0.40207925,0.03419179,0.23056252
0.5731155724622898,0.54180306,0.91908926,0.9387346,0.07890613,0.08377954,-0.22818579,0.13172527
0.9228562034248136,0.93841124,0.9797589,0.9863787,0.3022422,0.22397752,-0.63438433,-0.5311764
0.9219109836439345,0.78037214,0.9844129,0.9703109,0.1849941,0.3469867,-0.49042937,-0.16641428
0.8411787887151548,1.1240064,0.9910504,0.988977,0.2163498,0.28792903,-0.9710921,-0.57718104
0.636378385513542,0.5461929,0.923836,0.9336309,0.09158898,0.086582445,-0.5897504,-0.49551216
0.8394215016860067,1.0115747,0.9713883,0.9691765,0.22284654,0.24571311,0.38781318,0.2603194
0.8264962019848079,0.7824035,0.95146996,0.9602593,0.19194597,0.10982433,0.09968627,0.084763676
0.8657929031716126,0.87417024,0.9409636,0.956513,0.31041166,0.22919266,0.038839675,0.01995842
0.90287218748875,1.0236396,0.99162376,0.97669995,0.25221434,0.3052358,-0.043076035,-0.17288624
0.9442088008352032,0.8694219,0.9817487,0.97543436,0.23407759,0.42027208,-0.38656026,0.074634045
0.9049025956103824,0.61117506,0.97229147,0.9686814,0.08566447,0.089651674,0.3499358,0.020659257
0.8935215580862321,2.5999613,0.99364984,0.9896486,0.17001277,0.42107713,-0.720718,-0.6002672
0.8905331621326484,0.9284722,0.98653674,0.9756724,0.107096754,0.2384199,0.059351075,0.31624666
0.9495992223968895,0.69194156,0.9733628,0.98032933,0.14807704,0.16737908,-1.1953769,-0.030624978
0.8737012228048913,0.68612444,0.96225953,0.97738457,0.115215704,0.15059528,-0.18634081,0.16887029
0.8891940527762111,0.66653955,0.9676389,0.97712797,0.12695166,0.130567,0.008112578,-0.26298413
0.8854041228661906,1.0694857,0.9687983,0.962355,0.28385517,0.26597488,-0.58635366,-0.5391692
0.8702014328057311,0.99792856,0.95024943,0.9715147,0.36327887,0.19720271,-0.26010484,-0.04927441
0.6353555014220057,0.547103,0.9219131,0.9306448,0.09479487,0.08512297,-0.17800438,-0.10279496
0.8999941919767678,1.2807112,0.9532725,0.9634016,0.769103,0.64700776,0.5699849,0.02435679
0.6051146124584499,0.79849887,0.95011854,0.95488286,0.12174542,0.15331165,0.58309066,0.31146908
0.900877011508046,0.7230249,0.9644933,0.9604256,0.15792993,0.23562844,-0.19183555,-0.07457223
0.7302614810459241,0.76071125,0.97312534,0.9719176,0.12917718,0.13827603,-0.7132981,-0.7681217
0.9362314569258275,0.93521476,0.96962595,0.977046,0.36800957,0.26106092,0.20510478,-0.027401028
0.7378654794619177,0.72860503,0.94740987,0.95272195,0.19500759,0.1832476,-0.37683135,-0.52423906
0.8236413425653702,1.0630217,0.9174875,0.9459332,0.63350433,0.33782548,0.47908515,-0.02145906
0.8829057396229585,0.8184889,0.9665804,0.97571903,0.17246696,0.15955915,0.6974337,0.41103274
0.8016777987111948,0.8965143,0.97771776,0.9345425,0.289219,0.2770766,-0.1131924,-0.3721971
0.8964582098328392,0.9868145,0.98485625,0.97467154,0.3504686,0.3494978,-0.7188879,-0.01027905
0.9169898819672854,0.8331606,0.9587604,0.98129433,0.22276558,0.21598776,-0.40845394,-0.3092601
0.8881098244392978,0.63897926,0.98257625,0.9657648,0.11203389,0.20538348,-0.18133573,0.32545188
0.8486789147156588,0.7953397,0.99424964,0.9649213,0.2747251,0.21142806,-0.048691805,-0.5827422
0.7579059436237744,0.8304488,0.9078725,0.93786234,0.37922943,0.18571264,0.115865394,-0.019253636
0.8838203352813411,0.8540847,0.95499915,0.9654446,0.34984857,0.3224948,-0.1872482,-0.16338873
0.8918544154176615,0.6448051,0.9754097,0.9614394,0.11407669,0.21653143,0.30092016,-0.32067636
0.7714273097092389,0.7717256,0.94068015,0.956033,0.21263152,0.20668627,0.25307003,0.30655435
0.9596577586310344,0.84172297,0.9935145,0.9896015,0.15119374,0.17150144,-0.012959455,0.026502065
0.8023662174648698,0.5101262,0.9589364,0.9522396,0.07486883,0.102780506,0.92498404,0.7557776
0.6559017916071664,0.9099972,0.9298332,0.95320964,0.32651874,0.14551352,-0.5201011,-0.354009
0.8452095568382273,0.85553455,0.95197654,0.97064567,0.21537453,0.22924295,-0.12259302,0.02060938
0.86062808251233,0.62438947,0.9473237,0.95843655,0.16428438,0.16955982,-0.3732825,-0.3560327
0.9443774735098941,0.82386094,0.9949413,0.98841584,0.19059779,0.20469703,-0.49037957,-0.084722176
0.926678266713067,0.7649511,0.9922621,0.9854261,0.14175689,0.16938624,0.8640647,0.45578682
0.9217772551090205,0.7431173,0.9843033,0.98324555,0.10564243,0.14412095,-0.514545,-0.12065649
0.802448777795111,0.69545543,0.96383816,0.95376885,0.14188933,0.1474518,-0.53880525,-0.39209518
0.6982340249360998,0.7136698,0.95880586,0.9349267,0.1500192,0.13370804,-0.2747147,0.21829304
0.811072012288049,0.86039907,0.9651793,0.96668696,0.18211333,0.22062074,-0.43603387,0.13997057
0.927567422269689,1.008279,0.97042084,0.97817266,0.20660703,0.29210767,-0.16545738,-0.1886421
0.902751131004524,0.6397229,0.9642671,0.95365673,0.16066314,0.2280865,-0.5244511,-0.45111617
0.8596216144864578,0.5979776,0.97193265,0.9646097,0.093214706,0.12192292,0.24648099,-0.08714814
0.8585831783327134,0.6912638,0.9356421,0.9682071,0.09967254,0.15084076,0.67092156,0.47095442
0.9061111444445779,0.9123353,0.9700667,0.9796864,0.32417366,0.2455127,-0.14049098,0.03687574
0.9349198036792146,0.77260673,0.9779444,0.9811205,0.18428865,0.24070641,0.4714979,0.009835835
0.9252634130536521,1.2459135,0.99098444,0.9739173,0.46793544,0.32851624,0.04205301,-0.12796381
0.8203632174528697,0.6891422,0.9639075,0.9634617,0.08963729,0.1762213,0.7529963,0.3303178
0.7840533762135048,1.3074576,0.9874104,0.98811305,0.23993626,0.27444193,0.8007257,0.4073538
0.7935960063840255,0.52018774,0.9649902,0.9550804,0.081885345,0.12499964,0.066935204,-0.120616786
0.9511153564614258,1.0598059,0.98636574,0.98220724,0.28870666,0.3614255,-0.51049423,0.027256044
0.6654584378337512,0.66165465,0.9444683,0.9422868,0.13141079,0.10272283,-1.1011325,-0.7109203
0.7812010128040511,0.8258595,0.9744078,0.94336665,0.3247829,0.2991885,0.6028201,-0.377246
0.9617590150360601,1.0195975,0.9931988,0.98848575,0.2669705,0.24501668,0.7814705,0.3925658
0.8420567122268487,0.8006311,0.95192957,0.97035503,0.14169724,0.18796524,-0.012922688,-0.18006007
0.8238946875787503,0.9396441,0.93085366,0.9642874,0.36867505,0.23375767,0.8462508,0.752157
0.8769668678674714,1.1003045,0.9727399,0.9742573,0.37134534,0.2310514,0.23646422,0.5430522
0.7582085368341472,0.70589066,0.97336537,0.95858043,0.055477828,0.063284785,-1.3959556,-1.2109791
0.8748680114720457,0.67332554,0.99172556,0.9672121,0.13321823,0.16827922,-0.33589798,0.30433595
0.807430045720183,0.64147455,0.9273942,0.9572032,0.11871041,0.09630216,0.8439172,0.684181
0.7803956655826623,0.6816753,0.99008286,0.9674491,0.08135119,0.16214076,-0.081086196,-0.6396593
0.6899157836631347,0.64457214,0.94999146,0.9534378,0.11831549,0.07504323,0.3315975,0.057486236
0.9307823791295164,1.1425294,0.9784655,0.9726303,0.513019,0.33443922,-0.28382424,0.1919417
0.9278843195372782,1.1384094,0.97760266,0.98294455,0.17248432,0.15415266,-0.23463428,-0.35152513
0.8916488785955143,1.2026138,0.9406946,0.9609831,0.67289406,0.4873141,0.102905795,0.30583414
0.8315497581990327,0.7358096,0.9831334,0.9720476,0.14737426,0.13921402,-0.22160967,0.48183328
0.9288540194160775,1.3202211,0.9806481,0.96817756,0.29088253,0.8649748,0.5446197,-0.18089476
0.9226734186936748,0.68633044,0.99339586,0.98011273,0.10270596,0.11534587,0.3467732,0.12333774
0.915190668762675,0.75866383,0.9642002,0.96762586,0.19010875,0.29270113,-0.005685756,0.047701716
0.8759521438085752,1.3315451,0.989164,0.97330725,0.31280237,0.2808329,0.42550766,0.6025691
0.9317355669422678,0.8621195,0.9839825,0.9708926,0.2232779,0.43008894,1.0018451,0.17429051
0.8944316417265669,0.72393596,0.9897478,0.9786033,0.13693644,0.13791129,0.50173765,0.3132522
0.793510854043416,0.6971106,0.9451837,0.96812785,0.15419054,0.09856751,-0.7964322,-0.36058572
0.5826408265633063,0.56552505,0.93285483,0.95292395,0.07849956,0.08200805,0.96268266,0.6826485
0.8646213144852578,0.8424375,0.96200883,0.9716483,0.29800224,0.19271159,-0.18699712,-0.2706881
0.8940972723890895,0.5670567,0.9558414,0.9644962,0.09879253,0.10194407,0.36858052,0.18476488
0.8665514022056089,0.67154956,0.96159333,0.9613451,0.18339023,0.17201637,0.090678334,0.7210237
0.8849569798279193,0.6557488,0.9703018,0.97108245,0.12730296,0.12228001,-0.11790409,-0.26781014
0.672510146040584,0.6218961,0.9802907,0.9623231,0.06297911,0.079225354,-0.03633026,0.17564967
0.8040571682286729,0.6974357,0.9437011,0.9612366,0.12300984,0.234073,-0.7924826,-0.5639769
0.8588640754563017,0.687315,0.95240104,0.9642379,0.19124334,0.10576639,-0.11302271,-0.19187501
0.8891305965223859,1.0701324,0.9671339,0.9722376,0.39486215,0.3087226,-1.0075866,-0.27684814
0.8618941355765424,0.77639776,0.93781704,0.9710524,0.23234373,0.16245353,0.27262008,0.12473337
0.9042374089496359,0.92569685,0.9814828,0.9655364,0.18472278,0.24293235,-0.886331,-0.7634423
0.8141057204228815,0.7856816,0.9447251,0.9569772,0.1619898,0.33211833,-0.054634605,0.2155171
0.7507200268801074,0.6491548,0.91364044,0.9666234,0.14193232,0.11192907,-0.38307494,-0.28175265
0.9055786303145211,1.0086092,0.9721058,0.9802751,0.22868289,0.16407482,-0.122370854,0.113427356
0.8000738242952972,0.75800073,0.91918874,0.961735,0.20058082,0.18370132,0.20008068,0.4080794
0.6146310345241381,0.76198214,0.9373198,0.9589396,0.14485814,0.108132854,-0.86509913,-0.7818991
0.8987997551990209,0.9439658,0.97333443,0.97622967,0.3365947,0.29713297,-0.31184572,0.44019094
0.6758014232056928,0.6961499,0.9581477,0.96020323,0.07484764,0.110490575,-0.33101702,-0.054511365
0.7407292669170676,0.78304434,0.9468525,0.95557797,0.17312443,0.118359044,0.41119787,0.111299954
0.7937042948171792,0.5754587,0.97162217,0.9649715,0.09604585,0.09145243,-0.4603321,-0.47647536
0.591376093504374,0.55060846,0.93812466,0.9543875,0.073803514,0.06808843,-0.38621348,-0.27645138
0.8511141564566257,0.64409,0.96236795,0.9692648,0.08142627,0.12884806,-0.39817426,-0.19988489
0.8090902763611054,0.65195113,0.9661944,0.961571,0.07665818,0.15804951,1.1017811,0.6569118
0.7609064356257424,1.1307119,0.922346,0.9632464,0.5676442,0.21739691,-0.275181,-0.22029833
0.8157423349693399,0.74514645,0.9492452,0.9576939,0.1450936,0.23208472,0.30959618,0.18774492
0.8850218760875043,0.62446505,0.99413615,0.97297114,0.051630545,0.12087096,-0.66015244,-1.0339077
0.5206039384157537,0.6551644,0.9117145,0.9589149,0.10547024,0.10424187,0.66495544,0.3935783
0.8020136080544322,0.64427114,0.9791786,0.9632004,0.10329467,0.12977313,0.4716939,0.39029214
0.9140566162264647,0.69241244,0.97290736,0.9725909,0.08395109,0.15158619,-0.67384034,-0.5170826
0.8219225516902068,0.82563126,0.98169553,0.9750412,0.08330401,0.16550604,-0.09828095,0.57833713
0.8976864387457549,1.1517137,0.9352372,0.9660844,0.4689585,0.5321421,-0.8579084,-0.48184627
0.9184781059124235,0.8280822,0.9926257,0.98123,0.11934015,0.3057425,0.073060594,0.094611555
0.5738033192132769,0.6408033,0.9358866,0.94008565,0.09646462,0.07340834,0.1796466,0.2630851
0.9000978723914896,0.82219154,0.9746011,0.9786142,0.19092125,0.14919895,-0.24220316,-0.12350396
0.9068724274897101,0.9811772,0.99189556,0.97679985,0.25680402,0.3686656,-0.15404364,0.35349756
0.8953497893991577,0.9760033,0.96939975,0.955721,0.42986393,0.6324507,-0.025906118,-0.13530396
0.9006858747434988,1.4299854,0.94679296,0.96744144,0.73253644,0.5354463,0.051629774,0.28130183
0.83625358501434,0.56858736,0.9637613,0.96681195,0.09660859,0.07517724,-0.2168599,0.20059219
0.7369195876783506,0.7318856,0.95402557,0.9671279,0.14384143,0.096258566,0.42511013,0.4392057
0.9181924087696349,0.82713175,0.97624284,0.9723354,0.21867757,0.37568685,-0.48063296,-0.14145224
0.883751503006012,0.8361223,0.9722004,0.9637601,0.17180596,0.10954551,0.3864486,0.72359025
0.7700984723938896,0.5684036,0.97304696,0.96830595,0.06360082,0.06073984,-0.285579,-0.14283507
0.7973989655958624,1.1680616,0.96015304,0.96640503,0.4829295,0.2512184,-0.38527364,0.029041868
0.9124559058236233,0.7233533,0.98932534,0.9692108,0.12691316,0.22376297,-0.2473025,0.11850301
0.8258934155736622,0.7556257,0.9672054,0.9726518,0.20890598,0.14083928,-0.013573882,-0.05332349
0.7298063432253729,0.659664,0.95649636,0.9567857,0.11012698,0.10220399,0.8908079,0.8627806
0.8290865803463214,0.92504084,0.93007267,0.9585465,0.3603824,0.1849151,0.066303015,0.16769907
0.6988235632942531,0.7489091,0.96401584,0.9556895,0.11434798,0.0889008,0.42543,0.5021411
0.8185292261169044,0.8087642,0.94474685,0.9660793,0.14887431,0.17780852,-0.11254516,-0.41405118
0.9084983859935439,0.620513,0.9655315,0.9789146,0.14202082,0.09255539,-1.354474,-0.47768885
0.9486654266617066,0.92829317,0.99448204,0.9852094,0.17055623,0.31856185,-0.033264335,-0.4311123
0.9061745046980189,0.9219188,0.9937677,0.9779416,0.24880216,0.2673207,-0.5099883,0.20925269
0.8371839247356989,0.8374081,0.946716,0.9417492,0.32057378,0.2622855,-0.51244134,-0.5543388
0.6828575474301897,0.7448476,0.9234174,0.9576044,0.17435388,0.13676253,-0.58609724,-0.4184813
0.9032932451729807,0.6614387,0.97798294,0.9768871,0.091912165,0.12975287,-0.01699705,-0.3341468
0.8239772479089915,0.630329,0.976633,0.9645348,0.092077196,0.10933489,0.8996585,0.5093739
0.7993442213768854,0.8323036,0.98283654,0.9573903,0.114196554,0.09914479,0.076888315,0.026502758
0.9570973323893295,0.65995103,0.9871606,0.98518324,0.09559099,0.15386929,0.59119356,0.15983258
0.8173719414877658,0.53510463,0.9557471,0.9599749,0.09607157,0.12661232,0.6417596,0.74595684
0.7020389041556166,0.6503521,0.943956,0.95722055,0.12861998,0.1142717,0.3818515,0.011590399
0.9013078612314449,0.81626284,0.9614635,0.9743581,0.22377044,0.30810997,1.1358621,0.59771246
0.6210054600218401,0.71513766,0.8955729,0.93600297,0.14684188,0.08035512,0.15544587,0.007665702
0.9026186504746018,0.76123935,0.99028325,0.98976517,0.11338162,0.12122917,0.054434035,0.2136135
0.8575796863187453,0.66605484,0.9669543,0.968819,0.09454916,0.1663279,0.50856906,0.17617728
0.8350893883575533,0.6821461,0.9554379,0.96926516,0.13159955,0.08451491,-0.3024242,-0.3137804
0.8884109776439105,0.7586541,0.9862433,0.9698692,0.15343107,0.27662447,0.64781797,0.45928976
0.8868972435889743,0.93613285,0.9681715,0.96716255,0.18225439,0.13744675,-0.54741144,-0.5231249
0.7850440041760166,0.58814776,0.95160794,0.9619085,0.081873186,0.09999657,0.11246234,-0.3312218
0.9020042480169919,0.60606825,0.97631216,0.9629903,0.13643992,0.23232323,0.38885513,-0.41094238
0.6930488521954088,0.7310955,0.982157,0.9636071,0.105514,0.11851599,-0.6631795,-0.2803212
0.9239037596150383,1.046545,0.9909675,0.97568595,0.37294534,0.40636733,-0.6716926,-0.030236311
0.754255817023268,0.6945249,0.9739763,0.9550726,0.20215823,0.13800739,0.15003353,-0.25212172
0.8636071664286656,0.71683115,0.9837247,0.9724816,0.13194512,0.14001626,-1.5884105,-0.6273719
0.8897521990087961,1.174959,0.9853586,0.98795015,0.17714806,0.22837925,0.13201346,-0.42149785
0.6869925719702878,0.7369417,0.94097227,0.9464018,0.0943916,0.24353337,0.32855165,0.25041643
0.8920471841887366,1.0532652,0.97893435,0.9676816,0.37436277,0.5897433,0.07267675,0.16805911
0.7972293329173316,0.5506819,0.96206045,0.9595006,0.06846166,0.101524845,-0.72708344,-0.24677399
0.7435551342205369,0.749992,0.92070353,0.9484405,0.24281667,0.19128591,-0.59531236,-0.4397712
0.9027101388405554,0.89104694,0.98155415,0.9694715,0.25008225,0.38899952,-1.0690615,-0.20316991
0.9276579506318025,0.7404597,0.98685324,0.98372114,0.17489818,0.22160959,-0.25750184,-0.23428059
0.8917572630290521,0.73251796,0.9888708,0.9826648,0.12943757,0.20532642,-0.24946776,-0.64119124
0.8979830799323196,0.677187,0.9574781,0.9591706,0.13639528,0.3174072,0.34790894,0.17668314
0.7532004848019392,0.9910465,0.97998446,0.9694188,0.19914001,0.16608551,-0.09560667,-0.25435385
0.8976566786267145,1.2688788,0.97438645,0.9820585,0.30450866,0.15143895,0.73527807,0.2864014
0.9104958659834638,0.7531888,0.9896421,0.9742639,0.13567215,0.16525126,-0.9752071,-0.2617312
0.7422884091536366,0.6232874,0.9478983,0.9396403,0.110243276,0.18996722,0.80210924,0.55313694
0.8685080820323281,0.83206916,0.9694656,0.9710916,0.2254872,0.20696068,0.24785775,0.37937966
0.6548354193416773,0.63195837,0.9488165,0.9329064,0.1131653,0.109666675,0.52236885,0.2919681
0.8599423517694071,1.2296524,0.9345886,0.9630806,0.77044404,0.5187356,0.029178381,0.46325505
0.8677054228216913,0.80239666,0.97874683,0.9688993,0.24213819,0.16488615,-0.53504807,-0.55850637
0.8336461185844743,0.59300035,0.94497365,0.9492002,0.14925364,0.17967296,0.121969335,-0.24532892
0.8533110292441168,1.018271,0.96052855,0.9801323,0.21189067,0.17873944,-0.4568282,-0.3664616
0.8833513734054936,0.6096344,0.96944535,0.9576155,0.14014748,0.11950458,0.23243725,-0.24593574
0.7702658010632042,0.9072226,0.9483108,0.94156337,0.33841836,0.38450107,0.3457878,0.3545274
0.9367660830643322,1.2611458,0.9794603,0.9769254,0.5152053,0.35464212,-0.026010245,0.19686136
0.8585137700550802,0.9221585,0.92134976,0.94172686,0.28466898,0.23186281,-0.905492,-0.32451406
0.8273517574070295,0.82139355,0.9833724,0.979379,0.11403049,0.17272256,-0.30154613,0.53115016
0.9001112164448657,1.2291635,0.92369425,0.9573216,0.6305504,0.3483484,-0.041453525,0.1380483
0.9066496105984422,1.0148853,0.98506993,0.97628313,0.33756608,0.36522195,0.6114376,-0.27660498
0.710815067260269,0.56198305,0.9539568,0.94219303,0.10587726,0.17272277,0.5504771,0.41919777
0.8967618590474362,0.7508006,0.9703986,0.97849834,0.11357056,0.14777318,1.2232481,0.5018936
0.9171143244572979,1.1369202,0.9903112,0.9886512,0.2505015,0.1587828,0.51731265,0.20853105
0.8188125232500929,0.56375784,0.9859225,0.9663447,0.09224218,0.10031273,-0.08071956,-0.15351917
0.8719114876459505,0.72362083,0.97071207,0.9686618,0.13645834,0.18884404,0.026069263,0.104269534
0.8193263173052693,0.9928341,0.9368427,0.949909,0.41555932,0.22819835,-0.5420503,-0.09861518
0.94499993999976,1.0123489,0.98815376,0.977091,0.19676769,0.34854054,0.5645858,0.24251638
0.9583600254401018,1.0179304,0.9888025,0.98488057,0.25609088,0.4573774,0.99162877,-0.0493275
0.7684064656258625,1.0684114,0.94917166,0.9507316,0.28195578,0.4018046,0.46485212,0.3604535
0.8960166080664321,1.0039222,0.98522216,0.97660846,0.16849312,0.3833273,-0.07657863,0.3310387
0.8936539426157704,0.74967206,0.9827208,0.9790868,0.113968894,0.1286106,0.32451022,-0.0700331
0.7977948711794846,0.81306225,0.9156739,0.94339305,0.27070004,0.17170478,-0.06264249,-0.21059291
0.8403161292645169,0.6839114,0.9531197,0.9425257,0.18853611,0.23646192,-0.5171347,-0.36939362
0.6300983283933135,0.55414593,0.9442229,0.9303002,0.058374833,0.15201008,-0.2621245,0.045584675
0.8983896415585663,0.7697405,0.96528625,0.9688113,0.22230403,0.25242794,-0.045308813,0.2429994
0.8128066432265727,0.61353195,0.9586298,0.9431385,0.081146166,0.18771641,0.16086076,0.22032817
0.8921977127908512,0.72753876,0.9727156,0.9725481,0.14615855,0.24763395,-0.11063279,-0.20285957
0.8237551030204121,0.61490285,0.972783,0.95645773,0.10864855,0.12337201,0.5380303,0.48995814
0.9023122172488689,0.77723986,0.9642855,0.97500825,0.13585691,0.17649867,-0.17845479,0.23736475
0.74875019500078,0.54949117,0.9278729,0.9353926,0.10030153,0.102410525,0.71919566,0.6651065
0.8041432805731221,0.602117,0.9482773,0.94637954,0.10676342,0.1834916,-0.3314366,-0.25827768
0.8037168468673874,1.0861661,0.9349958,0.95911235,0.46115923,0.39199305,-0.57697326,-0.51324564
0.7833515174060696,0.4959113,0.9711804,0.9560583,0.07711591,0.124693826,-0.029969754,0.12826554
0.9066568106272425,1.3117821,0.97725314,0.9772052,0.6485585,0.3093046,-0.4234206,-0.45579115
0.7279779199116796,0.7257414,0.94999117,0.9456683,0.17154656,0.22971863,-0.24295573,-0.09471662
0.813575030300121,0.7499856,0.9762601,0.9703222,0.14420666,0.1379835,1.186342,0.58601254
0.8134175896703586,0.6723294,0.98011523,0.9742282,0.112876914,0.16210204,0.41659638,0.39985615
0.7955287821151285,0.78053904,0.9467163,0.9375624,0.28581384,0.20144153,-0.47842035,-0.15757579
0.9447894111576447,0.6851877,0.9859271,0.9807216,0.08385791,0.16350082,0.068180926,-0.006261192
0.8421473365893463,0.72891194,0.9725786,0.9596356,0.17504966,0.22368075,-0.22641508,-0.22201292
0.5779442957771831,0.6549569,0.90621924,0.9348881,0.12619166,0.12750423,-0.58072007,-0.44295856
0.7620844563378253,0.5819809,0.91727555,0.9369163,0.10054682,0.14665635,-0.16382708,-0.28893343
0.8698048552194209,0.7132788,0.95627046,0.95742583,0.18389012,0.27334225,-0.3515603,0.047565438
0.8296751587006348,0.841699,0.956279,0.9709491,0.16621216,0.20795126,-0.5164182,-0.13303319
0.8833573254293017,0.7544741,0.9862433,0.9793157,0.15343107,0.13888116,0.64781797,0.47417316
0.7376181824727299,0.77435136,0.95684505,0.95070356,0.14644244,0.14667358,-0.010676628,-0.2524456
0.8018265993063971,0.67232877,0.93832207,0.96649706,0.15067938,0.12165185,-0.8405905,-0.69561553
0.8032971331885327,0.50942415,0.9460249,0.94940275,0.0873443,0.13088779,-0.346276,-0.23432118
0.8898911115644462,0.83547264,0.9813001,0.97961414,0.2194635,0.22465849,-0.0013582205,-0.23899536
0.882439273757095,1.0910399,0.97893435,0.9709132,0.37436277,0.38216957,0.07267675,0.123483896
0.732123888495554,0.7643842,0.9590206,0.97012806,0.14812607,0.06978042,-0.19785163,0.19123408
0.7834339817359269,0.5872392,0.9255726,0.9616229,0.08856797,0.0997036,-0.94335467,-0.5247305
0.8568664994659978,1.0682486,0.9676736,0.9638732,0.53885525,0.32260236,0.32580623,-0.09271119
0.8676026064104255,0.862967,0.99218154,0.99056524,0.14216083,0.19556478,0.46614286,0.055510584
0.595192780771123,0.8054532,0.9389782,0.9677687,0.17029198,0.078666456,-0.08479101,-0.307215
0.7121625286501145,0.62145525,0.964042,0.9579719,0.09276071,0.06485336,-0.24080545,-0.4245758
0.7839128316513266,0.66102475,0.96461827,0.9407936,0.14419074,0.19271721,0.49550152,0.13349485
0.8030876603506413,0.65826076,0.96552765,0.9524858,0.108976886,0.13124207,0.45968547,0.29059526
0.8393645734582939,0.7061211,0.944834,0.95700747,0.16897883,0.12795088,-0.26374698,-0.11550316
0.584503426013704,0.5858433,0.94864273,0.9403081,0.076112196,0.08703545,-0.113500975,-0.030253273
0.8526521786087145,0.685991,0.9717365,0.96287894,0.14249155,0.11305514,0.08814864,0.2932616
0.8707319309277236,0.7975384,0.9754689,0.9590654,0.17169009,0.3180396,0.14197955,0.24165821
0.9295699902799612,0.7575607,0.9856868,0.9776281,0.19895092,0.14450876,0.40823177,-0.11897128
0.867319117276469,0.7607645,0.95961815,0.9529539,0.2760883,0.2951775,-1.0601648,-0.4844064
0.8645526742106968,0.70024955,0.9626608,0.9529155,0.13312137,0.29899082,0.45017773,0.18154494
0.9083880815523261,0.8042439,0.98433626,0.98173726,0.12010043,0.15739976,-0.20326245,0.08033903
0.9404860979443916,1.1573379,0.97809786,0.98133487,0.2813592,0.2561745,-0.8283656,-0.12178567
0.8925945783783135,0.76157296,0.9767914,0.96380836,0.16027877,0.1989987,-0.058059633,0.015802272
0.6748066672266689,0.58424544,0.9372254,0.9497743,0.08578375,0.077659205,-0.8473004,-0.52187866
0.6471742046968187,0.504837,0.9046579,0.93253607,0.076672494,0.09772881,-0.29389068,-0.07252749
0.8902882651530606,0.87055606,0.9917192,0.9853602,0.10760608,0.21667169,-0.06671972,-0.58576626
0.7983783615134461,0.69902414,0.9447607,0.94258195,0.18404976,0.19284986,-0.06161549,-0.19849776
0.9242560810243241,0.9151717,0.9772432,0.97415656,0.20920779,0.35158414,-0.25813544,-0.085224174
0.5708966195864783,0.5965217,0.915115,0.9445289,0.107000865,0.107336,-0.3352677,-0.27195826
0.8860784563138253,0.75702417,0.9915346,0.9832907,0.106295645,0.13214771,-0.6768131,-0.07200512
0.8334693818775274,0.6292683,0.95343673,0.9707932,0.094892465,0.08644378,0.10218119,-0.07001575
0.9155913743654973,0.80021876,0.98051864,0.9798367,0.16028905,0.16660722,-0.6649216,-0.16280898
0.7528490273961096,0.69233805,0.96614355,0.95146906,0.10063398,0.18191056,0.5121656,0.14987738
0.7912533090132359,0.8613531,0.9310551,0.9534312,0.19026591,0.14124827,0.04686378,0.02577545
0.7102634490537961,0.5247146,0.9569176,0.9467766,0.061423093,0.09218398,-0.340188,-0.22043036
0.8149708758835035,0.9248875,0.9224769,0.9545338,0.3129729,0.24957319,1.206148,0.60632396
0.9032252769011077,0.67289084,0.98275363,0.97329,0.13526903,0.15837033,-0.5117443,-0.01931474
0.8085291541166164,0.92179585,0.94834125,0.95280045,0.21549566,0.16929649,-0.7670374,-0.25279254
0.8693108372433489,0.4732803,0.981299,0.96922094,0.06531244,0.10227564,-0.4087473,-0.26221985
0.8778961515846062,0.7898374,0.9782572,0.97434413,0.22203848,0.24957053,-0.6033735,0.4045761
0.8669098676394705,1.0260916,0.941286,0.95899814,0.40731388,0.48073298,-0.19893852,-0.097072
0.9099693038772155,0.7793306,0.98530686,0.98234755,0.07629261,0.19706358,0.011212154,-0.12545632
0.8878439033756135,0.803337,0.9551459,0.9809189,0.20522733,0.119429715,1.2533767,0.42861348
0.7924577298309193,0.65320563,0.9379884,0.9666938,0.12113217,0.11642239,-0.9061659,-0.6510359
0.770876171504686,0.6027706,0.94884473,0.9514624,0.11714256,0.11999281,0.46663246,0.39530435
0.8772301969207876,0.87513447,0.970687,0.964698,0.21640067,0.16444844,0.45841438,0.37255824
0.9573412693650774,0.689179,0.9831754,0.98694676,0.10158843,0.096290365,0.17301482,0.25230998
0.9095984543938175,0.72580594,0.983001,0.9741616,0.16125122,0.16609447,0.14034465,-0.18218334
0.8962007368029471,0.7794312,0.96145755,0.9630937,0.21111137,0.24431904,0.1849006,-0.17628483
0.651625070500282,0.68419456,0.95836115,0.96540827,0.058948033,0.09965154,-0.9288956,-0.43275887
0.8483448333793334,0.71892375,0.9858325,0.95926833,0.11695466,0.11521757,-0.076068014,-0.7984988
0.8567337309349237,0.60668254,0.9635038,0.95715886,0.091481,0.09822393,0.01893992,-0.08957031
0.6219708398833595,0.58257186,0.95286524,0.9501539,0.07046053,0.08992528,-0.23238657,-0.023760594
0.8907060588242351,0.97734797,0.9203501,0.95562893,0.39874637,0.4063911,-0.3121474,-0.017006883
0.7217050628202513,0.7156129,0.95905906,0.9516161,0.08060457,0.16728929,-0.26500356,-0.48763976
0.8976416065664261,0.7831092,0.9755854,0.9704777,0.14961995,0.2563553,0.5226056,-0.14065948
0.8584310177240707,0.7392307,0.96586555,0.9615265,0.16143739,0.1885522,0.40016028,0.37469167
0.9179716078864315,1.1179634,0.9668252,0.96404654,0.5362045,0.39580768,0.67705053,-0.093632065
0.8661814167256668,0.65361506,0.956757,0.96563214,0.12107902,0.09323251,0.26334795,0.14986658
0.7127024348097393,0.7562364,0.94157976,0.9382927,0.19118635,0.23632148,0.36362728,0.28909323
0.8302910971643886,0.6946878,0.9928392,0.9730666,0.05086688,0.1339654,0.88804984,-0.4448826
0.7871955647822592,0.898128,0.9377715,0.9625401,0.3371003,0.17610733,-0.21304564,-0.21309674
0.8324125136500545,0.63562715,0.93913895,0.97167426,0.101536855,0.09251786,0.086375125,0.24141324
0.7349870999483997,0.7899841,0.9283115,0.96032363,0.12557828,0.16615577,-0.4633003,-0.36789548
0.8344590498361995,0.7783414,0.96611273,0.9576329,0.18156716,0.1875594,0.7400661,0.74143386
0.8608236352945411,1.1205859,0.97727734,0.9698547,0.4021607,0.20546073,-1.0893729,-0.6919016
0.7495162780651122,0.7788067,0.9590204,0.94461936,0.20842122,0.25810403,0.28825775,0.2548334
0.9428500114000457,0.8521775,0.97123545,0.980291,0.2100152,0.16217856,0.26585457,-0.0431248
0.749059604238417,0.62670326,0.9388105,0.95532924,0.12133681,0.11072399,0.0008329799,0.13853376
0.8672472129888519,0.5558467,0.9856963,0.9685639,0.080799095,0.10459516,-0.14156108,0.16390376
0.9521443845775382,0.630017,0.9870572,0.97991407,0.11735784,0.18956554,0.2902642,-0.096188836
0.8526894267577071,0.5324039,0.9734773,0.95847636,0.110547744,0.12375589,-0.32182136,-0.18969053
0.9024387457549831,0.6771107,0.97192484,0.9711385,0.14112899,0.15238489,0.014254916,0.24658006
0.7337029988119952,0.6924372,0.93256426,0.95629585,0.16584583,0.19827998,-0.8976574,-0.7179789
0.813061908247633,0.7224904,0.94305944,0.9633986,0.12466169,0.16918764,0.63103527,0.46606478
0.8957667190668763,0.8101747,0.98831654,0.9741625,0.1180889,0.1466584,0.08811223,0.57136476
0.8918677594710379,1.0300298,0.9797462,0.96950734,0.45822224,0.2908437,1.291481,0.073710404
0.7914676778707115,0.80582017,0.97835714,0.9720491,0.17616719,0.11032005,0.3024795,0.079994574
0.8788445393781575,0.80771494,0.9616319,0.9793655,0.14004508,0.118796945,-0.6836162,-0.42925042
0.8156367345469381,0.67823666,0.974968,0.9558099,0.1060293,0.12482628,-0.31968844,0.09949165
0.8665945063780255,0.91650796,0.99490845,0.98930925,0.136294,0.10801938,-0.26849863,-0.64703494
0.8432775491101964,0.7018934,0.97106224,0.959002,0.10564804,0.17004861,-0.087058626,0.15137318
0.9308991155964624,0.98227274,0.99169815,0.9765288,0.1495403,0.24808238,-0.85953885,-0.07298386
0.9445790743162972,0.7878158,0.9877858,0.9838051,0.11442712,0.14907251,0.4703997,-0.3323
0.9400811683246731,0.8065577,0.9726315,0.98375803,0.13260943,0.1488042,-0.23102407,0.4477313
0.6775431581726327,0.57971716,0.96511763,0.9458373,0.04867853,0.116432965,0.31749943,0.2038155
0.7205853143412574,0.8037402,0.93774706,0.94824463,0.21497786,0.19310105,-0.46332094,-0.2522748
0.5022633530534122,0.7358161,0.90830004,0.9502465,0.1552449,0.11667822,0.5175765,0.75241613
0.589561398245593,0.7568466,0.9448729,0.9646049,0.15874158,0.075636625,-0.85933006,-0.7815537
0.6836283345133379,0.5629442,0.93095237,0.9430628,0.09119187,0.07913781,0.06190266,-0.05626345
0.7284017616070464,0.7153406,0.95098525,0.95506847,0.10100362,0.13292666,0.54618675,0.32147545
0.8428022512090048,0.7163521,0.96428645,0.9684755,0.10141661,0.23266621,0.6432272,0.28659987
0.912198912795651,0.9461162,0.9701658,0.9779933,0.28509519,0.29050153,-0.28891927,-0.2663086
0.6901655766623066,0.94373816,0.9708101,0.9824941,0.12910065,0.17415376,-0.9416796,-0.83910024
0.8790489241956968,0.7562963,0.94171005,0.952411,0.2354328,0.35153663,0.09719414,0.46642885
0.6875325741302964,0.7032702,0.9037098,0.9393918,0.17711313,0.1251373,0.18478128,0.1484522
0.8259486157944631,0.77965355,0.9655083,0.96728593,0.1523108,0.11263,-0.12030745,-0.67608094
0.8812140208560832,0.60600126,0.9553153,0.94898003,0.13101868,0.23596635,0.51942617,0.20691797
0.7886030264121056,0.78149605,0.91622645,0.9475345,0.18293695,0.3365807,-0.7159339,-0.6074554
0.9137918471673887,1.0112946,0.98109,0.9672736,0.31267002,0.30390754,0.12799424,0.29965335
0.9235695822783291,0.71601224,0.98703897,0.9759472,0.10707648,0.1855969,0.2858647,-0.19304928
0.5213317173268693,0.7438642,0.9311933,0.9387404,0.11220347,0.079340994,0.3789291,0.27336633
0.8616530786123143,0.55029005,0.9738822,0.95976347,0.05415789,0.1137251,-0.052215233,-0.07280597
0.770069000276001,0.7278415,0.9442612,0.94205517,0.1583963,0.18649742,0.33943462,0.02959599
0.8124413617654469,0.734567,0.9505343,0.9334498,0.18636245,0.18379028,-0.75612396,-0.4231122
0.8511443005772021,1.0471773,0.9924918,0.98333514,0.18334161,0.1343522,0.5794916,0.460786
0.7504141696566786,0.7874943,0.9453571,0.95183396,0.2202326,0.16781117,-0.20128329,-0.26061776
0.9378932235728942,0.80846506,0.9865545,0.9790349,0.165957,0.19242023,0.2101037,-0.23340647
0.914057480229921,0.8048918,0.97104657,0.95710915,0.21647364,0.41214374,-0.265892,-0.07387751
0.9347332973667888,0.92504036,0.9917654,0.9800319,0.3271793,0.2869242,-0.9892467,0.10526079
0.8943463933855736,1.1926111,0.9913879,0.97793233,0.42453906,0.5395717,0.37650526,-0.24654523
0.6610350281401125,0.6199563,0.92467546,0.9346824,0.13105136,0.12443186,0.20847283,0.18089043
0.8711897567590269,0.7282021,0.98585874,0.959787,0.15059976,0.27928075,0.115084045,0.04832349
0.8768231552926211,0.88031733,0.98526347,0.9691828,0.20706412,0.15913697,0.25509506,0.63485926
0.875505742022968,1.2081884,0.96609765,0.96078837,0.22504285,0.74105036,0.38127375,0.1666203
0.9085834423337693,0.71262085,0.9874229,0.98187804,0.08567548,0.11699108,-0.34476674,0.017863126
0.9167552830211321,0.7463344,0.97957546,0.97800153,0.1603646,0.15149112,-0.2860026,-0.3825809
0.6991210684842739,0.59683305,0.9378775,0.96408606,0.11246597,0.07136355,0.0057001747,-0.2532223
0.8365346741386966,0.72873175,0.9613319,0.9627365,0.18049979,0.19829777,0.10513089,0.05083326
0.9415672542690171,0.84997463,0.9795049,0.9803616,0.26235256,0.15844892,-0.8030778,-0.06690742
0.7872606530426122,0.80974424,0.94707423,0.9405318,0.2083878,0.27298915,0.7067861,0.45654872
0.8433411973647894,0.86245996,0.99352616,0.96647376,0.20656821,0.2392569,0.2880127,0.93013173
0.7677930231720926,0.7824405,0.95218337,0.96896577,0.13158292,0.16520369,-0.70578796,-0.5139738
0.7633556934227737,0.5728244,0.9575005,0.9515474,0.09179977,0.078209914,-0.08604521,0.11507247
0.7278294073176292,0.5748347,0.9741125,0.94571555,0.14062937,0.11943063,-0.7243585,-0.23682435
0.891563438253753,0.7701671,0.977463,0.9558777,0.25015652,0.31166455,0.17847511,-0.19120513
0.9486273145092579,0.7203967,0.9773669,0.9825666,0.2372427,0.19996785,-0.47944617,0.025710497
0.9182660410641642,0.6349018,0.99034834,0.9742621,0.11600733,0.16285624,-1.3582156,-0.069519244
0.7328379393517575,0.8860265,0.94707644,0.9412593,0.19340909,0.18915533,-0.012370005,0.051687486
0.8016703106812426,0.5722642,0.9636687,0.93803203,0.10768667,0.15222877,-0.5597751,0.23621154
0.6781382645530581,0.71705264,0.95878106,0.97196394,0.1783187,0.10427125,0.8664555,0.5527618
0.7223032412129649,0.8064395,0.90875447,0.9504655,0.2200924,0.16391355,0.13849871,0.05455718
0.8100722357306768,0.7411479,0.9699577,0.95164263,0.1251591,0.17208293,-0.0077637453,0.19570845
0.8422703130812522,0.8676934,0.9565156,0.9700326,0.18884191,0.20544976,0.047142457,0.13135757
0.8519523358093432,0.9387356,0.9799977,0.97460014,0.17105351,0.1991801,0.023742206,-0.28811744
0.7978435433741735,0.6452777,0.94267446,0.9527421,0.082038574,0.19079286,-0.5167503,-0.3889299
0.8654719738878954,0.70978636,0.9724478,0.95956016,0.11995412,0.10418304,-0.7646397,-0.3607599
0.919256189024756,0.8578548,0.9824654,0.9832325,0.21071157,0.18708381,-0.020613164,0.062790714
0.9122074568298274,0.75237304,0.9862433,0.9778251,0.15343107,0.14271931,0.64781797,0.5046569
0.6556844467377869,0.8108299,0.9702686,0.9475769,0.10585164,0.086467944,-0.023391983,0.43255836
0.8927795711182845,0.92356974,0.9793546,0.97626126,0.18886913,0.16645814,-0.2364192,-0.26052165
0.9611333805335222,0.6919441,0.9844393,0.9864364,0.0915756,0.13959019,0.016939718,0.2541545
0.5439137916551666,0.5931658,0.94923055,0.9313445,0.06810453,0.101353556,-0.1806753,-0.08562209
0.8812016368065472,0.726072,0.97236836,0.975148,0.1657219,0.16612412,0.18285634,-0.22254759
0.9430941403765614,0.99180907,0.96999,0.98287517,0.28942907,0.27866787,0.0870766,-0.028923342
0.8270632762531049,0.7176411,0.96340805,0.95842785,0.16481318,0.14766221,-0.20643665,-0.42432684
0.880694370777483,1.0820203,0.9726793,0.9654858,0.23015535,0.54741263,-0.32190204,-0.35482776
0.9067446509786039,0.5770794,0.9678923,0.96267825,0.117253326,0.16028348,-0.20142055,-0.12203242
0.846500186000744,0.7080253,0.9737637,0.95996124,0.11008356,0.15351129,-0.936155,-0.123264074
0.8264336097344389,0.73066705,0.9322834,0.94514334,0.25562868,0.222851,-0.14685823,-0.17804913
0.9011268045072179,0.884517,0.95770293,0.9783829,0.23252593,0.1458543,-0.6401268,-0.45592812
0.8695465181860726,0.71682733,0.97569543,0.9758685,0.13148557,0.1688571,-0.10849959,0.075467244
0.9294275257101028,1.0175765,0.97147334,0.9683596,0.37979248,0.3253579,0.047373872,0.18494281
0.7792027648110592,0.66993815,0.9592716,0.93328595,0.12597768,0.14306305,0.35434145,0.03391222
0.6264649058596234,0.71690226,0.9389673,0.92673236,0.15815279,0.13283747,-0.0762958,-0.19921006
0.6220234480937923,0.76520735,0.93976045,0.9394052,0.18823037,0.15077256,-0.54652977,-0.27793023
0.9240445921783688,0.6844653,0.9704087,0.9725077,0.17003219,0.21812657,0.3508957,0.24072826
0.7862754971019884,0.58893406,0.92288154,0.9325251,0.09826448,0.14699261,-0.16250153,-0.06393857
0.6326697946791786,0.7381578,0.9371067,0.92066056,0.1392817,0.14820515,0.6167104,0.40725723
0.9136350785403142,0.7173075,0.9856804,0.9812647,0.0803395,0.18097274,-0.7261322,-0.21702671
0.8508939315757263,0.4503368,0.95884466,0.9494428,0.060298588,0.10889989,0.049336974,-0.0119865285
0.8676535826143303,0.7957735,0.9399559,0.94993937,0.27116242,0.37982613,0.5899543,0.47166157
0.8809402277609111,0.9631778,0.99459696,0.9866426,0.084530406,0.21572538,-0.36310652,-0.09825014
0.9625168420673682,0.88701713,0.9931346,0.98923904,0.10372653,0.20613739,0.74086183,-0.15797006
0.7368240672962691,0.5395126,0.9292752,0.9320197,0.074891716,0.15850832,-0.115162365,-0.3565841
0.8576383425533701,0.9942533,0.9587838,0.962466,0.39004862,0.3005556,-0.4522135,0.28905007
0.9339276397105588,0.895266,0.97312003,0.9839165,0.23595333,0.16818982,-0.31087714,0.13059193
0.8721484165936664,0.77023715,0.97482085,0.9557446,0.11873238,0.16663803,0.19723237,0.17968857
0.9075076620306481,0.6814861,0.99221796,0.9778143,0.13043487,0.14895804,0.7703126,0.30265284
0.8455297181188725,0.9042215,0.9862433,0.96902347,0.15343107,0.2771935,0.64781797,0.49196297
0.8950720602882412,0.77925766,0.9853934,0.9823815,0.13628994,0.21346678,-0.17343532,-0.2714784
0.7789098676394706,0.96300006,0.9300064,0.9245693,0.35638133,0.22273812,-0.6087836,-0.5898809
0.9334768219072878,1.0149156,0.9791455,0.98127383,0.24417669,0.21546227,0.048840206,0.07554223
0.8935913503654014,1.0508342,0.9603938,0.9665519,0.38060716,0.50174195,-0.14603384,-0.44285226
0.8606476665906664,0.87672365,0.9739197,0.96462405,0.25268608,0.24450715,0.23456067,-0.066083305
0.89550867003468,0.6406002,0.9867198,0.9720269,0.09847126,0.18645273,0.5122947,0.23128954
0.7917535670142681,0.67389625,0.917619,0.9311548,0.1692757,0.253847,0.3390365,0.08497226
0.9296744386977548,0.7679546,0.9888794,0.9766851,0.10788975,0.24866767,-0.6581112,0.027780952
0.9360269761079043,0.774008,0.9857315,0.97690606,0.15454854,0.25348192,-0.46379465,-0.15500748
0.9362537290149161,0.78745484,0.96684945,0.9785383,0.195284,0.2737093,-1.4050767,-0.4443372
0.8030065400261601,0.85187846,0.9566575,0.95216995,0.20021625,0.2777376,0.7320913,0.4514889
0.9563852015408062,0.8872328,0.98444426,0.986634,0.25908062,0.21460848,0.19806483,-0.27304986
0.6405254101016403,0.65684545,0.9549438,0.9339337,0.07815563,0.15483113,-0.5220671,-0.2253455
0.7493276373105492,0.75156814,0.948973,0.9391692,0.12830369,0.15962577,0.41876677,0.19318224
0.6793362533450134,0.5936572,0.9439637,0.90990883,0.085893996,0.16586408,0.7827749,0.7387544
0.8975682622730492,0.9390371,0.9847413,0.9683361,0.11340452,0.27223974,0.22307602,-0.15896232
0.5996097584390337,0.6818714,0.9372752,0.91403186,0.16989683,0.10986261,-0.30449826,-0.24391003
0.9194458857835431,0.9442807,0.97421306,0.9747466,0.23133749,0.4013666,0.2643919,0.2478976
0.8541398005592021,0.64404845,0.98272574,0.94490814,0.16681722,0.21550113,-0.20947987,-0.4734353
0.9521857607430431,0.9185297,0.979407,0.9802212,0.2228076,0.3158191,-0.4186305,-0.04042867
0.8960163200652801,0.73052126,0.9750036,0.96125525,0.15191524,0.22933151,-0.14446947,0.010914262
0.9040642242568969,0.77800375,0.97809654,0.97571844,0.14359502,0.23620619,0.22529852,0.15696098
0.9136825027300108,0.8149885,0.9944579,0.9879653,0.12572706,0.17763199,0.6677945,-0.1822911
0.9123556814227257,0.5620885,0.9943856,0.97202957,0.06887827,0.11985555,0.9316355,-0.39319015
0.8794197736790947,0.93329096,0.9678687,0.9715896,0.25103045,0.3031266,-0.13503288,-0.053891324
0.6972250609002435,0.7135073,0.92169386,0.9176639,0.20766997,0.18802863,-0.2394103,0.09753743
0.717692630770523,0.62648046,0.9589023,0.92506146,0.1532668,0.17480278,-0.08061073,-0.0020690581
0.8017884871539487,0.6235059,0.961837,0.9650794,0.08776867,0.11027725,-0.5646534,-0.3266575
0.8375475741902967,0.62624556,0.9550093,0.96830386,0.10757525,0.09561549,-0.029546333,-0.18274765
0.8038490393961576,0.6720241,0.95932037,0.9502824,0.17458081,0.11617812,0.1693131,0.36130622
0.7181404725618902,0.92890084,0.9578188,0.96340156,0.28828377,0.16000284,0.28915,0.17996328
0.8669598838395353,0.5972263,0.99212205,0.97277397,0.081095144,0.10333155,0.06260687,0.1439719
0.8407178908715635,0.8963302,0.9537697,0.96364623,0.2649899,0.20466907,-0.3380445,-0.6398391
0.8607427069708277,0.6487096,0.9609006,0.96877044,0.20378211,0.19143388,0.48691177,0.15226714
0.7732874131496525,0.56095845,0.9596912,0.94500256,0.10638002,0.1318787,-0.3795878,-0.33613953
0.8750205560822243,0.8636479,0.9922425,0.9800901,0.1459491,0.18453214,-0.61578923,-0.29329365
0.8443737774951099,0.86917746,0.9862433,0.97628844,0.15343107,0.1706838,0.64781797,0.42690212
0.9206046104184418,0.6891068,0.97622645,0.9728906,0.15944114,0.1747799,-0.49448368,-0.0040164944
0.8151496285985144,0.6747842,0.95433396,0.96699077,0.16788599,0.13105442,-0.3999964,-0.040512744
0.8609162756651026,0.5922398,0.9729438,0.9706029,0.10591306,0.097328,-0.1716463,-0.17827938
0.9333680534722137,0.85636467,0.9933398,0.98688334,0.09310161,0.089486115,0.34130284,0.46442848
0.7955726542906171,0.88200355,0.99191296,0.97895706,0.10004402,0.18924971,0.5959334,0.50240797
0.5174872859491437,0.7772361,0.9040797,0.94450617,0.14499447,0.15319617,0.4291185,-0.03446406
0.7819943599774398,0.7740658,0.9252492,0.9408329,0.16434184,0.15195945,0.4645962,0.151837
0.8228507794031176,0.7789746,0.9518925,0.95477945,0.28303638,0.17515329,-0.33888954,-0.4064956
0.9136973827895312,0.99592173,0.97893435,0.9672839,0.37436277,0.41904244,0.07267675,0.33628282
0.9183135612542449,1.0259418,0.9814642,0.9792837,0.24915302,0.36107576,-1.0988843,-0.13905668
0.6868978195912784,0.70907813,0.9354372,0.95100677,0.10621021,0.16417977,0.9181671,0.71466887
0.8510395641582565,0.7298412,0.9872047,0.9735182,0.07804867,0.15633035,0.47921476,0.45316112
0.8049724358897435,0.6328052,0.9815848,0.957639,0.10764912,0.13318583,0.0816263,0.008019494
0.8439734558938236,0.8563232,0.9647206,0.97432095,0.20247628,0.14474219,0.0740133,0.3225966
0.7027418189672759,0.5728996,0.94915915,0.94665587,0.06692507,0.1084974,-0.1458385,-0.10883721
0.8336035904143616,0.91908354,0.947943,0.95694023,0.2871758,0.20486115,0.63643205,0.3413462
0.8229506198024791,0.7980553,0.98391896,0.9668327,0.17785428,0.24536152,0.58178765,0.544442
0.7686110424441698,0.7269844,0.99093634,0.9833615,0.08363209,0.13424036,-0.50761724,0.1903538
0.836875379501518,0.8834954,0.9718544,0.9714345,0.20471391,0.26341218,0.99706763,0.81621736
0.6620685682742731,0.5075249,0.93944174,0.9342188,0.07778549,0.10061933,0.49624693,0.23435934
0.5019261037044148,0.5290532,0.91427284,0.9357924,0.07027674,0.07744832,0.70841736,0.7432294
0.6952928611714446,0.63921684,0.9579006,0.94513494,0.09924145,0.14612661,0.88623863,0.4573346
0.834136776547106,0.6777208,0.9715081,0.95780873,0.13293865,0.096335985,-0.22428021,-0.012808171
0.5926179544718179,0.46112326,0.93386686,0.93369395,0.053250182,0.06732676,0.40157846,0.53511333
0.8997573590294362,1.1537951,0.9906461,0.97778314,0.33619472,0.50481933,0.08820995,0.3440658
0.8591885567542269,0.9294223,0.9682286,0.9621839,0.22333226,0.23823652,0.19369297,-0.24810866
0.8098612554450217,0.9308223,0.9445614,0.95189327,0.31900096,0.3006135,0.060788397,0.04875194
0.9018431593726375,1.1497785,0.97104543,0.9758452,0.49603358,0.34913972,0.14627062,-0.40957826
0.840444097776391,0.7071184,0.95722884,0.9644283,0.09562837,0.18877098,-0.96797454,-0.3698536
0.8926552506210026,0.73237,0.9607028,0.9587122,0.27699316,0.22248799,0.15798578,-0.060880315
0.9355363181452726,0.5959484,0.9911621,0.9843114,0.07751285,0.09808574,-0.8392803,-0.029962713
0.813885399541598,0.7925342,0.9573404,0.97861624,0.11659851,0.11039329,1.166272,0.93903995
0.929571142284569,0.8638647,0.99359876,0.9843104,0.20213374,0.21643417,0.7840676,0.12671047
0.8525736502946012,0.87625784,0.9694749,0.96491045,0.2841623,0.23053426,-0.4082037,0.071862005
0.8634684458737835,0.8331982,0.9754689,0.9652591,0.17169009,0.204547,0.14197955,0.28260592
0.9307126828507314,0.88245535,0.9898505,0.9805236,0.101363234,0.16412391,0.4939101,-0.110220924
0.9156301585206341,0.49504834,0.9830343,0.96895075,0.0796118,0.1416381,0.08343682,-0.07106403
0.9218968715874861,0.8403781,0.9680528,0.9786875,0.22434695,0.16023074,1.0345105,0.22588429
0.8613101652406611,0.6143221,0.9791725,0.9641478,0.09693113,0.16272038,-0.89358026,0.153926
0.8971069804279216,0.6151691,0.96436256,0.95622754,0.12020126,0.29683143,-0.17739327,-0.25381178
