correlation,rmse,generative_a,estimated_a,generative_sigmasq,estimated_sigmasq,generative_mu_x,estimated_mu_x
0.5054950139800558,0.7491893,0.9611305,0.9471743,0.07085304,0.16855884,0.17737187,0.3061819
0.6678489433957736,0.6221553,0.93115824,0.9383065,0.102121845,0.19792338,0.040762052,0.1851052
0.8565400981603926,0.753452,0.95995235,0.96723056,0.1314148,0.20544267,-0.6910442,-0.82801247
0.840877731510926,0.4949643,0.9561979,0.9396135,0.08041293,0.12361758,0.92426217,0.572161
0.8960271681086723,0.8863089,0.9751533,0.97970986,0.20043157,0.20866354,0.8757046,0.55342615
0.5769304357217429,0.5628082,0.932136,0.9428557,0.10233722,0.09164516,-0.14911726,-0.4063744
0.9161768807075227,0.572845,0.9683527,0.9661462,0.06369313,0.11112686,0.39510047,0.28419048
0.8696566306265224,0.8586445,0.9872458,0.9705022,0.21193163,0.25117987,-0.21406764,-0.5205221
0.8063271933087731,0.45791185,0.92279685,0.9382499,0.07826912,0.09791726,-0.031697787,-0.11469647
0.7674769899079597,0.7044378,0.93256086,0.96415424,0.160125,0.11385028,-0.03551748,-0.29003632
0.7383078492313969,0.62447894,0.9558992,0.93804336,0.08348831,0.15959089,-0.46249187,-0.0048864796
0.7616747266989067,0.6528727,0.9470106,0.9690057,0.12201212,0.13076542,0.33586124,0.4126839
0.9368077472309887,0.8668511,0.9865268,0.9794565,0.13874981,0.21493809,-0.06461232,-0.17713071
0.9103227772911092,1.166763,0.98462296,0.9728384,0.48608705,0.4588797,-0.8772522,-0.00307145
0.7904669698678795,0.66310334,0.9545666,0.9556101,0.13624984,0.17128907,0.24977958,0.47992745
0.7929011556046225,1.0206393,0.9604785,0.9711938,0.26784047,0.23107426,-0.5016184,-0.34393647
0.7746327625310501,0.75761944,0.95026714,0.9599581,0.093959175,0.130617,-0.35504133,-0.3704022
0.8263741854967419,0.65536517,0.9369267,0.94780076,0.15919317,0.17549998,0.0056986813,-0.09888991
0.7235013260053039,0.9143324,0.9363535,0.96775997,0.22008368,0.19099979,-1.0679272,-0.66957706
0.887438013752055,0.75900304,0.9862433,0.97058743,0.15343107,0.3031384,0.64781797,0.4384686
0.855561278245113,0.5839817,0.95904994,0.95162344,0.07544837,0.13182397,-0.22193277,0.1358982
0.769060900243601,0.5659902,0.9201084,0.954762,0.10583509,0.11796953,-0.34900257,0.08942794
0.8147332749330998,0.6144165,0.9746619,0.95404905,0.13707659,0.14958982,0.5693308,0.71271163
0.8142669050676201,0.7156907,0.96692616,0.960014,0.14736347,0.16407728,-0.0782879,-0.4245342
0.8829774519098076,0.87153155,0.9465095,0.94652617,0.40443906,0.50384533,-0.29934466,-0.1368725
0.8214677018708074,0.8379673,0.90794146,0.9441472,0.36533302,0.34298918,0.096972,0.12747443
0.8872097248388993,0.7950489,0.9924448,0.97877973,0.12993649,0.12761106,0.20584643,0.43214828
0.9318342553370214,0.8268923,0.9926659,0.98264545,0.16614152,0.24674192,0.24996307,-0.4391497
0.8436103824415297,0.5266587,0.93885636,0.9469875,0.109778896,0.15751752,0.33283105,0.36783397
0.9047142428569714,1.2242169,0.9638623,0.96873057,0.55447876,0.5595392,-0.55915016,-0.26387253
0.8009090276361105,0.68330073,0.9627608,0.9568799,0.16337553,0.18254097,0.77937675,0.6882938
0.8731135084540338,0.6289578,0.9660274,0.9597586,0.12645754,0.16117334,-0.47749168,-0.14157046
0.845502838011352,0.5773578,0.9824252,0.95745265,0.043929864,0.097478524,0.05832234,-0.533709
0.8564469777879111,0.6884283,0.97038144,0.9691166,0.15734655,0.15868959,-0.094119236,0.06191862
0.8010561002244008,0.83884686,0.97984475,0.98625505,0.10221573,0.15383032,0.6708253,0.62399477
0.8004958419833679,0.5167569,0.94462013,0.94717634,0.07996757,0.1203162,-0.95995504,-0.3699992
0.7988347185109075,0.76846135,0.98325396,0.9462952,0.10661639,0.1296743,0.53646,-0.10623145
0.8702400249600999,0.72203517,0.96477896,0.96142566,0.10766228,0.11911738,0.08954643,0.36679074
0.85213147252589,0.869775,0.9502583,0.95457613,0.22584848,0.25975704,0.31756103,0.54011697
0.6668549554198216,0.6378927,0.9467816,0.9346166,0.14046979,0.12173696,0.25213155,-0.20916995
0.8639514238056951,0.9043908,0.97342175,0.9711557,0.21461274,0.27887383,-0.026728095,-0.4163458
0.7826809547238188,0.8989703,0.9409366,0.95020354,0.17962547,0.36613983,0.7104656,0.5242525
0.8585183780735123,1.1245215,0.9291382,0.9597299,0.42566952,0.21714659,0.87132734,0.5978787
0.8825401701606806,0.62893754,0.9801898,0.9746248,0.09377436,0.12257868,-0.31311,-0.09202155
0.9019651758607033,0.86780876,0.99063575,0.98465043,0.21549402,0.21264899,0.45878112,0.56275576
0.8594504458017832,1.0036708,0.95602185,0.9678088,0.3077702,0.32638487,1.0125535,0.72281265
0.9263233532934132,0.76711977,0.9762438,0.9742315,0.18750179,0.15707478,-0.33626056,-0.06335705
0.8034969099876399,0.6677405,0.95583665,0.96478254,0.14912744,0.1553823,0.5541116,0.3388742
0.8218450793803174,0.7318926,0.94179267,0.9500215,0.17136005,0.1921934,-0.21401866,-0.3429005
0.7983993855975424,0.5783647,0.97129035,0.95454264,0.0842709,0.12994276,0.17935324,0.21573554
0.9413951255805023,0.98246574,0.9807092,0.9791088,0.22408877,0.30583674,0.6149132,-0.03382048
0.8032412609650439,1.0897826,0.98662686,0.98171586,0.15620455,0.1564658,0.38074788,-0.28957817
0.6132267409069636,0.5857465,0.94118977,0.928839,0.067223005,0.18573174,-0.028760163,0.19438022
0.6857990951963807,0.6644264,0.9450937,0.9389413,0.13561435,0.12807468,0.20783447,0.13519274
0.8649910119640478,0.66652775,0.9733257,0.9560676,0.14087127,0.14196518,0.30834278,0.332132
0.8903895455581822,1.1119846,0.9719926,0.9657701,0.5135249,0.6190212,-0.2824778,0.12399013
0.842945867783471,0.6738715,0.9533044,0.95838666,0.17963617,0.12940691,0.06964838,0.14329472
0.7797694550778203,0.7306469,0.96896464,0.9582153,0.11735011,0.13914894,0.43387374,0.1736727
0.8591504446017784,0.6909908,0.9541863,0.9690472,0.1270498,0.16549937,-0.463899,0.016821431
0.8922840171360684,0.81173366,0.9318217,0.94481194,0.37411928,0.3912394,-0.9406859,-0.4621024
0.8493486133944534,0.7439514,0.9778922,0.9552081,0.19958828,0.2441295,-0.4280889,0.10612163
0.8856656546626185,0.8795933,0.97244847,0.96132016,0.20431447,0.3230931,-0.76262814,-0.077835515
0.6070416281665126,0.68245614,0.9424,0.9476136,0.12905507,0.12296233,0.5328073,0.6714672
0.6964103056412225,0.75598955,0.92981154,0.94015867,0.104427665,0.18115146,-0.016254986,0.2640517
0.7380170640682563,0.55332005,0.9446398,0.955823,0.08200662,0.10594793,0.09930071,0.2264154
0.8952945891783567,0.79043186,0.9474377,0.9749343,0.2143151,0.13947669,0.19809265,0.1581663
0.8310833883335532,0.89589846,0.97152257,0.9603371,0.20939057,0.3111207,0.73468024,0.20830028
0.9290672362689452,0.7411248,0.95416415,0.9685302,0.29130664,0.2845281,0.09355791,-0.11865141
0.8515494221976887,1.1965228,0.96830064,0.9639552,0.30456376,0.61247987,-0.4682442,-0.34059456
0.9050546602186409,0.56865335,0.9746293,0.96372175,0.10571244,0.16072737,0.5597577,-0.027288187
0.8828846407277945,0.74212694,0.9719743,0.98006916,0.11475651,0.15709777,0.28512892,-0.11776172
0.8563503054012216,0.58135104,0.9771411,0.9679704,0.078608245,0.12290426,-0.34902963,-0.38797286
0.7678209592838371,0.794195,0.9195101,0.9452474,0.28977752,0.26478338,0.3028368,0.3572679
0.480626018504074,0.58577543,0.9481367,0.9355656,0.056716833,0.106221825,0.22341968,0.2514476
0.9607745310981244,0.88101834,0.9931993,0.98877615,0.14020918,0.24657957,0.045138314,-0.08154685
0.8641993927975712,0.708601,0.9719778,0.96259004,0.12553173,0.12993306,-0.02783999,-0.06700537
0.9059897999591998,0.6663231,0.9868274,0.9833597,0.091577955,0.13296336,-1.2537627,-0.21601377
0.8902269209076834,0.93133146,0.9646665,0.9640457,0.26427996,0.35367653,-0.08354975,0.06833108
0.8418413833655335,1.2323425,0.9643134,0.97336715,0.48108554,0.37404323,0.15191177,-0.0796515
0.9277938871755488,1.0886484,0.9861468,0.97662157,0.1755306,0.50875366,0.6929135,0.30856276
0.9310483961935847,0.880622,0.9834989,0.97005093,0.27557942,0.41745743,0.7611915,-0.019844774
0.8272428929715719,0.9280864,0.9802501,0.9678296,0.11344329,0.13470292,-1.285725,-0.8162781
0.7997045108180432,0.82502884,0.9701551,0.96490043,0.13378422,0.27107352,0.53682935,0.18817772
0.7797770391081564,0.56526065,0.95258343,0.9615108,0.09577999,0.09505416,-0.47491473,-0.52080154
0.8401349765399062,0.6813494,0.9557675,0.9558473,0.23331209,0.20961186,-0.32663035,0.0344384
0.9098929835719343,0.9594625,0.99228334,0.9917256,0.07580507,0.13773148,0.9175822,0.5421035
0.9121214404857618,0.9052909,0.96385974,0.981956,0.18367586,0.16475505,0.8701125,0.17710151
0.9243248172992691,1.1892992,0.9747644,0.9849712,0.32234013,0.28616583,-0.8214915,-0.36800736
0.925308053232213,0.67588806,0.9944998,0.9745509,0.08584488,0.20539206,0.15532766,-0.0351589
0.9744837699350797,0.6290688,0.99322903,0.9889041,0.1451975,0.16236772,-0.35054788,-0.32038477
0.8893324853299412,0.74866605,0.9722536,0.9704347,0.15038374,0.16733448,1.0059131,0.53619653
0.887819999279997,1.0314748,0.9836905,0.98217314,0.32978082,0.19735962,0.8544608,0.3804756
0.7544884259537038,0.8024266,0.92301893,0.96615213,0.13868652,0.11654278,-0.22196,-0.21407329
0.5331000204000815,0.6020119,0.94776803,0.9347951,0.08217268,0.096165866,0.16225308,-0.16873616
0.8659362317449268,0.82561654,0.9705434,0.95434314,0.19205955,0.15030777,-0.30469394,0.040324245
0.8600837603350413,0.72503465,0.98410213,0.9756444,0.10021156,0.1657796,0.15224679,0.59445477
0.8145836103344413,0.6488673,0.9610072,0.9631014,0.13967088,0.14850007,-0.05022593,-0.6230778
0.6959760959043835,0.5579944,0.89186096,0.93231475,0.11077016,0.14684959,0.6911726,0.41234553
0.9365859863439454,0.8809255,0.99451596,0.9882259,0.15080775,0.2058417,0.15315926,-0.02234461
0.7704536738146952,0.82476723,0.9407354,0.94745386,0.21124728,0.2640224,-0.085863724,0.45859444
0.8752068928275712,0.6580434,0.97564083,0.969606,0.08566171,0.18613169,0.1566914,-0.268745
0.6410171240684963,0.7955075,0.9416503,0.94819766,0.09333871,0.11172573,0.5252168,0.75221235
0.7872969411877646,0.6522741,0.9302738,0.9312182,0.15101743,0.2070109,0.09377291,0.17165397
0.8951094044376179,1.3540636,0.9808339,0.95314497,0.4219522,1.3864527,-0.9487039,-0.104236394
0.868811443245773,0.7834928,0.93157154,0.943005,0.33510005,0.46635523,-0.15732823,0.24263929
0.8854940059760239,1.1789179,0.97893435,0.95743775,0.37436277,0.8983937,0.07267675,0.23733631
0.7540538322153288,0.6344253,0.96814805,0.9475649,0.119912304,0.1718187,0.016212007,0.23675549
0.9469564278257112,0.7812941,0.99106383,0.9896448,0.10256433,0.15254124,-0.6168893,-0.22028029
0.8504509858039432,0.52306134,0.97875494,0.96169895,0.060778365,0.10165374,-0.7101162,-0.053181738
0.6541304885219541,0.55209476,0.9502423,0.9439219,0.05410219,0.094068415,-0.080972806,-0.12577967
0.8013675254701019,0.6353397,0.9535167,0.9440879,0.12632318,0.20763804,0.7115686,0.28977552
0.8812227568910275,0.4983413,0.98413515,0.96478283,0.07189005,0.11778059,-0.30828145,0.09879722
0.8205591542366169,0.6970208,0.96545494,0.9555315,0.16097613,0.1744609,0.4635509,0.038490117
0.7096971427885711,0.7249058,0.948167,0.94664717,0.100211196,0.10700502,-0.1987951,-0.13206415
0.9318196632786532,0.82136744,0.9795829,0.97461677,0.18884689,0.2094329,0.2221741,-0.29686043
0.8944507458029832,0.6876546,0.97819835,0.9643332,0.063074745,0.22945094,-0.57772726,-0.27391842
0.8878946875787502,0.8531115,0.9600025,0.9653189,0.17549023,0.19670582,-0.8292527,-0.37875476
0.850067272269089,0.65669334,0.9644046,0.9567968,0.13529322,0.2675408,0.6722955,0.29193038
0.9341366325465302,0.90389806,0.9811258,0.98139787,0.22458617,0.28736615,0.6529611,0.04528235
0.8152375649502598,0.6701827,0.9674836,0.9533814,0.1157111,0.12827669,0.1911758,0.18823375
0.8347363949455797,0.741448,0.9896374,0.97200906,0.09186646,0.12675226,0.52159077,0.17708917
0.8559914559658237,0.92479193,0.9714547,0.9648522,0.20356618,0.3053959,0.21482724,0.2148342
0.8402605450421802,0.6837138,0.9655068,0.9493372,0.13269244,0.22115761,-0.019390339,0.2162949
0.8908634034536139,0.9420847,0.9878323,0.98182,0.17984954,0.22925016,-0.30724302,0.4937353
0.876250993003972,0.8833316,0.9823527,0.9756744,0.19315204,0.17596039,-0.72547835,-0.41942015
0.8797699830799321,0.9755607,0.97750944,0.9706067,0.2740401,0.18464637,0.36602077,-0.09826569
0.8743642974571898,0.63507664,0.97150314,0.95889616,0.09828672,0.14706112,-0.47386718,-0.52103186
0.7609321637286548,0.80318534,0.9222899,0.9459006,0.2746853,0.19893117,-0.24267769,-0.18907917
0.7923675854703418,0.90061015,0.97554094,0.96328425,0.12999375,0.14341769,0.7582914,0.6483988
0.6781609206436825,0.5770423,0.9390461,0.9454611,0.13562907,0.12203878,-0.39826617,0.10126314
0.8826180264721059,1.2355801,0.9673525,0.96128863,0.6441953,0.5530189,-0.15748602,0.06683656
0.9007346429385718,0.76557964,0.96611685,0.9664492,0.23204814,0.24991855,0.12131127,0.39987308
0.7978435433741735,0.7384876,0.95810324,0.9567744,0.18144234,0.17134732,-0.047519527,-0.28891364
0.8811011244044975,0.874931,0.94376796,0.95161384,0.29406902,0.3052703,0.26575166,-0.04552367
0.8797896631586526,0.6734112,0.9570119,0.9696869,0.119078636,0.12968327,-0.26986352,-0.28914896
0.8777650150600601,0.7121116,0.9439613,0.9564719,0.18708117,0.15577108,-0.60243386,-0.34776968
0.8462362809451238,0.53828627,0.9705452,0.96107584,0.06275794,0.112079,-0.6539538,-0.68303365
0.8922433129732519,0.72828203,0.98108274,0.9739895,0.14259231,0.1862569,0.10963741,0.006692804
0.6661806487225949,0.7549614,0.9474631,0.93675697,0.2110445,0.14209363,0.45311284,-0.37703928
0.628060048240193,0.6031262,0.9232247,0.9309341,0.120393455,0.113982275,-0.18033276,-0.17955007
0.9064217056868228,0.83941984,0.9935709,0.98283625,0.1040518,0.23773155,0.7164701,0.6743872
0.9375837183348733,1.0717663,0.9843419,0.9755601,0.46204326,0.40669551,-0.11941655,0.1666297
0.4119493597974392,0.63233876,0.898523,0.93200344,0.13518012,0.09095604,0.08283829,0.20664012
0.8620687602750411,0.6749305,0.9807901,0.9564963,0.12944953,0.2022827,0.36070034,-0.4145358
0.544750819003276,0.64456654,0.9515806,0.93740106,0.078478865,0.17041807,-0.50229794,-0.48605856
0.913003876015504,0.6506649,0.9819556,0.9801143,0.085928775,0.10468758,0.050493598,0.18126296
0.8501637526550105,0.8223795,0.9721501,0.9650006,0.17548358,0.21810906,0.06944351,0.15919505
0.871311581246325,0.7465107,0.9388548,0.96110696,0.23448674,0.20983842,-0.21118234,-0.051931255
0.92250897003588,1.0943297,0.98731637,0.96784633,0.36753058,0.63412887,-0.6535057,-0.0010776726
0.9092924051696207,1.1393112,0.97596115,0.9837099,0.2514897,0.13268617,0.631727,0.4795295
0.8556685106740426,0.7983262,0.9754689,0.97044,0.17169009,0.17048588,0.14197955,0.2192077
0.8044636338545353,0.74850065,0.9665534,0.96030545,0.10971479,0.15739685,0.33723965,0.44743517
0.8773055572222288,0.9274052,0.94482166,0.95362526,0.5042262,0.43830037,-0.6577965,-0.10081582
0.8645549782199129,0.7125499,0.972075,0.96160626,0.17439036,0.18576646,0.562965,0.33848792
0.9334722138888555,0.809975,0.9855091,0.9716344,0.18252145,0.33000013,0.13439651,-0.16343652
0.885313429253717,0.8460619,0.9898803,0.97902584,0.1239166,0.17860968,0.7717713,0.11335998
0.8491941487765952,0.6651122,0.9577179,0.962981,0.1473433,0.15017198,-0.15427724,0.415444
0.842684266737067,0.7991629,0.9535419,0.95648044,0.15707451,0.24496666,0.5980019,0.23015754
0.8720460801843207,0.71803325,0.95887256,0.95320344,0.19641116,0.32053518,-0.06499351,0.11300807
0.7844879699518797,0.69391453,0.98713595,0.9624292,0.13428703,0.2698385,0.15729159,0.4974652
0.7567504830019319,0.58727175,0.95576584,0.9491014,0.114975914,0.10025301,-0.49195972,-0.471583
0.77375589502358,0.7939785,0.9594465,0.9476097,0.17640148,0.12796515,-0.45711178,0.10857793
0.7574763419053675,0.573064,0.9502575,0.9457864,0.068035394,0.15500046,-0.6491992,-0.23905312
0.9015444061776247,0.74624884,0.9868214,0.9783207,0.10768636,0.1645831,0.13211788,0.53904474
0.8358282073128291,0.72674125,0.9542998,0.95323306,0.1205926,0.121302895,0.5193217,0.64977235
0.9205481621926488,0.5279369,0.97905564,0.9661724,0.056259792,0.20042183,0.14707592,-0.038164284
0.7905284101136404,0.9289666,0.95483685,0.9616241,0.2176845,0.13311528,1.3635452,0.3066142
0.9116635186540746,0.98388046,0.973849,0.9752702,0.15963763,0.29366428,-0.5999608,-0.06503891
0.9563401773607093,1.054967,0.99010164,0.9780865,0.25014928,0.3765813,-0.25294194,0.105863154
0.846008184032736,0.7641845,0.94141316,0.9469388,0.1929345,0.27343017,-0.20304129,-0.37395132
0.8050777483109932,0.81164426,0.9508583,0.9652939,0.17928034,0.22463185,-0.68077016,-0.5318798
0.9282976971907887,1.1531487,0.96133435,0.97636396,0.4255207,0.3223551,-0.3085979,0.14585106
0.9225239460957843,1.0110523,0.9922848,0.986486,0.1605952,0.2534232,0.058250282,-0.40865865
0.7310570362281449,0.7695656,0.9534521,0.96147686,0.15997523,0.11918316,-0.3698025,-0.67544764
0.6575961983847936,0.50793284,0.9002257,0.93686116,0.07893458,0.1349753,-0.5163123,-0.6170789
0.8552151008604034,1.4749539,0.9926985,0.9910777,0.15720844,0.31055623,0.009827895,0.32470503
0.8680948003792015,0.88399994,0.9882039,0.97338575,0.14243144,0.2309279,-0.093937054,-0.1792887
0.9021711926847705,1.3645494,0.98009837,0.9567384,0.7500796,0.71276724,0.26403078,-0.001432469
0.924245040980164,1.1885681,0.9708468,0.97649217,0.35392222,0.49672756,-0.67860556,-0.27338746
0.8632423649694599,0.7727988,0.972163,0.9641244,0.12183121,0.2556026,-0.07764969,-0.029799085
0.6671371005484021,0.84723413,0.90988857,0.9528743,0.15591665,0.2083107,-1.0559449,-0.68833846
0.8811752367009468,0.82191026,0.9730415,0.975856,0.15392996,0.16540782,0.8036223,-0.11080376
0.882313609254437,1.2883418,0.9529066,0.9370422,1.0339582,0.7096769,-0.48138195,-0.083570145
0.9106124104496419,0.556903,0.9777884,0.97214097,0.09289101,0.116840184,-0.20715451,0.04714296
0.7910021720086879,0.7791842,0.95227677,0.96092826,0.16296005,0.15214887,0.10804984,0.02037702
0.91413639254557,0.7108063,0.99421704,0.98381245,0.08971216,0.119247116,0.22543399,0.6371255
0.9009748358993436,0.777561,0.9624357,0.96353483,0.18323728,0.13155378,0.44370148,-0.2650176
0.8942695930783723,0.7224016,0.9928449,0.97770315,0.06947304,0.15278092,-0.9298944,-0.4414044
0.9599940479761918,1.0238166,0.9776883,0.973107,0.2104806,0.643104,-0.39703974,-0.010655508
0.8302590330361321,0.64969724,0.98610693,0.96035516,0.08719688,0.2048755,-1.5951725,-0.6100841
0.7843296653186613,0.6339702,0.9440776,0.94680434,0.09175593,0.14067924,0.4987671,0.4424649
0.8478655034620137,0.9702888,0.9749963,0.9576629,0.4253238,0.44135532,-0.120871186,-0.19725865
0.8878124152496609,0.72453034,0.9801603,0.9612668,0.1709988,0.2361086,0.33616382,-0.043288957
0.7701618326473305,0.64982146,0.9464807,0.94373775,0.124079235,0.21720436,0.11941816,0.31345204
0.7841481285925144,0.6772707,0.9313744,0.9459088,0.15650824,0.18366401,-0.20267646,-0.19789289
0.6447661310645242,0.53759295,0.9046579,0.9387455,0.076672494,0.12753466,-0.29389068,-0.16359602
0.9050993003972015,0.84988195,0.971428,0.974712,0.21089803,0.1833339,0.7455037,0.03098267
0.9222006168024671,0.9583253,0.99218637,0.9777251,0.3278209,0.30942613,-0.11733486,0.14120814
0.9450750123000493,0.8278648,0.9903732,0.98680985,0.20537405,0.22902632,-0.49463224,0.31207412
0.8186131304525218,0.6216737,0.9527831,0.9430158,0.07160018,0.1936235,-0.000137865,0.10023491
0.8337257029028116,0.5226434,0.9751945,0.9585373,0.09848594,0.11681644,-0.12735234,0.04143363
0.8141995127980511,0.6925503,0.967562,0.961745,0.07262571,0.14260444,0.052438397,0.33683968
0.7815152220608882,0.87548923,0.9228234,0.95621264,0.30023518,0.17418207,-0.6186461,-0.59452105
0.905943719774879,0.8744187,0.9798257,0.9769688,0.2212032,0.27188745,-0.3348652,-0.17649366
0.8906587306349225,0.6950226,0.98337346,0.9723702,0.1435217,0.17465831,0.29432687,0.38086337
0.7132908211632846,0.6337472,0.9423335,0.95019656,0.12162848,0.12209464,0.12173692,-0.13873531
0.8728717794871179,0.81894875,0.9668351,0.95699567,0.1836623,0.27909884,0.19334419,0.1664818
0.7985547142188568,0.66000897,0.9325231,0.96724236,0.13252874,0.07868753,1.1074411,0.90756696
0.7883368173472693,1.1424465,0.9082826,0.9576161,0.42190465,0.1366086,0.94725657,0.6596561
0.7806114744458977,0.84899795,0.9531788,0.9581245,0.23937507,0.21656945,0.54861647,0.26558113
0.8577794631178525,0.90413463,0.96184295,0.9600068,0.23169358,0.23524225,-0.44201306,0.22790834
0.6091506606026423,0.5969505,0.9624956,0.952742,0.06131891,0.08679799,0.23539725,-0.21688588
0.74975445501782,0.5381234,0.97623384,0.95163894,0.06348583,0.10213187,0.19282536,-0.269662
0.6124129456517826,0.68219966,0.9614423,0.9587962,0.12122505,0.092226535,0.7366967,0.82854706
0.836319153276613,0.6808375,0.9492084,0.9624073,0.19789046,0.134204,0.12861249,0.17170377
0.9486017784071137,0.784156,0.9653838,0.96697927,0.1960415,0.3464717,0.38812226,0.12065136
0.8146759627038508,0.6295312,0.9831877,0.97259146,0.06137288,0.10760788,-0.04046847,-0.08095354
0.9257797991191964,0.9820987,0.9844866,0.9843241,0.14330126,0.1849129,0.33388287,0.72445065
0.9162834411337645,0.61168116,0.9864927,0.96279866,0.07056443,0.22154136,-0.016117308,-0.14707275
0.8886511706046825,0.9898596,0.9711609,0.9596308,0.3100181,0.5139096,-0.4600701,-0.3184187
0.9193551654206616,0.80306464,0.99258447,0.98412156,0.18822756,0.14980595,-0.15547529,-0.25673798
0.9066759147036588,0.8723296,0.9602967,0.9722631,0.24217382,0.24555272,-0.25171316,0.24210328
0.8287763071052284,0.6708645,0.9835243,0.9752315,0.12652679,0.07724556,0.11236703,-0.20759009
0.8892176688706754,0.70869595,0.98472244,0.9639257,0.13086171,0.11781707,0.04357731,-0.1881948
0.7567929151716606,0.5537762,0.9516821,0.95748883,0.07031743,0.08857593,-0.29676667,-0.32630613
0.6310782043128171,0.7087619,0.9220994,0.95353574,0.15637939,0.06272218,-0.79759353,-0.6455014
0.8178324553298213,0.79345477,0.96223927,0.96472263,0.19308895,0.15941547,0.048905652,-0.010706464
0.9317038868155472,1.0364802,0.99484223,0.9852719,0.20053978,0.2762893,-0.15497217,0.32060814
0.8193627014508057,0.7449183,0.9729783,0.96767926,0.099998616,0.112478904,1.0332851,0.56760365
0.8085455701822807,0.79696566,0.9652176,0.9657687,0.17301315,0.13669129,0.025700783,0.2570718
0.9138520394081576,0.82770896,0.98885226,0.97133714,0.10301653,0.19923158,1.0052458,0.36857885
0.6529491077964311,0.5451241,0.9212794,0.95704347,0.07571131,0.0664136,-0.7290641,-0.5807903
0.7752761571046284,0.5794283,0.9537906,0.95683664,0.07689827,0.11247416,0.09024412,0.15812767
0.8297241188964756,0.636267,0.9242814,0.952508,0.18853274,0.2189354,1.2351696,0.6188201
0.7273449893799575,0.855702,0.976094,0.95220137,0.127373,0.14255366,-0.7416328,-0.2381468
0.8634895659582638,0.74944365,0.9617558,0.96514094,0.15018298,0.25913838,0.17742532,-0.2740619
0.9491536846147384,0.7636322,0.98833716,0.9733807,0.23688668,0.39871705,-0.05790395,0.12137491
0.8714688298753195,0.95359874,0.98964775,0.98252577,0.1371361,0.16365927,-0.15216799,0.19708811
0.9471738686954748,1.4202933,0.9938882,0.9888894,0.14018326,0.39799014,-0.0434811,0.21845515
0.8158052152208608,0.72798896,0.9637971,0.9447503,0.15528537,0.2098573,0.06669989,-0.29579103
0.8741485845943384,0.5558795,0.95263296,0.96165746,0.09339359,0.11408053,0.68744963,0.29869267
0.8540834483337933,0.8150472,0.9696887,0.98235404,0.13581279,0.14416426,0.26090714,-0.028651807
0.9385247140988564,0.85119444,0.98528504,0.97843176,0.12751485,0.19531369,-0.2998143,-0.67586476
0.7556508946035784,0.80987656,0.9678741,0.96100974,0.11611802,0.16985776,-0.17685096,-0.37387013
0.8018385033540133,0.7200466,0.97301656,0.9559067,0.15072517,0.16761774,0.006426793,-0.582593
0.870568922275689,0.93021655,0.9919143,0.9731862,0.18802917,0.26262116,-0.0900386,0.33429092
0.8752726530906123,0.7713124,0.960512,0.960236,0.23564398,0.25945875,0.041235764,0.064382955
0.9060002640010558,0.9504291,0.9546793,0.96334165,0.41230172,0.5237722,0.4124723,0.046157468
0.8674745418981675,0.92739683,0.9899397,0.99009687,0.11271932,0.19558969,-1.0394526,-0.7532084
0.8783140412561651,0.7893795,0.992946,0.96326745,0.22687352,0.28931785,-0.25170434,-0.84139043
0.8963982095928383,0.932183,0.9762126,0.95768154,0.33931407,0.60692394,-0.15404256,0.16096254
0.8019033996135985,0.4976005,0.9586711,0.9576552,0.062884346,0.08156252,-0.8644616,-0.63194925
0.8574790779163116,0.8178171,0.9862433,0.978016,0.15343107,0.13132454,0.64781797,0.66186166
0.857878151512606,1.0950396,0.96901345,0.9641279,0.36248302,0.2675547,0.14937304,0.5680884
0.8013466933867737,0.7162742,0.9686221,0.96352375,0.20831968,0.1570194,-1.1552241,-0.06502796
0.9351593246372985,2.490206,0.97236425,0.9790849,0.35854238,1.4525218,0.89576566,0.2760104
0.7024926979707917,0.57318467,0.9475383,0.94720733,0.09445732,0.10219,-0.0336908,0.33134106
0.6444237936951748,0.78507984,0.9631627,0.9670411,0.07493437,0.099111736,-0.20066729,-0.31457186
0.5698927435709743,0.7398895,0.93147653,0.9549103,0.15128432,0.095090576,-0.488315,-0.23093092
0.8135806943227771,0.76374996,0.95634824,0.95559466,0.18388453,0.23348789,0.23507866,0.12186788
0.8350258361033444,0.90473247,0.933016,0.9618416,0.41616783,0.2831642,-0.8359628,-0.31885135
0.9486628346513384,1.2075157,0.99369484,0.9885116,0.15405521,0.19479816,-0.06160736,0.2032409
0.8396276145104579,0.5732881,0.96316665,0.96136165,0.07700465,0.11276812,0.44370726,0.5570767
0.86299573998296,0.8782395,0.9567475,0.9612729,0.21814696,0.37670478,0.42423132,0.6988594
0.9012958611834448,0.9294222,0.99403054,0.9779919,0.1777411,0.23884766,1.037812,0.72001624
0.9200648002592009,0.89412576,0.980386,0.983445,0.17653297,0.1839377,0.011214097,0.5926753
0.8864151296605186,0.7610723,0.9510794,0.97054154,0.20616277,0.14223664,-0.58545303,-0.46960044
0.8660199440797762,0.77350926,0.9496039,0.9687798,0.26171643,0.1551619,-0.8872651,-0.29696164
0.9276508466033864,0.95200235,0.97632146,0.97600466,0.28773668,0.22329704,0.9012087,0.029561566
0.7949215796863187,0.77741987,0.95708615,0.954892,0.15040746,0.151485,-0.39796072,0.03953481
0.8190203640814563,0.9597999,0.9570382,0.9563859,0.30083162,0.28034526,0.19725952,0.7542248
0.95025586502346,0.9517844,0.9889175,0.9852982,0.1923638,0.23752077,-0.14226554,0.16414967
0.8452648530594122,0.73694384,0.9906118,0.97657734,0.13911153,0.1680471,0.41850907,0.41518858
0.7657075108300433,0.7696217,0.96214265,0.9678321,0.104792,0.19963443,-0.22017147,-0.14297825
0.9342243768975075,0.98628855,0.980225,0.9714107,0.28040045,0.5102468,0.58282673,0.15384595
0.7495805983223933,0.5922023,0.9612019,0.95331115,0.07639156,0.1122607,-0.117639564,0.20964865
0.7140403921615686,0.8758605,0.93974,0.9623967,0.19836222,0.10105443,0.073717095,-0.3390241
0.7446360025440101,0.71188456,0.9597669,0.9537337,0.18018103,0.14900562,-0.095611386,0.09736287
0.8723288013152052,0.67266613,0.98217815,0.96934634,0.053245943,0.1612632,-0.026585357,0.039800722
0.8630705242820971,0.6975175,0.9528668,0.9655528,0.13577557,0.17311858,-0.47466516,-0.26439047
0.7350437401749607,0.6142485,0.95585746,0.94406587,0.10332652,0.12597424,0.21899582,-0.25236106
0.9146168744674978,0.651147,0.9936131,0.9840505,0.061462704,0.08801403,-1.217336,-0.8064364
0.8922712490849963,0.75320816,0.9742661,0.9631193,0.21207625,0.31311956,-0.011194445,0.12335186
0.8108922035688142,0.5552255,0.957168,0.96454436,0.09666156,0.11662269,0.048564732,-0.0023448411
0.6334354937419749,0.47020167,0.96555394,0.9460281,0.064285144,0.109746724,-0.17483436,0.038392875
0.5487490429961719,0.5343056,0.91250145,0.94533527,0.08198271,0.06817429,0.10134088,0.26162657
0.8873838695354782,1.110029,0.98026013,0.9714531,0.3002677,0.38909382,-0.14664842,0.31980842
0.7123322573290293,0.5212904,0.9366911,0.95494294,0.07470638,0.09744364,0.38327345,0.040772982
0.9138934155736622,0.74637574,0.9529581,0.9659301,0.22601442,0.18113574,-0.27005658,-0.35326308
0.8719550718202873,0.865271,0.99071366,0.96802586,0.21305718,0.27267024,-0.46686497,-0.12452984
0.880998307993232,0.9053134,0.96449,0.97445977,0.274783,0.33910918,0.21424277,0.10756588
0.8391174684698738,0.719726,0.964764,0.9676691,0.14560513,0.13098316,0.12608622,0.11675086
0.8152560930243721,0.66059536,0.94275993,0.9640012,0.1048501,0.13463886,-0.14675075,-0.06553137
0.7293515894063576,0.79664004,0.9755303,0.96318924,0.11760954,0.095484644,0.6649196,0.7720666
0.8180621842487369,1.0931714,0.9871335,0.9847887,0.37241942,0.1386884,-0.20968378,-0.51514286
0.9373214452857811,0.6688395,0.9921358,0.977278,0.08442781,0.16723804,-0.4306739,-0.5068965
0.9460667922671689,0.78389746,0.98259777,0.98289573,0.15357111,0.2413003,-0.8117301,-0.18504463
0.8614556058224233,0.7835465,0.9800787,0.9672556,0.16169044,0.14424464,0.41868126,0.7939445
0.7366074904299618,0.621194,0.9389402,0.9572952,0.09978474,0.09433509,-0.47789705,-0.05950159
0.75212931251725,0.70107234,0.96964365,0.9769202,0.081820756,0.12679167,-0.83887595,-0.6151647
0.7694972219888879,0.6195725,0.97367954,0.9660263,0.07593449,0.09552288,0.6075209,0.54030645
0.9458490633962535,0.9307294,0.9903911,0.98179996,0.15008953,0.28714603,-0.42836142,-0.14148319
0.7249085956343825,0.6462117,0.98293763,0.9510777,0.092121154,0.1189269,-0.45415267,0.17390545
0.7979033516134064,0.7104499,0.9724056,0.95624495,0.17941223,0.1823906,0.4441813,0.38881716
0.8023542174168696,0.61621016,0.9358555,0.95735174,0.10093737,0.14639969,0.43425658,0.103450775
0.8511659006636025,0.7788631,0.9622834,0.9564593,0.22123793,0.1786068,0.083813466,0.3489413
0.905875655502622,0.9036858,0.9938238,0.97077477,0.19555347,0.41033462,-0.9516244,0.122638434
0.7479009756039023,0.6402497,0.93448734,0.9436822,0.15130052,0.120567866,0.14586602,0.28987834
0.9334368857475428,0.64355135,0.9894529,0.9795629,0.07210204,0.10300879,0.00012792947,-0.6823658
0.9023572414289656,1.2562623,0.97814775,0.9649796,0.48555145,0.5056085,0.11874647,0.255662
0.8828930675722703,0.6331237,0.9777477,0.9819185,0.0789673,0.10494329,0.281068,0.21692677
0.9110866523466092,0.6985028,0.9744756,0.97521317,0.16039379,0.16074081,0.54895484,0.21944508
0.8924601778407114,0.80515784,0.97113985,0.9747841,0.16252477,0.14697783,0.64973116,0.84314173
0.6585512102048409,0.6541491,0.9293104,0.9497625,0.1370271,0.13057493,-0.3303724,-0.2738804
0.7128468193872775,0.6324591,0.95604336,0.95545745,0.13428347,0.12790892,-0.3550875,-0.1751708
0.7537537350149399,0.6991139,0.931141,0.9516535,0.15284817,0.12434138,-0.2056444,-0.08649914
0.9157871191484765,0.8344475,0.97608006,0.9742939,0.21734498,0.3043469,0.083168514,-0.18200633
0.9127894111576447,0.74402815,0.99001974,0.9653908,0.13192835,0.16811506,0.1866042,-0.013767168
0.8455520862083447,0.676704,0.9695572,0.958199,0.15306239,0.16349576,-0.5404288,-0.5475427
0.7434207336829346,0.62283677,0.94131166,0.94917434,0.12814796,0.11505433,0.2552193,0.61351
0.9000916323665293,0.94547904,0.9924838,0.9851309,0.27761874,0.27024642,-0.10830487,0.28880632
0.9336250465001859,15.586889,0.9796531,0.9914032,0.28209418,3.9624584,-0.14328861,0.14772293
0.527818271273085,0.6984415,0.94783384,0.94672155,0.11792604,0.07299912,-1.1498446,-1.3640488
0.8569787239148956,0.82065845,0.9604405,0.965121,0.18771471,0.22998886,0.547066,0.08303983
0.827689774759099,0.68893206,0.98453593,0.95221514,0.15484656,0.18814549,0.064860985,0.33554006
0.9094384217536869,0.97356904,0.9576822,0.9728073,0.2868395,0.2968517,0.5817973,0.146879
0.8815413821655286,1.0037578,0.9850678,0.95934874,0.3712091,0.5191938,0.30148008,0.41006294
0.9050781803127211,0.54854566,0.9786876,0.9672657,0.09411706,0.12759669,0.10201322,-0.038096536
0.7972257809031236,0.9042644,0.9923861,0.9766852,0.14180548,0.17334192,0.036907244,0.74212456
0.9166883707534829,0.8943201,0.9759408,0.97192705,0.17833793,0.3718474,0.42871937,-0.015750589
0.8164079056316225,0.97371477,0.9784936,0.9704862,0.22868,0.336944,-0.6065227,0.64983463
0.9045169620678482,1.1127526,0.99414027,0.97575426,0.19379848,0.5381061,-0.33591747,-0.27610672
0.6469668438673755,0.9194118,0.95312417,0.9562107,0.22561723,0.1480322,0.10686319,0.45975843
0.8145575942303769,0.5753267,0.9856407,0.96707916,0.09291402,0.12565368,1.0646236,0.9505522
0.8646544346177385,0.6308528,0.94066733,0.94473,0.21171577,0.2723918,0.20355077,0.06847725
0.8741626966507866,0.909308,0.95308673,0.9705131,0.13451967,0.24949022,0.34543797,-0.17992987
0.941937623750495,0.6128314,0.9833572,0.9835015,0.084232174,0.16066828,-0.24182905,-0.6876513
0.8465718982875932,0.56801885,0.9656754,0.9668163,0.07380185,0.09714919,0.4705481,0.30851275
0.8162363529454116,0.47205767,0.9830312,0.9561066,0.059318963,0.0863973,-0.108900554,0.4146182
0.8168104352417409,0.6056365,0.9567993,0.96413517,0.10479835,0.08277646,-0.33925325,-0.1180042
0.7056980547922191,0.6333086,0.94218355,0.9539638,0.07950901,0.105645925,0.1520055,0.25059095
0.843131820527282,0.73277366,0.9707439,0.96629846,0.1194717,0.16561766,-0.3359261,-0.46091983
0.8302171768687073,0.79669935,0.96613157,0.96464735,0.19523825,0.14303738,0.12875672,-0.3691108
0.7978114792459169,0.8582793,0.99227166,0.96662617,0.25811392,0.18250877,-0.23036829,-0.063750245
0.8522350569402278,0.6536327,0.94566447,0.9629423,0.13842279,0.14180434,-0.3565421,-0.32181013
0.7572389329557317,0.86172146,0.9670403,0.96761465,0.20461874,0.1493997,0.020695183,0.76191986
0.798880731522926,0.7962615,0.94642186,0.96667874,0.19200996,0.2198533,-0.9582818,-0.98316485
0.8665788583154331,0.68819296,0.9627156,0.96163577,0.20210613,0.16553663,-0.5313172,-0.21649449
0.8330313321253284,0.7938684,0.9750236,0.961304,0.1537848,0.18846546,0.08092581,0.060345102
0.7958597914391656,0.6342001,0.9491698,0.96761227,0.12787591,0.08050573,-0.67601174,-0.5918176
0.7227262189048755,0.6807508,0.9533926,0.94091374,0.21036889,0.12190974,-0.54940265,-0.46974692
0.7338413353653415,0.8057116,0.9752235,0.96309316,0.12911646,0.2717124,-0.46544892,-0.92977226
0.678002136008544,0.6983258,0.9591093,0.9550647,0.1566707,0.1292618,0.32510415,-0.082883164
0.8517887511550046,0.68500876,0.9418991,0.9666823,0.07701142,0.09659086,0.32393298,0.12071405
0.7609323557294229,0.6429475,0.9745752,0.9621579,0.07766839,0.11500377,0.65658426,0.18076071
0.8522665450661802,0.720225,0.98507196,0.97370756,0.124896005,0.18113272,1.1574786,0.4736563
0.8823549854199415,1.1101238,0.96476024,0.9557283,0.40313816,0.80360854,-0.36067796,-0.23289262
0.6904939939759759,0.7429981,0.9146666,0.94915944,0.13401867,0.095710814,0.915469,0.6817957
0.6670071160284641,0.4850639,0.96794695,0.94553,0.057788704,0.06915126,-0.021297151,-0.0795904
0.8381080244320978,0.6246298,0.9748062,0.96216714,0.11631857,0.18930838,-0.18637909,-0.05692053
0.9132047088188353,0.8746215,0.98812455,0.982011,0.25139835,0.20665455,0.07666744,0.013106935
0.8367583550334201,0.8702194,0.97493446,0.9629616,0.21571691,0.2615664,0.3323209,0.7004141
0.8432067008268033,0.8248834,0.99439776,0.97267884,0.18249722,0.17924415,0.67204916,-0.25182232
0.7386804267217069,0.752167,0.9348164,0.95324725,0.15068917,0.09375445,-0.23889369,-0.4011634
0.92350459001836,0.6918939,0.98113596,0.9757612,0.072891414,0.16655844,-0.06101877,-0.26239577
0.7732455569822279,0.86027056,0.9876656,0.9683404,0.14996785,0.11657043,0.5513074,-0.10634639
0.6607389629558518,0.9936461,0.916262,0.9628947,0.18624015,0.19492356,0.8305509,0.63330513
0.7868827955311821,0.6058848,0.95957553,0.9525124,0.1049263,0.13386108,-0.019099528,0.07214752
0.7659682478729916,0.7002292,0.9389634,0.9540274,0.12291233,0.12571345,-0.22841328,-0.10074079
0.8851213324853299,0.62220675,0.9809345,0.96743816,0.06665683,0.11690531,-0.43464595,-0.007843895
0.8743875295501181,0.8019789,0.9513805,0.9509091,0.35954762,0.36515188,-0.1942931,-0.12870142
0.8988864435457742,0.7087241,0.97401077,0.9685489,0.13051389,0.166473,-0.37365833,-0.5811452
0.7977087588350353,0.8639082,0.9548003,0.96427464,0.22739495,0.13161652,-1.064705,-0.5036699
0.8945422341689366,1.0832653,0.97893435,0.9656065,0.37436277,0.5199065,0.07267675,0.23525472
0.9028246672986692,0.6042764,0.97974324,0.9712483,0.09532373,0.13021143,0.5859902,0.27433717
0.7264716738866955,0.7109954,0.92987883,0.95470774,0.14186774,0.12547302,0.13608184,0.14805597
0.864138816555266,1.0432662,0.9662401,0.95615643,0.34389222,0.56548977,-0.06091205,0.07331241
0.9235911823647294,0.8329051,0.9930675,0.98874605,0.100187406,0.15393864,-0.2713026,-0.7508377
0.869879063516254,0.83120275,0.9735456,0.9670657,0.22550504,0.17397413,0.049493115,-0.095093705
0.8328565154260616,0.92488694,0.98587817,0.9813241,0.22863345,0.16925089,-0.051745962,-0.73530465
0.7670634202536809,0.7212731,0.9549049,0.9466978,0.083535835,0.08790877,-0.8739519,-0.8181001
0.9109006996027984,0.899863,0.9788013,0.96564114,0.34677857,0.48510402,-0.27763143,0.12321
0.8416257665030659,0.81486934,0.96760297,0.9631635,0.1724788,0.23484287,-0.6552009,-0.36262542
0.9625340261361045,1.0217221,0.96884364,0.9792106,0.30497354,0.3782822,0.0818769,-0.031670697
0.9100808563234252,1.0661166,0.97580457,0.97921777,0.305143,0.28416854,-0.6759544,-0.20845346
0.896245856983428,0.86434287,0.9390823,0.9672951,0.26867682,0.1901353,-0.73782206,-0.3005644
0.7569375877503509,0.86303544,0.94936764,0.9576424,0.18804546,0.25477967,-0.46047613,0.07231048
0.4026976107904432,0.5770767,0.94636536,0.9561943,0.066454746,0.05651693,-0.8185198,-0.6205022
0.5950428281713126,0.7277855,0.9576058,0.9456907,0.15639749,0.097865924,0.55049753,0.5601662
0.8303564734258937,0.85068744,0.9754689,0.9569743,0.17169009,0.26190206,0.14197955,0.33498922
0.7428834195336781,0.6835513,0.9756407,0.9529543,0.11788623,0.11673423,-0.8448229,-0.7333163
0.6296100704402816,0.71588016,0.9286408,0.9535952,0.15849748,0.099835396,0.82634056,0.4397718
0.603318157272629,0.7082693,0.9228477,0.94703543,0.13499077,0.087517336,0.29336318,0.5332675
0.7611118764475058,0.83964926,0.95149994,0.9601057,0.252442,0.11005289,-0.41992968,-0.037014212
0.850249960999844,0.85561234,0.9940259,0.96400005,0.19106466,0.1421124,-0.31588867,-0.35690257
0.7696970947883791,0.74881256,0.96585286,0.9623128,0.10827295,0.09288343,-0.1624327,-0.38520992
0.9256877347509389,0.7268249,0.9782704,0.97035646,0.14251393,0.2493108,-0.65307564,-0.6406365
0.8124098736394946,0.9131945,0.9362736,0.9704032,0.3443597,0.13823096,-0.23454204,-0.065700345
0.8264139296557185,1.1121405,0.98760575,0.98076123,0.24047196,0.27027696,0.049587104,-0.84292424
0.8701073524294096,0.7762878,0.9640629,0.9671361,0.23732756,0.2041226,0.05055878,-0.09602347
0.877813879255517,1.0118642,0.9668599,0.96534956,0.51733273,0.32119238,0.14783385,-0.14016816
0.7521224964899859,0.74007803,0.9355888,0.956938,0.2024319,0.15279277,-0.855133,-0.37417513
0.9350284761139044,1.1377274,0.9574155,0.97349095,0.5051887,0.43992978,0.22876734,-0.006579385
0.899439597758391,0.8262354,0.9757611,0.96496624,0.2486623,0.23719716,-0.17496094,-0.0168828
0.8472527330109321,0.5293395,0.9722038,0.9642974,0.082109585,0.10464999,-0.28743696,-0.695579
0.6371206604826418,0.6214687,0.91685414,0.9447253,0.13776676,0.08427816,0.3961317,0.18185127
0.9311901887607549,0.5799551,0.9741541,0.975212,0.061579265,0.14360711,0.25091547,0.24059962
0.5960496801987207,0.5970323,0.9059326,0.9484256,0.13319297,0.08339049,-1.5075035,-1.1545116
0.7479130716522865,0.9220172,0.91640186,0.94482607,0.35078338,0.3482809,0.43385503,0.35788706
0.8409197796791187,0.52795154,0.962257,0.93868804,0.07714125,0.14732502,-0.48110437,-0.15716313
0.7466510506042023,0.6517791,0.9670718,0.95523256,0.08607633,0.12628254,0.21402873,0.38998812
0.8120029280117119,0.66988856,0.9936069,0.9694266,0.12485739,0.15328221,-0.293068,-0.46900505
0.8888271393085572,0.77000093,0.9839941,0.96918523,0.21168295,0.2532258,-0.5086233,-0.3703308
0.8242285769143076,0.68428016,0.9564842,0.9614179,0.07654506,0.1673418,-0.09239524,0.33967006
0.905996999988,0.7648587,0.9683729,0.96944916,0.1765051,0.28475517,0.15304527,0.43997633
0.911443389773559,0.6132137,0.97706157,0.9661822,0.103332385,0.14818539,0.9966512,0.16538835
0.8417795591182365,0.7494522,0.968905,0.95845884,0.21899061,0.19907254,-0.29954433,-0.015679825
0.895188700754803,0.7830945,0.9901441,0.96872854,0.1784751,0.2385558,-0.28724068,-0.04084628
0.958746618986476,0.98502487,0.9881183,0.9875102,0.18624261,0.18585286,0.24764203,0.21818756
0.7681666566666266,0.5877522,0.9544096,0.96959573,0.10085183,0.09333158,0.23283048,-0.35932198
0.7394293257173029,0.5493696,0.9662488,0.9611782,0.04714951,0.09505627,-0.1042536,0.08898302
0.8486051864207456,0.736146,0.9639701,0.95812875,0.2510646,0.2661678,0.2612861,0.42567134
0.759879711518846,0.9519084,0.96794695,0.9561182,0.19493555,0.14607307,0.55320716,0.24292824
0.8880273601094404,0.5961908,0.9752604,0.96880597,0.07152021,0.12827837,-0.37515533,-0.18267772
0.9032095328381312,1.0116943,0.9846628,0.97616845,0.18761249,0.34528628,-0.89191055,-0.32467154
0.9219735758943035,1.2739221,0.97239363,0.97793293,0.5814647,0.2907906,-0.24139117,0.056952868
0.6850742922971691,0.6689131,0.9576973,0.9503608,0.09057203,0.10443792,-0.012906695,-0.2735514
0.8685418741674967,0.90430135,0.9862433,0.96481144,0.15343107,0.3606705,0.64781797,0.56873584
0.9487766911067644,0.9084022,0.9771065,0.975197,0.20822015,0.51345235,0.66491926,0.22207458
0.9270074520298082,1.209723,0.9805708,0.9714708,0.19550592,0.6416254,0.4658105,-0.29813826
0.7499006636026544,0.8483849,0.9463601,0.95812863,0.18792067,0.22549345,0.6856632,0.63176394
0.9004010416041665,1.2345275,0.9844144,0.97309136,0.37962767,0.2988142,0.2085369,0.21602137
0.28975277501110003,0.7643567,0.93166804,0.9385461,0.08174038,0.09592557,0.2286527,0.28284505
0.8439922719690878,0.5553035,0.94287103,0.95345014,0.1278853,0.14050242,0.27524576,-0.01866272
0.9092708050832203,1.3286207,0.9801941,0.98907936,0.36133814,0.24930273,0.16170734,0.41236728
0.8881248964995858,0.4843169,0.96276027,0.97081804,0.06149307,0.1252748,-0.2737409,-0.2146314
0.91400228000912,0.8798857,0.95688534,0.96224046,0.30884805,0.4165266,0.016876932,0.3799903
0.682065544262177,0.76559615,0.96142656,0.95757914,0.11211413,0.14202851,-0.044805065,-0.1402099
0.7637406549626199,0.6720904,0.9741127,0.9654984,0.117563106,0.1177325,0.23812303,0.04524749
0.8333937335749343,0.6696284,0.9766986,0.9822357,0.10230192,0.121419586,-0.10356689,-0.33735785
0.9298659594638379,0.99818546,0.99219245,0.9911489,0.20536174,0.13293809,-0.22361244,-0.08296349
0.9582658490633963,0.8369155,0.99444026,0.98566175,0.21082664,0.2858194,0.39242497,-0.023270737
0.6043038892155568,0.47527778,0.92560136,0.93243635,0.0785479,0.06909685,-0.7214399,-0.70025015
0.8899991119964479,0.6570861,0.9889803,0.9759902,0.06614277,0.12370389,0.38816866,-0.10526369
0.8950344281377125,0.82788646,0.9770351,0.9751657,0.14449869,0.14803724,-0.17023528,0.32684577
0.8526427705710822,1.2736442,0.9913812,0.9812952,0.25261363,0.22028795,1.0198625,0.5541708
0.6545155460621842,0.544936,0.9159266,0.94379103,0.09900496,0.10217359,-0.27459848,-0.31161287
0.8707701390805563,0.83889604,0.9747744,0.96614826,0.16691151,0.251024,0.68581825,-0.19187315
0.8776057504230016,0.7495423,0.9534089,0.9750005,0.18020009,0.15597928,-0.57802385,-0.4137053
0.8918447193788775,0.76174,0.9721683,0.970503,0.15917397,0.1384354,0.35079214,0.1445413
0.8822709850839404,0.9759936,0.9724645,0.96454656,0.20370243,0.36220956,-0.68897283,-0.5441696
0.891815439261757,0.5402041,0.979547,0.9682822,0.07651877,0.122377306,-0.04515444,0.10748605
0.6915882063528255,0.7375822,0.9387074,0.94589067,0.1401209,0.11860505,0.2605631,-0.036743913
0.8564678098712394,0.8589121,0.9536481,0.9633291,0.20363845,0.21218133,-0.13278846,-0.31021377
0.7608288673154693,0.82522464,0.9606861,0.9635657,0.18319742,0.101065464,-0.15329462,-0.46711177
0.7456464065856263,0.68171906,0.9651073,0.9633451,0.11523065,0.18543872,0.56455755,0.51952344
0.8153940455761822,0.77662414,0.9766166,0.96099776,0.105142616,0.11308224,-1.0518891,-0.9190774
0.45806660026640106,0.64115965,0.9305221,0.9427767,0.110617414,0.09386637,0.022857057,0.19740476
0.8874673898695595,1.1718161,0.97893435,0.9636034,0.37436277,0.49554744,0.07267675,0.28425765
0.8599171996687986,0.70411205,0.980266,0.96369964,0.17466256,0.20798267,0.45736817,0.5524806
0.8848494593978375,0.80929846,0.9702166,0.97117317,0.28260294,0.16945753,0.095977284,-0.044297464
0.8871447325789305,0.617466,0.9540208,0.96230924,0.104689665,0.22075376,-0.91257554,-0.15647052
0.7207582110328441,0.7429506,0.9454282,0.9399717,0.14755186,0.26659316,-0.46444815,-0.2778644
0.7474034056136225,0.6963875,0.9563475,0.9694533,0.1107664,0.110311605,0.31915405,0.4927602
0.551998943995776,0.88110983,0.9469788,0.9580776,0.114903025,0.13232535,0.42452863,-0.12684737
0.838315289261157,1.0107106,0.96865994,0.9607631,0.40992126,0.18633018,0.38138312,0.4924609
0.7495693662774651,0.8254156,0.96706176,0.9684333,0.10462838,0.098789915,-1.119895,-0.731293
0.8991697406789626,0.78176343,0.9600068,0.95554924,0.2614542,0.36357808,-0.13059542,-0.11968685
0.8529329797319188,0.8456072,0.96614933,0.9727019,0.22308937,0.2074943,-0.44513392,-0.2647181
0.9718810075240301,0.96374685,0.9938026,0.99070877,0.10661285,0.13733043,-0.28460938,0.035236917
0.9130499561998249,0.681318,0.96371555,0.9685402,0.13432239,0.19596647,0.2789396,-0.06861126
0.8188887475549901,0.8941414,0.9864931,0.9523696,0.3008053,0.34735858,-0.0038600718,-0.26172215
0.8699036396145584,0.73589534,0.98745865,0.9769777,0.120382614,0.19815607,-0.12461884,-0.26192957
0.8762226728906917,1.337273,0.95646584,0.97256815,0.89054626,0.3993087,0.8641751,0.3588131
0.7449825639302557,0.5880276,0.94688225,0.95825857,0.09814521,0.12558861,-0.45194486,-0.086422265
0.6809587558350234,0.5320145,0.9339218,0.9478913,0.05420557,0.098637015,0.57722527,0.4633696
0.9031463645854583,0.875414,0.99471873,0.98076224,0.2768015,0.19725673,0.42654857,-0.068373956
0.9482220968883875,0.92767614,0.98851377,0.98548496,0.20394976,0.34188074,-0.3599818,-0.18879597
0.8278917595670382,0.9149614,0.9860491,0.9676362,0.20536566,0.24544041,-0.6601728,0.25452188
0.885565238260953,0.726663,0.9754689,0.96385187,0.17169009,0.23061036,0.14197955,0.35280493
0.7662455929823719,0.85150975,0.9413714,0.95657295,0.2537398,0.16922832,0.56799227,0.065071285
0.8692160848643394,0.47806364,0.98963994,0.9719467,0.053083014,0.093585335,0.31119433,0.11955769
0.770568394273577,0.8426597,0.94166046,0.95431256,0.2521634,0.15812533,0.3874298,-0.030568583
0.7841159684638739,0.6032007,0.96148807,0.9451183,0.092536375,0.14927159,-0.12942752,-0.2203692
0.7617245508982036,0.743206,0.9871622,0.9754482,0.09109863,0.12964813,0.24721666,-0.49764723
0.9107122508490033,0.9554735,0.9704609,0.9755622,0.3580965,0.2979126,0.48373428,-0.31712863
0.8943285373141492,0.83029896,0.98321164,0.974399,0.128756,0.1480174,-0.8834226,-0.81385547
0.8272859011436046,0.6418712,0.96731085,0.96611357,0.12392585,0.11252555,-0.2182788,0.02167029
0.9132890931563726,0.698613,0.98135924,0.97331154,0.097496405,0.20805772,-0.01344983,-0.077942684
0.7586603146412585,0.71174157,0.9644447,0.9624378,0.17468812,0.110467486,-0.04794593,0.7870525
0.9515971823887295,0.9976097,0.9826825,0.97529763,0.3826252,0.3212685,-0.33713174,-0.04475719
0.8882895371581486,0.869047,0.9932521,0.9759949,0.18849859,0.2626619,-0.15696454,0.40688473
0.9317672470689882,0.8201317,0.99387634,0.98061484,0.22044136,0.3065079,-0.8053989,-0.15243609
0.9381555926223705,0.62453914,0.9858623,0.9722074,0.08136667,0.21307209,0.8124701,0.33235103
0.6265355621422485,0.6874098,0.9504223,0.95379674,0.08094704,0.10911225,-0.120432645,-0.2357829
0.7175068700274801,0.7655362,0.9544172,0.9591043,0.17898366,0.10720308,0.86123073,0.57016575
0.9512444769779078,0.66196984,0.99393964,0.986163,0.07235039,0.11160439,0.18747059,0.07315868
0.8583693854775418,1.2923404,0.95918626,0.9640458,0.7930418,0.41121176,-0.35567105,-0.41527286
0.8736699266797067,0.6198869,0.97766674,0.9642142,0.09124914,0.1323216,-0.8966165,-0.3139031
0.8366101304405217,0.92891645,0.9674873,0.96379936,0.25492102,0.18464366,-0.06383891,-0.21750341
0.8915404941619766,0.8246125,0.9681598,0.96625286,0.20441021,0.33799276,-0.6793156,-0.0975761
0.734505658022632,0.6030596,0.9672696,0.9735606,0.0713717,0.09541437,-0.13339044,-0.20195942
0.556691154764619,0.76839626,0.90026104,0.94428706,0.2084267,0.13464828,0.017745655,0.16307802
0.899755631022524,1.0095968,0.989874,0.98624516,0.06844136,0.13785344,-0.4511124,-0.6118777
0.9204688658754635,0.80021125,0.96628904,0.97552776,0.27328715,0.20917143,-0.34509254,-0.40145436
0.8145597062388248,1.0022458,0.9707343,0.9713268,0.30828387,0.11532402,-0.21590401,-0.3030356
0.9132338929355717,0.65701777,0.9858495,0.97452974,0.09278137,0.14608532,-0.03512895,0.08829424
0.7735179100716403,0.7740288,0.95389825,0.9583417,0.21090306,0.1602267,0.19073176,0.5939871
0.6157967671870688,0.55777013,0.9365023,0.9467123,0.108038865,0.09304827,-0.3813462,0.11788935
0.7761676166704666,1.1619213,0.9260927,0.96206635,0.52237046,0.19695576,-0.23961608,-0.07082464
0.8486499225996903,1.1017834,0.944233,0.9554084,0.49865398,0.48258615,0.42035383,0.4129695
0.8033871815487262,0.7328418,0.97226155,0.96596843,0.12084306,0.12512046,0.1926284,0.74482054
0.7566224184896739,1.0884299,0.9295113,0.94692165,0.5357218,0.47414333,-1.1139796,-0.47984633
0.7830259801039203,0.67504025,0.99259084,0.9883265,0.05341765,0.085169345,-0.8108746,-0.66779214
0.9356044784179136,0.6445852,0.99345005,0.986605,0.079638705,0.13367572,1.1048412,-0.18081306
0.870946587786351,0.5441451,0.97387403,0.9639942,0.09958406,0.09715556,0.49319237,0.23572367
0.8827106668426674,0.84629995,0.9624699,0.9599871,0.2614144,0.2782748,-0.101944655,-0.1147681
0.8011667886671546,0.5939019,0.9589795,0.9567755,0.09369002,0.1527886,0.63908476,0.298198
0.819191244764979,0.9743667,0.96628153,0.9760451,0.17703272,0.20733476,-0.67045814,-0.16553983
0.889868263473054,0.69216037,0.9699696,0.98116064,0.083317176,0.11186346,-1.0540972,-0.54030824
0.79587956751827,0.69815695,0.9373023,0.9610854,0.1311265,0.14994831,0.7066238,0.52298856
0.6360257761031043,0.6717923,0.9043828,0.94965935,0.13969494,0.11020396,0.13541171,0.1599059
0.8172693170772682,0.8176687,0.99406236,0.9748448,0.08061409,0.12904601,0.39283678,0.24731047
0.925634166536666,0.7789748,0.9882483,0.9869188,0.104820035,0.1243895,0.73852515,-0.121694796
0.7168468673874695,0.7662216,0.9691266,0.9516842,0.11859714,0.21807142,0.8184545,0.22112086
0.9269212436849747,0.7445926,0.98485065,0.98117757,0.13293903,0.15315004,0.6374612,0.20424625
0.702377785511142,0.7554519,0.9423218,0.95320004,0.15272039,0.14886245,-0.013185882,-0.100962766
0.8136972387889552,0.9756581,0.98475385,0.97706103,0.17185992,0.17754735,0.2820232,0.5231982
0.48748150192600764,0.67096156,0.9191242,0.93844277,0.10374705,0.112388626,-0.19447404,-0.030988023
0.8252985971943888,0.7995631,0.97532135,0.9640285,0.19220963,0.1741314,-0.29003173,-0.015464106
0.8822939291757167,0.96362716,0.9701929,0.975579,0.2734988,0.2800039,-0.015222522,-0.28451315
0.768624674498698,0.7300438,0.9748176,0.9557028,0.09170086,0.08313762,0.023083797,0.12198317
0.8395375661502644,0.707737,0.9539587,0.9601538,0.18378954,0.1873071,-0.17211483,-0.326626
0.920135360541442,1.1527873,0.99276584,0.9745835,0.32070917,0.33930147,-0.31710628,0.111461386
0.8205373621494485,0.7865028,0.9595145,0.9561753,0.21837208,0.2187512,-0.71064913,-0.43469137
0.9313588614354457,0.72110075,0.9670664,0.9765529,0.10093398,0.15450534,0.47689664,0.51182306
0.9113804135216542,0.6762908,0.9803784,0.97496974,0.0916612,0.15511018,-0.16743721,-0.2846057
0.936758019032076,0.66942656,0.99162453,0.9855583,0.049083114,0.18210287,-0.39896294,-0.066683725
0.88438097752391,0.6294792,0.98936933,0.9728957,0.09334451,0.16376188,0.16347313,-0.18061134
0.9149680438721755,0.64850503,0.986441,0.9822989,0.13867758,0.10718829,-0.155432,-0.050573375
0.9040126720506881,0.81615555,0.9847611,0.97292167,0.1923032,0.26246926,0.07978796,0.16173247
0.8204569138276553,1.0346975,0.957794,0.9443052,0.32701045,0.5982115,-0.26114935,-0.026073877
0.7945627302509208,0.6894122,0.9808204,0.95730746,0.10945428,0.12528613,-0.35593817,-0.21654618
0.7457570950283802,0.64804894,0.9817879,0.95562077,0.13749452,0.11008864,-0.6597183,-1.1593754
0.7956072144288577,0.58309704,0.963382,0.96096164,0.108813375,0.12983058,-0.30013323,0.014320998
0.8345802023208091,1.0790881,0.9665299,0.96550024,0.55588603,0.27971292,-0.014579787,0.25760943
0.9048374113496455,0.70369446,0.9604242,0.9707807,0.17397593,0.23079656,0.12494646,0.16738234
0.8783053052212209,0.5378832,0.99006635,0.9780211,0.07884982,0.10730384,-0.23839323,-0.5879713
0.8794287977151909,0.7906083,0.9931863,0.9556783,0.1731185,0.40490934,0.5530628,-0.09854944
0.8736939267757071,0.824074,0.98925036,0.9710147,0.16670175,0.15675081,-0.4920223,-0.55738676
0.6935881823527293,0.8026776,0.93570894,0.95027274,0.16398995,0.12542658,-0.2766163,-0.071077675
0.8377424549698199,0.7783773,0.95940846,0.96764135,0.2128491,0.18221897,-0.080073595,-0.2363701
0.8815665342661371,0.79405904,0.97680473,0.97728693,0.12448516,0.1295306,-0.5490434,0.0013569053
0.7931202284809139,0.6339817,0.9877055,0.9573283,0.079725884,0.110918656,-1.0660241,0.06407045
0.7760343681374725,0.7558192,0.93358773,0.9466316,0.21822536,0.15858442,-0.07222236,-0.02712532
0.9399049116196464,0.66939366,0.9779597,0.9768651,0.15549688,0.12835844,-0.1038777,-0.27160066
0.8535317341269365,0.5319063,0.9750985,0.954125,0.081769906,0.1211772,0.37708676,0.4445198
0.8433529094116377,1.1144866,0.96605533,0.9777736,0.4974244,0.2749503,1.4511533,0.7236257
0.9097285349141395,0.7839107,0.9874789,0.97414166,0.17193116,0.24119078,-0.6786855,0.1694257
0.7345429061716247,0.7309856,0.93364155,0.94723713,0.18402623,0.20835125,0.011390892,0.043648142
0.8920878883515534,1.242472,0.9935995,0.97792256,0.2436899,0.17850919,0.047101635,0.4155643
0.8396240624962499,0.7238405,0.9584107,0.9732144,0.12989892,0.10503241,-0.039920773,0.03502978
0.7508503954015816,0.69289315,0.9763032,0.97805494,0.09718493,0.10658178,-0.11823715,-0.3239732
0.7371716846867388,0.70329756,0.96509635,0.98368067,0.11646631,0.08881931,-0.95444924,-0.5578691
0.9114895659582638,0.934716,0.98009646,0.98621917,0.26718572,0.19175957,-0.9503988,-0.5508598
0.9072477889911558,1.033959,0.9849934,0.97546923,0.2516686,0.2939294,-0.47718725,-0.37091872
0.8703488893955575,0.7431611,0.97793996,0.979174,0.118884854,0.10873488,0.3169827,-0.057081107
0.7338829995319981,0.9668742,0.8882845,0.9580739,0.3969181,0.15972783,0.7445788,0.77140373
0.8716650546602185,0.8800267,0.9789503,0.9838014,0.11757158,0.14134064,0.80824655,0.501151
0.7744995139980559,0.6246942,0.9438646,0.9508576,0.12866192,0.09869887,-0.50939417,-0.3955588
0.9247362749450997,0.70315605,0.9744458,0.9731977,0.10577921,0.18023683,0.6554092,0.22620924
0.8533322453289812,0.6905047,0.95952004,0.9766276,0.14129187,0.10509304,1.1893432,0.6538374
0.8572168048672195,0.8172385,0.9638498,0.97281545,0.2505991,0.22107545,0.7792061,0.69662714
0.9137899271597086,0.90958387,0.9890564,0.98538715,0.10813078,0.35420272,0.13022791,0.71569157
0.916563858255433,0.8341424,0.98189616,0.97070205,0.31432864,0.4604208,0.5406294,0.19555925
0.9175871263485054,0.787771,0.9786143,0.96461713,0.29818192,0.22387904,0.07367586,0.13818707
0.7401052644210576,0.59456336,0.9343902,0.95657516,0.086428836,0.11906861,0.6872694,0.4230364
0.8756100944403777,0.8756107,0.9363524,0.94764715,0.31803036,0.54243046,0.25487572,-0.1021527
0.8586025704102817,0.70605147,0.9848041,0.9783499,0.09374669,0.16059421,-0.08908909,-0.2551454
0.7883687854751418,0.8515397,0.9883403,0.9888481,0.11941278,0.1741279,-0.2502791,-0.7263819
0.7065234660938644,0.6728807,0.9506929,0.9463577,0.1556611,0.1831794,-0.26406434,-0.022379195
0.9260882483529933,0.6190969,0.976496,0.9749511,0.12792061,0.15589875,0.42040643,-0.20203096
0.6779179436717746,0.6553872,0.94956523,0.952197,0.093585454,0.105837695,-0.83168364,-0.6280927
0.7939903759615039,0.8676751,0.9650327,0.96022683,0.11124581,0.16711229,-0.04961376,-0.22000194
0.9104136896547587,0.85442066,0.9678935,0.9811281,0.24780084,0.17601937,0.10144718,0.4017095
0.918503738014952,1.0788777,0.99452245,0.9713315,0.28928772,0.5398025,-0.2892456,-0.44216523
0.9067379309517237,0.8418846,0.97730374,0.9670178,0.23905265,0.20113371,-0.5988102,-0.33183283
0.9184137856551428,0.7273763,0.9889804,0.9788434,0.15577793,0.1627855,1.6355368,0.12506948
0.6942614330457321,0.8726392,0.94510597,0.94795066,0.23193355,0.12645896,0.22250874,0.44127405
0.9548881715526861,0.8571125,0.9781684,0.9911548,0.17554456,0.12126217,0.49574405,0.4707286
0.9393360133440533,0.6411007,0.99081725,0.98244977,0.110694684,0.16054298,-0.25055876,0.3191606
0.9300826323305292,0.9130837,0.97894686,0.97963756,0.1683275,0.23782726,0.5466624,-0.5296909
0.8917372949491797,0.82176906,0.9901695,0.9746455,0.21712215,0.21591121,-0.0240193,-0.37995613
0.874505418021672,0.69572127,0.9790286,0.9679842,0.09542228,0.15614982,-0.4988181,-0.5045334
0.6869749078996316,0.76622504,0.9601274,0.96382403,0.1379842,0.11209147,0.45770243,0.48058528
0.7541085524342097,0.6386599,0.9621991,0.9586971,0.06463618,0.119583085,0.2219025,0.25794807
0.7620141840567363,0.5770704,0.95715797,0.96057755,0.0724014,0.09520584,-0.8951466,-0.5400367
0.8061469045876183,0.5946956,0.94730693,0.95539784,0.11999767,0.12952603,0.7223909,0.60008925
0.8716481585926343,0.8447618,0.9643756,0.9712497,0.21164006,0.22061244,-0.51017106,-0.1524219
0.8223606974427898,0.646588,0.96699435,0.95218694,0.12041975,0.13321647,-0.6174106,-0.11307073
0.7190616922467689,0.5959392,0.9578268,0.95485353,0.06239267,0.10944474,0.3985665,0.014121095
0.7523266893067573,0.61646104,0.96068376,0.9638724,0.079366416,0.12973057,-0.1867169,-0.054585017
0.8669155316621265,0.7967596,0.9862433,0.9682857,0.15343107,0.19624646,0.64781797,0.61556107
0.8325617942471769,1.1375176,0.98523605,0.988561,0.24846397,0.2352504,0.23192437,0.31141025
0.6455857823431294,0.74622625,0.9139068,0.9476552,0.17768236,0.09249161,0.8198238,0.9798241
0.909757719030876,0.6784159,0.9911209,0.97022223,0.093482584,0.17093468,-0.27689648,0.16826853
0.7244907059628237,0.7559208,0.94646025,0.945549,0.17347233,0.21517512,-0.29113874,-0.43950003
0.7729076356305424,0.7599632,0.942399,0.9489261,0.1403197,0.16284424,0.28174928,-0.29635414
0.9046825627302508,0.7513343,0.97015166,0.96811134,0.20975994,0.2743007,-0.26052022,-0.13910143
0.8817266629066515,1.1361542,0.93264025,0.95512885,0.6576878,0.5912904,0.64967966,0.16994506
0.8685447541790167,0.61984634,0.9503099,0.9671194,0.13766947,0.14033015,0.17417309,-0.27128854
0.6797141108564434,0.7589999,0.96994245,0.96395785,0.08898451,0.1309723,0.7624272,0.79634005
0.9104288577154308,1.0412638,0.9624287,0.9655312,0.31028652,0.5272933,0.20220414,-0.23100752
0.9079324637298549,1.0409427,0.9691477,0.9807526,0.30833167,0.3056579,0.44990575,0.17050767
0.6946481225924903,0.6287593,0.9463194,0.94239616,0.13564835,0.12030205,-0.29401287,0.09525747
0.9358108792435168,1.232438,0.99328065,0.9820717,0.23729329,0.48209417,0.17782271,0.17751731
0.598814299257197,0.61752,0.93589425,0.9485859,0.10635664,0.09306124,0.0065792007,0.0974695
0.7929563558254233,0.7008842,0.9414933,0.9405064,0.20494013,0.25902438,-0.0033353423,-0.40129042
0.8265226980907924,0.5250384,0.96615106,0.94660026,0.06739162,0.15624562,0.32295263,0.14807574
0.8772182928731714,0.7928739,0.98004174,0.9561035,0.20046599,0.3509675,-0.21100023,0.29377565
0.8711617246468986,1.1346322,0.9941139,0.9826194,0.22333673,0.30691475,1.004937,-0.2246287
0.9309032436129743,1.023695,0.9705295,0.98333246,0.31205118,0.38784084,0.11251474,0.024305182
0.8794740138960555,0.7446921,0.9816262,0.95953083,0.14539163,0.19609715,0.48313984,0.078067906
0.7850222120888481,0.7413184,0.95248795,0.958396,0.15982752,0.1633144,-0.4621125,0.2411425
0.9172998931995727,0.6100308,0.9752957,0.9727902,0.10186751,0.107189685,-0.29508644,-0.2646485
0.9647751551006204,0.5753353,0.9896813,0.9900029,0.07319443,0.10463701,-0.51685274,-0.15056105
0.8458979755919023,0.8049889,0.95346564,0.9489012,0.3546197,0.33047473,0.0025226304,-0.7190069
0.9150764283057131,0.73353994,0.98608893,0.97389144,0.14954743,0.2240614,0.46206132,0.007534478
0.8434898059592238,0.8786281,0.9532557,0.9682133,0.2036987,0.1466583,-0.014362459,0.053916983
0.9384804579218317,0.8766403,0.97528285,0.9741605,0.3037833,0.31058684,0.05591167,-0.35048383
0.8785650822603289,0.6367999,0.9720952,0.9683945,0.06991428,0.1578072,-0.30089015,0.14551069
0.9144812259249036,0.8111196,0.9709953,0.9624096,0.30197945,0.29626033,-0.7225736,-0.45187905
0.8570216360865444,0.9398788,0.95505154,0.96825963,0.19588485,0.15880786,-0.50803685,0.004583913
0.8980829203316815,0.8183043,0.98954415,0.9684426,0.15279076,0.21272685,0.3049076,0.45926255
0.7773706934827739,1.0102965,0.98324466,0.97117317,0.2022303,0.12511902,-0.08970379,0.097314596
0.8951393565574263,0.760223,0.96575296,0.9732301,0.13691962,0.20584613,-0.108002804,-0.2799438
0.9036687026748106,1.1723537,0.98057973,0.9801558,0.42869246,0.4039908,0.24440867,-0.41409603
0.7274282217128868,0.6543216,0.9447866,0.94045806,0.12585415,0.111427,-0.67362887,-0.7476702
0.9066366505466019,1.0403719,0.97893435,0.9689218,0.37436277,0.36285043,0.07267675,0.13758057
0.7609300517202069,0.74157673,0.9542061,0.94749516,0.13740769,0.16868158,-0.466752,-0.4622912
0.8283604334417337,0.7284024,0.9389155,0.9523128,0.2021771,0.17919321,0.35107386,0.3360414
0.8047537470149879,0.70364845,0.94034374,0.95739985,0.15424922,0.1273849,-0.78464615,-0.8924193
0.8622878331513326,0.93697643,0.9641285,0.9666778,0.26602525,0.20637108,-0.17974854,0.013828656
0.9141341845367382,1.0105915,0.9856111,0.9716506,0.26688063,0.22592102,-0.46314543,-0.048930522
0.6490839403357613,0.8449425,0.89119494,0.94052243,0.32961366,0.104134925,0.24157827,-0.21688634
0.8269493237972951,1.2036443,0.9675296,0.95117277,0.46721488,0.2961294,0.48366508,0.15272366
0.7939801039204157,1.0500339,0.9511043,0.9518195,0.43459713,0.28535995,-0.15544361,0.10682682
0.8225869703478813,0.87128663,0.9908764,0.9879588,0.08865006,0.19201571,0.19642243,0.131372
0.8371948687794751,1.0058079,0.98945475,0.98794574,0.17639962,0.1858687,-1.2227587,0.12543923
0.8482064008256032,0.63837624,0.96838784,0.9621415,0.11372421,0.1304773,0.08671332,-0.1953958
0.9131051564206257,0.7238231,0.9733505,0.9786916,0.1220111,0.23863764,0.46012,0.11513849
0.8171420205680823,1.0009438,0.93807465,0.94481707,0.4151966,0.2603138,-0.2400093,0.3366402
0.846316537266149,0.8089832,0.9754689,0.96153766,0.17169009,0.19329777,0.14197955,0.31907442
0.875195564782259,0.6074537,0.9881786,0.9626497,0.08500988,0.12227422,0.37816077,-0.23094238
0.8532029328117312,0.6892398,0.9652838,0.95570576,0.17453803,0.21498401,0.7721152,0.6251006
0.92312913251653,0.7696639,0.98205394,0.97356427,0.12447584,0.14435145,0.41363347,0.11871468
0.8354490057960232,0.6324843,0.9818198,0.9580754,0.09846384,0.2089581,0.10558994,-0.2852599
0.6758758235032939,0.64777535,0.9227745,0.94611245,0.103593044,0.13282038,0.47198075,0.14082147
0.768943491773967,0.68481755,0.9763025,0.958917,0.092844464,0.11930094,0.5430998,0.2262877
0.859250477001908,1.009407,0.9735881,0.98254323,0.2940256,0.21545082,0.32917577,-0.39961645
0.7670896283585134,0.66476744,0.89296055,0.93617433,0.1406853,0.1616634,-0.12128074,-0.019777475
0.9322032808131231,0.8459655,0.99416643,0.9851948,0.1589951,0.15800737,0.11404781,0.111875005
0.6358198552794211,0.75896645,0.91859823,0.9430009,0.21396163,0.08944994,-0.17572312,-0.30920163
0.6163894735578942,0.743912,0.9339791,0.9353049,0.2245254,0.11286339,0.2045832,0.16310169
0.6770775563102253,0.79218054,0.9524043,0.9483606,0.15855986,0.15426484,-0.8897401,-0.69877875
0.9488072192288768,0.5700789,0.98677665,0.9817948,0.0819119,0.13287206,0.54230654,0.10942406
0.8388070032280128,0.7379499,0.9661242,0.9705435,0.09735938,0.11348765,0.597155,0.4925201
0.8964778899115594,1.0632536,0.97112757,0.9782244,0.24383034,0.20074724,-0.17953528,-0.13003461
0.7990136920547682,0.73044175,0.96879995,0.96734685,0.09016241,0.13957341,0.16280091,0.1438674
0.799059676238705,0.62898594,0.9578836,0.93579185,0.12474652,0.21779582,-0.12751378,-0.48663318
0.8213473173892696,0.7898826,0.97098726,0.96001726,0.12218907,0.10642028,0.79446596,0.8261498
0.8964125136500546,0.7156456,0.97970676,0.9701984,0.11630427,0.20214881,0.84188414,0.38475928
0.8662349849399398,0.9839755,0.9358557,0.9723409,0.42960083,0.21446192,-0.6930034,-0.53823733
0.9266610826443306,1.3400722,0.9805006,0.9729804,0.61790687,0.3995329,-0.17802477,-0.08477089
0.5769252517010067,0.6204681,0.93529224,0.9461579,0.06076486,0.09700204,-0.2238651,0.10551527
0.7906457225828902,0.5871161,0.93430793,0.945746,0.09871549,0.13740477,-0.08539645,0.23465398
0.9030456601826405,1.0059102,0.9915466,0.97019756,0.2626452,0.35357904,-0.27606297,0.34125128
0.8120492961971847,0.7941427,0.96406484,0.94675446,0.17162752,0.17286241,-0.35984105,-0.019943088
0.5248681794727179,0.50509614,0.90164405,0.93364716,0.06698856,0.082657814,-0.0135027375,-0.0039212313
0.8513624134496537,0.93002796,0.969987,0.975446,0.27626863,0.30707285,-0.11259757,-0.49003646
0.9090253321013284,1.0348685,0.9898117,0.9765884,0.23834547,0.20284642,0.49882734,0.27548352
0.9087608510434041,0.6918279,0.9816593,0.9809422,0.107013956,0.11216572,-0.14877208,0.039665777
0.9651608846435386,1.0541682,0.993922,0.98562515,0.34180376,0.3153975,-0.28427354,0.12098521
0.897822471289885,0.7102539,0.9612013,0.9510925,0.19997884,0.16497543,0.15349187,0.2823058
0.7357141108564434,0.6352616,0.91134346,0.9480665,0.09676701,0.14447358,-0.4515691,-0.25092417
0.6919814239256956,0.5586993,0.9311434,0.9295335,0.083235994,0.08221518,-0.36866036,-0.23567314
0.819062124248497,0.77853465,0.9487151,0.9459195,0.24888611,0.2663127,-0.19085671,-0.109405436
0.922567434269737,0.9209367,0.99268234,0.9911352,0.15503073,0.16679133,-0.015744649,-0.20110929
0.6937846951387806,0.76660955,0.9275772,0.9312553,0.18350883,0.2762878,-0.4884474,-0.6495204
0.5353892455569822,0.7697762,0.9496961,0.9249399,0.19397856,0.12180916,0.0912551,-0.23340288
0.681251077004308,0.5479727,0.9280748,0.9366387,0.09931514,0.10377167,-0.35350007,-0.052467514
0.8266352105408421,1.029202,0.9296494,0.9416868,0.54850054,0.47179225,-0.3041525,-0.13875565
0.8814125496501986,0.921387,0.9637826,0.9822796,0.14858732,0.18160397,-0.29082885,-0.44403818
0.8144633218532874,0.79897135,0.9748644,0.9390992,0.17693716,0.447261,-0.6109521,-0.20412078
0.8671653246612987,0.94074243,0.95424587,0.97467476,0.18192081,0.22198159,-0.48685956,-0.2896454
0.8415527102108408,0.7930318,0.9791406,0.9696393,0.16961731,0.10362422,-0.2834361,-0.17725706
0.6064103296413186,0.63693404,0.94666904,0.9374546,0.07515426,0.1776587,0.4035658,0.2525351
0.7153069252277009,0.7256522,0.9607525,0.94484675,0.14020881,0.15415515,-0.121921696,-0.14095962
0.7983251773007093,0.9519938,0.9522338,0.95672524,0.55627704,0.22948752,0.15607871,0.04839302
0.8455868383473534,0.784257,0.99141026,0.978026,0.1328329,0.12719251,0.20385532,0.8956912
0.9226141864567459,0.817274,0.95814717,0.975815,0.27613983,0.18634643,-0.14138642,-0.20063122
0.9089132036528145,0.7532064,0.97844934,0.96151704,0.17598616,0.32878304,0.58677596,0.0908668
0.8014505658022631,0.85046285,0.97153085,0.9609733,0.23763546,0.1836123,0.3882648,0.37194914
0.592880323521294,0.6216301,0.95788366,0.93440974,0.086725414,0.06857526,-0.65569735,-0.6664441
0.8522850731402924,0.71694094,0.95780176,0.9645528,0.20521435,0.22633855,0.11391609,-0.1389601
0.7820093360373441,0.55772793,0.9382172,0.94717336,0.09856782,0.13485746,-0.40521133,-0.051379103
0.6451185484741939,0.52694756,0.9046579,0.9300109,0.076672494,0.103896685,-0.29389068,-0.27015468
0.8299057516230064,0.61164707,0.9579501,0.9559173,0.12108548,0.17252176,0.23426934,0.38363734
0.7730719882879532,0.71996975,0.9540706,0.96473396,0.15852925,0.08948737,-0.045323815,-0.045432474
0.962007656030624,1.000181,0.9829082,0.98832375,0.18051076,0.14596902,-0.58954793,-0.18267225
0.701067476269905,0.6069178,0.917551,0.9461416,0.1111461,0.11071184,-0.49842042,-0.45445895
0.6694007896031583,0.5540493,0.9670575,0.93924457,0.06902632,0.13020115,0.2982384,0.29648146
0.853938007752031,0.7068009,0.9743178,0.96217465,0.14716636,0.1470759,0.15274091,-0.10509093
0.8641067524270096,0.9613782,0.9542632,0.97445244,0.37793845,0.16386132,0.124708004,0.37182653
0.9484788019152076,0.99592173,0.9941597,0.98645383,0.18339854,0.31892994,-0.53604376,-0.099591635
0.9038615674462698,0.7812536,0.9664481,0.96922976,0.21609269,0.21817769,0.82925296,0.5319492
0.8333381493525973,0.69447225,0.9547072,0.94837147,0.22233936,0.27455428,-0.38171485,-0.74672246
0.946939819759279,0.89424986,0.9939452,0.9880684,0.15371309,0.2743609,0.051994186,-0.43358114
0.9488915075660304,0.8184184,0.98924273,0.98646206,0.19109274,0.25391978,-0.1802089,0.018549904
0.8656304705218821,0.7329945,0.9934783,0.9626844,0.087979,0.25205782,0.088816255,-0.49353734
0.6962361609446438,0.5716089,0.917298,0.9411907,0.09392444,0.13584244,-0.4830735,-0.6481293
0.7622586010344041,0.7439676,0.9439678,0.96546453,0.15050648,0.114802435,-0.7433053,-0.9118089
0.6535902943611774,0.73440534,0.9659105,0.9465087,0.0840841,0.09294548,0.31977594,1.2866598
0.7880876003504014,0.89913654,0.97117084,0.94749194,0.24381526,0.38355142,0.046808854,-0.08819869
0.9085804663218654,0.87671,0.98148805,0.9795791,0.12903923,0.13953955,-0.51835656,-0.2853756
0.8079530558122232,0.5551341,0.98552907,0.9645002,0.03949236,0.092441455,0.86671644,0.5547295
0.752814371257485,0.63654476,0.9611066,0.9580464,0.07321995,0.11521468,0.5837588,0.35103625
0.7730462601850407,0.79106593,0.9473129,0.959018,0.16028649,0.1366566,-0.04075553,0.16661793
0.9374860859443438,1.1382992,0.957738,0.966533,0.6796387,0.8453542,0.009833125,0.023321938
0.6477745910983643,0.5993349,0.92465353,0.9400308,0.08969423,0.12240931,0.27480987,0.56517035
0.5703306013224053,0.48639303,0.9232469,0.9288756,0.068935096,0.1181853,-0.774614,-0.73850393
0.8381959607838431,0.8907624,0.970687,0.9503152,0.21640067,0.3917184,0.45841438,0.50598127
0.9116588146352586,0.7073216,0.9921091,0.98842764,0.08014428,0.112353936,0.39015046,0.7307228
0.9187814671258685,0.85902476,0.985712,0.98110515,0.10801199,0.19333677,0.3473036,0.41181514
0.8108650354601418,0.83294773,0.96785486,0.9560948,0.11911225,0.13482715,0.23184617,0.49053085
0.7908491473965895,0.7067192,0.9635262,0.95050627,0.15327112,0.18873905,-0.899865,-0.61070025
0.9048573794295176,0.5570377,0.9521087,0.9692226,0.1397378,0.13491675,0.82418036,0.47829214
0.9329396997587989,0.869147,0.9865905,0.98752695,0.14868246,0.16264325,-0.24465676,-0.4312815
0.635000588002352,0.7017686,0.93638206,0.9344192,0.15754211,0.11024178,0.54068303,0.59280413
0.8911996927987711,0.5907309,0.98825544,0.96508354,0.09064962,0.16362019,-0.23643155,0.21936655
0.9280600962403849,1.0384104,0.9577111,0.9802993,0.4531966,0.23450522,0.03517097,-0.43536788
0.8876608306433226,0.6949042,0.9663331,0.972116,0.119987175,0.13166907,1.0097581,-0.1261862
0.5681179844719378,0.5635273,0.9083923,0.93526304,0.0683243,0.14451803,1.1518462,1.065801
0.7552459649838599,0.7053631,0.9541533,0.9616551,0.14918965,0.11795256,0.20999305,0.1403607
0.6661204564818259,0.88486737,0.91540504,0.94112486,0.2333614,0.16572215,0.5347075,0.53834486
0.7344426817707271,0.6279691,0.95995075,0.9411949,0.12372555,0.14463294,0.12270781,-0.027128505
0.8239020796083184,1.1895944,0.93493867,0.9470032,0.96195954,0.594533,-0.35592508,-0.48890057
0.629005268021072,0.9690031,0.9638888,0.9472481,0.19642861,0.21602069,-0.29936537,-0.42081535
0.9028219792879173,0.7742695,0.9790359,0.9771464,0.16922683,0.15446739,-0.35746458,0.3107401
0.8872312289249157,0.61270154,0.9548866,0.96158415,0.084956676,0.23413841,-0.76485133,-0.34090936
0.7607987231948928,0.98307717,0.9475229,0.9563958,0.3688383,0.24215697,0.6519915,0.708802
0.8522967851871407,0.6561564,0.9642141,0.95657647,0.13799408,0.2194476,-0.40705594,-0.32436416
0.8581867927471709,0.817746,0.95995116,0.9774474,0.19362321,0.19202928,-0.6390971,-0.12438877
0.8295170460681842,0.6463297,0.9668097,0.96262836,0.11026431,0.16768552,0.9340214,0.85648566
0.8390511322045288,0.7997057,0.9451105,0.9616963,0.25322786,0.16766432,-0.57929826,-0.7815233
0.8045226740906963,0.8498438,0.92755777,0.958611,0.28693172,0.22968206,-0.19550258,0.016527968
0.8913674054696218,0.6819,0.9771308,0.96855927,0.15613037,0.1630804,-0.35409978,-0.30032533
0.7795485581942327,0.53849566,0.9601057,0.9456779,0.0872595,0.15076038,0.32548466,0.5223686
0.6020729362917452,0.6658092,0.95623684,0.9356249,0.060118917,0.17836696,-0.20331374,0.19701557
0.8847638270553083,1.0468066,0.9651078,0.9445879,0.6809234,0.61753637,0.7377264,0.027651528
0.8523043692174769,0.82241297,0.9542575,0.959956,0.21205175,0.18944465,0.5998774,0.5052712
0.8501495445981783,0.6157991,0.955604,0.9486831,0.085100815,0.25741255,0.2680158,0.46037105
0.977073092292369,0.5806605,0.9896312,0.9896186,0.09094171,0.13235517,0.6596146,-0.07875079
0.904323809295237,0.6337547,0.97862923,0.9730313,0.14160351,0.18102893,0.01702822,0.501093
0.8364756339025357,0.6328101,0.9589158,0.9603873,0.11096672,0.15927848,-0.41742557,-0.10601429
0.8936735266941067,1.1585164,0.97478515,0.9676753,0.42074192,0.33377877,0.028362319,0.12292172
0.9691147564590257,0.8683972,0.98838294,0.98488176,0.2567218,0.24829689,-0.22333127,-0.31196615
0.9423838335353341,0.9606045,0.9845879,0.9661416,0.29641914,0.5609967,-0.36746457,-0.19070423
0.9288213792855171,1.1247107,0.987159,0.9834976,0.28009996,0.49901375,-0.739383,-0.36125115
0.832314785259141,0.78852123,0.96718335,0.97925067,0.13538317,0.11123057,-0.25234166,0.17227235
0.9037011508046032,1.0537014,0.96390903,0.9626539,0.5441403,0.63897955,0.5958841,-0.18977556
0.9066348265393062,0.73071945,0.96176153,0.9653382,0.13840643,0.21412934,0.20839103,-0.26143506
0.8507718190872763,0.83603597,0.9558088,0.9807549,0.21486647,0.10344847,0.55081624,-0.31278735
0.8920643682574732,0.768079,0.9742693,0.96918297,0.14503169,0.21717015,-0.19661264,-0.46651343
0.9019400237600951,1.2473603,0.9847197,0.9720207,0.42260364,0.57962656,-0.63085026,-0.014670562
0.7103726974907899,0.92097276,0.9104736,0.93682086,0.2724855,0.1892588,0.11577991,0.5397148
0.843949743798975,0.6982143,0.9659477,0.9579932,0.11382351,0.22953816,-0.43555856,-0.2388184
0.6450182280729123,0.6183701,0.92209655,0.9313776,0.07841036,0.17640342,-0.61302125,-0.6474279
0.8251602606410425,0.7190708,0.98768866,0.98751116,0.121464,0.13186744,-0.29617405,0.3516685
0.8615517982071926,0.7642594,0.94637614,0.9655463,0.20537353,0.18719019,0.5017406,0.24537577
0.870436537746151,0.74495083,0.9888503,0.9783586,0.15186338,0.19766092,0.106658064,0.65322965
0.9461626966507867,0.8588285,0.99158394,0.985559,0.1843948,0.17166306,-0.12338364,-0.0890586
0.953751527006108,0.5870611,0.9907326,0.9864575,0.10349313,0.14985901,0.40711182,-0.11895165
0.4779171756687026,0.61842996,0.9035943,0.93166083,0.09380536,0.09718592,0.17082681,-0.016335865
0.9026066504266017,0.6203011,0.99406207,0.974508,0.08409252,0.16088511,0.43864107,0.9213057
0.585196356785427,0.59532017,0.8855846,0.9226902,0.1539981,0.08542629,0.4874599,0.45655707
0.8858012072048288,0.90188116,0.98648465,0.9563918,0.18195935,0.36313686,0.4265103,0.21570429
0.9046409945639781,1.011114,0.9595757,0.973727,0.3171334,0.17907013,0.3368648,0.22464772
0.927750687002748,0.703926,0.9888653,0.96988744,0.17831716,0.23955718,0.0705413,-0.013376145
0.8117342229368918,0.85155076,0.92636114,0.9460651,0.25226367,0.17707907,0.41062906,0.38236552
0.7847260509042036,0.6772897,0.9463705,0.9582354,0.14369996,0.14356613,-0.07538506,0.16294144
0.6581682646730587,0.53583974,0.94286597,0.93125993,0.05977601,0.07927797,-0.05444313,-0.19955836
0.72737935751743,0.588214,0.921781,0.9516015,0.12050787,0.10744953,0.022653503,-0.14585966
0.8886493465973865,0.8751986,0.96805584,0.96017134,0.20954512,0.27154377,0.42708108,0.3917853
0.869313621254485,0.70906115,0.97676617,0.96783465,0.10204465,0.11753565,0.8548651,0.62629575
0.9220570962283848,0.9441907,0.95608115,0.9685389,0.35780647,0.22900261,0.35186425,0.40897313
0.7888946755787023,0.75588757,0.9857403,0.9511573,0.14354223,0.23533267,0.41949436,-0.35736907
0.9124865299461197,0.8590801,0.95514995,0.95331895,0.34842503,0.62145597,0.6160061,0.3370928
0.8578945675782702,0.9319547,0.97256297,0.9727696,0.22523543,0.3963003,0.7020975,0.11503449
0.8178102792411169,0.9581482,0.9443212,0.9470983,0.37864095,0.4300452,-0.06363074,-0.5611862
0.8665798183192733,1.1663839,0.978037,0.9691911,0.41688707,0.4539035,-0.84465283,0.0255044
0.7951715646862587,0.9221312,0.9693397,0.96193707,0.23287998,0.31806657,0.039396275,-0.057630636
0.9275332461329846,0.7801077,0.97073066,0.9697093,0.23720945,0.26127762,0.0046042185,0.013823269
0.8922796971187883,0.8072839,0.9862433,0.97299945,0.15343107,0.29142964,0.64781797,0.3815555
0.786189192756771,0.6339985,0.9536461,0.9411692,0.07081899,0.08595831,-0.61118764,-0.19106239
0.7231960447841791,0.5817061,0.9615063,0.9502045,0.08008788,0.11686472,0.41481942,0.21369816
0.6601541286165145,0.6521498,0.95572543,0.9463751,0.07767997,0.1328281,0.61438555,0.80068445
0.9212776691106763,0.7560182,0.9584634,0.9645574,0.27626562,0.38045803,0.0069249594,-0.0102734845
0.915179244716979,1.3209914,0.96510494,0.9713478,0.6085096,0.67916113,0.08908143,-0.017923107
0.8726783387133548,0.6798484,0.9906778,0.9609599,0.23881562,0.26173806,-1.0948275,0.41000044
0.8618562154248617,0.8624829,0.95661587,0.9651027,0.24081635,0.19761239,0.53878826,0.42894676
0.7903932415729662,0.8098913,0.9360615,0.95106614,0.28388178,0.1441063,-0.79711777,-0.8095944
0.8149934359737439,0.6431345,0.96775234,0.9681027,0.102102645,0.16351235,-1.0002847,-0.93873525
0.5759815679262716,0.56769747,0.9366185,0.93879336,0.07340661,0.08396227,-0.20783277,-0.29479945
0.8615658142632571,1.0454917,0.94465035,0.9535368,0.46546182,0.21916465,-0.48407972,-0.18235725
0.6875855663422653,0.6298805,0.9476887,0.9355612,0.098020844,0.16206732,-0.12364843,0.08259453
0.9264621698486794,0.9932499,0.99423546,0.9855675,0.24501708,0.26574653,-0.22017476,0.2638473
0.7618330313321253,0.6849841,0.9613752,0.96373445,0.15241641,0.17500636,0.18360828,0.47780553
0.9396129744518976,0.94842625,0.99384016,0.9874777,0.078169845,0.22632976,0.2823988,0.38622844
0.7496401185604742,0.6665811,0.9638646,0.95695865,0.07512282,0.16433409,-0.4356734,-0.42600104
0.7007692990771963,0.6477545,0.9544161,0.9396154,0.1261487,0.1163129,0.07840323,0.034111544
0.8813825975303899,0.75910646,0.9706446,0.95426214,0.11626817,0.14781494,0.7857349,0.5422307
0.9278417913671655,0.7508897,0.98024964,0.9722913,0.13575043,0.24364993,-0.02561334,-0.22196339
0.9130084840339361,0.9840041,0.97859156,0.96343786,0.36784753,0.5103014,-0.21637136,0.11552015
0.8633631334525338,0.9767274,0.98161304,0.97214484,0.2433016,0.28560153,-0.5393636,-0.106394075
0.9455520382081528,1.18659,0.9823225,0.98198646,0.33578098,0.6079473,-0.12848623,-0.20302589
0.8329981159924639,0.7356476,0.9614144,0.95131785,0.12884748,0.22286019,0.70842344,0.13635144
0.8852977811911248,0.927059,0.98205495,0.98555696,0.12185584,0.151348,-0.77480143,-0.30190644
0.8465334981339925,0.78621835,0.9813614,0.9784379,0.14945634,0.14903152,-0.13451153,-0.5132991
0.7428799635198541,0.7142769,0.9180103,0.94078946,0.2124378,0.10435157,-0.3686537,-0.5909279
0.898202152808611,0.7008502,0.9658733,0.9709617,0.14094953,0.2082307,-0.17678131,0.07245818
0.8569803559214236,0.75616646,0.9910179,0.96869814,0.1443663,0.32615784,-0.5084469,0.3858478
0.8970056040224161,0.9001558,0.96361977,0.9514303,0.2902824,0.36989552,0.5811762,0.20897971
0.8670758523034092,0.8767048,0.96727645,0.9784834,0.20586966,0.1662812,-0.43555814,-0.3616365
0.8923472813891256,0.47276154,0.97627074,0.9662353,0.06722703,0.096197106,0.28990582,0.38428926
0.9112553250212999,1.2983048,0.98885936,0.97363544,0.38712856,0.31946853,-0.37044838,0.14122404
0.920934371737487,0.6257781,0.97104055,0.96478885,0.11610332,0.19147651,-0.20279373,-0.0024362379
0.8428386353545415,0.8112123,0.96828043,0.9621662,0.20252527,0.11397176,0.86435413,0.23702967
0.8144590018360073,0.59731686,0.98530674,0.9621791,0.10398862,0.11858436,-0.4241475,0.38559353
0.7871297085188341,0.57055163,0.9685759,0.93941325,0.09114299,0.13881366,0.58353317,0.37287542
0.7602474889899559,0.7655426,0.96808964,0.9644562,0.10519477,0.13369316,-0.06967244,-0.7288244
0.8290769803079212,0.71243095,0.98062783,0.97981906,0.112798765,0.14347559,-0.527148,-0.51885366
0.7901724406897628,0.6517626,0.9520457,0.9499263,0.13675009,0.18170956,-0.46059874,0.050029274
0.7459169356677425,0.6921435,0.97104436,0.9619822,0.08169171,0.114379205,0.3364126,0.5345812
0.9437529910119641,0.6351774,0.98387355,0.98374027,0.12982798,0.16419205,-0.37802526,0.09920789
0.9686001944007775,0.9193741,0.9907258,0.9829957,0.24186073,0.4358263,0.7873625,0.057898294
0.8708346513386052,1.1102844,0.98239106,0.97605,0.24526553,0.17364207,-1.3643688,-0.29117635
0.8015397501590007,0.65194565,0.97328436,0.9561057,0.08230863,0.20732206,-0.06946909,0.1818319
0.9013461653846614,0.97240514,0.9932328,0.9749632,0.35526684,0.34811482,0.49091122,-0.054277834
0.7925593942375768,0.8953959,0.9860634,0.97812986,0.118218176,0.120447986,-0.7533925,-0.63059515
0.9149320437281748,1.0554838,0.9613993,0.97104454,0.49375013,0.6319689,0.61795753,-0.056379203
0.9095114780459121,0.93615615,0.9922506,0.9840934,0.25392362,0.21379738,0.07336505,-0.12735951
0.8697937191748766,0.6472764,0.9800868,0.95652115,0.10417263,0.21586879,-0.14148751,0.12944087
0.8488317473269893,0.8332413,0.9756019,0.9587836,0.1900969,0.2246255,-0.98144853,-0.2788247
0.8798244152976613,0.8322242,0.94671655,0.962662,0.27073455,0.32619488,0.3622761,0.09651842
0.9388041712166848,0.7508549,0.976514,0.9856713,0.11798329,0.16398002,-0.8024489,-0.2247743
0.8975825663302653,0.9163826,0.95466715,0.9612362,0.26551074,0.39569524,-0.22388509,-0.31193447
0.9178113832455329,0.49026662,0.9573539,0.96331817,0.0877165,0.15695168,0.3198425,0.1428015
0.8232531170124681,0.71827114,0.9526067,0.9575348,0.19486699,0.1741514,-0.23700295,-0.0077780704
0.6499271117084467,0.848683,0.92169553,0.94038594,0.2442628,0.22339365,-0.113070995,-0.25844434
0.7832637730550922,0.61964744,0.96246576,0.94453853,0.12810822,0.17549363,-1.122444,-0.44451296
0.8439879519518078,0.6034287,0.9799025,0.9532369,0.09119568,0.12726279,-0.6323257,-0.2333671
0.8629502358009431,0.9747825,0.962896,0.93285877,0.38101628,0.7795772,0.14586975,0.17795792
0.8091054444217777,0.80285335,0.97228914,0.9705406,0.14352453,0.14518744,0.0130943395,0.19165286
0.8727680990723963,0.6418935,0.97777355,0.9667237,0.1250508,0.1474355,0.6175921,0.16108575
0.6452354769419077,0.6229903,0.945981,0.93897957,0.08567528,0.12764081,0.3635189,0.49692494
0.9206192984771939,1.1032006,0.9892727,0.9764765,0.33645415,0.35976398,0.38711092,0.17484485
0.6761545126180505,0.6998987,0.9514677,0.9395834,0.12605394,0.173827,-0.010619692,0.062091127
0.9092090768363074,0.45803064,0.9561548,0.946404,0.06003242,0.124416836,0.21292382,-0.08051684
0.768128064512258,0.63482517,0.9699435,0.9563602,0.12577997,0.12355559,-0.50370383,-0.5845777
0.8364513458053832,0.60636353,0.98616594,0.9549911,0.07136666,0.099404916,0.51076263,0.5120933
0.8034873099492398,0.65812755,0.9319745,0.9568831,0.13603498,0.12681663,0.4018409,0.24181053
0.6511457405829623,0.618286,0.93616724,0.9344637,0.095274724,0.111572966,-0.44749564,-0.5117288
0.9477047508190032,0.8267897,0.9691976,0.9739384,0.293274,0.32961783,0.4386086,0.1290732
0.8992184128736516,0.86659,0.9729734,0.9726173,0.111851685,0.10355026,-0.09371535,-0.02161107
0.8352147648590594,0.5003317,0.9785121,0.9597348,0.06887046,0.13265882,0.36009303,0.63256407
0.623369853479414,0.661689,0.94897366,0.9349635,0.14464693,0.12291877,0.0704067,0.5111891
0.5988653858343127,0.62924474,0.9449655,0.9493067,0.0714412,0.108138494,1.3389062,1.0315721
0.8382591290365161,0.6374993,0.9213871,0.9589542,0.1457765,0.10650151,-0.73036,-0.38319874
0.9277588470353881,1.1953621,0.9949125,0.98742145,0.16065063,0.19187942,0.38247582,0.4681069
0.9516952947811791,0.92344415,0.9868069,0.98417145,0.23460647,0.23991169,-0.8432539,0.016476918
0.8190560762243048,0.79108894,0.96376675,0.9658276,0.13132297,0.18057442,-0.09402176,0.2879823
0.9429136596546386,0.8861396,0.9907167,0.9829927,0.20486337,0.27315095,-0.35705283,-0.07960025
0.9503438973755894,1.0276306,0.99292773,0.9881609,0.16658893,0.26240236,-0.09372251,0.028899698
0.9105959943839774,1.0319201,0.99473965,0.98135966,0.18848462,0.19949466,-0.09844623,0.4592552
0.9491584846339385,0.7105878,0.98117614,0.9780966,0.15998347,0.20055965,0.078587614,-0.04850564
0.7500838323353293,0.914251,0.9272767,0.93279094,0.271143,0.14160362,0.33803555,-0.14048253
0.8136657506630026,0.7725455,0.9503718,0.96595365,0.17393643,0.13393787,1.1049992,0.6024183
0.7981392245568981,0.5688151,0.9583527,0.95825034,0.10938985,0.12115316,1.0080408,0.41105387
0.6748278833115333,0.81955624,0.9549774,0.9515742,0.14173432,0.15372244,-0.15916075,-0.21504313
0.6600559202236809,0.6086618,0.9573241,0.93994135,0.06599754,0.09659668,-0.8775901,-0.564265
0.8513414853659413,1.0503514,0.968403,0.9682627,0.36112905,0.25349322,-0.11007891,-0.002570173
0.853813879255517,1.2433865,0.945594,0.98116213,0.35696933,0.28917786,-0.02699637,-0.13971768
0.594753483013932,0.65906084,0.9102557,0.9467997,0.12774123,0.10990348,0.31348464,0.34174624
0.923197580790323,0.8882497,0.9647885,0.9788259,0.19160095,0.23926164,0.5187378,0.1846714
0.8473249252997012,0.88753617,0.96203667,0.948653,0.3299087,0.27176923,-0.607974,-0.42766535
0.8892132741942156,0.6478695,0.9472572,0.9537828,0.124645434,0.24104491,-0.009427335,-0.13126288
0.7916091824367297,0.60347664,0.9539253,0.9512787,0.10609389,0.14826615,-0.14420374,-0.07656702
0.8817202308809234,0.8790208,0.97280985,0.96140015,0.27966624,0.4698918,-0.48463294,-0.5010887
0.8336510146040583,1.1794139,0.9913851,0.9902028,0.14550357,0.3104382,-0.82330894,-0.07099647
0.9204890259561037,0.93387836,0.97605056,0.98077273,0.14591274,0.22393398,0.13506627,0.010621991
0.9551523646094585,1.394838,0.9840473,0.98677844,0.32628694,0.35390374,-0.8652646,0.1446825
0.7448622754491017,0.835352,0.9652512,0.9628699,0.1779331,0.13283414,0.01224454,-0.11069
0.9584227136908547,1.003534,0.98617977,0.9848876,0.21177314,0.4307157,-0.024124306,-0.08289765
0.6552109728438913,0.5203199,0.9102003,0.93035376,0.09929686,0.123757154,-0.30598027,-0.4484866
0.7410862923451693,0.52009934,0.94461083,0.9356829,0.098698154,0.17542928,-0.19564548,-0.0610893
0.9347073548294191,0.96055585,0.9727042,0.98494685,0.20943919,0.21389662,0.23538974,-0.13332538
0.9317674390697563,1.0814459,0.9883636,0.9854693,0.2888823,0.28141302,0.05053926,0.18443096
0.901255637022548,1.0109935,0.97893435,0.97067094,0.37436277,0.37307858,0.07267675,0.16279025
0.9354771819087276,1.037654,0.98510134,0.9745883,0.37724975,0.40543625,-0.06954466,0.11283638
0.9199010236040943,0.8249237,0.99112225,0.9896704,0.07450845,0.17719533,1.2766837,0.08346752
0.8466061704246817,0.63690364,0.95583683,0.96461135,0.14169495,0.117376365,0.035319094,-0.25475416
0.8594474697898792,0.7878341,0.9725592,0.96581244,0.1778858,0.22064428,-0.23400901,-0.46335718
0.8057246948987796,0.73570806,0.95146585,0.9531304,0.20252293,0.1807149,-0.15687022,-0.05355613
0.9501995127980511,1.0515765,0.98823,0.9839749,0.32115176,0.45442796,0.21729621,0.07143341
0.8959974079896318,1.0159032,0.9781992,0.9649251,0.303949,0.48676193,-0.75641996,-0.0086561795
0.80512517250069,0.8551914,0.9293444,0.95112664,0.2215228,0.3035306,-0.30493686,-0.32200062
0.7760611522446089,0.5317573,0.97811383,0.9538158,0.053698033,0.15241341,-0.4590064,-0.061851557
0.7464875619502478,0.75374144,0.96063703,0.94074345,0.15266314,0.20069435,-0.4482425,-0.38396737
0.8212023568094271,0.69513243,0.94062257,0.9717376,0.15160543,0.122400746,0.06808729,-0.0943254
0.8487906591626366,0.67558986,0.95684814,0.9653996,0.10349395,0.12266674,-0.030438552,-0.0067072264
0.9191703646814586,1.0946337,0.98917186,0.9714087,0.35626566,0.36900935,-0.6675279,-0.15774773
0.9200316801267205,0.7350678,0.9622431,0.97137624,0.18698898,0.12329497,-0.11126751,-0.20273887
0.7464121056484225,0.74773717,0.95339113,0.9394213,0.13832828,0.29053986,0.6278361,0.41382998
0.9075376141504566,0.8631244,0.992452,0.9706404,0.19040997,0.32505324,0.061875112,0.3267264
0.6088688034752139,0.6209029,0.9468931,0.9284569,0.09562326,0.11884587,0.527813,0.49264443
0.8080258241032964,0.6243637,0.93752766,0.94942695,0.14160244,0.17097111,0.005618145,-0.15734787
0.6909701558806235,0.69118834,0.93497145,0.93618876,0.16522813,0.1517319,-0.10718874,-0.24215226
0.9321461605846423,1.2138252,0.9851692,0.96077484,0.8280475,0.86327016,0.5069334,0.36910096
0.8608083712334847,0.8016947,0.9754689,0.94972724,0.17169009,0.42736244,0.14197955,0.22368142
0.9279377917511671,0.91902375,0.9796509,0.9752651,0.3051744,0.31117848,0.38661134,0.12775049
0.7984625538502153,0.6498856,0.9781591,0.9450949,0.14271876,0.14048274,0.19973205,-0.16116144
0.8240423361693446,0.69782776,0.9181105,0.9489487,0.26623702,0.23922117,1.1473908,0.43845162
0.9106048264193056,0.9150254,0.9746705,0.9807719,0.2543484,0.18508025,-1.1482629,-0.12513882
0.9185453061812245,0.8989525,0.9931346,0.9718128,0.23527934,0.3437551,-0.37918887,0.15817066
0.9114083496333986,0.93676305,0.9783605,0.9699481,0.23523118,0.26851088,-0.21176955,-0.4658431
0.7758020472081888,0.6898217,0.92481595,0.94256306,0.16111884,0.14181198,-0.021244362,-0.31141824
0.5759826239304957,0.56702995,0.9046579,0.93357706,0.076672494,0.10530036,-0.29389068,-0.07781316
0.9109377557510229,0.7676228,0.9695829,0.97834283,0.08090338,0.122737736,-0.35586873,-0.17477754
0.7619828879315518,0.94330704,0.9511011,0.9573887,0.25552887,0.26811665,0.27843127,0.54678035
0.7927402589610357,0.6374225,0.9836441,0.9495658,0.08676223,0.14309743,-0.55871093,-0.24786402
0.46070353881415516,0.66422665,0.9398905,0.9306767,0.083282165,0.09696737,-0.44798222,-0.10969298
0.7990519962079848,0.68269914,0.99305624,0.9591827,0.0807022,0.16436103,0.16290869,0.08295874
0.5961020964083856,0.48126417,0.9452115,0.94160753,0.068528764,0.08770769,0.14549468,0.38105026
0.8461512246048984,0.65822196,0.95792425,0.9566324,0.080001146,0.16759516,-0.37448832,0.119675666
0.8292379729518916,0.6350206,0.95719707,0.9580616,0.10249564,0.13398765,0.19714145,0.16563724
0.7742746810987243,0.80863166,0.95683616,0.95766145,0.14835894,0.20956276,0.0704992,0.1344779
0.7642835371341485,0.8572716,0.9703957,0.9488412,0.2707189,0.22715724,-0.064129785,0.24537401
0.8874875499501997,0.7487923,0.983064,0.97771084,0.23942627,0.23233406,0.4522402,-0.42115778
0.7062405529622119,0.6553318,0.94393015,0.9494326,0.10865371,0.13968144,1.1643497,0.9322785
0.7514028776115104,0.9063774,0.94159657,0.93997586,0.22317383,0.31743398,0.34544972,0.14972809
0.8137859431437726,0.7305909,0.9338679,0.95472896,0.20049357,0.11846729,-0.30158144,-0.13752525
0.7807298429193716,0.7531546,0.9369826,0.9534074,0.16370396,0.20844817,0.6069852,0.6125559
0.8222384889539557,0.58550817,0.9790417,0.9577663,0.10094033,0.11670202,0.05061389,0.4895441
0.7826826827307308,0.9794178,0.9617515,0.9429066,0.29059085,0.24470733,-0.16828318,-0.45094547
0.888822051288205,0.8934724,0.93063295,0.9573273,0.48262408,0.26393554,-0.07724505,0.14626913
0.8406871707486828,0.86576474,0.96988523,0.9666268,0.16019183,0.12138903,-0.52700865,-0.326935
0.8040750243000973,0.632282,0.94176567,0.94657594,0.1696008,0.21308053,0.15249938,0.4667723
0.9152928131712527,0.94492316,0.983802,0.9750976,0.30553553,0.33180434,0.48866573,-0.11296668
0.7065202980811923,0.89781064,0.9629749,0.9503872,0.19583823,0.2424195,0.115143575,-0.1440594
0.7574465817863271,0.75521713,0.9481604,0.9562523,0.1698425,0.15848683,-0.6548094,-0.69303507
0.7300498001992008,0.9799108,0.94367456,0.94715786,0.3482828,0.2117415,0.3259169,0.2713765
0.8493266293065173,1.0749575,0.98171806,0.96318233,0.29125828,0.22676776,-0.24078429,-0.21186478
0.9149969399877598,1.0244796,0.98617,0.97312945,0.3393863,0.32044894,-0.07917858,0.19852068
0.8422399769599078,0.7749036,0.9641879,0.95936435,0.17334928,0.15548076,0.8379262,0.5015917
0.9025134340537362,0.54935265,0.99233794,0.9632243,0.103685655,0.13369821,0.08389529,0.44066122
0.706747146988588,1.0207015,0.9483123,0.9610077,0.27780473,0.1605847,-0.34225994,-0.38296205
0.7060383761535046,0.96125823,0.933419,0.9587668,0.21255936,0.20331821,0.6650973,0.6824905
0.7907199308797235,0.7125301,0.9715308,0.9663986,0.11073937,0.097817495,0.8797577,0.5163242
0.9225103140412562,0.9947104,0.99400353,0.97661036,0.26928973,0.29954433,-0.32101327,0.24845222
0.7193884775539102,0.8938945,0.97703123,0.98474836,0.2124583,0.10639021,-0.0063428944,0.48740473
0.9103503294013175,0.7640806,0.96375906,0.967123,0.2287402,0.27373755,0.027619949,-0.11462178
0.806570458281833,0.78945976,0.9853844,0.97928286,0.14966221,0.15478846,0.13193409,-0.24521273
0.9409468037872151,0.6834013,0.990324,0.9769957,0.1698583,0.15550336,0.93028504,0.3054482
0.9552855171420686,1.0515318,0.981027,0.9797829,0.28137523,0.21659195,0.024768045,-0.24057144
0.8056186144744579,0.5416735,0.95099026,0.95392305,0.05716674,0.10149668,-0.51698196,0.04497994
0.8555830703322814,0.92447734,0.9564458,0.9581614,0.3468879,0.25200382,-0.2237049,-0.25356176
0.858812043248173,0.7280502,0.94732344,0.96733624,0.22064349,0.13581464,-0.4412836,-0.26226705
0.9381354325417303,0.61363846,0.97826433,0.9771614,0.10149491,0.16008624,-0.3968827,0.0925781
0.8970127080508322,0.9423354,0.9655584,0.97658265,0.41575047,0.27352485,-0.2630908,-0.32228103
0.7682064008256033,0.88344896,0.9949803,0.98947895,0.09927626,0.18696542,0.0047244965,-0.28747943
0.6685224820899283,0.5451775,0.93082243,0.9261025,0.08041427,0.11641541,-0.46657303,-0.25912276
0.8486713306853226,0.6135303,0.97587466,0.9540237,0.12374381,0.16813157,-0.5322947,-0.321598
0.8588920115680463,0.8263966,0.9735341,0.9625817,0.15686727,0.30354372,-0.59416085,-0.19773903
0.6590330361321445,0.6200317,0.93502295,0.93931854,0.08531754,0.10077071,0.49845248,0.19265492
0.8982875931503724,1.0258975,0.96795017,0.9675502,0.28627333,0.25242117,-0.0043647843,-0.021617299
0.743564638258553,0.6777228,0.9694595,0.9496999,0.12108387,0.15041667,0.35183647,-0.14177239
0.8421653846615386,0.60532194,0.97228134,0.96542543,0.07747012,0.1359346,0.34646958,0.32271162
0.8606337465349861,0.96699584,0.97040564,0.9644338,0.34573555,0.34384713,-0.3274725,-0.03728125
0.8015280381121523,0.88762754,0.9476974,0.9646845,0.20992541,0.11189848,-0.131403,-0.31908372
0.8655538622154488,0.6051636,0.9624777,0.9586447,0.15331271,0.1496775,-0.20287208,0.002986079
0.8879063996255984,1.0028831,0.98527485,0.97242594,0.2676919,0.3643653,-0.79771674,0.07502863
0.8798223032892132,0.68287694,0.97986424,0.97141653,0.10482804,0.11907165,0.23128933,-0.33149183
0.9075946383785536,1.1258509,0.98261875,0.9754771,0.3299539,0.44051278,0.23003481,-0.20672186
0.8569827559310238,1.1523011,0.98206663,0.9661735,0.423699,0.28387135,0.30690843,-0.08121749
0.6804704018816075,0.73800695,0.95174795,0.93152255,0.14480084,0.21034761,-0.063408285,-9.2131144e-05
0.5779273997095988,0.8525278,0.94609135,0.93989766,0.18234782,0.15486301,-0.08858336,-0.3304807
0.8852647570590282,0.6921203,0.95816624,0.9590789,0.17206766,0.19302738,-0.0245029,0.27899408
0.8873287653150612,1.0810182,0.9699271,0.970205,0.4339549,0.30622026,-0.3645868,0.17777519
0.8168244512978052,0.7382529,0.95475185,0.9494117,0.1352349,0.3365798,-0.5160514,-0.40822208
0.7268391633566534,0.7959438,0.9508786,0.9397721,0.17694063,0.16427055,0.027502486,0.10535071
0.7031957087828351,0.65167415,0.9913103,0.9599096,0.05398351,0.11989637,0.73132753,0.37656075
0.8038419353677414,0.5808312,0.9737446,0.9597887,0.05967101,0.11284232,0.1174558,-0.053232275
0.8381889527558108,0.74425113,0.96765125,0.95807755,0.18115665,0.20740972,0.15426166,0.3124037
0.8702965691862767,0.8491091,0.9649503,0.95405877,0.2611792,0.2270716,0.10774735,-0.4098499
0.8342391129564519,0.8955454,0.9860801,0.9752613,0.19989093,0.1802735,1.039788,0.56257766
0.8242281929127716,0.5763037,0.9367777,0.9554566,0.082595065,0.14379762,-0.18824957,0.0089220265
0.6096079104316416,0.60239774,0.94978905,0.9433246,0.091549054,0.12314858,-0.29104707,0.067419104
0.7947362989451957,0.8693968,0.94540435,0.9611331,0.28345034,0.25601736,0.9554262,0.6211979
0.6067028428113712,0.77166665,0.971551,0.95657885,0.06963659,0.14114374,-0.9555676,-0.57369095
0.7953633734534937,0.66684425,0.9607832,0.95063907,0.1263802,0.118876986,0.69841814,0.58157235
0.8312027168108671,0.8002598,0.9459315,0.95233244,0.18761773,0.28031477,-0.51120025,-0.18572368
0.9229622838491355,1.1488675,0.95364994,0.95992154,0.59845686,0.8771614,0.8698783,0.09872893
0.9179827439309757,0.9555095,0.9832782,0.9795372,0.32556662,0.20184511,-1.0066881,0.1945165
0.83825010500042,0.8179391,0.9514401,0.9629749,0.19757754,0.16169617,-0.20282115,-0.049387343
0.9405058740234961,0.6972077,0.98948956,0.9813906,0.12153916,0.20065504,0.042962443,-0.042345922
0.8234524138096552,0.6914378,0.98156446,0.982334,0.08331356,0.08879051,-0.3478472,-0.5802942
0.9303462493849974,0.5503034,0.9823217,0.9781332,0.10601431,0.124763586,-0.28582084,-0.32889608
0.8140966963867854,0.77840495,0.99065536,0.9557666,0.12862757,0.15802082,-0.027164547,-0.5819337
0.8520798243192972,0.9454902,0.92986995,0.95472836,0.45124236,0.3376111,0.18512829,0.3154151
0.889431365725463,0.9140478,0.9726792,0.96622694,0.34144172,0.39756674,0.25653088,-0.027719064
0.8508663794655178,0.81576484,0.988141,0.9725871,0.14347559,0.14759578,0.3690898,0.07210237
0.9188147792591171,1.0140519,0.98938894,0.9743178,0.22123054,0.4895195,0.33863726,-0.3800704
0.9215036540146161,1.4649742,0.9812768,0.9598096,0.576933,1.5572665,-0.19078198,0.14775236
0.8363249132996532,0.9406522,0.9424644,0.96872675,0.31941864,0.16719748,-0.30505523,-0.13574843
0.7930459241836967,0.8343616,0.94526154,0.9499301,0.23139237,0.26853162,0.42702731,0.19949454
0.916318769275077,0.7997942,0.9842015,0.983489,0.18715099,0.18056089,-0.12342075,0.23010932
0.7906734666938666,0.6760834,0.94980603,0.95630634,0.16793124,0.12488126,0.25390354,0.43208754
0.8541992247968992,0.70868707,0.94505274,0.9481558,0.2153754,0.23399527,-0.44138378,-0.40436742
0.8746602666410664,0.83847076,0.96127445,0.9699449,0.27756873,0.2049439,0.20484623,0.4128521
0.615372925491702,0.66363215,0.90511227,0.937909,0.11927145,0.12426475,0.15385245,0.0696113
0.7193592934371738,0.73437256,0.97654927,0.9687298,0.10688309,0.10520431,-0.31936628,-0.3693303
0.8700549362197448,0.73450255,0.98358905,0.9741557,0.08339504,0.15308043,0.24114315,0.11786947
0.8819661838647354,0.7423638,0.9862433,0.9685681,0.15343107,0.30382675,0.64781797,0.54413766
0.910061560246241,0.6958524,0.99473214,0.9750889,0.07114704,0.18737519,0.9499038,-0.2923086
0.7743448573794295,0.86661446,0.9573183,0.9595135,0.29391307,0.12000698,-0.08744955,-0.051547576
0.9202187848751393,0.768212,0.9933962,0.98752546,0.12374897,0.2106028,0.19355835,-0.056903925
0.8086096024384097,0.6874933,0.98106825,0.96308124,0.077088855,0.14722398,-0.23062582,-0.19686142
0.6857324709298837,0.5702452,0.9512632,0.9388893,0.083713494,0.12923966,-0.13678114,-0.3307392
0.9301760407041627,0.8927047,0.98298705,0.98050505,0.23154609,0.31259677,-0.16755891,-0.23845866
0.8546420745682982,0.6746463,0.9665139,0.9538387,0.12883127,0.23705077,-0.495077,-0.072272375
0.8426134184536739,0.76269585,0.965165,0.9740302,0.13824002,0.17904389,0.07309412,-0.17569257
0.9295375164589664,1.035398,0.9935162,0.9924916,0.12695563,0.1786439,0.19850625,-0.05872113
0.9273647654590618,0.93590575,0.9841509,0.9721621,0.13729626,0.4335408,0.7819157,0.41032735
0.816810531242125,0.752178,0.98392195,0.9657221,0.11361295,0.14349043,-0.5726521,-0.8821846
0.6642858891435566,0.5796005,0.93568456,0.94106096,0.11491451,0.11609739,-0.26329896,-0.13623314
0.8941758007032029,0.64085305,0.9734882,0.95988363,0.14494912,0.17372184,0.13543464,0.05916766
0.9129092196368785,0.8545933,0.9703808,0.9806978,0.19729535,0.24544044,0.76778626,0.42518073
0.8911995967983871,0.643964,0.9893095,0.96656317,0.12951615,0.18445441,-0.37497342,0.36027795
0.7720670562682251,0.99977875,0.9424981,0.9710657,0.35626504,0.17637058,0.80810755,0.03648123
0.9446400345601381,1.0275867,0.99244595,0.9871482,0.19684295,0.23160228,-0.62173057,-0.03883642
0.8917717590870364,0.6634067,0.9488688,0.95818204,0.14515427,0.21668872,-0.42016357,0.042987373
0.8966200664802658,0.6993688,0.9830939,0.97917783,0.09525223,0.1430241,0.4606272,0.46381998
0.8069130836523345,0.83270603,0.9601717,0.9643819,0.26047623,0.15689707,-0.41753078,-0.4699297
0.8471047964191856,0.733944,0.961664,0.9542741,0.1493359,0.17289814,-0.26598597,-0.06425513
0.9335890463561852,0.7338262,0.9917315,0.97931325,0.13354546,0.182474,0.24771112,-0.16535713
0.8235919023676095,0.6420897,0.9504852,0.94499856,0.16360512,0.21569733,0.47792098,0.047837388
0.7512829731318925,0.7063648,0.957467,0.9661861,0.13413133,0.13036628,-0.36170396,-0.3621783
0.6377261349045396,0.63217074,0.9234499,0.9366624,0.16039568,0.16146363,-0.27126783,-0.061947994
0.8500944403777615,0.65866894,0.9713671,0.9574439,0.14798908,0.19478062,-0.42902493,-0.34599525
0.8409031716126866,2.9873605,0.98252577,0.9903006,0.2835415,0.4336903,-0.19429745,0.21315747
0.7300460561842247,0.83376575,0.93460417,0.9487686,0.19205946,0.15774225,0.28183874,0.021487374
0.8608714434857739,0.68833894,0.9691543,0.9655627,0.11927344,0.19109416,-0.40368074,-0.028495606
0.909062580250321,1.1896262,0.968823,0.95121413,0.3059658,0.29610774,0.10124068,0.29879653
0.8288214272857091,0.7585767,0.95669425,0.9488532,0.12156682,0.159003,0.2959881,-0.02291408
0.8288634754539017,0.759008,0.9717937,0.9760324,0.08739269,0.1518343,1.623559,0.68917805
0.864131808527234,0.6286759,0.97278327,0.9492842,0.14831561,0.16426334,-0.010591596,0.1694478
0.8707754191016764,0.7340451,0.97231174,0.9712304,0.15407172,0.13550413,-0.19977649,-0.38042957
0.8680928803715214,0.7075123,0.97856104,0.95149326,0.15127015,0.31498498,0.53109115,0.14610429
0.9549213876855507,0.93105716,0.9878611,0.9812958,0.20172803,0.38371027,-0.038674165,-0.07098743
0.8562511370045479,0.65773743,0.98128915,0.96723044,0.09853204,0.15466326,0.037911523,0.43343136
0.7985648902595609,0.6355407,0.942421,0.94753397,0.1198558,0.17717215,0.66523993,0.5389617
0.9326185784743137,1.2947702,0.9824187,0.97365934,0.49132445,0.7162011,-0.62860405,-0.013920276
0.9428439633758535,0.772018,0.98173076,0.981727,0.13886325,0.22480077,-0.12599468,-0.2981031
0.8708848595394381,0.7103191,0.97041005,0.963165,0.14888711,0.13234192,0.03378791,0.13626377
0.8557936951747808,0.85569715,0.958625,0.95901775,0.22552963,0.25162998,0.69038343,0.17098512
0.8452719570878282,0.62285185,0.97085744,0.9594789,0.117738485,0.13503729,0.33496258,0.2268411
0.8825127140508561,0.73267144,0.9513442,0.9584461,0.17475401,0.21201934,-0.3705473,-0.52951807
0.9098445033780134,1.1384397,0.98828185,0.96293044,0.27244323,0.466011,-0.5598107,-0.37937307
0.7418079272317089,0.76779807,0.95650584,0.95501286,0.16081582,0.15756007,-0.31926295,-0.21929099
0.879006972027888,0.5087425,0.9613967,0.95063126,0.08034731,0.14035054,0.04607,-0.20135581
0.8715464941859766,0.6421769,0.96104467,0.96569294,0.11108308,0.19064534,0.2716318,-0.017133621
0.9570213960855842,0.7255243,0.985258,0.9819996,0.11128211,0.14768474,0.22268128,0.27416393
0.6510031800127201,1.6210012,0.9944483,0.9917133,0.2106057,0.20067203,0.44011274,0.3354871
0.7862868251473006,0.6782182,0.9444073,0.9372242,0.14852004,0.11825582,0.20789117,0.4428608
0.9088039552158209,1.118362,0.9799106,0.96575665,0.41195112,0.6543694,-0.16738743,0.05158581
0.8212727250909004,0.9316526,0.9798586,0.96214813,0.1545858,0.29631925,0.8501562,0.72032446
0.957059508238033,0.8025635,0.98383445,0.98106855,0.17407297,0.1859544,-0.14980248,-0.10291546
0.7547254509018035,0.70803857,0.9373503,0.94945747,0.17330632,0.14694858,0.31326243,0.28695992
0.9185092100368402,1.0260619,0.99254096,0.9736536,0.3351437,0.28091067,0.09735036,0.45437184
0.9196616946467785,0.883899,0.97158027,0.9804872,0.23464067,0.22336143,-0.56130946,-0.23198101
0.8406808347233389,0.7775018,0.95325816,0.9642465,0.24080774,0.1475412,-0.19322771,-0.29526412
0.8521040164160656,1.2663207,0.9435944,0.9417089,0.72990716,0.95425,0.45635313,0.40469146
0.8676109584438337,0.76921123,0.9550376,0.969601,0.22546348,0.16029537,0.315733,0.0101266205
0.6225751623006492,0.5914028,0.9637795,0.94667035,0.075812735,0.11434637,0.68380594,0.74518687
0.4631130524522098,0.62753475,0.93941534,0.93960345,0.084341556,0.1174662,0.6923931,0.45119166
0.8130801483205933,0.75472766,0.95158577,0.95093167,0.13442448,0.29108277,0.14688216,0.07452794
0.831065820263281,0.7547094,0.97605425,0.968287,0.07670286,0.12719977,-0.7683091,-0.5258477
0.562070824283297,0.6473956,0.9783415,0.9460524,0.06478226,0.11365735,-1.4913579,-1.0219439
0.8952402529610118,0.80334806,0.9691106,0.9690169,0.12178613,0.20584445,-0.47988102,-0.59397477
0.8071694046776188,0.9705114,0.9638786,0.9621738,0.24334905,0.1337026,0.14436002,-0.41069722
0.7055872703490813,0.65925014,0.9230347,0.9510124,0.13859698,0.117439784,0.9226478,0.6804569
0.7604823059292237,0.55813736,0.9515853,0.9369425,0.08328907,0.10168924,-0.0063197347,-0.08266772
0.9535667262669051,0.76091826,0.99207914,0.9858753,0.14474961,0.1479207,-0.49183705,0.092889234
0.9111104604418419,1.1477798,0.97893435,0.97329694,0.37436277,0.25658974,0.07267675,0.1945948
0.6661663446653786,0.7337659,0.9593306,0.95639116,0.12989359,0.110049926,-0.17954022,-0.1944098
0.8064919299677199,0.7281692,0.9593581,0.94412595,0.18473996,0.25664622,0.95782226,0.6877902
0.8744505058020231,0.7814381,0.9754689,0.96401846,0.17169009,0.329317,0.14197955,0.26177248
0.7948383473533893,0.7160052,0.9737876,0.95173204,0.17000397,0.17276323,-0.19985043,-0.26273784
0.7325936183744735,0.6495802,0.96979207,0.9594843,0.051403355,0.116023794,0.24710895,-0.0221019
0.7759655358621435,0.7249717,0.94897854,0.956444,0.15498114,0.18218358,-0.2836884,-0.60783994
0.9159679838719355,0.98310715,0.9673648,0.9672563,0.31520414,0.44950768,0.10194687,0.15445267
0.8687663230652921,0.8673166,0.94488275,0.9656626,0.3168128,0.23469834,1.1349133,0.22327836
0.8801355525422101,0.94138736,0.9534673,0.95633405,0.2832383,0.53689843,-0.28691277,-0.16060726
0.7965384181536727,0.95032763,0.96546376,0.9619584,0.2326105,0.38823807,0.45267755,0.6954766
0.8602921771687085,0.7571472,0.96695435,0.96470296,0.109461956,0.15196705,-0.21001403,-0.25840348
0.6969504038016152,0.93501097,0.93812746,0.94971645,0.30445653,0.15666923,0.5071738,0.26893917
0.8800545282181129,0.6685916,0.97871935,0.9650053,0.089742556,0.19027539,-0.2067543,0.16539505
0.9302771291085163,0.8901174,0.9768876,0.97944754,0.23887363,0.39638662,0.8334829,0.30215988
0.8254121656486626,0.7253346,0.9595452,0.9615434,0.119139895,0.16198617,-0.31951705,0.014380902
0.866247656990628,0.5609954,0.9844257,0.9741127,0.06451512,0.11980392,0.3920183,-0.5114057
0.9113302053208213,0.67576694,0.966568,0.9719294,0.07904219,0.17231117,-0.8918006,-0.32542524
0.6227368269473077,0.7726121,0.9333194,0.93345046,0.14490631,0.1128981,0.26286936,0.26258913
0.7798947355789423,0.78884465,0.9478152,0.9494327,0.20901334,0.117543444,-0.43400317,-0.43929955
0.7124283537134147,0.61620504,0.9104954,0.9423434,0.1523057,0.14824824,-0.22510312,-0.33934137
0.8644202896811587,0.8565513,0.9831509,0.9672962,0.14629261,0.22809981,-0.8831296,-0.20597547
0.7866393385573541,0.71465653,0.9653833,0.95254976,0.07737094,0.17268199,-0.6728543,-0.37059605
0.8861775287101149,0.75158304,0.96014434,0.967017,0.19069317,0.15588187,-0.19046852,-0.047102984
0.576746498985996,0.61065596,0.9720357,0.93593043,0.08873173,0.15472104,-0.5720699,-0.46444288
0.9499678638714554,0.75367665,0.9783715,0.9854383,0.14595702,0.2066999,-0.5227513,-0.09974888
0.8837237588950356,0.48749834,0.95380884,0.95291907,0.10234646,0.15000825,0.2467712,0.068276994
0.9520979203916814,1.7262305,0.9914551,0.98355067,0.2826987,0.7215541,-0.22566794,0.059639435
0.9297285829143317,0.91991544,0.97801405,0.9780429,0.3495746,0.29697445,-0.6144182,-0.21745667
0.8903485533942135,0.96891457,0.99104726,0.97768414,0.18486753,0.15706544,0.6153148,0.557799
0.7836633266533065,0.95784146,0.9421007,0.94906634,0.32995352,0.17458512,-0.18399231,-0.08659856
0.6961420805683223,0.7777673,0.94404715,0.9490767,0.1670546,0.1203382,-0.41991308,-0.21383049
0.909757623030492,0.8897189,0.97082067,0.97199863,0.23371905,0.21880032,0.6342976,0.30578077
0.7979461677846711,0.7044824,0.9548815,0.95338327,0.20093086,0.15829569,0.87779677,0.49407372
0.8550121560486241,0.6387159,0.92763585,0.9571256,0.12828311,0.15108879,-0.03306833,0.18979242
0.8344223776895107,1.0290519,0.9562399,0.9646465,0.23664905,0.14767987,0.2684119,0.15286255
0.8648978915915664,0.9210598,0.96384573,0.953519,0.29924884,0.2571561,0.73477,0.29518634
0.8644595538382154,0.6357506,0.96815455,0.97746587,0.10512362,0.14293382,-0.4229279,-0.32111123
0.8982063768255073,1.2335855,0.99382526,0.9807734,0.2659057,0.21906252,0.6116529,0.55476445
0.8809479077916311,0.7746258,0.98603296,0.96585965,0.17918724,0.19417462,-0.54580456,-0.15422684
0.8162568010272041,0.607291,0.93459445,0.9572954,0.12198769,0.11391141,-0.9396515,-0.6644181
0.7937206148824595,0.6825633,0.9680958,0.9536582,0.10520965,0.1686335,-0.5302118,-0.3814801
0.8715854703418813,1.2544569,0.98177433,0.95698225,0.617234,0.7203117,0.93555593,0.65194196
0.944385249540998,1.0819676,0.9739742,0.98142666,0.37484175,0.24762905,-1.3139151,-0.0036668254
0.9099282157128628,0.8211817,0.9811276,0.9784614,0.22264664,0.20879462,-0.6262657,-0.14083259
0.7869151476605907,0.6939832,0.9417775,0.9565875,0.1633107,0.108067356,-0.7281582,-0.7100408
0.72474923499694,0.63231707,0.947901,0.94946444,0.13112502,0.13912204,-0.093930975,0.09909592
0.8612342289369156,0.6829839,0.9597434,0.9646248,0.06647252,0.1773668,-0.8232162,-0.17912455
0.791627806511226,0.58764076,0.96398723,0.9512854,0.078373164,0.16157758,-0.2115148,-0.15362237
0.7032317089268357,0.768967,0.95827436,0.96270174,0.12258071,0.15806139,-0.8551716,-0.3422385
0.7352278689114756,0.90099007,0.9376408,0.93721527,0.24354085,0.19053538,0.90146357,0.62937653
0.7368360673442693,0.81564134,0.8982975,0.9488801,0.24914664,0.121063955,-0.009759677,0.17004475
0.8859656558626233,0.7136062,0.9585687,0.9632304,0.14642726,0.18212347,-0.8612634,-0.47996834
0.8251809007236028,0.77523774,0.95303386,0.9481596,0.15659417,0.29746497,0.4558191,0.42656294
0.6784210816843267,0.6251772,0.99306947,0.9445793,0.058746167,0.14919461,0.3453109,-0.274374
0.9065827943311772,0.83005744,0.9724692,0.9568794,0.330665,0.37030497,-0.34633654,0.23257165
0.6885675542702171,0.6271323,0.962567,0.9427795,0.07357701,0.1305192,-0.07791191,0.41599777
0.8964126096504386,1.0487891,0.9665119,0.97313654,0.40327463,0.33198872,0.39734918,0.37397608
0.9490238920955684,0.57718164,0.9810645,0.980738,0.10884845,0.14145502,-0.5439935,0.14749338
0.54675175500702,0.5893372,0.9545923,0.9347134,0.061313532,0.104567416,-0.48547247,-0.60300237
0.5901867447469789,0.670391,0.955223,0.944585,0.08660985,0.15798044,0.8587845,0.5442437
0.6836219984879939,0.5997984,0.92032385,0.941217,0.10414943,0.14980567,-0.44407433,-0.63581204
0.9272583970335881,1.3668337,0.9598704,0.9711204,0.6423592,0.57177186,-0.19896682,-0.14317438
0.8557086388345553,0.7607544,0.9769159,0.9776812,0.11522784,0.1868298,0.61940795,0.39531696
0.9240261601046402,0.83436185,0.97704476,0.9816334,0.23041786,0.17231907,-0.057768583,0.07749793
0.7971420685682742,0.6206828,0.9734073,0.9545326,0.07021015,0.20531946,-1.1667182,-0.5710147
0.774128568514274,0.5791484,0.9703142,0.9547271,0.07358243,0.110677086,-0.6111053,-0.21538319
0.8307737870951484,0.823993,0.96387535,0.9739268,0.12266311,0.12983014,0.06313064,-0.085802525
0.8467320269281077,0.70353365,0.9671524,0.96199465,0.17725624,0.16862166,0.6887978,0.24670814
0.8792073939305534,0.90604323,0.9712499,0.9614841,0.26254988,0.28202388,0.19713889,0.24718568
0.8183453853815416,0.97450656,0.93386966,0.9569684,0.36125427,0.220696,-0.31040457,-0.22512695
0.9169148356593426,1.2137834,0.9681718,0.96683574,0.38189185,0.22640923,-0.17289703,-0.039079845
0.7557423829695319,0.7988408,0.91647136,0.9499784,0.2634147,0.149763,0.42946604,0.43366432
0.8645449941799767,1.0315119,0.94357264,0.9580419,0.35998687,0.34789607,-0.15231666,0.2890163
0.7730548042192168,0.7660894,0.9680993,0.952989,0.121089496,0.22325946,0.22349596,0.17643642
0.8187053868215473,1.0150454,0.92809933,0.94472593,0.50674766,0.42161766,0.27074963,-0.1373123
0.6226198024792099,0.58233154,0.9046579,0.93700147,0.076672494,0.15898354,-0.29389068,-0.08102271
0.753067044268177,0.5043641,0.97484756,0.9458987,0.07413884,0.12856552,0.08600876,0.06398292
0.8230923163692654,0.8544848,0.9600878,0.9625109,0.20951162,0.15030101,-1.2025807,-0.5860027
0.5565066420265681,0.8343746,0.9031241,0.9450155,0.19411547,0.13217305,0.09604182,-0.1612738
0.8966116184464739,0.7967097,0.985449,0.96555865,0.12265589,0.27021697,-0.114963084,-0.13440543
0.751687518750075,0.7618815,0.94126004,0.9499502,0.18682586,0.17020145,-0.20620874,-0.058089327
0.8884047376189503,0.82403636,0.98036087,0.96899945,0.14871569,0.24686064,-0.039576795,0.15786186
0.832626114504458,0.76240605,0.9379003,0.95140433,0.22147563,0.15243562,0.25024566,0.08937375
0.9390776763107052,0.9152594,0.9918115,0.97701186,0.22931038,0.19008853,-0.51077485,-0.13569808
0.9362354889419556,0.8106482,0.9773615,0.9791403,0.21636678,0.1720984,-0.8417771,0.07464254
0.8970327721310883,0.740102,0.9855275,0.974949,0.08647245,0.15698203,0.22044204,-0.044060312
0.7539260557042228,0.67451435,0.95844615,0.96026707,0.08344268,0.12291781,-0.7268598,-0.50569016
0.7847316189264757,0.94217837,0.9440196,0.9482854,0.29939643,0.19342557,0.045749065,0.060704198
0.8189198516794067,0.6479298,0.95407236,0.9564921,0.08297409,0.18084584,-0.5719236,-0.3675551
0.8330222120888482,0.80745745,0.94830936,0.94725335,0.16855066,0.22697896,0.31525624,0.22736043
0.8999929439717758,0.7569328,0.98207396,0.9695387,0.13469714,0.17417805,0.7658496,0.7616303
0.869749846999388,0.7686097,0.968392,0.9695878,0.18982112,0.20610775,0.18450776,-0.00672687
0.9369656678626712,0.68685913,0.9945311,0.9817658,0.07308539,0.18765417,-0.36835378,-0.2209893
0.8782457849831398,0.58473253,0.9501229,0.961179,0.1291222,0.19109264,0.7581419,0.4299884
0.8592791811167243,0.80372083,0.94131225,0.967017,0.16635884,0.16884296,-0.27486262,-0.17955516
0.6395187500750003,0.5484855,0.94721043,0.9395534,0.06926688,0.09205673,-0.9526868,-0.70709294
0.8511779007116027,0.92029047,0.9744041,0.95887786,0.26658475,0.31350118,-0.649617,-0.44157898
0.8215384541538165,0.65187645,0.9873854,0.9684327,0.10458064,0.11452878,0.10405915,-0.36497816
0.8760325921303684,0.7913448,0.9481106,0.97749466,0.20430057,0.12930052,-0.31414458,-0.082453206
0.5449643238572953,0.64639026,0.9278519,0.948783,0.09997527,0.08815229,0.2607353,0.13955958
0.6362355369421477,0.64489627,0.9479291,0.94627494,0.09692404,0.13579904,-0.35728693,-0.31636754
0.9493975255901023,0.78696436,0.9922051,0.9905611,0.11432058,0.13269927,-0.45263198,-0.43946156
0.9458783435133741,0.9605039,0.97416943,0.9848356,0.25811675,0.20601653,0.8754381,0.08620519
0.9465491941967767,0.9773275,0.96147764,0.9774441,0.437713,0.24296318,0.23423132,0.08531398
0.9626604586418346,0.5878762,0.9933243,0.98637146,0.08124454,0.112894796,-1.7428838,-0.3062362
0.7953828615314461,0.6880357,0.9511826,0.95967996,0.18687534,0.17257914,-0.3554921,-0.15572138
0.8765127860511441,0.5148532,0.9849024,0.9602324,0.07235534,0.11207612,0.3297403,0.5814511
0.7863409693638774,0.6890898,0.96630627,0.9650369,0.13557781,0.12496393,0.89317226,0.64699733
0.7914936939747759,0.88602424,0.9573909,0.9413105,0.2357167,0.28341445,-0.4678325,-0.47922957
0.9183437053748215,0.99680644,0.9934449,0.97235227,0.37898588,0.4590049,0.30576852,0.09080963
0.955504014016056,0.77096784,0.9932276,0.9882871,0.090422206,0.13114858,-0.17026426,-0.05771179
0.792754659018636,0.6639577,0.97008,0.96349746,0.1272435,0.14328203,0.008790234,0.00010533858
0.7667728270913083,0.5139484,0.964377,0.94010526,0.0770589,0.13958222,-0.027930373,-0.11381733
0.9254919899679599,0.82861936,0.97936636,0.9699188,0.19299471,0.23736179,-0.8546709,-0.0827894
0.874244296977188,0.69999343,0.97092205,0.9612447,0.11394554,0.16385624,0.001415518,0.3721735
0.6996164304657219,0.76541203,0.9477548,0.9473588,0.20404123,0.13366032,-0.2728894,-0.06201478
0.8640754563018251,1.0398309,0.94049007,0.9700932,0.44634488,0.28829437,-0.78186727,-0.11325943
0.8170216360865443,0.9996788,0.9862433,0.9736701,0.15343107,0.18085676,0.64781797,0.45847818
0.5382603290413162,0.78218013,0.9165171,0.9470656,0.15955628,0.07886713,-0.93646115,-0.49679106
0.9514874539498156,0.6426333,0.9844422,0.975446,0.122757845,0.23434138,0.30712906,-0.11088326
0.8080108480433922,0.5773384,0.95926005,0.9497254,0.09747365,0.15346076,0.82965165,0.35561788
0.8612223248892994,0.87562925,0.9719659,0.9525174,0.2256752,0.16994615,0.32008892,0.45202407
0.7214282937131749,0.6647555,0.9387184,0.94482166,0.14830258,0.17721942,-0.33620325,-0.11457119
0.8178407113628454,0.6421646,0.954508,0.9483339,0.15884481,0.17160694,-0.060983695,0.39814144
0.7777157188628754,0.7996855,0.96470535,0.9530446,0.29771394,0.18411054,-0.27946183,0.23858811
0.9294715898863596,1.20548,0.97777843,0.96801114,0.43437767,0.4040939,-0.53238374,-0.0023398225
0.911127836511346,0.87543344,0.9914146,0.9727438,0.20853461,0.24102715,-0.41413462,0.21288621
0.8894988539954161,1.131363,0.97893435,0.96839195,0.37436277,0.33125404,0.07267675,0.25579703
0.898322729290917,1.0074251,0.9737897,0.9805328,0.17358863,0.1807588,-0.99233073,-0.23885757
0.7582238008952035,0.550709,0.96512794,0.95457673,0.06900339,0.12938718,0.21425782,0.18491441
0.9193336613346452,0.7568351,0.98260874,0.9736727,0.17724665,0.19948417,0.38781476,-0.37075314
0.871817119268477,0.9022904,0.9499794,0.9648687,0.37225547,0.3800381,-0.09897182,-0.16181943
0.5199496957987831,0.60680455,0.9038258,0.94344693,0.09264598,0.0887237,0.4156399,0.5308152
0.8462972411889647,0.82479745,0.9754689,0.96670574,0.17169009,0.2620234,0.14197955,0.23113365
0.8665586982347928,0.9141058,0.9656068,0.9649724,0.19444326,0.15711287,-0.71122795,-0.39344972
0.8889847719390879,1.0059487,0.96382,0.96008587,0.44327655,0.5973471,0.4613528,0.2992582
0.8910862203448814,0.79605955,0.97796786,0.9854947,0.15523587,0.14179692,-0.5714418,-0.062468078
0.888133728534914,0.7962758,0.9752388,0.9779727,0.16774899,0.16289005,0.06627709,-0.23748544
0.8644874899499598,1.3941963,0.9441854,0.9649842,0.82937914,0.37750894,0.2948419,-0.24644792
0.8487928671714687,0.827536,0.9713717,0.9809089,0.098791614,0.1005768,-0.033136908,0.19063987
0.6994105096420385,0.8055092,0.9473563,0.95342535,0.28267106,0.120782524,-0.909985,-0.5869942
0.7882038568154272,0.81860495,0.9865718,0.95388454,0.14069375,0.15098554,-0.75255996,0.5474413
0.7677294709178837,0.8621172,0.98941797,0.9799133,0.105701454,0.120981604,1.1383597,0.7881624
0.9115066279026709,0.5937129,0.99367636,0.9888309,0.076256014,0.10877239,-1.050383,-0.2981265
0.8815016380065519,0.73833007,0.9562378,0.973845,0.15685228,0.15290889,0.5380647,0.14578919
0.8978388873555494,0.59871846,0.96795624,0.96901757,0.13668618,0.16073865,0.87793577,0.2327306
0.8624056256225024,0.7670103,0.9816037,0.9621302,0.20672104,0.2736697,0.4750997,0.41291377
0.8504984099936399,0.7611833,0.9719198,0.9725613,0.16953032,0.13244054,0.11458274,-0.052344203
0.8953591014364058,0.7018731,0.9830812,0.9634519,0.15320052,0.14289932,-0.078059666,0.15799715
0.9306387625550502,1.3710728,0.98301715,0.9726035,0.5830094,0.9383339,0.73770636,0.1232888
0.8818051912207648,0.9493714,0.97644556,0.9750372,0.25876775,0.16604337,0.30335584,0.24802709
0.4597680150720603,0.6894254,0.9049783,0.9367864,0.16921557,0.09059594,-0.024906794,0.05358575
0.7715376141504565,0.58875626,0.9038642,0.94243664,0.14992584,0.11689663,-0.5118823,-0.338847
0.5032165408661635,0.6375681,0.89055103,0.9375561,0.14316665,0.12166164,0.8068602,0.78089285
0.8970342121368486,1.004244,0.95300573,0.9704778,0.28936127,0.18161929,0.01565115,-0.081742294
0.737877095508382,0.67128307,0.9468569,0.9555922,0.12602633,0.13404484,0.79813504,0.64860404
0.8014837819351276,0.7254587,0.9649433,0.9553155,0.10982275,0.21527754,1.2297095,0.49157155
0.8640036480145921,1.1834732,0.9345684,0.9845056,0.4696332,0.14203548,-0.82856184,-0.09899966
0.9241524006096024,0.7821222,0.9794334,0.95880246,0.20908447,0.43191805,-0.63809705,0.42773426
0.959065148260593,1.2681788,0.99263465,0.991131,0.20760837,0.11469549,0.05195603,-0.1218075
0.8804064656258623,0.99610895,0.95190847,0.9652914,0.37556288,0.27197015,0.1433927,0.04954562
0.7180106800427201,0.63760805,0.97579205,0.95210284,0.073890895,0.15903504,-0.17253862,0.069145694
0.7508758355033419,1.273812,0.99344,0.99257916,0.101099335,0.15678012,-0.5646026,-0.15337114
0.8966446425785702,0.95333433,0.98245496,0.9873445,0.092650734,0.12815729,0.8642609,0.38413656
0.9006596666386664,0.9773055,0.94005746,0.9692559,0.44008183,0.3124684,-0.7386062,-0.25915995
0.8344317857271429,0.5795541,0.94533,0.9414296,0.145416,0.1893099,-0.06318734,-0.35927507
0.65825466501866,0.5777656,0.9450928,0.94751656,0.05706978,0.12173205,-0.22830665,0.0824775
0.88350171000684,0.9465498,0.98963475,0.9844283,0.219046,0.22186977,-0.8417722,-0.5359888
0.7553941895767583,0.71682686,0.9802448,0.9448406,0.14707808,0.13445666,0.26062948,-0.32974184
0.9526732506930028,0.69714814,0.97176254,0.9740572,0.1476982,0.2881164,-0.49593028,-0.19637056
0.920429025716103,1.0241964,0.9558885,0.95784384,0.4905472,0.38702524,0.075953834,0.08305819
0.9319210396841587,0.9168005,0.97758347,0.9671883,0.28512812,0.4525355,-0.3671824,-0.050027136
0.8825891303565213,0.6472819,0.97468376,0.9589856,0.09158385,0.16436006,-0.20156087,0.04202598
0.8828640754563017,0.7527565,0.9760571,0.9672133,0.1879649,0.13651298,0.1418352,-0.09569485
0.5913646694586778,0.5707142,0.9334946,0.9399402,0.07552298,0.106605716,-0.014117184,-0.019432453
0.8305700742802972,0.82254833,0.966845,0.9602508,0.17911126,0.26037893,-0.6793788,-0.4489258
0.7141574166296665,0.68588966,0.96929127,0.9526225,0.11320423,0.1414387,0.60459006,0.011748824
0.8223905535622142,0.611706,0.9477693,0.9300471,0.15256375,0.24089293,0.24248299,-0.38708052
0.9668667154668618,0.8488675,0.9796368,0.98310566,0.16374701,0.1916038,-0.66498494,0.33353147
0.9242795051180205,0.804122,0.976703,0.9706346,0.1744985,0.29921407,-0.30386883,-0.17541961
0.6617758631034525,0.7743473,0.9283454,0.93233085,0.22594543,0.1098111,0.49086136,0.53578544
0.9684756819027274,0.8879557,0.98504895,0.98618037,0.2926526,0.27197626,-0.2729796,0.07149578
0.7748015312061247,0.600203,0.96836936,0.9424837,0.07504699,0.123350576,0.54726124,0.29717293
0.9504223296893187,0.60276556,0.9914196,0.9758963,0.08674651,0.13918826,0.87429464,-0.057368368
0.8058307753231012,0.6212931,0.9738745,0.9592106,0.08255364,0.12583382,-0.27828464,-0.30165872
0.9116305905223621,1.0080401,0.9703879,0.98156494,0.19281341,0.19976264,-0.24397023,-0.17266658
0.8944289537158148,0.8996098,0.97255594,0.96690065,0.32336617,0.31029353,-0.36810514,-0.4149109
0.8330415081660327,0.8597957,0.9586102,0.95996445,0.20571075,0.28579113,-0.11807739,0.18164285
0.9063189852759411,1.1611797,0.99453616,0.9832891,0.25051117,0.17304988,0.1293196,0.2867917
0.8140341041364166,0.66941583,0.94724727,0.96499807,0.18114792,0.124518365,0.12111156,0.35436186
0.8078761595046379,0.86293346,0.9558076,0.95157486,0.29314432,0.22827159,-0.16271451,0.35413018
0.9240513122052487,0.7224856,0.9906324,0.9905282,0.10141187,0.10909623,0.06053479,-0.11686611
0.9448128352513409,1.0618069,0.9927765,0.9916606,0.10883172,0.16829774,0.3798959,0.0629456
0.7726090744362978,0.7604898,0.97430414,0.9694103,0.087186426,0.11602974,0.8161241,0.47203147
0.7370285481141925,0.5903887,0.97425956,0.94070894,0.10047223,0.13012004,0.77256495,0.66044635
0.9438893115572463,0.7443617,0.98449093,0.98691374,0.14283046,0.18713047,0.27662617,-0.0053451085
0.8959639998559994,1.0573968,0.9937343,0.99093133,0.10887264,0.12468101,-0.3163297,0.05257564
0.8487193308773234,0.7385732,0.94563967,0.9471412,0.25474823,0.21860011,0.012553309,-0.122269094
0.9082187368749476,1.1718085,0.97928244,0.9545164,0.5711063,0.78751457,0.7150378,0.20908439
0.8006995547982191,0.7519188,0.9568712,0.95861137,0.12903725,0.10042723,-0.1808281,0.048300963
0.7512453409813639,0.6263245,0.9704492,0.9564018,0.0835455,0.13362193,-0.074447975,0.20886853
0.6955218220872883,0.8758317,0.92350745,0.95074123,0.23151398,0.13307609,0.39085642,0.2427686
0.9410445321781287,1.0578481,0.98155814,0.9841484,0.30696312,0.23462681,0.4459009,-0.29672456
0.6954588458353833,0.6145161,0.9556407,0.9530631,0.07354795,0.1038572,0.507975,0.06714968
0.7094104856419425,0.9906605,0.9158477,0.94219595,0.34125438,0.12055567,-0.49206275,-0.3515962
0.9125076500306001,0.9158741,0.97439307,0.96607643,0.25052166,0.20801786,0.7666308,0.29716682
0.7112695330781323,0.7722349,0.9738465,0.95317864,0.10203476,0.16284333,-0.1313017,-0.49203694
0.6974624698498794,0.8653912,0.93291146,0.9387293,0.21572782,0.11379742,-0.15629591,-0.011375003
0.7172680210720842,0.7566032,0.9398804,0.9437464,0.1680205,0.1695982,-0.36747673,-0.039023202
0.9359357757431029,0.69547987,0.97468626,0.9755945,0.16490106,0.21179594,0.33648247,0.2961184
0.856308737234949,0.9774749,0.9685493,0.9641337,0.54441726,0.31106788,0.10952308,0.028175106
0.6243510734042936,0.6285889,0.9356545,0.9404289,0.1068595,0.15034644,-0.37415746,-0.3762363
0.8375787743150972,0.87949985,0.93344176,0.96377975,0.36475325,0.2652698,1.0743595,0.35678852
0.754130056520226,0.80744994,0.97266436,0.94727474,0.14265645,0.13236132,0.22508556,-0.041461118
0.8720339841359365,0.6064605,0.98933524,0.97145456,0.12870401,0.18109223,-0.62191254,-0.20382024
0.8261692246768987,1.0801272,0.9386343,0.9499079,0.39529735,0.14182112,-0.53637534,-0.49065882
0.7732283729134917,0.74630004,0.9296736,0.9488389,0.24586153,0.13634074,0.73212844,0.4388358
0.8345196260785042,0.8462816,0.9819808,0.96316606,0.23757456,0.2095913,0.76320744,0.50127155
0.7560796323185293,0.83321184,0.9389292,0.927026,0.2656877,0.25742772,0.5984383,0.123817235
0.8073999015996064,0.6818355,0.9439776,0.9561844,0.1456415,0.121608764,-0.3752185,-0.05104076
0.6949240276961107,0.8440474,0.9528948,0.9478515,0.20310247,0.10252139,-0.25196505,-0.8647947
0.852310609242437,0.8235321,0.98653597,0.97635156,0.23984276,0.15849356,-0.30495772,0.25861764
0.9137129348517394,0.84284,0.99120635,0.97529376,0.2042484,0.36171272,-0.4426098,-0.2943193
0.836441265765063,0.51279426,0.96999234,0.95912945,0.047681175,0.10411824,0.5425794,0.52616405
0.8993056772227087,0.5966793,0.9886339,0.96565366,0.060860902,0.1436731,-0.7261729,-0.491425
0.7183970815883263,0.76550955,0.9946547,0.97523576,0.12707543,0.15948611,0.70951277,0.46771285
0.8829502838011352,0.73010707,0.97050726,0.97755283,0.1087812,0.14975794,-0.13224916,-0.20473318
0.8867945231780926,0.9696524,0.989161,0.96790975,0.29528683,0.14328891,-0.14598161,-0.16333444
0.9231799167196667,1.088783,0.9937719,0.98877436,0.1645291,0.17951874,0.019509131,-0.16113406
0.6712912291649167,0.7976426,0.96649843,0.94196314,0.1623251,0.16792008,-0.26303932,-0.35160428
0.9187656270625082,1.0697132,0.97879094,0.96791357,0.5149441,0.6154378,-0.51169086,-0.012542955
0.8791357085428342,1.0897164,0.97625697,0.97012603,0.3945474,0.19543599,-0.07319174,0.06970351
0.9014581018324073,0.8281228,0.98949265,0.9827266,0.18484408,0.27827325,0.81925476,0.34902528
0.7905863943455772,0.58414096,0.9504166,0.9527868,0.078418136,0.10134969,0.6523083,0.3593473
0.9130287401149605,0.8660117,0.9421433,0.95194256,0.24199823,0.3135969,-0.5605851,-0.25966755
0.847636638546554,0.77161795,0.9792268,0.9734434,0.122151665,0.13663307,-0.6083161,-0.8039812
0.7870965883863534,0.68009216,0.9303767,0.94839835,0.15149713,0.21233197,0.4001395,0.23344526
0.8974781179124716,0.74712086,0.97869617,0.9813703,0.1362294,0.15549518,-0.5302682,-0.04283733
0.7783269533078132,0.4976893,0.95863837,0.9460842,0.06770331,0.107273765,-0.76062137,-0.6610081
0.7984213696854787,0.7006261,0.92978126,0.9526891,0.12395493,0.14243245,0.19099773,0.20365427
0.7446850587402348,0.87255746,0.9702143,0.93801326,0.27354342,0.12759987,0.28663215,-0.55217046
0.7424720578882316,0.82998955,0.9498299,0.94967556,0.2312473,0.1384152,0.3800628,0.32764766
0.7783628574514299,0.934941,0.94916886,0.964293,0.3723752,0.22541663,-0.3860526,-0.48368937
0.8275091020364082,0.8026964,0.9680974,0.9700339,0.13650686,0.15531492,0.5421941,0.24032626
0.8263968415873664,0.8841631,0.9557877,0.9545451,0.20922984,0.3733101,0.4205528,0.045386735
0.5984813699254796,0.5550157,0.9046579,0.94455594,0.076672494,0.106721856,-0.29389068,-0.083494246
0.804319057276229,0.70920277,0.94968754,0.94636416,0.17877914,0.18687071,-0.11129875,0.06814218
0.8735748862995452,1.2156563,0.9768685,0.9677983,0.33634046,0.16840684,0.25124156,0.4425886
0.7506810507242029,0.6961326,0.95647913,0.9569831,0.117049396,0.10875709,0.25807032,-0.018405987
0.7292824691298765,0.74465346,0.93716824,0.9486706,0.2386911,0.13867798,-0.45797792,-0.33504963
0.8931519566078265,0.7960001,0.95676476,0.9662814,0.1750203,0.13904713,-0.6079448,-0.5137533
0.9077007188028753,0.70365703,0.98714095,0.9773446,0.12592795,0.1499237,0.37015834,0.24137834
0.8627309709238837,0.6439514,0.98986375,0.9671413,0.08575185,0.10744954,-0.23986563,-0.1378498
0.8267374509498038,0.7070757,0.94828504,0.9570579,0.16922754,0.14193638,-0.35481855,-0.29236618
0.714001704006816,0.897854,0.95926297,0.95674634,0.13736412,0.19945422,0.012401167,-0.26648042
0.8789488917955671,0.6742987,0.97230774,0.9582114,0.14812395,0.19046171,-0.37024727,0.32046384
0.9058004872019488,0.92885363,0.97213656,0.97160923,0.29950094,0.20769438,0.0035351783,-0.0030367393
0.6951085404341617,0.49259317,0.92784005,0.954539,0.06585872,0.079232424,-0.55718076,-0.5751539
0.6417423109692438,0.65915406,0.93674886,0.94166315,0.115194984,0.10239498,-0.006286863,-0.09507665
0.3137567110268441,0.6521794,0.90878934,0.9231815,0.09470866,0.06733784,-0.98691666,-0.7707526
0.8393540134160536,0.9926905,0.9587758,0.9476829,0.37455213,0.6448096,-0.15385284,0.1841273
0.8346131304525217,0.79436904,0.96429455,0.96587574,0.15183648,0.0965599,-0.4180216,0.11200957
0.8616435745742983,0.6562755,0.96248883,0.9654982,0.12337407,0.19836105,-0.13774769,-0.28020832
0.8648424033696134,0.6064569,0.97450906,0.9650213,0.046643417,0.089960985,-0.39461896,-0.10289811
0.8388360913443654,0.5969671,0.96460575,0.94319296,0.081587546,0.15484665,-0.102260284,-0.33363056
0.6817858951435806,0.7764568,0.9325067,0.9514454,0.19218946,0.15435988,0.13886856,-0.15995468
0.7956806547226188,0.61077356,0.973932,0.94472516,0.083227046,0.18306501,-0.34541965,0.06561658
0.9340657842631371,0.7630194,0.9739363,0.9821225,0.17561167,0.15013833,0.0122503685,0.05960872
0.9287986271945087,0.74719036,0.97631097,0.9688093,0.23976283,0.2225173,-0.12475586,0.13633731
0.882820491281965,0.7807494,0.9853899,0.97532874,0.13896854,0.1153537,-0.17242318,-0.060826313
0.7197918711674847,0.57712257,0.9452727,0.9526545,0.08839271,0.10312518,0.46892205,0.28095028
0.7926664346657386,0.6307915,0.969861,0.96594924,0.069925405,0.08932706,0.011950571,0.10353011
0.810942027768111,0.643992,0.9436499,0.9489325,0.114309765,0.13650432,0.28170356,0.060356762
0.8294765339061355,0.85968524,0.9649107,0.9639134,0.31438005,0.2490768,-0.39558685,-0.65259486
0.9056992067968271,0.63251823,0.9787372,0.9713779,0.111451134,0.13498002,-0.88493884,-0.03626253
0.8421997527990113,0.7456849,0.97180694,0.9735657,0.18282233,0.13175474,0.047410194,0.16763718
0.8948493393973576,0.983571,0.95296586,0.97457963,0.2927631,0.20329568,-0.124195054,0.008027874
0.9383931935727744,0.72674495,0.96606565,0.97418416,0.17214435,0.18482918,0.66084874,0.16378184
0.8613191892767571,0.81320494,0.93230873,0.963126,0.37124637,0.24608399,-0.38708583,-0.2733825
0.5972949971799887,0.8073726,0.92436516,0.9406675,0.17401856,0.1935234,0.14854558,0.119713366
0.9028874515498061,0.90304714,0.98247206,0.9811593,0.2557755,0.2132671,-0.72301525,-0.29517764
0.7935095100380402,0.75905263,0.965117,0.9492594,0.15779756,0.17396358,-0.5726533,-0.3943563
0.8106741866967466,0.59718716,0.984861,0.9625796,0.078644045,0.09473243,0.020949695,0.65239745
0.8120226080904323,0.57240206,0.94837165,0.9582008,0.086374946,0.102534026,0.4169593,0.41874367
0.7476518546074185,0.7135758,0.9444086,0.9522125,0.13299525,0.13877743,0.22380821,0.18112338
0.8596286225144899,0.78753084,0.9703628,0.9710545,0.17616937,0.15333,0.09022074,-0.018353805
0.8549650198600794,1.1514866,0.95002663,0.9583531,0.63733417,0.34306467,0.092269935,0.16234684
0.8787111948447793,1.049413,0.99307567,0.98707306,0.1612779,0.19634901,0.09725398,0.15765907
0.6475925743702975,0.7130662,0.95034724,0.94007957,0.15112463,0.11552655,0.62874484,0.5297705
0.6839846879387518,0.53684497,0.9396648,0.9343055,0.10205893,0.08928957,0.09560766,-0.12100419
0.7481262885051541,0.7300856,0.93692327,0.9558686,0.10972413,0.19516772,-0.045607362,-0.01346752
0.918745658982636,0.80000407,0.97092235,0.96988314,0.20222913,0.28810304,-0.3560972,-0.36394173
0.8355756303025211,0.7877897,0.94696295,0.95871913,0.1846824,0.13213697,-0.15070374,0.008620509
0.8281598886395546,0.80566096,0.9566732,0.94936067,0.19528778,0.20563734,-0.18084629,0.38523123
0.8811010284041136,0.7645006,0.970687,0.9536558,0.21640067,0.33625093,0.45841438,0.368149
0.8567040668162673,1.2783254,0.9455621,0.9613086,0.7709623,0.28320384,0.70531183,-0.12485126
0.7896592226368905,0.8351109,0.92441833,0.94062966,0.25938857,0.3739689,0.04920921,0.32832047
0.9345263941055764,0.67584676,0.9723445,0.9813534,0.10650798,0.15346396,0.28768897,0.46609554
0.941062388249553,0.6562352,0.9888472,0.97798115,0.13286756,0.2425106,-0.62412685,-0.44297326
0.8067169548678195,0.6125605,0.96991897,0.96239537,0.073839925,0.108938165,0.7780353,0.24707304
0.8356227664910659,0.6488811,0.96191144,0.9679121,0.048752703,0.14165896,-0.15975559,0.09894902
0.9550208440833763,0.67119366,0.985281,0.987399,0.088097066,0.1386981,-0.8172735,-0.3520945
0.806382201528806,0.747653,0.95739883,0.961532,0.154216,0.18726495,0.21624823,0.28798127
0.7162874903408614,0.8200411,0.9308489,0.94385993,0.27370217,0.1960935,-0.72464585,-0.6543583
0.8259150156600626,0.5757497,0.9318905,0.95045006,0.13440792,0.23250695,-0.354215,-0.40612987
0.9338089832359329,0.89747685,0.9906691,0.981814,0.18323122,0.24454024,0.15238497,-0.03226918
0.7529720038880156,0.61281174,0.9156775,0.9507051,0.13956147,0.10767661,0.96707344,0.6459524
0.6474746858987437,0.540723,0.94761777,0.9383588,0.06434575,0.13122474,-0.67768615,-0.7053507
0.8509121716486865,0.795408,0.9658399,0.95533144,0.1549636,0.18156654,0.5118953,0.05971554
0.8692209808839235,0.75052243,0.9794679,0.97325176,0.17687708,0.11232651,0.43014792,0.005204499
0.8600377761511045,0.54485476,0.93761283,0.9504666,0.08011624,0.13105641,0.7178204,0.32638264
0.6828351793407172,0.7883423,0.9409127,0.9349789,0.12606071,0.30129752,-0.44211373,-0.303343
0.8657614150456602,0.69286096,0.9808302,0.9723904,0.11924677,0.17256701,-1.0963156,-0.769844
0.9302179928719715,0.4983255,0.97509533,0.9696453,0.0871201,0.14186588,-0.052408125,-0.075517
0.7385575462301849,0.6168476,0.94501084,0.95825356,0.09266335,0.08425048,0.67005575,0.88134265
0.9012303889215557,0.61705106,0.9767433,0.97385573,0.10940706,0.1137172,0.31717613,0.6072816
0.7505442501770007,0.51032203,0.9545331,0.9425096,0.07071403,0.09005143,0.10790471,0.1909145
0.8501274645098581,0.84484786,0.96057516,0.94706243,0.21008581,0.39543277,-0.5434537,-0.74689513
0.8355863823455293,0.5924733,0.9412176,0.9521671,0.08951777,0.10041084,-0.7209731,-0.73361176
0.9381430165720662,0.62697935,0.9783933,0.98022044,0.13733852,0.11319005,-0.7518123,0.4102974
0.7404262897051588,0.6151924,0.93255043,0.9440828,0.08203299,0.1712862,-0.6726113,-0.24833986
0.8084017616070464,0.7080022,0.9461292,0.9441917,0.14238851,0.14979008,0.41591752,0.32346028
0.5308650354601417,0.7343198,0.9539358,0.94315374,0.1061996,0.09297791,0.8103117,0.6999844
0.9024662018648075,0.68816894,0.9820917,0.9771472,0.11441638,0.13318096,-0.5887093,-0.60252315
0.8573665654662618,0.90762544,0.9578358,0.9498293,0.4393503,0.2992545,-0.17402695,0.29285
0.9127921951687807,0.7915089,0.9816168,0.95590407,0.24311723,0.36330163,-0.53049546,-0.16718467
0.8741954327817311,1.2258053,0.97713774,0.9713349,0.32718873,0.178344,0.44877926,0.5301038
0.8615362461449846,0.59733826,0.9601639,0.9544888,0.1525506,0.21042573,-0.24393824,-0.5578611
0.8935127260509041,0.6915311,0.9665866,0.9776868,0.13393243,0.12504658,0.047939252,0.12871149
0.8530839883359532,0.76443,0.9396019,0.9401182,0.18535608,0.43410254,1.0712899,0.87265724
0.751185436741747,1.5437305,0.940001,0.9407809,1.0491323,0.3342213,-0.20788929,0.1764274
0.7959115356461426,0.6678453,0.9474808,0.9550578,0.09952828,0.08725364,-0.35117736,-0.4940063
0.9192964131856526,0.7704505,0.98591495,0.9745251,0.12249849,0.22348109,-0.07916012,0.4430252
0.8840839523358093,0.5541157,0.9546845,0.9501003,0.13071845,0.19217566,-0.02622,-0.38745978
0.8807087708350833,0.5914708,0.97949946,0.95988095,0.07181025,0.14588903,-1.2243547,-0.929829
0.9065418021672086,1.5190066,0.98801184,0.98786306,0.16350867,0.24223936,0.25760445,-0.42763996
0.9267621710486841,0.73285276,0.9933857,0.97970486,0.16650015,0.16964655,0.025229093,-0.75072783
0.6433549254197017,0.5928036,0.97428674,0.9354273,0.10194053,0.0777191,0.020500941,0.46607128
0.9035953583814337,0.78437936,0.9862433,0.97224253,0.15343107,0.2544146,0.64781797,0.6411204
0.8466088584354338,0.7885941,0.97164166,0.97185427,0.13122757,0.24411504,-0.31477767,0.038277496
0.7577060708242832,0.851935,0.98700196,0.96826166,0.14407298,0.13680148,-0.19160996,0.89397806
0.8679223836895348,0.8441414,0.9892221,0.9761974,0.12765914,0.12084958,0.3174468,0.47124976
0.8953832935331739,0.9948303,0.9938997,0.9676145,0.22579932,0.4720778,-0.75953174,0.19305335
0.5871859647438589,0.6090012,0.9414336,0.93854487,0.08372298,0.13569166,-0.0673238,-0.35494307
0.9233531974127897,0.86400664,0.97829735,0.9830432,0.20924409,0.21040696,0.28531793,-0.07958035
0.7996753267013068,0.62644076,0.9332342,0.9470771,0.10694101,0.13527857,0.036141735,0.15761179
0.9013021012084048,0.9727243,0.97250354,0.9715777,0.29734343,0.48383027,-0.30048752,-0.46101397
0.8112900291601166,0.788117,0.99435073,0.9876578,0.13068156,0.1643981,-0.38137317,0.58771783
0.8408904035616143,0.88305783,0.9638082,0.96200764,0.17801625,0.19923729,-1.078918,-0.7069522
0.8898692234768939,1.0248337,0.9918607,0.9815777,0.24183823,0.34523365,0.99716806,0.6537482
0.8461427765711061,0.92397463,0.9620498,0.9494364,0.29899037,0.5473094,-0.6345136,-0.47922292
0.8686865467461868,0.88117933,0.98212135,0.97747403,0.23989119,0.19447964,0.31118038,0.27240023
0.8097861831447326,0.84420747,0.96583223,0.9572629,0.21136707,0.14520355,-0.5168453,-0.15497495
0.6903994335977344,0.6876472,0.9759563,0.96281135,0.102572255,0.11553473,0.24338886,0.30003968
0.8614418777675109,0.62475866,0.9767199,0.9652877,0.1416127,0.1605984,-0.0849923,0.18199857
0.92599963999856,0.99452645,0.98024124,0.97896624,0.2399731,0.13914594,-0.5550154,-0.23806046
0.889441733766935,0.81805927,0.9600306,0.9696839,0.24740456,0.2361783,0.06661684,0.3142437
0.9367180828723315,0.90697104,0.9837215,0.981975,0.27187014,0.43460292,0.28653428,0.21999735
0.9190264601058402,1.0453663,0.97893435,0.9691605,0.37436277,0.29523212,0.07267675,0.24031541
0.8024057696230785,0.7255273,0.9502966,0.94471884,0.16546829,0.20791121,-0.13691981,0.18658504
0.7492910611642446,0.6237887,0.9574784,0.9488327,0.07490385,0.13364941,-0.23346037,-0.14111347
0.7449712358849435,0.8532138,0.94473225,0.9378158,0.24284734,0.18062052,0.036030885,0.26416555
0.7356020784083136,0.7148085,0.9778947,0.95127434,0.07677471,0.16999055,-0.49321198,-0.45474795
0.7232110208440834,0.93362963,0.9492257,0.9461672,0.22418907,0.26500782,0.28251937,0.29563972
0.9144782499129995,2.1610346,0.987028,0.98909783,0.11478534,0.57887805,-0.75214607,-0.36864108
0.6368253633014532,0.65686053,0.9934788,0.9398023,0.06882392,0.16274826,-0.44692388,0.17674221
0.9416756387025549,0.826321,0.9811377,0.97032964,0.1698376,0.28052437,0.06870862,-0.07911715
0.9665397381589527,0.7687348,0.9934215,0.99034625,0.1530523,0.18769163,-0.3119586,0.21845606
0.8488954915819663,0.7604109,0.963446,0.9683012,0.1644136,0.12719956,1.1457382,0.6314755
0.6994674378697515,0.8276072,0.96912676,0.9316956,0.21619274,0.199774,-0.316934,0.5155232
0.8981635606542425,1.0296218,0.9551287,0.9509051,0.3298598,0.27265468,0.016581241,0.41919875
0.880069792279169,1.0029681,0.9824934,0.9618792,0.27939165,0.4995347,0.5500588,0.63724357
0.7602414409657638,0.63673425,0.9761984,0.95099473,0.0685328,0.10412517,-0.08315086,0.54824793
0.7268546194184776,0.6153428,0.9615529,0.93886876,0.09294364,0.100766644,-0.13282761,0.13862735
0.7949045876183506,0.5850589,0.9522713,0.93778,0.097855665,0.16089928,0.35814136,0.5618976
0.8194561098244393,1.0702096,0.94547194,0.95084167,0.26830658,0.32673907,0.59600484,-0.004960001
0.8936508706034825,0.9121387,0.93843424,0.94991165,0.4806754,0.5890203,0.03354712,-0.22504385
0.8952778851115404,0.63816357,0.96836406,0.9637096,0.10096584,0.18983261,0.79561853,0.8980016
0.7617105348421392,0.7490749,0.97180754,0.95883024,0.109958515,0.11402462,-0.90948683,-0.05053665
0.7735515102060407,0.74429184,0.9784887,0.9546888,0.123102434,0.19638413,-0.20973273,-0.095153235
0.7152184128736514,0.503689,0.913641,0.938351,0.08010621,0.087854125,-0.21765593,-0.16043541
0.8282429289717158,0.7502421,0.97003615,0.9283588,0.16981287,0.19272365,-0.005683216,0.2703801
0.8127837951351804,0.6149477,0.9786665,0.9505678,0.08381727,0.11320458,-0.34328008,-0.21498515
0.8855019740078961,1.049566,0.9732476,0.98286945,0.37410706,0.22213453,0.09921265,0.4576282
0.9125309781239124,0.9796554,0.97013664,0.97084075,0.263538,0.52847135,0.16440867,-0.2896509
0.8232367969471878,0.6301503,0.9357725,0.9629431,0.108193345,0.12773052,0.11673146,0.018772144
0.8750815163260653,0.77468723,0.9603281,0.97046417,0.16601622,0.17559177,-0.6676325,-0.18347694
0.8067101388405554,0.78405446,0.96369225,0.9511603,0.26198483,0.2149376,-0.26380676,-0.50562984
0.7192969891879568,0.7244061,0.971427,0.97237647,0.09804275,0.083507314,-0.91163373,-0.18485598
0.8498328393313573,0.86313987,0.9784601,0.9566961,0.2132887,0.2560202,0.69319934,0.63401514
0.6726473305893224,0.5957018,0.95502025,0.93374586,0.06729647,0.087545685,0.031790383,-0.2988569
0.9603382093528373,0.8811447,0.9898915,0.9818852,0.2567324,0.32473165,-0.5181775,-0.14511338
0.8130596042384169,0.6516664,0.9601569,0.9517354,0.11368782,0.16175765,1.3000969,0.79843056
0.7959770079080315,0.6999581,0.9798398,0.96566427,0.08135625,0.12187233,-0.16522224,0.3369508
0.9132409969639878,0.6467923,0.9792495,0.96855325,0.10913117,0.18580145,-0.5736505,-0.096936695
0.896380353521414,0.8063432,0.9368637,0.9605252,0.37023997,0.23867774,0.3553845,-0.22361061
0.8740799443197772,0.95064205,0.98401356,0.96384597,0.3097708,0.40487385,0.4835237,0.44601083
0.6917161748646995,0.6985038,0.9622024,0.954334,0.15294053,0.14929667,0.7457717,0.3147944
0.7438650234600938,0.7773208,0.97810173,0.9708311,0.21381658,0.119269,0.33157557,-0.42261153
0.4940188400753603,0.5887428,0.9462644,0.94470376,0.072725445,0.09236506,-0.9840341,-1.0332098
0.8160191040764163,0.7002377,0.97394335,0.9614481,0.105640054,0.14931877,0.19982527,0.99638885
0.6397049908199632,0.9070195,0.9288988,0.94383246,0.26336575,0.11896717,0.37373057,0.19852574
0.6821731606926428,0.68498075,0.9610661,0.944717,0.08178307,0.13742982,0.7124252,0.8800002
0.5595925743702974,0.66666657,0.92846936,0.94088924,0.08322039,0.096067585,0.51363295,0.33382174
0.8982646490585962,1.0055834,0.9949992,0.9749385,0.17664348,0.24675383,0.30476493,0.5625335
0.4791348445393781,0.5916479,0.9428336,0.9279537,0.06908849,0.10183992,-0.8998573,-0.6540986
0.8581078804315218,0.8409469,0.9754689,0.96347195,0.17169009,0.35424867,0.14197955,0.3195033
0.7677061428245713,0.71780753,0.9246553,0.94496363,0.18161786,0.16812949,-0.6525693,-0.50432783
0.798070200280801,0.8111894,0.91599315,0.95500493,0.27754235,0.22587562,0.037481204,-0.055595644
0.6762013608054431,0.63672346,0.9587338,0.9539549,0.065338895,0.13177972,0.40242705,-0.086879596
0.9286646106584426,1.05881,0.98884237,0.9895146,0.10158635,0.18471465,0.5979747,0.3294498
0.7394857739430957,0.6962817,0.942981,0.95581114,0.11141713,0.16864185,0.7959775,0.77528906
0.9169306757227029,0.86004555,0.9914127,0.97989005,0.12590815,0.15033732,-0.08831336,0.18521991
0.9021600566402266,0.9556365,0.98113203,0.96919876,0.28163832,0.31981155,-0.20742561,-0.21670097
0.7570202440809762,0.86767644,0.9658519,0.9641509,0.22107685,0.19487293,-1.192453,-0.70865864
0.8482921291685166,1.1280813,0.9591066,0.94096684,0.6125891,0.5193351,0.6635681,-0.13181391
0.9068733874935498,0.82215255,0.9426621,0.95426166,0.3468435,0.4328878,-0.3655618,0.41034266
0.8553895335581342,0.7808524,0.95100546,0.95716435,0.23274037,0.20411924,-0.5556253,-0.3305625
0.6762634730538921,0.61957973,0.9524976,0.9362258,0.11226748,0.09432983,-0.46459004,-0.38929656
0.8347749870999485,0.79132456,0.95366144,0.95742947,0.19797003,0.16734615,0.3937844,0.31548548
0.7674956139824559,0.4529134,0.96988976,0.9478976,0.060682658,0.115927726,-1.0337185,-1.1228129
0.8950754203016811,1.0146595,0.95232594,0.9549643,0.39274314,0.6250547,0.2792104,-0.08316856
0.8879560318241273,0.9200209,0.96595687,0.9659018,0.31007856,0.30310726,-0.34790733,0.21539328
0.8996756627026508,0.748678,0.9716744,0.9760363,0.14014661,0.22923101,-0.055686533,-0.34278765
0.618058632234529,0.6347415,0.94916296,0.93019193,0.11628308,0.090954304,-0.46990183,-0.1363607
0.6491097644390577,0.68453765,0.91527396,0.93442154,0.17025217,0.1383922,0.25056288,0.03438602
0.863183996735987,0.84831554,0.975017,0.96794,0.23945624,0.1934312,0.037944786,0.51388735
0.7248987075948303,0.64818466,0.99030143,0.9429073,0.088963196,0.16280136,0.052444708,-0.13677545
0.7228298993195973,0.61943895,0.9378061,0.9465696,0.08460715,0.10964869,-0.37574378,-0.26391155
0.8973709814839258,0.80964655,0.9869661,0.9734104,0.17045522,0.19388963,-0.30651376,0.087125346
0.9287080028320114,0.9599719,0.98472136,0.9885064,0.16145389,0.1288415,-0.25049335,-0.08961144
0.7205181140724563,0.51121473,0.9557266,0.94938076,0.07690852,0.12600596,-0.5317087,-0.24516268
0.9463834975339901,0.9106999,0.9824812,0.98438555,0.23185475,0.30195308,0.16953067,0.20249413
0.8774908379633518,0.5594734,0.9607102,0.9503504,0.117805876,0.22259672,0.3698171,-0.29278547
0.8629781719126877,0.9104258,0.9399172,0.96175325,0.31255502,0.24003647,1.0803964,0.30928797
0.8439202716810867,0.75431097,0.9462049,0.95537597,0.18748003,0.122323126,-0.37596515,-0.21542963
0.6746460585842343,0.5765427,0.9612523,0.9347505,0.07885902,0.17688985,1.0995919,1.4319247
0.713631526526106,0.6723153,0.918337,0.9476396,0.15746912,0.10791983,-0.07096815,0.29289454
0.9020083760335041,0.9778646,0.9908174,0.98412055,0.1511876,0.22624934,-0.8389662,0.0064637135
0.8116168144672578,0.6721203,0.9402151,0.9476875,0.19371182,0.1943228,-0.20218703,-0.15508075
0.6398910395641582,0.6027113,0.9544083,0.9409468,0.08889709,0.091483176,1.4514356,1.4721237
0.8517188628754515,0.8924009,0.96791095,0.97379524,0.21387829,0.20989107,0.44316372,-0.021057699
0.8787674510698041,0.96167827,0.9804979,0.96823496,0.30010659,0.22565946,0.15227683,0.26781085
0.8140591602366409,0.7006697,0.9595209,0.95900255,0.16144864,0.14751692,0.065318145,-0.3994975
0.84400696002784,0.5617868,0.9334737,0.9395144,0.11628524,0.18878451,0.1563818,0.25894418
0.9397420949683798,0.90671134,0.99050444,0.9815838,0.18148066,0.24505183,-0.12710558,-0.4758398
0.8802242568970275,0.81561065,0.98747164,0.9813155,0.15392989,0.11431733,-0.7622942,-0.6408058
0.8942434809739238,0.7298749,0.9947152,0.9762399,0.122253776,0.123668574,-0.47151917,0.7725725
0.7671375325501301,0.64841413,0.98885244,0.9549231,0.08570767,0.13516517,-0.7842436,-0.22096936
0.9487806271225083,1.3248764,0.99305624,0.9877277,0.124261744,0.26239836,0.26404694,0.07777447
0.8938588074352297,0.7777191,0.9775063,0.969615,0.22222334,0.18389219,0.40837502,0.41007593
0.9086828027312107,1.0063072,0.95930445,0.973178,0.43338895,0.26910934,-0.11413069,0.030847857
0.9255589982359927,0.6539087,0.98306584,0.9695767,0.119439885,0.22250386,-0.5561068,0.006905672
0.8698505514022056,0.59894353,0.9697949,0.9617711,0.070250034,0.165731,0.38754135,0.27614945
0.8010440041760166,0.72304016,0.9830699,0.9594378,0.07120601,0.15335532,-0.78722453,-0.8963552
0.8328565154260616,0.6944993,0.953804,0.95764625,0.14767897,0.17066288,0.58346033,0.452878
0.9439223356893427,0.8510685,0.9737375,0.9720451,0.25202462,0.2747314,-0.5300199,0.16516843
0.6409950439801759,0.8211891,0.9357625,0.94185513,0.15792277,0.10039559,-0.121497236,-0.15098958
0.9288284833139332,0.9605996,0.9780787,0.9680688,0.26817295,0.32941854,-0.35390303,-0.21005659
0.7479252637010548,0.69718844,0.9539098,0.93961,0.17322059,0.16284098,-0.1951925,0.032516833
0.9066664804259175,0.89265245,0.9606911,0.9759556,0.32925376,0.19145264,-0.17786767,0.18937345
0.771441709766839,0.86087626,0.9569274,0.94776773,0.18560262,0.259078,0.50017214,0.24032849
0.8722084168336673,0.6435438,0.9827143,0.95763016,0.0972676,0.14135359,-0.36308688,-0.18337613
0.7535886143544575,0.6876854,0.9315907,0.9510353,0.13718715,0.12962012,-0.7565926,-0.78440523
0.9373566774267096,1.3345119,0.98366725,0.9898675,0.10338803,0.2298424,0.30355433,0.1987052
0.7880353761415045,0.8952129,0.9466938,0.9578658,0.28603837,0.11648952,0.1518071,0.07480059
0.7499114156456625,0.65607184,0.99440664,0.9499951,0.098472506,0.09740367,0.028398233,0.94866955
0.9632411649646598,0.8925632,0.99142456,0.9877964,0.1810373,0.18878394,-0.9150433,-0.054607686
0.9460394321577286,0.8753732,0.9814149,0.9822426,0.2314918,0.3293532,-0.010723702,-0.030996116
0.894945051780207,1.0121152,0.9685579,0.96644026,0.43873549,0.5792901,0.6511131,0.28758192
0.6440989283957136,0.54776007,0.95570344,0.93547344,0.09111703,0.088415794,0.5762048,0.11850875
0.6723582734330936,0.6545959,0.9590723,0.94259185,0.094808064,0.12372324,-0.08425738,0.45585194
0.9372955251821007,0.70890534,0.9915916,0.9827087,0.12858377,0.16547187,0.060206704,0.07609554
0.8494604538418152,0.7671046,0.9736718,0.9501541,0.19138834,0.3504508,0.10812478,0.23553811
0.8727494749978999,0.62716806,0.9767751,0.95922154,0.079897255,0.16608606,-0.47918078,0.098520346
0.5576358945435781,0.66494715,0.93740684,0.9411828,0.16735703,0.097248234,0.37793353,0.19632594
0.8649700838803355,0.60235465,0.97772765,0.963359,0.101357535,0.14835905,0.30739126,0.52434695
0.7534507578030312,0.6672826,0.9610535,0.95695627,0.14151067,0.09456014,-0.5153683,-0.35609782
0.890257833031332,1.1736716,0.9439804,0.96450883,0.66337836,0.4440896,0.051320508,-0.07482919
0.8776599906399625,0.703649,0.9536176,0.9696929,0.18267632,0.18448475,-0.36890668,-0.25600126
0.8714669098676394,0.9864663,0.99077815,0.98200744,0.20959704,0.33353308,-0.19266243,-0.5033651
0.9165329461317845,0.93879616,0.97609013,0.9637004,0.39264083,0.42597649,-0.4650237,0.05675033
0.8347842031368125,0.8047649,0.9697057,0.95719963,0.1358129,0.21953519,-0.52504605,0.13917409
0.9060466321865287,0.58702874,0.98497874,0.97756886,0.076516464,0.13176118,0.04685823,-0.12775677
0.7120269761079044,0.7907982,0.94718057,0.95569277,0.09922096,0.11949983,-0.98220253,-0.5060756
0.7477251029004116,0.753205,0.91518426,0.95558244,0.17796543,0.10350603,-0.0035542282,0.38152176
0.6552576290305161,1.2667952,0.96099424,0.97136575,0.68268377,0.4244247,-0.44636926,-0.5823401
0.8537443749774999,0.500698,0.98951346,0.96713495,0.054286625,0.13761696,0.3236857,-0.30615187
0.787189324757299,0.7892738,0.9721434,0.9660679,0.17074534,0.18283717,-0.75217295,-0.7796405
0.7688443233772936,0.7236112,0.95629936,0.9360341,0.15612867,0.1818145,0.92353153,0.25731862
0.9260029040116159,0.54198873,0.97702324,0.9742348,0.08797413,0.10480309,-0.91256136,0.19468488
0.8110806523226092,0.57505023,0.96626544,0.96307415,0.07179945,0.11367761,0.25733885,0.076957785
0.8390894363577455,0.9529711,0.93226165,0.9491537,0.43688437,0.34310377,0.21493179,-0.025414921
0.8886205464821859,0.7610264,0.98356354,0.9757476,0.10212516,0.13346092,0.21105404,0.39605415
0.8778618794475178,0.64449924,0.98087335,0.96231306,0.13813227,0.16343321,-0.42152962,-0.17526256
0.7656228384913539,0.8785208,0.96410894,0.9671061,0.29187334,0.12772761,-0.10201391,0.3647073
0.8122471529886119,0.7673431,0.9657004,0.9454795,0.19573723,0.26099384,-0.06891277,0.29471052
0.9323522734090937,0.94366467,0.98447585,0.97158885,0.22898236,0.24519399,-0.2218251,-0.16781785
0.8991395005580021,0.9846584,0.9757383,0.9701136,0.30196273,0.3334065,-0.618691,-0.021116316
0.8254849339397358,0.59533846,0.96069086,0.95714617,0.09535804,0.16479279,-0.41151422,0.066257656
0.7987198348793395,0.95568675,0.9520867,0.9693592,0.29498824,0.15680487,0.042877715,-0.43643454
0.6177022788091153,0.89067787,0.918625,0.9498135,0.21292096,0.12385126,0.035765152,-0.29192182
0.9315093900375601,0.8350727,0.9936576,0.9889293,0.1261762,0.255196,-0.48148924,-0.13010682
0.9103837375349502,1.0493433,0.98110944,0.96487993,0.3471058,0.38085267,0.04960452,0.25066856
0.7729646598586394,0.9212059,0.9153555,0.95513844,0.40827385,0.2225735,-0.5523852,-0.52093714
0.6408350113400453,0.7892309,0.9622266,0.95059586,0.09882132,0.15850677,0.024115851,-0.074850135
0.9209768039072156,0.92150754,0.98656076,0.97475946,0.1514152,0.26769912,-0.19352864,-0.23265137
0.9141699926799707,0.81428504,0.9740109,0.9539934,0.20609508,0.21238922,0.19535896,-0.36416265
0.863317629270517,0.836394,0.9862433,0.96718156,0.15343107,0.24424097,0.64781797,0.53164953
0.8972329329317317,0.9229477,0.98817736,0.987012,0.18202618,0.19503897,-0.6176839,-0.36110604
0.7407058428233713,0.680279,0.9787202,0.9586514,0.08127748,0.097979836,0.21715647,-0.58233273
0.7461422485689942,0.7698438,0.9429081,0.96021175,0.13238417,0.16290241,0.6987619,0.564446
0.9145000420001679,0.60981905,0.9772905,0.97252774,0.10641131,0.1259895,-0.16551894,-0.19936879
0.81987332749331,0.58221835,0.9415353,0.9575405,0.08263473,0.1241917,0.7737234,0.5027007
0.8449200196800787,0.63446075,0.98622966,0.95537263,0.103615254,0.16511014,-0.23893672,-0.07002456
0.860824499297997,0.8112602,0.95872074,0.95430726,0.22766122,0.30495936,0.6534999,0.08400178
0.8921421285685142,0.9465752,0.9902225,0.9813996,0.14343461,0.40433925,0.39289594,0.49843422
0.8194133896535586,0.91842806,0.96465373,0.9510104,0.3334722,0.3156957,0.13150144,-0.010978623
0.6723619214476857,0.6727938,0.9358072,0.94288015,0.13681734,0.12711664,0.008829534,0.10185345
0.8970940203760815,1.2666879,0.9810185,0.97176594,0.6419332,0.6827904,0.044213086,-0.40220863
0.8326258265033061,0.72989047,0.9670278,0.9594113,0.1624079,0.18107256,-0.06999048,-0.14682738
0.8644649298597195,0.88385046,0.97170097,0.9711141,0.22751518,0.1630132,-0.043103483,-0.15193938
0.9193891495565981,0.89107466,0.9870651,0.97281677,0.26908347,0.36143714,-0.62864524,0.073674016
0.9123597134388538,1.0189546,0.9501022,0.9716803,0.3961908,0.29998633,0.09242602,0.09736745
0.804186192744771,0.77229357,0.96380657,0.96014076,0.17603706,0.20638883,-0.70473915,-0.16780588
0.8183763935055739,0.89455974,0.9924899,0.9556982,0.1432059,0.1382081,-0.1056386,-0.40075442
0.8260380881523526,0.6507226,0.96069556,0.9535071,0.16446261,0.13391837,-0.28129154,-0.5748379
0.9075284941139765,0.74966896,0.9687578,0.9723529,0.16285741,0.17855856,-0.95622164,-0.09367775
0.9290384361537445,1.0494127,0.9830468,0.98560184,0.13229808,0.24112889,-0.24945575,-0.42449552
0.8428297073188293,0.83182734,0.9599949,0.95142096,0.29483244,0.30403498,0.1226142,0.40074962
0.8504861219444877,0.5880559,0.9849194,0.954796,0.10526964,0.140792,-0.7577881,-0.11636901
0.8986727466909867,0.6781824,0.97541857,0.968169,0.1054141,0.13831702,0.41088557,-0.46431217
0.6481026244104977,0.66009724,0.9652296,0.93826646,0.11556309,0.09964708,0.10738205,-0.16549784
0.650750507002028,0.5542002,0.9531866,0.9457238,0.060087383,0.084986225,-0.5149169,-0.17763154
0.7073307333229333,0.7307836,0.98828226,0.94180703,0.15895788,0.12644295,0.16783525,0.69901586
0.8426723626894507,0.6510894,0.9663358,0.9579367,0.17051706,0.17613873,-0.1053474,0.16996653
0.8602009768039073,0.66229516,0.9403407,0.95667,0.26984957,0.22509111,-0.31292242,0.1997604
0.9216081024324096,1.0189537,0.9710248,0.96922934,0.35934716,0.3602062,0.20839006,0.010548655
0.9251479245916983,1.0796441,0.98843753,0.9742181,0.4199783,0.38642153,0.0069496143,0.02624732
0.9035425581702325,0.7889129,0.9782555,0.9623676,0.16110836,0.3037674,0.26358774,0.108272016
0.9586358345433381,0.99280435,0.9911227,0.9889626,0.19577534,0.19531302,0.60855526,0.29426587
0.9043896655586623,0.65159976,0.9677651,0.9641253,0.14016476,0.18384801,0.29998216,0.36164364
0.772184272737091,0.7016546,0.9225177,0.9386058,0.20140015,0.16837904,0.31827882,0.114269584
0.8964169296677187,0.75922215,0.9716238,0.97043085,0.19802245,0.20044535,0.5885409,0.3428931
0.4150403801615206,0.5982773,0.9300039,0.9350551,0.05910297,0.107665926,0.2393137,0.28754717
0.9255613022452088,1.178045,0.99242806,0.9747644,0.31330615,0.31382582,-0.08399446,0.26280284
0.6509013236052944,0.74791634,0.9506649,0.9494003,0.07919647,0.19252913,0.85124815,0.26002622
0.8952906531626126,0.7095011,0.96710783,0.96604407,0.12826216,0.23131178,-0.24955523,-0.05965427
0.7338489193956775,0.786392,0.9336472,0.9458173,0.23561795,0.18854098,0.17678997,-0.026209611
0.9001654566618267,0.9623405,0.99025583,0.9722575,0.28638044,0.40965188,0.22742574,0.42335793
0.7178015912063648,0.59818685,0.9465821,0.9515415,0.10938244,0.1442201,1.031226,0.34040043
0.9345652742610969,0.84882766,0.9830996,0.98189193,0.22357476,0.2548597,0.099603824,0.32996088
0.8133990615962464,0.6249557,0.98781335,0.9642316,0.12369891,0.17375895,-0.13526067,-0.599231
0.897309253237013,0.71444386,0.98037004,0.9772376,0.16373163,0.18349369,0.48448393,0.5804168
0.9276516146064584,0.6804324,0.9830122,0.98477286,0.14087527,0.14537694,-0.2059872,-0.038063668
0.8696062304249217,0.7339565,0.9480488,0.96337664,0.12766954,0.18323465,-0.07177098,-0.06315262
0.8683286573146293,1.0315322,0.9635799,0.9794389,0.32816687,0.15867423,0.81625885,0.63006413
0.8266546986187944,0.7953004,0.9858211,0.9605655,0.113449894,0.15744647,0.20293787,-0.13889796
0.9154122376489504,1.072622,0.97893435,0.97207123,0.37436277,0.2561119,0.07267675,0.19596109
0.7557155028620115,0.6677642,0.9064238,0.95055777,0.21925154,0.09682195,0.1028826,-0.15780304
0.8676974547898192,0.7508879,0.9754689,0.9599556,0.17169009,0.3300097,0.14197955,0.21879119
0.8820875283501134,0.9223987,0.9620042,0.96006024,0.30577603,0.33422533,-0.3473592,-0.16024815
0.9112687650750604,0.8715751,0.9454199,0.956065,0.3023618,0.4355986,-0.36285976,-0.2692175
0.9362746570986283,0.8443151,0.96888113,0.9778873,0.28511712,0.23305883,0.59916365,-0.20396104
0.7784988899955599,0.6922179,0.97657835,0.95212555,0.10143755,0.14591213,0.04889049,0.3289137
0.8715037740150959,1.0512257,0.9544482,0.95869505,0.52658576,0.48187196,-0.17408395,0.07075992
0.9172230928923717,0.9147605,0.9924024,0.98328924,0.11682577,0.16029637,-0.34847856,-0.21142149
0.8060510962043848,0.61783975,0.9636729,0.94895136,0.10927453,0.09550392,0.5770386,0.3127302
0.8395883503534014,0.72464085,0.9499315,0.97112995,0.14692047,0.19096191,-0.9574431,-0.43624204
0.9029196116784467,0.84292775,0.98841274,0.9801834,0.2485382,0.2514969,0.09333411,0.3140332
0.7056515906063624,0.7047675,0.9375679,0.9538511,0.1198724,0.14203334,-1.0011693,-0.8002918
0.7564429937719751,0.6385712,0.92785937,0.9455126,0.15158583,0.105710566,-0.059691817,-0.2217142
0.7989759639038556,0.7668308,0.9338101,0.95968664,0.20491374,0.16284473,0.091830924,0.022620771
0.7587322189288755,0.71515185,0.9311615,0.9428497,0.15469576,0.18624589,0.27220792,0.33355087
0.7343266173064692,0.72266746,0.97767055,0.94701475,0.105584845,0.17358223,0.085346185,0.30489627
0.8972192048768194,0.82321,0.99087614,0.97783095,0.1666444,0.16147447,-0.57715183,0.47018743
0.7157820311281244,0.70054936,0.96818393,0.96027267,0.09401345,0.09805735,1.03545,0.6151033
0.9006343225372901,1.1778241,0.98988855,0.97091925,0.29999384,0.34340993,0.25865564,0.3578406
0.6580984723938895,0.5034295,0.9046579,0.93662274,0.076672494,0.122345164,-0.29389068,-0.12400288
0.872318241272965,0.74019593,0.9673934,0.9748121,0.11949492,0.13666195,-0.92192763,-0.6188506
0.9183937215748862,0.70352685,0.97516066,0.97666264,0.12585491,0.160485,0.032867014,-0.2925846
0.6472778851115404,0.6351046,0.93286234,0.93563545,0.0845216,0.15145062,0.109572366,0.37786362
0.6952881571526286,0.6233927,0.9400211,0.95125383,0.11915645,0.11132585,1.6372471,1.2394304
0.8227021708086831,0.7732989,0.95671505,0.95098585,0.1759249,0.1193041,-0.31288898,-0.15960728
0.7612678770715082,0.75694895,0.9280838,0.95248187,0.15286753,0.110505454,0.75442976,0.5696744
0.8155525422101688,0.94102806,0.97262657,0.9739304,0.19726513,0.1474305,0.2251396,-0.009439689
0.7606580826323305,0.75470763,0.9331709,0.94836074,0.19237033,0.23029907,0.13752137,0.2959194
0.7607248028992115,0.6170991,0.9572956,0.94889164,0.14285587,0.15630761,0.59988606,0.65135646
0.9435225900903604,1.3673601,0.994763,0.98360634,0.3172266,0.51967543,0.06762285,0.16118062
0.740500306001224,1.1278406,0.94399905,0.9570867,0.30176765,0.17381464,0.2876821,0.55517983
0.9060619922479688,0.76165134,0.98334014,0.97278774,0.0980762,0.18796687,0.53212845,-0.1951528
0.9130770283081132,0.6595399,0.978383,0.96434355,0.13152425,0.19134776,0.4549858,-0.2813381
0.8739121356485426,0.83239365,0.970687,0.9630618,0.21640067,0.2565005,0.45841438,0.437305
0.9100449521798085,0.7895172,0.9810274,0.96940446,0.18717714,0.17488714,0.4238708,0.45103624
0.9157386389545557,0.9900112,0.96380734,0.9677208,0.4132819,0.47295186,0.24986099,0.06996457
0.811627950511802,0.6269966,0.94103646,0.9499138,0.15567422,0.13577788,-0.116493106,-0.15937598
0.7705039780159121,0.76042193,0.9603722,0.95339805,0.146551,0.1919781,0.40228105,0.031573534
0.9419642158568634,0.75932753,0.9894927,0.98444617,0.10420268,0.12481756,-0.3093889,0.06972058
0.8312565730262921,0.7522439,0.96634275,0.96154374,0.1867128,0.19933763,-0.090206854,0.43166506
0.7348639314557257,0.6738265,0.97386074,0.9547637,0.18352006,0.11338968,0.41958147,-0.20408314
0.8662338329353317,0.8057227,0.9541573,0.9620634,0.21387437,0.14189899,-0.14438207,-0.09483531
0.8138609194436777,0.6833552,0.9652082,0.95927924,0.12395269,0.13217194,0.60703635,0.18183473
0.829253333013332,0.6221888,0.97461164,0.96662086,0.11217338,0.14412035,-0.088379994,-0.5575341
0.8451273805095221,0.77418417,0.9560917,0.96600175,0.14635365,0.21756974,0.833661,0.38093385
0.7845239700958804,0.78052515,0.9297039,0.9533731,0.19815454,0.2013052,0.7638562,0.32813784
0.9698001032004129,0.9764032,0.9944676,0.9878328,0.25844052,0.26633486,0.55117023,0.2797741
0.7549801399205596,0.8399437,0.9765748,0.95584804,0.13249591,0.13700718,-0.46714732,-0.23935157
0.7169066756267025,0.67380106,0.9627077,0.946409,0.12968107,0.15721546,-0.12744695,-0.35347748
0.629811095244381,0.6637941,0.93544006,0.9364628,0.14642102,0.12870237,-0.33131918,-0.22868235
0.5863471133884535,0.7787828,0.9401043,0.9399232,0.21115157,0.088058904,0.9378202,0.5418419
0.8384545858183433,0.7960358,0.96853995,0.9634006,0.2926223,0.22881095,-0.06756819,0.1000952
0.9055244860979443,1.0895509,0.9857156,0.9739787,0.2919738,0.24936864,0.17778896,0.19284791
0.8285750903003611,0.9675372,0.9526688,0.961321,0.3834779,0.28328708,0.21339506,-0.01465603
0.8791903327613311,0.5936116,0.9695946,0.96663773,0.05835307,0.123703115,0.6261032,0.4234659
0.7602114888459554,0.5592941,0.9735114,0.9630589,0.06732911,0.13997382,0.86090165,0.6426529
0.8131350605402421,0.8302438,0.97712374,0.979508,0.1074435,0.1007288,-0.05743183,0.20577303
0.8254964539858158,0.74254113,0.9794389,0.96310246,0.067171484,0.1317447,-0.40036586,0.113910705
0.8135105180420722,0.67416006,0.98445237,0.9685618,0.09857117,0.12653351,0.015735008,-0.21329798
0.9043891855567421,0.86628026,0.9729173,0.97517085,0.20708822,0.3104206,-0.48983222,-0.27368397
0.8503992415969663,0.87417376,0.9201688,0.9423488,0.36446744,0.29367566,-0.16890533,-0.17615359
0.9141731606926428,0.8452985,0.9767576,0.9755164,0.20985246,0.20444903,0.8725885,0.5347799
0.868317233268933,0.7926955,0.93143076,0.95596707,0.24430797,0.28015068,-0.7188005,-0.32542512
0.9060758163032653,0.7885007,0.9661871,0.9688515,0.18357635,0.22972992,-0.21636595,-0.3521163
0.8321848967395868,0.69759184,0.95913714,0.95734817,0.15470065,0.14976124,-0.4434937,-0.32970768
0.859818799275197,0.57593465,0.9920516,0.95539397,0.10065003,0.13982026,-0.014142592,-0.020387055
0.83750159000636,0.63088983,0.97676617,0.9603889,0.10204465,0.1788554,0.8548651,0.57377565
0.6511168444673778,0.6644788,0.94788,0.9487472,0.10644074,0.12574546,1.5160125,1.0116136
0.9260758643034572,0.92919654,0.9758479,0.9576901,0.3849802,0.5227152,0.015016022,-0.17631418
0.9487836991347964,0.6136023,0.982219,0.9812011,0.115268454,0.14043464,0.19775832,0.36005768
0.7382474649898599,0.70165396,0.9662819,0.9495916,0.17985372,0.1164577,0.31572115,0.5011604
0.820564722258889,0.8407981,0.9683256,0.9693103,0.13291982,0.1374733,0.026841136,-0.03687415
0.8951352285409141,0.90192354,0.9788462,0.9830436,0.19997793,0.19418946,0.367682,-0.37721995
0.7289026916107665,0.6080199,0.9235225,0.94534016,0.15031523,0.1578332,0.45034716,0.14011149
0.6676552146208584,0.68431854,0.92973644,0.9380768,0.1254814,0.08942989,0.17713435,0.47873136
0.7794099336397345,0.6735352,0.9752469,0.95686543,0.09051232,0.12544505,-0.35835737,0.31587481
0.7510119640478561,0.6965471,0.95319587,0.9426281,0.12462113,0.16503876,-0.115601815,-0.1951431
0.8942999291997168,0.7413463,0.97124356,0.979582,0.093726605,0.14071655,0.1513902,0.1929985
0.6896720386881547,0.9330021,0.9088735,0.9592369,0.35929227,0.15914465,-0.046916228,-0.025814487
0.7907354829419316,0.7025341,0.95751613,0.9592674,0.09313321,0.110049784,-0.12672955,0.14746623
0.7675569582278329,0.5638203,0.97420514,0.95076054,0.060003586,0.11969259,-0.13443361,-0.09939933
0.8589317557270228,0.8951878,0.99322987,0.98268473,0.1463535,0.13795704,-0.010515084,-0.43458736
0.8060450481801926,0.683389,0.9223522,0.95146406,0.16266274,0.112650916,0.33734134,0.030826421
0.9294119736478945,0.9051065,0.97266924,0.9754432,0.32110593,0.25462675,-0.7850047,-0.23309034
0.7430467161868648,0.851144,0.9460358,0.9479316,0.21820016,0.1510063,-0.018416855,-0.0024408265
0.6261687446749786,0.6944932,0.9262797,0.9396662,0.11485967,0.17694648,-0.40681565,-0.3399291
0.8874869739478958,0.90050846,0.9645726,0.9763487,0.15440395,0.14977214,-0.6900109,0.02565718
0.9241590246360984,0.8329683,0.97812754,0.9696912,0.15427272,0.2435574,0.76130855,0.5567367
0.8839867999471999,0.540779,0.98776203,0.97398937,0.115268014,0.14813188,-0.449729,-0.37548375
0.8949159636638547,0.61582834,0.9873858,0.97073853,0.07231248,0.15138806,-0.5789006,-0.6404932
0.8666420265681061,0.83652747,0.9578314,0.9497537,0.20317763,0.30205837,0.40397835,0.23564817
0.8827035628142512,0.87470484,0.9613425,0.9581502,0.28815955,0.31212732,0.53765994,0.11514193
0.8483274573098292,0.48004848,0.96968174,0.95517707,0.05797146,0.12486233,0.0047618495,-0.14945255
0.5737989031956128,0.81469005,0.93166167,0.9439704,0.19453056,0.11039764,-0.16691282,-0.031514138
0.6908392113568453,0.60994333,0.95407426,0.94659126,0.08791913,0.12509495,0.20492668,0.16043016
0.904744962979852,0.7407508,0.97639924,0.9697193,0.09897852,0.13667344,0.2564932,0.57518536
0.8310211800847203,0.84516996,0.9708122,0.95928276,0.20788932,0.20202109,0.3075613,0.026104704
0.8947886671546685,1.057085,0.97537184,0.96999913,0.32717878,0.27584967,0.0031731578,-0.28054443
0.8774105816423264,0.8093775,0.9778193,0.95362127,0.18651992,0.23980384,0.8940702,0.13313451
0.7714905739622958,0.77822703,0.92620635,0.9347116,0.26828605,0.1388552,0.14190379,-0.1295856
0.5888446593786374,0.8642752,0.9394576,0.9442795,0.15599442,0.25959826,-0.1013318,0.36279875
0.8602377449509797,0.8075279,0.9847909,0.97479653,0.1443999,0.14905934,-0.1196121,0.32354835
0.9432833571334284,1.028332,0.98817873,0.9815822,0.36476848,0.41490644,0.08462466,0.13755947
0.8136978147912591,0.86525613,0.9685353,0.9622138,0.08663271,0.25123754,0.61038214,0.44202828
0.8581719126876506,0.76153284,0.9750449,0.95338786,0.18457903,0.23184949,0.4111298,-0.122326165
0.8617624230496922,0.8201777,0.9711831,0.9643403,0.1800712,0.14999689,0.011770038,0.1563232
0.9008025152100608,0.724499,0.98657894,0.98240495,0.121329814,0.1427396,-0.18677697,-0.35742965
0.7908352273409093,0.7251072,0.9501693,0.9537608,0.22756954,0.22218275,0.36783805,0.35305518
0.6552007008028031,0.6576437,0.93624127,0.95402074,0.10019015,0.109328225,-0.79421026,-0.4953221
0.8111360445441782,0.6412892,0.9571879,0.9564102,0.119794235,0.14431912,0.34067768,0.30103788
0.763877839511358,0.9706664,0.94491875,0.96619457,0.29394957,0.15844023,-0.81310767,-0.4540839
0.7711670526682106,0.6148399,0.92624164,0.9448527,0.1820996,0.11279764,0.6103236,0.7053366
0.7943535454141816,0.8171852,0.952086,0.96509457,0.1977536,0.13815343,-0.49377882,-0.14410286
0.7713474373897495,0.569165,0.94046736,0.9564196,0.09019513,0.13772702,-0.07854594,-0.057216227
0.868747506990028,0.6019196,0.98372793,0.9618229,0.0689973,0.19909047,0.5283966,0.1617259
0.8015398461593846,0.70210344,0.976071,0.96475255,0.17176498,0.13140237,-0.39905623,-0.26668823
0.7573933975735903,0.6844951,0.9686372,0.95676214,0.14207618,0.13836063,0.5755925,0.11392432
0.8535952863811455,0.84020895,0.9866792,0.9694544,0.15510413,0.16786441,-0.19953133,-0.35953885
0.8955787503150011,1.2183616,0.9447756,0.9557613,0.9319857,0.47607362,-0.4682192,0.26492736
0.7558298393193572,0.6988444,0.9123384,0.9452172,0.181722,0.17711234,-0.34436074,-0.35164985
0.688811011244045,0.6855266,0.95133615,0.95762277,0.060178705,0.14364646,0.25545812,0.21478419
0.7016467425869704,0.67016405,0.9236877,0.9478145,0.12652798,0.119764425,0.1816339,0.096082255
0.7751016284065135,0.6466216,0.9905009,0.95413834,0.046707217,0.19082402,-0.11008686,-0.34535626
0.9113904935619742,0.78735304,0.9822527,0.963017,0.1420617,0.31198147,0.6947631,0.31596765
0.9102055608222432,1.2214409,0.96642745,0.96281606,0.43171173,0.73187894,-0.52562207,0.0036571142
0.8923708974835898,0.7589846,0.9674694,0.9664099,0.1368615,0.1555914,-0.30349657,-0.36361957
0.8214956379825519,0.8892793,0.94155025,0.95871824,0.19178946,0.115871936,0.5026627,0.3978035
0.6697085668342673,0.5545463,0.9310327,0.9336556,0.09621153,0.11823162,-0.00026620534,-0.074668616
0.82962514250057,0.8323682,0.97600454,0.95781195,0.22557993,0.1982133,0.054006316,-0.19030435
0.7886460345841383,0.5789461,0.9391294,0.9484394,0.15898784,0.14606035,-0.1730287,-0.22074462
0.5966311545246181,0.56228507,0.9391204,0.93602836,0.06409099,0.09780572,1.1001259,0.87573034
0.8516420625682503,0.8353011,0.9692294,0.97337025,0.13879962,0.1467157,0.5319179,-0.07912067
0.7631595646382585,0.7613271,0.95590436,0.95600873,0.11471233,0.18221259,0.56353337,0.7203858
0.804881331525326,1.021024,0.94157964,0.95653397,0.31737453,0.21629204,0.7967014,0.33824274
0.8900676562706249,0.6706131,0.98306537,0.9800286,0.13027103,0.12607783,0.22678837,-0.19944224
0.8397142068568274,0.611496,0.99468094,0.98759586,0.07728293,0.13972047,0.167907,0.17065534
0.8895917823671293,0.71123445,0.9758314,0.9750944,0.14586075,0.13746949,0.33352652,0.30017987
0.6492115248460993,0.5891675,0.95750386,0.9434292,0.08465395,0.11478032,0.120680206,0.15501693
0.9065309541238166,1.0269597,0.99252176,0.9797556,0.23841983,0.34872404,0.22210515,-0.43336874
0.8355665102660409,0.5290503,0.97637373,0.9553199,0.075495474,0.1346891,-0.50294226,-0.46073136
0.8438201432805731,0.6594313,0.9794386,0.9704559,0.11669114,0.13242689,-0.06577543,0.17883472
0.9407382909531639,0.98707724,0.9874694,0.96956646,0.26892078,0.57315737,0.8812297,-0.023398835
0.8851339085356341,0.6934561,0.960755,0.9605524,0.18087831,0.17313471,-0.84824073,-0.5038069
0.8206463225852904,0.75853294,0.95101166,0.95905715,0.11668572,0.2844154,-0.11165425,-0.12887985
0.7676240624962499,0.69713813,0.94936365,0.9577205,0.13508417,0.07650175,-0.34265363,-0.5869823
0.866316585266341,0.99042666,0.95797426,0.9672813,0.4531003,0.33886346,0.24950017,0.32078412
0.8931482125928503,1.071417,0.9678521,0.9593256,0.4320692,0.6798441,-0.093330994,0.11930374
0.9134145656582625,1.3130215,0.96044564,0.965661,0.6769799,0.65481824,0.120066084,0.28431934
0.875066348265393,1.4088824,0.95576936,0.9642803,0.7243973,0.47808334,0.3716261,0.25317395
0.9058531914127655,0.8981173,0.98108554,0.9682915,0.29997295,0.17231674,0.41043046,0.4021061
0.9167450109800439,0.74784756,0.9622017,0.9702428,0.19128709,0.27561006,-0.27434453,0.12017455
0.8771964047856191,0.79295987,0.9862433,0.9723734,0.15343107,0.20538075,0.64781797,0.4906103
0.8510802683210732,0.6557894,0.974507,0.96176076,0.08666115,0.21496336,-0.09067051,0.05769101
0.8958425593702375,1.1265093,0.9794358,0.9801888,0.24461783,0.19812484,-0.0143863745,-0.42075935
0.9022814971259884,0.8589406,0.9776122,0.9643877,0.16798826,0.3971315,0.2701509,-0.12941703
0.9147567470269881,1.1695212,0.96880895,0.98051125,0.3578264,0.23132297,-0.5133288,0.13790119
0.8880147840591361,1.0819803,0.95659304,0.95372045,0.4305743,0.29267874,-0.15942167,-0.13432093
0.6877787191148764,0.851482,0.9310828,0.95003134,0.25887144,0.19329323,-0.016000412,-0.23122591
0.5491958287833151,0.6723324,0.93447864,0.94324225,0.0685548,0.1302719,0.08271832,-0.22045173
0.9308678194712778,0.66481715,0.99069804,0.9766873,0.13719404,0.18772331,-0.29761115,-0.07197889
0.8932767571070284,0.90219766,0.9664815,0.9656481,0.36895362,0.25375193,0.40561014,-0.15563431
0.8426443305773222,0.9386366,0.9716036,0.962142,0.3897102,0.3175702,0.2968136,-0.17697492
0.47462484249937,0.7437226,0.93585265,0.94445914,0.16289929,0.07849898,0.20384881,0.11261789
0.8518854235416942,0.67785573,0.9699414,0.9701326,0.13519964,0.12870312,-0.20683941,-0.14717492
0.7803604334417337,0.6372761,0.9581919,0.9632764,0.10812371,0.13160487,0.73384976,0.11450314
0.900627506510026,1.187948,0.97893435,0.9609973,0.37436277,0.9000495,0.07267675,0.21594805
0.777566246264985,0.92034686,0.9572544,0.9636711,0.28697014,0.094910525,-0.43243352,0.11402253
0.8555527342109368,0.69735515,0.97618306,0.9610558,0.13907622,0.17640872,0.15043478,0.05786067
0.9038295033180134,0.9570851,0.9944678,0.97956085,0.19150692,0.25283697,-0.17186755,-0.5111969
0.8256825987303948,0.873979,0.946079,0.95564336,0.26762453,0.20050557,0.3432853,0.013486129
0.8729956199824798,0.63136953,0.96825045,0.9619877,0.13285612,0.112740025,0.010200738,0.20450026
0.7003650414601658,0.5999598,0.95871156,0.95633537,0.08854181,0.08936222,0.29982567,-0.12016759
0.9023262333049332,0.6670455,0.92319083,0.96404654,0.19480005,0.18820435,0.1658748,-0.036403257
0.6812813171252685,0.8733826,0.9537405,0.95841897,0.2015984,0.18694258,0.035270117,0.10106143
0.6923396973587893,0.5853074,0.9569015,0.9580813,0.0874796,0.13400789,0.84819317,0.80631393
0.9518274873099493,0.97979033,0.9882657,0.9851605,0.24283865,0.31030488,0.12381381,0.06094709
0.8848581954327815,0.8424288,0.9597887,0.971772,0.29620096,0.21067348,-0.13148078,-0.1373016
0.8519011676046705,0.62223893,0.9748965,0.9678331,0.07691945,0.119468175,0.060941476,0.406431
0.9147889071556287,0.59540695,0.99222386,0.9781058,0.06976482,0.10077022,0.29197845,0.53488255
0.8542402169608677,0.70088434,0.9829075,0.9719699,0.0789755,0.15946972,0.15721498,0.5053472
0.8633276133104533,0.77273923,0.96564984,0.9719097,0.19406736,0.14251044,-0.23067187,0.24764308
0.8548665234660938,0.67293066,0.9757967,0.96132237,0.10347103,0.13487041,0.1089404,-0.003571675
0.7789930999723998,0.8301669,0.91937405,0.9577302,0.3175291,0.20413746,-0.09288998,-0.093273856
0.9084610418441672,0.9257816,0.9857337,0.9699499,0.2798757,0.35086334,0.11912503,0.082196884
0.7025444421777687,0.6469195,0.94279426,0.94487333,0.14619857,0.16315268,0.3487162,0.19680475
0.9181108084432338,1.0271751,0.9670613,0.96657234,0.31177837,0.52528477,0.65902126,0.19214077
0.7525166740666962,0.7069836,0.960519,0.9473139,0.130511,0.18107978,0.18041465,-0.25552356
0.857749606998428,0.6123718,0.989864,0.9681273,0.06883197,0.11466268,-0.6342741,0.39007196
0.8730202920811684,0.81059587,0.9754689,0.9603507,0.17169009,0.2045157,0.14197955,0.29001722
0.8753742214968859,0.6641219,0.9879437,0.9736492,0.11284824,0.12277973,0.08607199,0.3152105
0.8418716234864939,0.8903021,0.9796539,0.9673908,0.16648714,0.2231172,0.48160324,-0.13230304
0.9195838383353533,0.97687054,0.9886089,0.97511053,0.30351394,0.3376641,-0.8663304,-0.038883716
0.9490228360913444,1.0985551,0.98727494,0.98835486,0.22552161,0.30757558,0.07960366,0.031496037
0.6996122064488257,0.4942795,0.9166094,0.95036346,0.10409564,0.08177086,0.6617157,0.7337791
0.885694454777819,1.8392304,0.98897374,0.98888505,0.15408495,0.30189478,0.78717625,0.10094591
0.891565454261817,0.59334016,0.9884481,0.9673394,0.09513549,0.15896372,-0.18023409,0.21156901
0.7555269581078324,0.8971163,0.96989226,0.97767717,0.22384022,0.1380153,0.5710965,0.46531403
0.8222209208836834,0.46401244,0.96889925,0.9547657,0.07571171,0.12844367,0.43134466,0.4453661
0.8280665762663051,0.53945297,0.9398431,0.96512604,0.09077303,0.11222925,0.08904757,0.3045918
0.9487281149124598,0.74991775,0.9764465,0.97841555,0.16683851,0.27042782,0.17340985,-0.0466268
0.7510494041976168,0.7898943,0.9670035,0.9544015,0.1571164,0.13146937,0.2753732,-0.3997446
0.7755469741878968,0.92491955,0.94810104,0.9556206,0.35109708,0.16919701,-0.066302784,-0.25046825
0.8526170424681698,0.81798595,0.9852963,0.9841534,0.17848144,0.16414334,0.0050164503,0.16308296
0.9074009096036384,0.7125252,0.95902056,0.9684709,0.25612995,0.17143351,1.058401,0.11779694
0.9181385525542103,1.1294372,0.9878827,0.98287916,0.5027458,0.23602168,-0.16839072,0.16590552
0.8868511634046536,0.64128834,0.9786962,0.97308594,0.1326624,0.1688635,0.5358284,0.5209072
0.8040299041196164,1.0833175,0.9701543,0.9623003,0.63699335,0.30195633,0.09743853,0.49423164
0.7976777507110028,0.75408095,0.96551096,0.96118784,0.11582791,0.1396131,0.33891788,0.3288971
0.7244166896667587,0.8738537,0.9533293,0.9490086,0.23695317,0.20367567,0.64508164,-0.012312506
0.9174128856515426,0.59636056,0.9764528,0.9730186,0.08579207,0.14751175,-0.46346167,-0.052459285
0.8057387109548437,0.8844907,0.9128943,0.9551287,0.37524796,0.1856168,0.8453193,0.2611612
0.8297289189156757,0.71270657,0.9697322,0.9577443,0.09405874,0.20864804,0.27639478,-0.026518129
0.9639579998319993,1.1073341,0.9873181,0.9875642,0.23411989,0.22379164,0.44534788,0.019191016
0.9364020496081983,0.72176427,0.99045706,0.9861994,0.0888471,0.115503944,0.1839075,-0.27298272
0.7614193656774626,0.94891363,0.9528354,0.95856524,0.17453332,0.16699028,0.78497416,0.4381511
0.900631730526922,0.7988787,0.9810427,0.987179,0.13823415,0.12933497,0.653208,0.17046915
0.7929964839859359,0.7320422,0.9675454,0.94893485,0.11807987,0.26555115,0.26107255,-0.07140229
0.8749625718502874,0.8769448,0.9704031,0.9671974,0.21986654,0.23611596,-0.64287513,0.055387165
0.8624654338617356,0.93374634,0.99168426,0.97013277,0.26286885,0.20970353,0.4059491,0.5384701
0.5701692246768987,0.72772366,0.982561,0.9702034,0.08669449,0.10556033,0.10010009,0.93738663
0.6667849711398846,0.63582504,0.9242643,0.9524908,0.10086002,0.10567414,0.5239418,0.4942018
0.8336138624554498,0.75013703,0.9693923,0.9675833,0.16559185,0.18388101,-0.27180126,0.04061562
0.7121361285445141,0.5731486,0.95694786,0.961054,0.070831366,0.1256659,0.49289456,0.46963412
0.768185856743427,0.65194726,0.96054965,0.9536184,0.101072535,0.12875286,-0.75292325,-0.30852154
0.7676802227208909,0.9701518,0.9565964,0.9604623,0.25304523,0.24712443,-0.6163217,-0.5251053
0.9031947487789951,1.0985316,0.96741325,0.97343534,0.48260072,0.29542056,0.7575547,0.09122171
0.8937304549218196,0.6548966,0.9567641,0.96917266,0.18213467,0.19262277,0.33635658,0.22269797
0.7852707570830282,0.928533,0.9615596,0.947685,0.34923157,0.2672394,0.41679683,0.32451138
0.7227246828987316,0.55660367,0.9418899,0.9541304,0.09807616,0.12757261,0.421589,0.38653377
0.7984839619358477,0.46386433,0.9500537,0.93648624,0.065849595,0.09536777,-0.7666001,-0.48482087
0.7458632714530857,0.784879,0.93845785,0.950407,0.2158214,0.1969474,0.39844605,0.52344364
0.9138346633386535,1.009977,0.9861756,0.9678744,0.25890714,0.26933828,0.8164322,0.045693483
0.944370753483014,0.82678264,0.99186224,0.987245,0.09452855,0.18632583,0.6618653,0.52229214
0.901563990255961,0.80522746,0.9695286,0.9691242,0.22521082,0.28372192,-0.13480836,0.20002559
0.8112688130752522,0.8814062,0.96461564,0.9599615,0.25819483,0.1662521,-0.6762944,-0.6854842
0.7919136956547825,0.6184607,0.95971996,0.9523973,0.101502076,0.10148363,-0.4636137,-0.39656729
0.7547093228372913,0.6579049,0.9788636,0.9665036,0.0732031,0.09773565,0.077411756,0.47135967
0.8301295285181141,0.52837074,0.96548265,0.9486944,0.10933472,0.12954792,-0.46601796,0.18729281
0.7592535970143881,0.8215482,0.94101024,0.9425716,0.14475043,0.13380295,0.7960687,0.4499935
0.9087720830883323,0.73238003,0.97477543,0.9731686,0.14472963,0.17950715,0.17252427,-0.012551435
0.5988979155916624,0.5424962,0.9223092,0.9415855,0.087369375,0.0843933,-0.25967112,-0.015239764
0.7704453217812871,0.7421566,0.93043506,0.9528134,0.2789635,0.20412034,-0.08116113,0.013238894
0.8749444277777111,0.71318024,0.9813639,0.9669065,0.10429664,0.20229447,-0.22710858,0.27111438
0.8615867423469693,1.0958086,0.96768993,0.9670314,0.33533514,0.4855938,-0.19474046,-0.5338386
0.8904730658922636,0.8278715,0.96943575,0.96743435,0.2718317,0.25596228,-0.21493202,-0.42976478
0.9027105228420912,0.97847563,0.97698015,0.96699613,0.22874108,0.28354606,-0.44333562,0.42242137
0.9381222804891218,1.0295217,0.99412405,0.9759831,0.32269076,0.31264612,-1.1151875,0.09021013
0.8801999687998752,0.9164445,0.9559423,0.9695597,0.26705617,0.27677205,0.19737741,0.076389216
0.5219198156792626,0.64995265,0.9542222,0.94556475,0.059764,0.10253232,-0.22101627,-0.54161495
0.7752687650750603,0.9520606,0.94530445,0.9582524,0.39883092,0.2084506,-0.16191414,-0.55899036
0.8529657158628634,0.7840583,0.96381736,0.95565933,0.24079296,0.23392,0.42788365,0.21130845
0.7950396601586405,0.6341061,0.97635347,0.964918,0.12011893,0.1374769,-0.13915251,0.30561793
0.7409027396109584,1.0500757,0.93552846,0.9415647,0.32243043,0.23395884,-0.13317479,-0.16840276
0.8506345385381542,0.6700485,0.9879036,0.9639589,0.13821748,0.1234847,0.20298977,-0.067788705
0.9367187548750194,0.6779789,0.9930612,0.9764682,0.086225815,0.23039234,-1.0728309,-0.07080519
0.9044080016320066,0.73070365,0.9720532,0.9602287,0.15895535,0.33215874,-0.7312652,0.04439699
0.6708257233028931,0.54017484,0.92409,0.9457288,0.08176274,0.10924349,0.532139,0.45719638
0.7377881031524126,0.7025162,0.97151893,0.9485292,0.09499969,0.114258565,-0.026563063,-0.10319745
0.6974438457753831,0.5828033,0.95893294,0.9421391,0.07901237,0.118120044,-0.15955672,0.016706957
0.8378559274237096,0.92683834,0.9771647,0.95565933,0.3006235,0.31853756,-0.72829795,-0.37485865
0.8760996963987856,0.65039,0.97731644,0.9737815,0.11271121,0.108510986,0.5545817,0.51910794
0.42567357469429873,0.99062467,0.9921162,0.9906392,0.07938771,0.10238927,0.18504573,-0.22937809
0.8723290893163572,0.72186726,0.9591358,0.9622126,0.15979971,0.15441097,0.43618873,0.5483758
0.8171676526706105,0.85015184,0.9940118,0.9845656,0.08325489,0.20179302,-0.63110703,0.32366604
0.8607844671378686,1.1179649,0.97985697,0.9773267,0.45738807,0.41894454,-0.6031947,-0.044270165
0.839122460489842,0.6010757,0.95280963,0.95531046,0.10191583,0.13054365,0.19145745,0.19989
0.8748993075972303,0.57312757,0.9741036,0.9611757,0.06265585,0.12353451,0.43562615,0.18027641
0.7359981759927039,0.65519977,0.96382743,0.9598639,0.08677018,0.13103329,-0.66387916,-0.43376252
0.8379549998199992,0.9815715,0.94746584,0.9547451,0.4094681,0.35251978,0.53308076,0.22642581
0.8890813483253932,1.1943061,0.9661375,0.96374327,0.5578962,0.46981093,0.16596445,0.15400718
0.9510095640382561,1.0319779,0.99216425,0.987485,0.20867606,0.22527504,-0.5545385,-0.17557733
0.7398805275221101,0.94515634,0.9748775,0.96245205,0.30642194,0.11556376,-0.22536094,-0.0075560617
0.6392960291841167,0.503795,0.9046579,0.9378324,0.076672494,0.09171842,-0.29389068,-0.1014661
0.8635668462673851,0.6358364,0.9689124,0.96403164,0.15678921,0.15378411,-0.16208972,-0.2626888
0.9129557798231194,0.5934916,0.98637486,0.976521,0.13219096,0.13368514,-0.12277425,0.29499236
0.9212297649190595,0.7263006,0.99098504,0.9760378,0.14123839,0.14710355,0.42092916,-0.040644616
0.7813552854211416,0.6768887,0.9531729,0.9471922,0.103454255,0.15003037,-0.59907717,-0.123747304
0.7774653498613994,0.7092043,0.9625331,0.95725113,0.089546144,0.17455393,0.52432066,0.4980878
0.9274823659294636,0.8066421,0.9799634,0.98007685,0.122060254,0.21792142,0.060203537,0.35742465
0.9135267901071604,0.9109298,0.9742612,0.97068447,0.2981519,0.21760286,-0.7613922,-0.21945103
0.801697094788379,0.75108767,0.9507089,0.94797564,0.16005103,0.15189865,0.8933366,0.48682937
0.9536422785691142,1.11003,0.98699874,0.97904086,0.22913565,0.48551795,0.2492516,0.2390703
0.9187668750675003,0.6709849,0.9683338,0.96867543,0.14572814,0.16329318,0.65765935,0.068313785
0.854569306277225,0.6455198,0.9516221,0.9643963,0.11892747,0.18195511,-0.7751585,-0.307158
0.8412724850899402,0.6709523,0.95347583,0.9609505,0.18538184,0.14452271,-0.23843405,-0.031259853
0.7870274681098723,0.6756433,0.97056633,0.9522012,0.09318418,0.16557741,0.039871085,0.28132534
0.8118308953235811,0.69371617,0.931503,0.9472141,0.22093084,0.22747208,-0.32484385,-0.4014055
0.8568406753627015,0.7209005,0.9682946,0.9614112,0.17775263,0.14988154,0.256264,-0.19641638
0.8509201396805588,0.88482827,0.9828385,0.96944124,0.18246575,0.27797124,-0.64915967,0.3854625
0.8747459949839799,0.8779257,0.95348066,0.9746552,0.2480976,0.116965026,0.47217882,0.31702018
0.9157287509150035,1.0316141,0.99093586,0.98021114,0.23845051,0.31392732,-1.4826106,-0.21898592
0.82037713750855,0.84950304,0.9377758,0.9466415,0.2673743,0.36635485,0.53428996,0.11070484
0.8195689299453743,0.7505617,0.9618938,0.957857,0.19597542,0.18405038,-0.21725507,-0.36040115
0.800509666038664,0.53637,0.93141663,0.9552625,0.11663644,0.0994751,0.41300687,0.29141608
0.7622426649706598,0.667886,0.9396981,0.9591603,0.12819275,0.1506299,0.53608394,0.5139085
0.8542232248928995,0.98261803,0.95269984,0.9564446,0.35822418,0.33938137,-0.18550986,0.16216035
0.9354888939555759,0.788879,0.99049133,0.98239106,0.18434496,0.27112192,0.23227048,-0.2911704
0.8856543266173065,0.8652212,0.9887291,0.9699318,0.13996223,0.21983168,0.09776653,-0.41804695
0.8431902847611389,0.8891178,0.9264256,0.95788354,0.30900005,0.14539568,0.33059797,0.47099698
0.8497671750687003,0.7894886,0.97990435,0.9836711,0.11531735,0.11073681,-0.6924834,-0.52615225
0.9379687758751034,0.7768073,0.97978425,0.9724125,0.18602768,0.24300395,-0.2279227,-0.0446142
0.7647625790503162,0.710242,0.9570634,0.96287954,0.15335685,0.14392418,0.17546909,0.46410984
0.9243657134628537,0.8701398,0.97707176,0.9709879,0.20393899,0.33484125,-0.2730434,0.072873
0.9439589118356474,0.84209836,0.96781343,0.9717352,0.30270246,0.25097314,0.39715907,-0.058934208
0.9220163920655683,0.7377169,0.9798038,0.9684356,0.1604005,0.26124725,-0.9467604,-0.1722695
0.8862628730514922,0.6556293,0.9626083,0.95932096,0.17595913,0.22760694,0.31912163,0.22220533
0.8599582878331513,0.8335638,0.970687,0.9624166,0.21640067,0.25251055,0.45841438,0.30088887
0.9340173040692162,0.86760485,0.99391407,0.98312616,0.14335264,0.13544433,-0.268118,-0.040248062
0.7963730094920379,0.62712693,0.9628803,0.9600903,0.09251361,0.113641314,0.3409152,0.053146996
0.8353527174108696,0.7474193,0.94642025,0.95540935,0.16732958,0.19153793,-0.7574626,-0.17956105
0.6187706670826683,0.7715047,0.95052224,0.96522385,0.05873353,0.11259221,-0.18932681,-0.2834461
0.8291993046980022,0.675062,0.9607495,0.9535515,0.11794745,0.11605846,0.3025439,0.3274925
0.4322244488977956,0.83067477,0.9297962,0.9436397,0.18810304,0.093114935,-0.3023081,-0.38472456
0.9113391333565333,0.9838961,0.9809702,0.9803544,0.29980835,0.20330386,-0.4099587,0.012262493
0.5188410833643334,0.62531435,0.96430814,0.94626755,0.08779077,0.08240545,0.9928747,0.9764662
0.8613990615962464,0.78765506,0.9760977,0.9656182,0.18401605,0.25240475,-0.010963705,-0.29662
0.7823527294109176,0.7434882,0.94499177,0.9541134,0.12150551,0.15584074,0.65950024,0.44201392
0.8504742178968715,0.7267868,0.9830447,0.9702713,0.09825136,0.1878828,0.70648926,0.58639544
0.7948552434209736,0.64111644,0.9738295,0.95488155,0.13866536,0.12074412,-0.09150205,0.28931886
0.8455768543074171,0.8540947,0.9760982,0.9689905,0.17880432,0.16121252,-0.8758048,-0.2814679
0.8102807771231084,0.7230928,0.9327894,0.95230705,0.19100699,0.19121794,0.06829252,-0.10689565
0.402061608246433,0.6984098,0.92173135,0.9450909,0.09185491,0.10023105,0.38999087,0.42563662
0.6860493681974728,0.45932367,0.90789765,0.9511222,0.053529624,0.08908722,-0.6103238,-0.37533826
0.8976824067296267,1.1602356,0.9824259,0.97654474,0.34203666,0.21970542,0.8108638,0.39369124
0.779323245292981,0.8024854,0.95803607,0.9644929,0.1830712,0.13368934,0.61629146,0.25775877
0.7976437665750663,0.6327825,0.96593213,0.9583587,0.111098126,0.14765985,-0.34195185,-0.17458704
0.9204101136404544,0.69793516,0.98888856,0.97291434,0.12024951,0.13332367,0.04387862,-0.16581847
0.8211213324853299,0.6349204,0.933863,0.949811,0.13827725,0.13170241,-0.047996063,-0.02757794
0.9016020064080257,0.9577012,0.98255396,0.95160437,0.29665455,0.6152199,-0.74167097,-0.09677441
0.8777621350485402,0.73237604,0.9821227,0.9745734,0.10864203,0.13034871,0.09770988,-0.3261952
0.6533866775467101,0.60394454,0.9529681,0.94937384,0.07893778,0.13791232,0.13149649,0.09046211
0.7180933363733455,0.6142932,0.96053433,0.9398425,0.080345474,0.082985505,0.042750552,0.12804613
0.8533312853251414,1.064744,0.96135265,0.9577233,0.46131882,0.49698666,0.44779554,0.30261317
0.8159024636098545,0.7847002,0.9503885,0.9532757,0.19809704,0.23562002,-0.12317464,-0.10726054
0.7728028032112128,0.7067096,0.9182309,0.94470197,0.24179216,0.22614451,0.6091043,0.35320607
0.8425528422113688,0.8814339,0.98294765,0.988431,0.15320069,0.12510738,0.37351996,0.54001087
0.6816144384577538,0.8167439,0.94368535,0.96011186,0.18095636,0.10402286,-0.93726605,-0.51719207
0.9120901443605774,0.7790547,0.9898099,0.97699094,0.13373792,0.13934547,-0.8410519,0.09097632
0.9336209184836738,0.71624744,0.9889686,0.98701894,0.08920941,0.14832838,-0.05325204,-0.029274043
0.8204546098184393,0.610432,0.9843581,0.9632111,0.06748247,0.11063476,-0.6367817,-0.25695828
0.9234509258037032,1.0544937,0.9818975,0.98481727,0.4056597,0.40321025,0.25583068,-0.013592646
0.7604185616742466,0.88678396,0.9447657,0.9628278,0.2899909,0.10918143,-0.75892884,-0.41145632
0.9303426973707895,0.854707,0.9872227,0.98328143,0.1366344,0.16344517,-0.32402375,-0.27768788
0.5752991971967887,0.6901685,0.9158628,0.94853616,0.12521748,0.09131052,-0.20173864,-0.14190261
0.8628887955551822,0.5917294,0.9625023,0.97083414,0.08892025,0.09684738,-0.5875955,-0.14944723
0.9143682334729339,1.1033181,0.9840817,0.96331036,0.39625654,0.5507307,-0.20931123,0.018595994
0.6885124500498002,0.57647526,0.8957179,0.94519013,0.12387681,0.08239472,-0.52382684,-0.43620375
0.8641461125844502,0.9030516,0.9430323,0.9566227,0.4646059,0.36653194,0.00017424552,-0.12642026
0.948131568526274,0.97150934,0.98192424,0.9894084,0.13542745,0.14375761,-0.23010615,-0.27653304
0.9033002532010127,0.94711894,0.9634135,0.96087605,0.44776198,0.47489023,0.00538939,0.21327463
0.6185223140892563,0.7430367,0.9293003,0.9650828,0.09622883,0.091434754,-0.0065030716,0.20759663
0.7246193464773858,0.77740854,0.9604615,0.9522345,0.097249396,0.12901479,-0.015089489,-0.08180473
0.8685517622070488,0.6389525,0.9595769,0.9674307,0.113010235,0.11738497,0.01374823,-0.28704053
0.8334995259981038,0.7191645,0.9794675,0.9839159,0.1217492,0.1270879,0.80674815,0.76901054
0.769187524750099,0.47117725,0.92721623,0.94093966,0.061561577,0.0914424,0.07129996,-0.25501055
0.8873905895623582,0.7069044,0.9647921,0.95680255,0.1905271,0.17571726,-0.021313602,-0.013887224
0.8809493477973912,0.7187962,0.9732851,0.9823793,0.16002712,0.14355709,0.2100846,0.58303946
0.8850279241116964,1.0529315,0.9846383,0.97818035,0.3418516,0.4509137,0.20763497,0.2867182
0.8662002328009311,0.9245901,0.9862433,0.97322994,0.15343107,0.1620301,0.64781797,0.48312965
0.8516184464737858,0.88059837,0.9626457,0.95688564,0.21286538,0.39664167,0.017590325,0.014459939
0.7904692738770954,0.97040707,0.9735469,0.96608675,0.32475883,0.1739534,-0.047040332,-0.13772202
0.853746198984796,0.5313915,0.92771125,0.9597709,0.09995766,0.16192047,-0.33557156,-0.09354799
0.8791374365497462,1.0230066,0.9836472,0.9770391,0.2524862,0.21605073,0.34946772,0.37345552
0.5852950451801807,0.6596519,0.9179623,0.9552642,0.10844428,0.09018084,0.48455822,0.5874894
0.8377896871587486,0.6293186,0.97536135,0.96556693,0.107408516,0.13719462,-0.44917983,-0.25442
0.938436009744039,0.8731605,0.972507,0.97644603,0.28341636,0.29973233,0.16421172,0.2667498
0.8236558386233545,0.7287864,0.94900346,0.95699507,0.13334408,0.115168035,-0.19546436,-0.20610487
0.8470733082932331,1.2315187,0.97893435,0.9734814,0.37436277,0.24707717,0.07267675,0.27177706
0.6740460561842248,0.7521538,0.9728503,0.95516735,0.11881773,0.115077406,-0.6008063,-0.44863784
0.8165763863055453,0.66719705,0.9580717,0.9644401,0.1290531,0.12966852,0.81455654,0.5606607
0.8956554546218185,0.7015176,0.96643436,0.9737921,0.12447675,0.15329576,-0.49215448,-0.23282179
0.9408396673586695,0.9766899,0.9914304,0.9863254,0.15499678,0.15424281,-0.011502602,0.10769795
0.9427812751251003,0.87847763,0.9857982,0.97651833,0.1783067,0.2519564,0.69843,0.16470334
0.962942987771951,1.0702748,0.9841116,0.986577,0.15947217,0.2679089,0.705084,0.117965795
0.8902253849015396,0.79809755,0.960663,0.9712675,0.2063097,0.23140578,-0.04537617,0.13492072
0.8318272953091812,0.87407404,0.9754689,0.96395725,0.17169009,0.22572108,0.14197955,0.19977915
0.7969694598778395,0.72720903,0.96204066,0.9618939,0.14107251,0.137624,0.23464607,0.28196496
0.9224845859383437,0.72455037,0.977961,0.9790588,0.11924686,0.11337195,-0.8877242,-0.63119626
0.7851597806391225,0.6873279,0.97962177,0.9794659,0.14602877,0.07665296,0.61162543,0.39447483
0.8403617294469178,0.765765,0.9573843,0.9756192,0.18356961,0.22522807,0.6153116,0.56063515
0.8968946275785102,0.87679774,0.9464334,0.9609632,0.28698346,0.49911594,0.28874478,-0.007106374
0.8068481873927495,0.5824009,0.9651223,0.95217335,0.11697756,0.10699982,0.05241391,0.49475726
0.8053072852291409,0.73021287,0.95011926,0.94808215,0.1079898,0.12058125,-0.1880042,-0.23937447
0.7648565634262537,0.8325319,0.9876585,0.9744414,0.10938966,0.091126665,-0.14720862,-0.77106106
0.777332743986962,0.67520386,0.96337515,0.95729226,0.12669528,0.1250544,-0.49071175,0.21622522
0.9219652238608954,1.0442132,0.97601193,0.97909147,0.25152567,0.34572423,-0.28537482,0.1570012
0.798256921027684,0.858637,0.94746566,0.95308447,0.18738563,0.12507907,-0.5046475,0.154365
0.6599949278195897,0.5549953,0.95105207,0.94835186,0.06809927,0.06927506,0.5019926,0.1638473
0.7425460741842966,0.7906437,0.9261227,0.9558685,0.2285306,0.14675672,0.04102409,0.25723103
0.7954572618290473,0.70298487,0.9432084,0.95790213,0.17718996,0.19473773,-0.14733797,-0.106364764
0.9305830823323292,0.96362215,0.98845243,0.986021,0.21929094,0.1684548,0.037154887,-0.43472138
0.6982329689318757,0.63521296,0.9553018,0.9423783,0.16606535,0.1401554,0.04391356,0.28837624
0.8591905727622909,0.684862,0.9710299,0.96474075,0.14474776,0.1396894,-0.96308774,-0.37207374
0.9088208512834051,0.6391613,0.9586555,0.96931326,0.13242766,0.115707606,0.1810062,0.15539342
0.7663654974619898,0.6182542,0.97440463,0.96478915,0.07598754,0.08202654,0.47859377,0.28957808
0.8383131772527089,0.6207123,0.9572795,0.9740153,0.13280363,0.09853166,-0.85418713,-0.42332622
0.8510219960879842,0.8101701,0.99435794,0.9786229,0.17522669,0.10762535,-0.04086511,-0.69764096
0.8022734810939243,0.6467204,0.9612913,0.9819285,0.08838719,0.09654745,1.3789313,0.73346746
0.7607726110904444,0.70597607,0.9755463,0.9777818,0.104570374,0.14880484,0.3554878,0.6007403
0.8277253909015636,0.6665048,0.9644027,0.97275054,0.15836838,0.12420854,-0.21940675,-0.45258147
0.7717744470977884,0.68045294,0.9785762,0.96896577,0.091371626,0.08761071,0.30812854,0.29089096
0.5338496873987495,0.71655285,0.9537282,0.9530022,0.07760392,0.10811799,-0.300293,-0.4823986
0.8158526394105576,0.5795249,0.95867354,0.9608471,0.07645441,0.09064468,0.54734874,0.021907954
0.8979696398785594,0.9423266,0.95980984,0.97094184,0.46283478,0.28946093,-0.72909176,0.0863732
0.8340905043620174,0.83777535,0.9940043,0.9677743,0.19954114,0.19870089,-0.70880705,0.5876823
0.919178524714099,0.8638322,0.9670817,0.9711363,0.33001205,0.2921174,-0.2543373,-0.13503924
0.7819120876483506,1.111187,0.9535291,0.9771043,0.2670499,0.17383176,1.5299478,0.85377663
0.8165289621158484,1.0529594,0.99220186,0.9868033,0.26228842,0.1658577,-0.56564534,0.42942974
0.7111154524618097,0.6035314,0.95574373,0.9559446,0.056442644,0.11583698,0.67156905,0.41072494
0.903383773535094,0.9680082,0.9573508,0.9727026,0.27266228,0.17956552,-0.19927058,-0.29527718
0.9241480805923225,1.0945246,0.9774493,0.97403556,0.28701183,0.2634831,-0.19470856,0.053541217
0.9393000132000529,0.85972106,0.9801775,0.98868793,0.15943135,0.16286416,-0.14677477,0.3889906
0.8445765303061211,0.73153734,0.93748486,0.96924955,0.20302433,0.15508026,-0.41976237,-0.16213702
0.8455701342805371,0.67656887,0.97826433,0.96593887,0.13628973,0.15497704,0.45569032,-0.19101697
0.9557707990831963,1.0909337,0.9922174,0.99016994,0.28681475,0.13285771,0.26432782,-0.13758942
0.9127636830547322,0.78232896,0.98223263,0.9737467,0.1603797,0.21040058,-0.60651517,0.16622365
0.844693170772683,0.67735636,0.9459569,0.95995927,0.13954641,0.11509636,-0.12024132,0.077682585
0.8717396469585877,0.9203615,0.97321427,0.9681843,0.20780222,0.24706489,-0.50118285,-0.014568623
0.6996329425317701,0.9076636,0.9534767,0.94783926,0.1546776,0.14173844,-0.453249,0.07835757
0.8468701714806858,0.8615467,0.9292283,0.96468145,0.3519107,0.18908563,0.3656679,-0.2474433
0.7633858375433501,0.727117,0.9800123,0.95623356,0.09186567,0.109992474,0.12457222,-0.23553683
0.8538037032148128,0.8244866,0.96155554,0.962929,0.2728794,0.20937489,-1.1475855,-0.47866255
0.914567338269353,0.8844484,0.9541877,0.9765251,0.19120234,0.17709064,-0.1700176,-0.024958821
0.7282522890091561,0.64772743,0.9497291,0.947163,0.121378735,0.12969026,-0.31965983,-0.1339402
0.7814588698354793,0.73662204,0.98386925,0.9564139,0.10889642,0.13573582,-0.35261685,-0.22027706
0.8220301681206725,0.7811251,0.9695729,0.9621184,0.14418168,0.160508,-0.07902502,0.01907534
0.6865214020856083,0.5914895,0.9740943,0.95297754,0.08501174,0.11576186,-0.34308985,-0.229744
0.6911071484285937,0.79287964,0.9590973,0.9532488,0.1255065,0.1053432,0.406,0.43397707
0.9065604262417047,0.6446354,0.9707217,0.97747886,0.13279173,0.14384943,0.72424865,0.44992185
0.8514251017004068,0.60373783,0.950107,0.9596078,0.12964652,0.14750487,-0.15204829,-0.014397993
0.8257473989895959,0.5949272,0.950427,0.9581741,0.11881141,0.13307135,0.24193378,0.07101592
0.9330758283033134,0.8397181,0.97727406,0.97113854,0.23848957,0.23834819,0.4293861,0.47572434
0.8080002880011519,0.50015783,0.9408942,0.93943083,0.077718236,0.08852835,0.17962255,0.43465126
0.9059728078912316,1.1439987,0.98842347,0.98816454,0.20245764,0.12003364,-0.77543044,0.2774789
0.713194244776979,0.6633021,0.95997745,0.94251114,0.1111008,0.15750112,0.32474688,0.38515788
0.9385975783903135,0.8080813,0.9789769,0.98032844,0.21437109,0.15197825,0.2779227,0.41772202
0.9167066108264432,0.57626307,0.98074365,0.98386973,0.07772706,0.09677313,-0.8049066,-0.49415636
0.9268091152364609,1.07403,0.9876561,0.9767565,0.2261544,0.49262813,-0.51025075,-0.29607853
0.8889193956775826,0.9705482,0.9945037,0.981329,0.16113304,0.17845689,0.10816011,0.44763887
0.45413269653078603,0.7419416,0.965721,0.94683415,0.08520252,0.09269319,0.886933,0.7192456
0.7484768819075277,0.7371643,0.9319404,0.95715547,0.18841024,0.14940806,0.79312205,0.48941594
0.897448261793047,0.9394198,0.9937978,0.97542304,0.21149486,0.3035294,0.10245824,0.44228587
0.6915412621650485,0.64774317,0.9211446,0.9466816,0.113648504,0.108568825,-0.29199892,-0.12100738
0.8930473161892648,0.6240398,0.9733014,0.9764505,0.08828486,0.10429421,-0.6001299,-0.5758629
0.8686437305749222,0.72700125,0.9611799,0.96844494,0.22152781,0.1922866,-0.297257,-0.14035119
0.8354295177180708,0.9136418,0.99188125,0.9818936,0.15840556,0.16280589,-0.21580957,0.44142312
0.8388181392725571,0.86624074,0.97386575,0.9734612,0.22965036,0.2834673,-0.19907033,0.44450277
0.6443332653330613,0.770752,0.9408716,0.9561486,0.14136475,0.120838046,0.48350552,0.554683
0.6095721982887932,0.51836467,0.9046579,0.9478811,0.076672494,0.091890305,-0.29389068,-0.12527917
0.8545770823083292,0.9226401,0.95914423,0.9551134,0.40976825,0.2414622,0.35990074,0.42477718
0.9092664850659402,1.1412396,0.9788497,0.96972054,0.44452006,0.2870572,0.6771873,0.025223726
0.7422722810891244,0.8672216,0.9374979,0.9489716,0.21689251,0.17323807,0.0029424694,0.25265747
0.8716255985023941,0.8207838,0.9700233,0.967867,0.2266485,0.21761186,-0.18905811,0.111377485
0.9300441361765447,0.9160505,0.99450505,0.9901895,0.105598785,0.12323992,0.32829377,0.08817282
0.9356324145296582,0.8278144,0.9921852,0.9834742,0.12516426,0.19937968,-0.13613045,-0.3458335
0.565006132024528,0.52985364,0.9226804,0.94222647,0.0704706,0.06950845,0.123223536,0.07852497
0.9167351229404918,0.78168166,0.9820445,0.9789823,0.17224777,0.2363318,0.17304654,-0.28279102
0.9314260617042469,0.9598885,0.99077266,0.98748773,0.13712503,0.19146399,0.40088663,0.20335351
0.6807666590666362,0.6661987,0.95657444,0.9460345,0.14599459,0.091313206,-0.52709174,-0.06704514
0.9263743294973179,1.0235871,0.9895379,0.98410034,0.20929529,0.24973035,0.4182003,0.117054336
0.8499587918351674,0.67655784,0.98922837,0.97374856,0.11236594,0.20036012,0.82875335,0.6392194
0.8894245496981987,0.5822551,0.9681916,0.9639667,0.09472088,0.15400971,-0.3169554,0.111406885
0.8716184944739779,0.8528248,0.9876863,0.97864133,0.12522432,0.14844485,-0.345583,0.22486475
0.36275338701354803,0.59025615,0.8988181,0.9422892,0.08793762,0.07922018,0.32732576,0.21163025
0.7328968835875342,0.66529775,0.93468386,0.9491564,0.13601281,0.11361554,-0.31972617,-0.26094347
0.8680202080808324,0.591004,0.96025914,0.9635982,0.045297783,0.12322372,-0.44423476,-0.21843483
0.648938403753615,0.7477958,0.9605672,0.95412225,0.10444883,0.11692901,-0.04768162,-0.04980371
0.8954676778707115,0.70792747,0.9756402,0.976756,0.19139408,0.20614673,0.73215944,0.26919478
0.8442469609878439,0.8418587,0.9708922,0.97408396,0.16429728,0.13358842,0.106705464,0.07439387
0.9017959271837088,0.6722942,0.98151416,0.9615166,0.11414568,0.21135114,-0.46735105,0.0815157
0.9404805299221197,0.5679503,0.9777542,0.97540677,0.10535299,0.12797093,-0.4850044,0.047061533
0.6534680858723435,0.5624682,0.9392064,0.949472,0.08005443,0.07300112,-0.28773823,-0.4268967
0.9225210660842644,1.0179098,0.98162323,0.977069,0.3475117,0.28974307,-0.5127799,-0.595393
0.7900398641594565,0.77403885,0.9474555,0.97171485,0.14701395,0.11056481,0.69636023,0.2764505
0.8903976095904383,1.0299901,0.9925584,0.98525894,0.2538208,0.20104243,-0.33616433,0.5763827
0.8117509270037079,0.7728509,0.97842664,0.94995135,0.15502055,0.31362742,-0.22405604,-0.42741296
0.8929483397933592,0.9572592,0.98056155,0.9693446,0.31536573,0.24464369,0.4510844,-0.3773956
0.8084653138612553,0.77905273,0.9426752,0.9711293,0.21434325,0.10373584,-0.07325971,0.07561009
0.9072370369481477,0.85005903,0.9877996,0.9874998,0.16065104,0.18967012,0.4767705,-0.19448419
0.9262225528902115,0.76005226,0.9882506,0.9818449,0.1113587,0.123065956,0.0082244985,-0.03250842
0.8981808407233627,0.9204707,0.95474255,0.9680463,0.34881398,0.22066642,0.31794095,0.017844243
0.7505890823563295,0.8227081,0.93018806,0.95392084,0.29178408,0.17750098,0.12741476,0.16677533
0.8354061896247585,0.73764193,0.96432084,0.95509607,0.16141145,0.19667369,-0.20736243,-0.31119272
0.6765418741674967,0.63381517,0.97021836,0.94445676,0.1368968,0.1744433,-0.22738871,-0.09378997
0.7564535538142152,0.7828078,0.9399384,0.95536894,0.18699095,0.17787701,0.08896667,-0.1351682
0.9288664034656139,0.60016733,0.9945628,0.97563344,0.08530509,0.14943045,-0.0648909,-0.28323108
0.8161732806931228,0.9644291,0.95399755,0.96363646,0.46173558,0.2612621,-0.3682499,-0.5998948
0.8179874959499837,0.76363385,0.97980934,0.97447747,0.12784323,0.14242539,0.3907173,-0.012261622
0.8876432625730504,0.62789273,0.96835893,0.96659195,0.08423284,0.17755827,-0.0693496,-0.0799086
0.8821220884883539,0.89869505,0.96784574,0.96972144,0.16494192,0.11847944,-0.24369442,0.15009421
0.9418704234816939,0.7497696,0.97501373,0.98610157,0.19273202,0.10192673,-0.19349982,-0.05647196
0.8398518714074855,0.5341055,0.98553133,0.9688301,0.05628395,0.11765475,0.59948397,0.45886162
0.9080228000912002,0.65883297,0.99096996,0.9803892,0.07443613,0.16850919,1.1263648,-0.120420784
0.8648936675746703,0.6355337,0.9593637,0.967096,0.094478056,0.100651145,0.56257087,0.42742896
0.9148405553622214,1.2157496,0.9925174,0.9896381,0.29783085,0.18564482,0.1032646,-0.33962932
0.5146425065700263,0.6064178,0.9573113,0.9353744,0.083799906,0.095260836,-0.78090817,-0.4763339
0.9199889599558397,0.9434232,0.9892183,0.97533137,0.29262468,0.34510195,-1.1069996,0.11706892
0.9182119928479713,0.93750775,0.9577385,0.97265106,0.45750695,0.4365704,-0.04432356,0.28210822
0.8241500486001944,0.6858524,0.95882386,0.9731658,0.0910909,0.11132427,0.79743975,0.56071556
0.830320185280741,0.6863965,0.9215301,0.96474004,0.20575097,0.13176307,-0.2516884,-0.4062522
0.8037801111204445,0.69241315,0.8996056,0.95424414,0.254662,0.1320412,-0.2259826,0.17899452
0.7726163704654818,0.69748706,0.9605625,0.9576502,0.111689895,0.13200642,-0.57305425,-0.45374766
0.8349562358249432,0.7272877,0.96194273,0.9627148,0.14444163,0.17630702,-0.52453136,-0.46861148
0.8718269113076451,0.58860165,0.9551248,0.97282904,0.08721306,0.11736548,0.45642933,0.1280544
0.7011451405805623,1.00037,0.991158,0.9868685,0.19920066,0.24039726,-0.89267653,-0.36650813
0.9118955515822063,1.0890859,0.9866472,0.97442186,0.48206207,0.53985083,0.05374949,-0.12906112
0.7483560174240697,0.6135979,0.9502881,0.9517365,0.11070133,0.13850527,0.7630054,0.4524105
0.9421217524870099,0.7454473,0.98093396,0.98611253,0.12280419,0.09423742,-0.09846131,-0.1876091
0.9101997047988192,1.0360899,0.99052286,0.97346014,0.29190376,0.34286422,-0.21535292,0.13512848
0.8978077832311329,0.72804624,0.9861817,0.98513806,0.0943483,0.12863939,0.66202205,0.27380183
0.6206009144036575,0.74258107,0.93168104,0.93741935,0.18182418,0.083020866,0.041429456,0.032749422
0.9406814587258349,0.6502586,0.98626107,0.9808909,0.09827247,0.16631366,0.01857526,0.3425036
0.7692271729086917,0.9751871,0.9338267,0.97003376,0.30133685,0.123326235,0.21213184,0.0006851788
0.9562878571514286,0.7194822,0.9829859,0.9834429,0.15511674,0.20715688,-0.46852386,0.027819464
0.924694226776907,0.8243635,0.9489493,0.97237563,0.36406624,0.40762717,0.098978445,-0.21721192
0.6594787659150636,0.7038722,0.913226,0.94624406,0.15752126,0.16836777,-0.11855553,-0.013560412
0.9120435841743366,1.2372671,0.97911906,0.9844169,0.3995437,0.439869,0.6019894,0.2044101
0.8839284317137267,0.7661288,0.9512675,0.95659167,0.20216793,0.24146825,0.067316934,0.08843642
0.2749642998571994,0.6870479,0.9149635,0.93439054,0.076219924,0.07392487,-0.029269002,0.027815325
0.7994001896007584,0.7415581,0.97007996,0.96086884,0.18085392,0.15247539,-0.16162257,0.005007626
0.8587859311437245,0.978715,0.973198,0.98646784,0.16517037,0.21396507,1.6658729,0.4419453
0.8494165816663266,0.66282463,0.96732,0.9684767,0.12702523,0.1492157,0.38057697,0.21663408
0.5990537242148968,0.7929378,0.9390476,0.9388807,0.11930774,0.18670468,0.049919385,0.03550237
0.790763611054444,0.50828964,0.9297601,0.94959724,0.07146741,0.13159351,-0.56348383,-0.50425166
0.8747413869655477,0.8118558,0.991581,0.98495376,0.09904005,0.137504,-0.088750005,-0.56499565
0.8855089820359282,0.7881936,0.97194374,0.97854435,0.27691767,0.17374171,-0.84914297,-0.5038281
0.8709864279457117,1.1311147,0.99491465,0.99019384,0.2728441,0.2543336,-1.2865989,-0.051930927
0.8384205056820226,1.0740165,0.9668185,0.9703202,0.4157704,0.1878623,0.45505834,0.4673361
0.7716017424069695,0.7946582,0.95489424,0.9671565,0.14841305,0.11596625,-0.9098043,-0.7601354
0.595374509498038,0.6667989,0.9293891,0.9403893,0.09800362,0.09904798,0.9611141,0.40257564
0.8624100416401665,0.8748529,0.96356237,0.9665459,0.18696105,0.14209335,0.11247613,0.2950956
0.897879111516446,1.0637226,0.9892701,0.9725639,0.28869015,0.5556745,0.25804523,0.16876893
0.8393814695258781,0.8220141,0.95841736,0.9697843,0.11772069,0.12522675,-0.271479,-0.018444486
0.9017821991287964,0.81579185,0.95766973,0.97572136,0.30509216,0.1553588,0.050658647,0.119539425
0.8448445633782535,0.6530132,0.9793978,0.9764276,0.07928551,0.09614786,-0.10971722,-0.5365253
0.8853300373201491,1.0277517,0.9794929,0.96596634,0.3438923,0.488108,0.71393126,0.10312307
0.6760735842943372,0.62048817,0.9472729,0.9446524,0.087060176,0.12205436,0.14220868,-0.21534714
0.8470541082164329,0.850703,0.961354,0.96041286,0.2278102,0.25686756,0.14679044,0.06404588
0.8950973083892334,0.7568749,0.9942329,0.97203946,0.20747492,0.24117342,-0.115740694,-0.08607924
0.9303679454717818,0.8430181,0.9748344,0.9775039,0.21638277,0.18612681,-0.53036904,-0.23429783
0.8934737498949994,0.9141447,0.94930315,0.9681927,0.4272221,0.20473924,0.23137213,0.30648962
0.885198996795987,0.6106601,0.9901902,0.97653437,0.070074424,0.09592875,-0.32740396,-0.05604632
0.6742791451165804,0.71588355,0.96925503,0.9565922,0.14673695,0.12226572,0.027596457,-0.18833704
0.8088355873423494,0.9534124,0.96998984,0.95711553,0.29415715,0.30658925,0.28829035,0.09241473
0.8482101448405793,0.6861525,0.97178483,0.9680477,0.0965145,0.1425965,-0.36415073,-0.08969424
0.8111469885879543,0.52620476,0.94593406,0.95554096,0.07372085,0.12257095,-0.2705553,-0.33219433
0.832808995235981,0.73218226,0.947542,0.953439,0.15722342,0.14931561,0.29800907,0.4447728
0.8852438289753158,0.90456045,0.98570186,0.988871,0.1868554,0.20034698,0.6384887,0.34634632
0.9069426997707991,1.029715,0.99397004,0.97466826,0.23555732,0.31555513,-0.0688547,0.37020382
0.7705988263953055,0.7189411,0.9453405,0.9525388,0.22583279,0.15870209,0.031161333,0.16875997
0.7169416197664791,0.49019387,0.9351614,0.94840837,0.06670816,0.10506571,0.3873239,0.37294167
0.6497671750687002,0.5703119,0.9384959,0.9438341,0.10533074,0.09621324,0.2510573,0.17161353
0.8035717902871611,0.8134173,0.94659823,0.950221,0.23411745,0.251527,-0.27407694,-0.54074854
0.9170580682322729,1.2743571,0.9875211,0.9748381,0.35251203,0.50508827,-0.016539311,-0.099049725
0.7463570014280057,0.69731784,0.9604198,0.9597727,0.13373049,0.11039362,0.47877264,0.442439
0.8526637946551786,0.5992715,0.93542725,0.962256,0.12834935,0.08761907,-0.27859065,-0.18109083
0.8956049584198336,1.0318379,0.9377647,0.9591327,0.46420324,0.3837554,0.6065515,0.09173177
0.8430755643022572,0.5425219,0.9556385,0.9557462,0.100284524,0.13080738,-0.37123248,-0.8025066
0.8842046248184993,0.82503444,0.96778077,0.9666893,0.18165757,0.31555146,-0.6368321,-0.506806
0.7134219576878307,0.6224746,0.9547027,0.9618375,0.13917728,0.0900414,-0.20269057,0.30060783
0.8341700886803546,0.5464377,0.97473794,0.9558669,0.08441965,0.14430723,-0.35331267,0.072606325
0.36155107820431276,0.578761,0.9157441,0.9438561,0.061815917,0.073822215,0.59642947,0.52599365
0.8849915399661598,0.768505,0.97152054,0.96694547,0.17786478,0.19417065,-0.714161,-0.2593072
0.8579606158424634,0.65196836,0.94447905,0.9578304,0.14565493,0.1665474,0.03386233,0.123688035
0.7297261829047315,0.5919209,0.95439893,0.94654846,0.13274164,0.13920097,-0.30820158,-0.24242678
0.8453595094380377,0.56948054,0.95897037,0.95923954,0.09444626,0.104167745,-0.37826252,-0.2993881
0.8982292249168996,0.6939046,0.989381,0.97460526,0.08734572,0.08908937,-1.0453626,-0.3881802
0.9350750363001451,1.041195,0.9793974,0.97904503,0.1639463,0.10517666,0.5370834,-0.1581448
0.8621521846087384,0.714599,0.9920277,0.96662736,0.10257191,0.123286456,0.14434102,0.07805187
0.7689957159828639,0.5762555,0.9126116,0.9542292,0.09266176,0.104586355,-0.14447117,-0.15623505
0.917183540734163,0.6235939,0.9668455,0.9604393,0.14675942,0.22876288,0.46559352,-0.132004
0.8683858735434943,0.8082975,0.966547,0.9709676,0.17610545,0.22537836,-0.03768055,0.066886336
0.8991466045864184,0.7970248,0.97378206,0.9604967,0.23670743,0.34767395,0.23830327,0.28852198
0.8041707366829467,1.0159916,0.9418999,0.96821207,0.3296861,0.16283873,-0.21182153,-0.420688
0.8434203016812066,0.6082069,0.9420604,0.9575612,0.11555245,0.14852393,0.6206449,0.272187
0.670569018276073,0.8824825,0.9601932,0.9599598,0.13960359,0.10477817,0.71307266,0.3736628
0.8352574850299401,0.58920485,0.9667455,0.9698793,0.06413472,0.087973624,0.16296239,0.145891
0.6687177468709874,0.6843022,0.9628866,0.9448752,0.13696204,0.08961896,-0.4962798,-0.14853825
0.6288354433417734,0.78664345,0.91340077,0.954666,0.16951492,0.13425343,-0.06516769,0.18567063
0.8486383065532261,0.5903513,0.9482594,0.954549,0.09955742,0.13474545,-0.3165732,0.091832586
0.8813929655718622,0.7969559,0.96892583,0.958429,0.1743226,0.26812172,-0.40317965,0.02271432
0.5065350821403285,0.6435624,0.92837036,0.9517242,0.100832276,0.085938826,-0.682614,-0.42142636
0.7572848211392845,1.0858955,0.97944957,0.9758864,0.24137236,0.1039222,-0.29730815,-0.6302364
0.7692597170388681,0.7463416,0.9725389,0.9622432,0.12170631,0.11024166,-0.74574107,-0.18144573
0.8783485053940214,0.78168243,0.95355636,0.9679537,0.21124142,0.21655121,0.47794294,0.5135447
0.921247332989332,0.91062826,0.99415827,0.9733179,0.14850973,0.3986522,0.6083338,0.3672354
0.9095233820935281,0.709824,0.9736236,0.96531487,0.23849685,0.25480887,-0.18909584,0.1285798
0.8705272581090324,0.4952575,0.9850303,0.9643189,0.05132681,0.09282055,-0.35292253,-0.54333353
0.7977242148968595,0.60400116,0.95926905,0.97206867,0.08648115,0.089848965,-0.38557592,-0.50171626
0.8034196296785187,0.71399516,0.9672397,0.9672221,0.102625966,0.17761377,0.35115665,0.51756334
0.7303623774495097,0.64747304,0.9491337,0.94810724,0.11359061,0.10745913,-0.27764836,-0.003760273
0.8877754551018202,1.0807838,0.9931252,0.9798494,0.24857944,0.3002346,0.4414589,0.39716965
0.9515901743606974,0.7491874,0.9845719,0.97829217,0.12240922,0.30518603,0.10057237,-0.06143255
0.8568953955815822,0.58926857,0.96483845,0.9552708,0.12542242,0.15878828,0.4665999,0.27725708
0.8706920907683631,0.74958,0.9777856,0.9630945,0.18003786,0.30103555,1.1566525,0.5220633
0.8718358393433573,1.014012,0.98971325,0.9526841,0.5598754,0.5626022,0.0071281726,-0.2924603
0.7736390625562503,0.7567388,0.94304407,0.96220356,0.20596409,0.12598704,0.556525,0.3707853
0.822687098748395,0.671415,0.9946012,0.98060805,0.06678088,0.10173941,-0.209043,0.6525922
0.7609454117816471,0.61904943,0.93235433,0.9524279,0.106284626,0.14199397,0.118259974,-0.1285938
0.9045829143316574,0.6287689,0.9588805,0.9525562,0.153311,0.23663582,0.33151582,0.0012527683
0.6832302209208837,0.6426428,0.9425049,0.9570413,0.11118096,0.10087798,-0.5691781,-0.5809483
0.8849815559262236,0.69177276,0.962953,0.9625465,0.11673656,0.1801581,0.6950485,0.20204496
0.8977588230352921,0.7774183,0.97875184,0.97100675,0.1593863,0.18817773,-0.013306197,-0.0735581
0.9237697430789723,0.90729064,0.9712329,0.98128617,0.25618204,0.21941395,-0.6683619,-0.020392546
0.9339642158568633,0.58517516,0.96060055,0.9709893,0.1567193,0.25207976,0.45200226,0.37987375
0.9234416137664551,0.92214996,0.9895948,0.9864186,0.1435295,0.1671519,-0.047284205,-0.25369158
0.8284364657458629,0.91585743,0.9489226,0.96173775,0.29378158,0.2241906,-0.45189607,0.4294672
0.8211621326485304,0.5904061,0.95418835,0.9594195,0.08848764,0.13163978,-0.39046687,-0.2273773
0.8867278989115958,0.732826,0.99188167,0.97818696,0.13720666,0.11190996,0.78302395,-0.34135196
0.9107385549542198,1.3091936,0.9398707,0.9700571,0.52453715,0.65731645,0.15621299,0.29201066
0.9266765387061546,0.91672146,0.97181976,0.97384036,0.2981278,0.2952438,0.081039794,-0.122856714
0.8787034188136752,0.8332329,0.97843724,0.98488605,0.13560325,0.13374867,0.48813432,0.39537233
0.6958852795411181,1.009572,0.99169904,0.95151675,0.3860587,0.1483748,0.41332597,-0.26382557
0.777937575750303,0.8550198,0.96819663,0.9546257,0.20108008,0.22409327,0.8556859,-0.20187412
0.6112579650318601,0.74331814,0.9367634,0.94979817,0.1459924,0.10739911,0.2884975,0.14085673
0.8574305977223908,0.8604963,0.962409,0.95625234,0.25429785,0.25561395,0.22387575,0.47684464
0.9099081516326066,0.904989,0.9864218,0.97882026,0.19050471,0.16860738,0.20839103,-0.067183904
0.6730774123096492,0.7029362,0.9306128,0.9601658,0.12351257,0.112156585,-0.2772179,-0.10475541
0.8962457609830438,1.0259646,0.94555014,0.963958,0.41483873,0.26114637,-0.0049188086,-0.1066858
0.8487301789207157,0.6137711,0.97475237,0.96011645,0.11146267,0.1440987,0.55534875,-0.36353877
0.5437850551402206,0.5913679,0.8646157,0.947845,0.1042938,0.118871406,-0.62446404,-0.7868633
0.8644493777975111,0.9584046,0.989347,0.9602724,0.24525453,0.1396298,0.58451563,0.6184759
0.8380270961083844,0.78268987,0.98513913,0.9579732,0.08481836,0.12872131,0.22694552,-0.1011934
0.8047832191328765,0.9950535,0.9856768,0.9641308,0.2326487,0.19185181,0.9628811,0.07917952
0.6341517526070104,0.68534136,0.9876819,0.96279985,0.059845816,0.10370252,-0.17020029,-0.75358564
0.8264010656042623,0.9360147,0.99466944,0.9841475,0.17189121,0.16802824,0.06500518,-0.21024455
0.9168992835971344,1.2028303,0.9704499,0.97376144,0.54453486,0.45069772,-0.22743677,0.10276529
0.8320995523982094,1.0764563,0.93579435,0.9719707,0.38304844,0.20408598,0.55938905,0.13333073
0.9034480937923752,1.0457264,0.97269964,0.975122,0.40835446,0.42627183,-0.5339864,0.1680795
0.9157704150816602,0.79853255,0.9732525,0.9635677,0.13678113,0.41076243,-0.011090732,0.22140928
0.800621026484106,0.63995427,0.98640573,0.9650037,0.06673455,0.10962147,-0.8808723,0.46251994
0.9263073434607503,0.8707368,0.9636855,0.9650394,0.4082496,0.29481325,-0.2189385,-0.21653426
0.920878883515534,1.5239296,0.96247977,0.97371805,0.70681846,0.6201349,-0.2347674,-0.06387838
0.8149126036504145,0.79391414,0.96653044,0.96520466,0.22750452,0.19055666,0.31760946,0.5345323
0.4140113520454081,0.635977,0.88842607,0.93978286,0.14193718,0.087722465,0.2380693,-0.06886271
0.7485446581786326,0.7023212,0.9596387,0.95519423,0.12147944,0.108109176,-0.28887743,-0.09292391
0.9042194568778276,1.2117897,0.97111017,0.9775375,0.51451635,0.50242156,0.37420997,0.32213527
0.9116345265381063,1.1332905,0.9801302,0.98147464,0.1796776,0.34356245,0.10368711,-0.17181407
0.9274361897447588,0.8534936,0.97756857,0.97229886,0.2521123,0.21276973,-0.8222841,0.1629567
0.936140736562946,0.73119193,0.97715586,0.97723794,0.11892114,0.24492216,0.6110323,0.35745692
0.9161138084552337,1.0205846,0.97283095,0.97718483,0.41294312,0.25659683,-0.6728004,-0.24323127
0.7130345001380005,0.5517671,0.9778052,0.9534114,0.08766377,0.09867374,0.22583526,-0.8661839
0.8714263977055908,0.46622092,0.9866084,0.96403337,0.035682667,0.10735578,-0.12590261,-0.07593248
0.8366127224508898,0.7699664,0.9681699,0.9721598,0.1824486,0.08774007,0.73870486,0.5551078
0.8620714482857932,1.0343492,0.97263145,0.9616928,0.33772033,0.3578736,-0.10647414,0.16809224
0.6959475837903351,0.62758857,0.9444697,0.956279,0.08311778,0.11076411,-0.590042,-0.3933282
0.8737178308713234,0.7464004,0.99136496,0.9695267,0.11256976,0.1877165,0.002536376,-0.65801215
0.8397698870795482,0.6623546,0.97521883,0.9691436,0.095149435,0.12667048,-0.5004885,-0.8337925
0.8054510938043751,0.7281009,0.94870293,0.94197047,0.124805,0.11229773,-0.72520435,-0.5951581
0.670942075768303,0.6679794,0.96223664,0.96384186,0.10914892,0.1148776,-0.3135253,-0.8601011
0.9357351349405398,0.8174002,0.9924019,0.987476,0.10017659,0.121224776,-0.86788905,-0.26355574
0.8242756171024683,0.70665437,0.98060066,0.9626142,0.10527814,0.17151989,0.02045668,-0.14586332
0.8877907191628767,0.7369492,0.97967637,0.9728096,0.087388024,0.13889043,-0.15981582,-0.33043173
0.8266215784863139,0.55927837,0.97504395,0.9556397,0.051797573,0.13593021,0.29032958,0.13282533
0.9145789543158171,1.0110011,0.94986224,0.9630268,0.5110917,0.41619965,0.04288446,0.15590061
0.7245102900411601,0.6009586,0.9593427,0.96104264,0.09768636,0.078547224,-0.54131305,-0.5208045
0.7716656786627145,0.8262993,0.9460833,0.953075,0.14616367,0.13272007,0.13459511,-0.22714561
0.9305378661514646,0.7539677,0.98698866,0.97279686,0.1492249,0.15394774,-0.73942894,0.0053923824
0.4713349093396373,0.69269586,0.9583901,0.9470057,0.07714805,0.12157543,-0.45623726,-0.60777104
0.8758394393577575,0.8814803,0.99273723,0.9701693,0.17285334,0.28974414,-0.807782,0.07518773
0.7862620570482282,0.73409,0.9568571,0.9478701,0.14987592,0.21506651,0.014132055,0.23147468
0.8332622130488522,0.7292752,0.9643339,0.96372294,0.13847709,0.15095687,1.1218499,0.30427685
0.9004833139332558,0.6949837,0.97417957,0.97100407,0.11777083,0.18878706,0.47513866,0.42233363
0.8372248208992836,0.54221576,0.9471866,0.96045,0.06925496,0.13513084,1.3939164,0.574075
0.8958158712634848,0.6400971,0.98612034,0.9749429,0.06064596,0.08832282,-0.3772177,-0.37267455
0.7761607046428185,0.66207343,0.9168773,0.95846343,0.16440156,0.1544589,1.2781167,0.57261354
0.9073677894711577,0.6607388,0.9806263,0.9758273,0.10672545,0.1080306,0.10514432,0.18870988
0.6568314593258373,0.7390172,0.92831004,0.94878286,0.25258228,0.11887885,0.14567566,-0.1154178
0.8784701378805515,0.60071576,0.9772114,0.96158355,0.08127785,0.12163187,-0.42589828,0.3680729
0.8996964947859791,0.7822643,0.9862433,0.9689714,0.15343107,0.2236113,0.64781797,0.48865303
0.8168318433273732,0.9948688,0.99390966,0.9781359,0.13073476,0.14316005,-0.096493624,-0.3411678
0.9349342037368149,0.7096877,0.9776213,0.9737723,0.117038175,0.21730538,-0.75905645,-0.019001363
0.8294139416557665,0.80906945,0.9571983,0.96888137,0.1397849,0.15595673,-0.40158847,-0.5978096
0.908750483001932,1.1585361,0.97893435,0.9712349,0.37436277,0.5354164,0.07267675,0.16681266
0.8037303829215316,1.457803,0.9187113,0.94821113,0.77420074,0.4057148,0.104326196,0.021388212
0.7280594242376969,0.7491126,0.9151511,0.94469494,0.2794222,0.22012202,-0.27089384,-0.37471053
0.834996747986992,0.83101714,0.9801246,0.964708,0.14061902,0.17928165,0.14299202,0.20318727
0.8427262189048755,0.72943383,0.92540634,0.9564262,0.24635096,0.18053575,-0.32477853,-0.41495898
0.9197473269893078,1.0040069,0.95742136,0.97634405,0.34772468,0.32467103,0.015537396,-0.053272877
0.9017630206943955,0.7063004,0.97976536,0.9685341,0.09919031,0.25146577,-0.6600649,-0.051287446
0.8984745058980235,0.716171,0.96013474,0.9653836,0.22104797,0.2360112,-0.21948934,-0.21604289
0.9161068964275858,0.76123977,0.9735411,0.9705911,0.2318306,0.18932523,0.09545003,0.089026876
0.8270330361321444,0.7656755,0.9717212,0.9623063,0.16338596,0.24505338,0.18073997,-0.32123747
0.8622714170856683,0.8393158,0.9878257,0.9799256,0.135387,0.15959406,0.039264537,0.17765158
0.8333417013668054,0.9470635,0.9405323,0.95579875,0.23502843,0.15038165,-0.57090336,-0.08761529
0.9346772107088428,1.035749,0.95516413,0.9701985,0.45454746,0.42304477,-0.07903364,0.01856806
0.906628394513578,0.89311963,0.98285884,0.979598,0.20726852,0.16986136,-0.083685055,-0.26445904
0.7917650870603482,0.6835087,0.94499344,0.9486121,0.18195398,0.17230052,-0.31774098,-0.45334494
0.8078478393913575,0.65646005,0.95969296,0.95436454,0.13109204,0.18650681,-0.1502085,-0.29798913
0.8860106800427202,0.68962085,0.9892946,0.9676403,0.12927467,0.20639072,-0.17217189,0.21464564
0.8738292873171493,0.79158044,0.9607172,0.96719533,0.24583097,0.20648773,0.22204101,-0.047885362
0.9429845079380317,0.6928636,0.983129,0.97397554,0.20365159,0.2534919,-0.23404515,0.28078547
0.615186780747123,0.97000563,0.9349877,0.95099854,0.32129762,0.22848393,-1.1458052,-0.56036973
0.8595440461761846,0.93758166,0.9779929,0.9676876,0.35640943,0.23892021,0.39789006,-0.09296169
0.8008454753819015,0.6621377,0.94798553,0.95806265,0.059632372,0.1613614,0.7746275,0.4552841
0.8145344581378325,0.7804527,0.9408594,0.9565916,0.17892675,0.10287652,-0.35475188,-0.17427363
0.8060287281149124,0.88924944,0.96261346,0.963242,0.17918713,0.23936415,-0.09221362,-0.21107286
0.892062832251329,0.7092856,0.9747155,0.9636851,0.185843,0.20959157,0.042018224,-0.1565359
0.8883056652226607,0.71973366,0.9893035,0.97563714,0.13370995,0.13976213,-0.27215725,-0.013351687
0.8968529634118537,0.7759768,0.99459624,0.98381793,0.14097863,0.14168355,-0.067226544,0.5011996
0.8411324205296821,0.73043793,0.95307094,0.9624634,0.10206202,0.20660661,0.10378739,0.14935608
0.921191460765843,0.5708409,0.965739,0.9671671,0.09418225,0.18357657,0.10735072,0.061203096
0.9265384901539605,0.60178286,0.9589241,0.96439654,0.17218375,0.18879676,0.728938,0.064438954
0.7787480109920439,0.68840206,0.9383529,0.9661636,0.10067177,0.13919236,-0.4158013,-0.34120893
0.7925883863535454,0.8593566,0.92862797,0.94900846,0.32408985,0.3061582,0.45733973,0.55163616
0.9123124812499249,0.6675867,0.9821333,0.9736184,0.11743699,0.13822123,0.1912205,0.1907045
0.8719205116820467,0.5916032,0.9870643,0.97120196,0.0889685,0.12723126,0.18448712,0.0054612104
0.8201618086472345,0.8560606,0.9730591,0.9620375,0.16872299,0.1763033,0.010377524,-0.57958543
0.919572126288505,0.93246615,0.98407084,0.96908945,0.17508969,0.30928966,-0.6941221,0.17567651
0.8893313333253332,0.7339707,0.9780303,0.97478616,0.11392508,0.13295609,-0.23060323,-0.2883463
0.8742946971787886,0.9167341,0.9839332,0.97472245,0.17764717,0.13604833,0.02366742,-0.00055804825
0.8886644186576745,0.9504685,0.9563431,0.9659769,0.4167135,0.23888059,-0.0046117636,0.21691644
0.8239262717050867,0.9678377,0.969811,0.9584262,0.47163594,0.16341308,0.3658772,0.4956191
0.9228053232212928,0.72526246,0.98308337,0.9755004,0.09662796,0.12002287,-0.21932714,-0.0008142953
0.9389863799455197,0.7213983,0.9849046,0.98025894,0.11104768,0.23170468,0.7616812,0.47561774
0.9301538646154586,0.7895793,0.9714612,0.9728432,0.14063138,0.33886644,0.5175388,0.350389
0.6214488857955431,0.5826908,0.9363344,0.9534093,0.08664122,0.088256925,0.22214307,0.25646552
0.6940257521030084,0.6174778,0.9411257,0.9532073,0.09041155,0.11660381,0.19139941,0.22943178
0.9111347485389941,0.99467665,0.97566426,0.9667551,0.25009707,0.5212998,-0.15039155,0.070283435
0.8263602654410617,0.9446059,0.95034766,0.9582349,0.29094258,0.2001486,-0.18438932,0.1438963
0.8664860259441036,0.5551831,0.95002896,0.9605104,0.10934458,0.104265004,-0.040338214,-0.17963146
0.8085775383101532,0.8185469,0.96136796,0.95882463,0.17990026,0.116418146,-0.5852881,-0.061285496
0.7935513662054647,0.88232243,0.9631726,0.9525431,0.263803,0.1147454,0.051888734,-0.38317952
0.8227564110256441,0.83730984,0.9926916,0.9712079,0.23937379,0.1563407,0.14821176,-0.7222324
0.827128556514226,0.79679006,0.9791429,0.9823975,0.17378104,0.1263496,-0.1419636,-0.42172816
0.7677905271621086,0.7343266,0.98522604,0.9589027,0.074381575,0.09045736,0.1891712,0.14390858
0.5612360049440197,0.6816838,0.9620536,0.9525329,0.1349267,0.11939695,-0.50404125,-0.089957714
0.7697115908463633,0.58574003,0.97160965,0.9641263,0.07719181,0.1422643,-0.10236557,-0.27425435
0.8599768159072636,0.6351961,0.9728349,0.975252,0.07918148,0.09892055,0.35971707,-0.019294662
0.8074263977055909,0.8203316,0.95213705,0.9571923,0.15883557,0.2030866,0.15667854,0.3044025
0.9203932175728703,1.0831872,0.98080593,0.96970725,0.48670292,0.43559372,-0.5086635,0.056129243
0.7236178704714818,0.9494682,0.9648177,0.9672216,0.26862139,0.16867517,-0.76748407,-0.82541937
0.9225789543158173,0.9746321,0.99137187,0.9889047,0.13741963,0.214166,0.5841368,0.15056275
0.9387099948399794,0.7078316,0.981943,0.9783765,0.18203004,0.22757298,-0.17685096,-0.2980796
0.8875408301633205,0.6505016,0.98656774,0.9653215,0.16400516,0.24909404,0.1029351,0.340534
0.6569554918219672,0.76783055,0.93599427,0.96515375,0.14372905,0.11856966,0.58096135,0.4300516
0.8959677438709754,0.90834343,0.9746876,0.9721708,0.24410188,0.23731679,0.09479188,-0.16824348
0.5346320905283621,0.76231545,0.9382842,0.9388354,0.11395483,0.13187568,0.41015175,0.24965423
0.8523337453349813,0.6474912,0.98901063,0.9747146,0.085873954,0.11432203,-0.7382262,-0.73829323
0.868687410749643,0.64224464,0.9657592,0.97167695,0.1411114,0.14670175,0.46195665,0.12491727
0.9150675962703851,0.838963,0.9633493,0.9596696,0.39708027,0.5124498,0.27194217,0.027578501
0.9049040356161425,0.97564775,0.9723286,0.98549527,0.12945972,0.16754776,-0.23331892,-0.04767929
0.8342801051204203,0.77575934,0.9346031,0.96141094,0.21042016,0.17456773,0.5296892,0.67633694
0.8962694730778924,0.7367012,0.9818021,0.9743814,0.15827525,0.20559052,0.4442513,0.19722073
0.8930335881343526,0.8615498,0.98616385,0.972266,0.22494732,0.3142548,0.67235386,0.41913578
0.8430645242580969,0.56538504,0.99050504,0.9547626,0.08276512,0.1526175,-0.6015358,-0.5893505
0.7640075360301442,0.8489161,0.9636642,0.9630012,0.20189594,0.12694462,0.20916373,0.11501305
0.8524139056556226,0.64487034,0.9697037,0.95541793,0.19279955,0.17028937,0.24706692,0.07787377
0.8934178776715106,0.6783905,0.9746183,0.97808707,0.12540537,0.14693525,0.1737737,0.309293
0.7934570938283753,0.8095578,0.935956,0.9510805,0.20379306,0.23422298,-0.04988808,-0.2069756
0.8588271153084611,0.9435995,0.98626244,0.97866267,0.15485306,0.15400568,0.6491043,0.6427905
0.907815823263293,1.1097963,0.9724649,0.9644762,0.15307179,0.6129427,-0.056705635,-0.06843859
0.8836215184860738,0.9710571,0.98129714,0.98588467,0.20369406,0.1837095,-0.33056086,-0.501111
0.8996305425221699,0.7276332,0.98245716,0.96907,0.17351528,0.22066541,-0.26119438,0.13062985
0.8578373513494053,0.69322217,0.95435655,0.9493065,0.12940483,0.17362499,0.38664174,0.6683614
0.857634406537626,0.70381385,0.97101223,0.97407305,0.12040572,0.11359427,0.5758114,0.562319
0.6765964983859935,0.60110307,0.94850457,0.9510582,0.15258056,0.09306641,-0.23285122,-0.22411644
0.8090535082140329,0.6306635,0.9561905,0.9617195,0.09251853,0.179478,-0.23084638,-0.60447526
0.9493621974487898,0.85549986,0.9780787,0.98582155,0.13361092,0.23146562,0.28571978,0.20207201
0.8539673838695354,0.8580511,0.9836802,0.9874099,0.1872246,0.14582759,-0.011422798,-0.87176245
0.8729553958215832,0.80722165,0.9652268,0.9778809,0.18965246,0.1343503,0.0776481,0.2699423
0.8844122468748816,0.69481295,0.9601728,0.9759971,0.16573839,0.1561325,-0.37346715,-0.103413515
0.811065484261937,0.6129064,0.9506385,0.9427663,0.10966432,0.110772185,0.04669601,-0.15744193
0.9217538310153239,1.0322407,0.9944837,0.9824903,0.23968084,0.21704829,-0.3325228,0.3533923
0.8617705830823322,0.96646136,0.9594088,0.9556584,0.3377733,0.30674925,-0.69441944,-0.48625115
0.9301553046212185,0.77694595,0.9814737,0.98265415,0.27123857,0.17407393,0.33364597,-0.008234331
0.7172812691250765,0.67662716,0.94865423,0.9472048,0.13727917,0.13115697,-0.23816109,0.04822363
0.7654206616826467,0.58334446,0.9459398,0.93953055,0.10309432,0.20399739,0.2842148,0.018217906
0.789196980787923,0.7712321,0.9533518,0.96333003,0.13312204,0.19208051,-0.6281841,-0.15482186
0.690182088728355,0.76025873,0.95557564,0.9489361,0.13890898,0.19848078,1.0445061,0.59733343
0.8489853479413917,0.68364185,0.9728245,0.9545079,0.096626215,0.11034803,-0.3667394,-0.23811217
0.8020319441277765,0.69664866,0.9535563,0.9568964,0.112879366,0.14275081,0.17632613,-0.41622126
0.8000701762807051,0.7490045,0.96350837,0.94806623,0.12244409,0.26285645,-0.09958591,0.09387974
0.8772923091692367,0.7015499,0.99257183,0.96493083,0.12792392,0.1961657,-0.42175353,0.40737453
0.9159371677486708,1.4232893,0.9648514,0.97527033,0.8891615,0.31935242,-0.36494336,-0.18310137
0.7454521978087911,0.921992,0.9174201,0.9628278,0.25118256,0.16460925,0.33420974,0.26770177
0.902313753255013,1.0890388,0.9847809,0.9788035,0.4422876,0.29143062,0.15780832,0.19895503
0.8915052620210481,0.659608,0.9767491,0.9669923,0.09399064,0.12391423,0.638641,0.3116582
0.9222463129852517,1.0233455,0.98765194,0.9863442,0.13303053,0.23337336,0.2533522,0.20917198
0.8395353581414324,0.6346892,0.96711457,0.9581514,0.09922889,0.18437564,0.32125118,-0.039899554
0.6478996795987183,0.64683867,0.9851797,0.95929044,0.092220105,0.11268293,-0.005900916,-1.0117624
0.7933935415741663,0.89672726,0.94745266,0.9524788,0.366391,0.14696515,0.61553913,0.28639048
0.7178728234912939,0.62644565,0.99044645,0.9547525,0.059877086,0.15269984,0.59080416,0.62518704
0.7873009732038927,0.76891834,0.9792113,0.96086323,0.10263737,0.13759436,-0.0050086062,0.4292208
0.8402880011520045,0.6769728,0.98043823,0.9590802,0.10956488,0.17851765,0.56532407,0.08328008
0.8612024528098111,0.77666014,0.9862433,0.9760936,0.15343107,0.17396215,0.64781797,0.56234175
0.9411844047376189,0.8184906,0.9826376,0.97795796,0.1935509,0.26568183,-0.77624667,-0.28736132
0.8052531410125641,0.8567289,0.9651848,0.9672333,0.23713803,0.13207771,0.55898535,0.20261927
0.9199332797331189,0.71708685,0.98680025,0.9793457,0.15282539,0.14786601,-0.22695222,0.25925714
0.8457298789195157,0.7671833,0.93815386,0.955945,0.20583159,0.20890583,0.22085576,0.56143975
0.968569186276745,1.040001,0.98558444,0.9873024,0.23292352,0.387578,-0.14478087,0.0069637666
0.9389892599570397,0.74853104,0.98966306,0.98263276,0.17113237,0.21042961,-0.7314759,-0.18653648
0.9145207780831123,0.9208804,0.9665225,0.976073,0.31467843,0.21086068,-0.1709704,0.082600355
0.9257786471145885,0.7268324,0.9873043,0.97968584,0.11652462,0.11500309,0.07228117,-0.05075701
0.8490358441433765,1.2791599,0.95763993,0.9749103,0.7611007,0.23264854,-0.40221754,-0.3610938
0.7293283573134292,0.9916357,0.96621,0.95160216,0.20458573,0.31247675,-0.29694095,-0.4286794
0.9507766671066684,0.6939148,0.9843748,0.98255223,0.18589287,0.16440406,0.5694056,0.13893735
0.9099595118380474,0.74471617,0.9897058,0.9709612,0.1489888,0.27095598,-0.015345391,-0.37171283
0.7392458689834759,0.67386144,0.91170895,0.9499869,0.20225677,0.16410728,-0.5565399,-0.41370338
0.8390879003516014,0.83882207,0.97378075,0.97161,0.22178295,0.18880516,0.20736478,0.37505412
0.744068928275713,0.68345195,0.9113385,0.95833105,0.17157954,0.10775213,-0.46415362,-0.4572897
0.840569954279817,0.7478717,0.9521677,0.96247816,0.1929811,0.17393883,0.08433307,-0.39877206
0.9213106932427729,0.961787,0.98092353,0.9790317,0.22493483,0.2660818,0.61092514,0.5484802
0.944316417265669,0.96381825,0.9804782,0.98456997,0.26398438,0.19280912,0.2614649,-0.13858129
0.818317545270181,0.8374114,0.9548851,0.95573765,0.19965713,0.15613517,0.05453969,-0.014671487
0.9061905367621471,0.7125549,0.9896931,0.962518,0.12418564,0.17215681,0.056790967,0.4989204
0.7747760911043644,0.66873205,0.93398625,0.95434827,0.16714212,0.14281788,-0.23507841,-0.44192952
0.9407758271033084,0.6205616,0.98642224,0.9713402,0.13764212,0.19480956,0.6826666,-0.17713697
0.8895079740318961,1.1453694,0.9845612,0.9787404,0.23732875,0.43686444,0.36805016,-0.0057423324
0.8462638330553321,0.7861692,0.9592059,0.95953697,0.27477542,0.30717432,-0.11933093,0.31211385
0.8090849003396013,0.8416825,0.9574341,0.95342505,0.23527646,0.19205967,-0.49083006,-0.66046846
0.7366673946695786,0.6991318,0.9622871,0.95371467,0.15340868,0.15618601,-0.32185075,-0.26367542
0.9166806907227627,0.8281894,0.96482396,0.9658372,0.26980546,0.31041762,0.07560063,0.12874593
0.8706720266881067,0.7288634,0.9874605,0.98187214,0.052879266,0.12633982,-0.5349323,-0.66133475
0.7737796071184284,0.6769818,0.9505042,0.9402856,0.1346348,0.20680061,0.36520618,0.006898253
0.7934829179316717,0.8289288,0.9908061,0.983816,0.08806754,0.1081442,-0.49670514,-0.5422642
0.9205319381277525,0.796434,0.9912704,0.98313314,0.102521054,0.1243268,-0.24094957,0.14033686
0.9349522518090072,0.8721976,0.98013693,0.98287344,0.21554986,0.2214047,-0.9061142,-0.33012292
0.9004589298357193,0.7371587,0.9794791,0.9832906,0.11324257,0.15274842,1.0477998,0.5657055
0.9192546530186122,0.88187593,0.95823693,0.97108024,0.2979982,0.24086943,0.83942986,0.5434555
0.6223988095952383,0.8031331,0.9511982,0.9579227,0.10032621,0.18038724,1.1890018,0.7185701
0.7451094764379057,0.7391675,0.9654037,0.95750844,0.1393394,0.14070766,0.18042134,0.5201098
0.8702143928575713,0.87784815,0.96544445,0.97061956,0.2601916,0.26420406,-0.71276194,-0.07215814
0.894562586250345,0.8251784,0.9571588,0.9727944,0.2893583,0.1935358,-0.30373782,-0.042886212
0.8209802119208477,0.57531726,0.9901445,0.95862484,0.07191403,0.123989694,0.05854392,0.5333852
0.8596484945939783,0.96097106,0.96115696,0.9704112,0.35247117,0.23231557,-0.24760394,0.21842924
0.8917743510974042,0.6712748,0.9820569,0.97663003,0.08522178,0.106699914,0.17851426,0.25799635
0.8227968271873087,0.5572142,0.9821272,0.9745025,0.08882298,0.15480371,-0.75628716,-0.48035213
0.8259123276493106,0.75713503,0.94930303,0.9692008,0.1027763,0.16798231,0.05392141,0.06909009
0.8375466141864567,0.5771217,0.96434593,0.9684334,0.08212337,0.113073185,0.015115122,0.16029881
0.8336704066816266,0.7105804,0.9838657,0.964122,0.18197852,0.2750646,0.14304058,-0.28176397
0.8534689498757995,12.165819,0.9864329,0.9931384,0.1524158,1.2765007,0.25178108,-0.044962596
0.6184164256657025,0.6470659,0.94053763,0.945908,0.09736075,0.124885,0.323605,0.74406445
0.8674631178524714,0.65428877,0.97633225,0.9629547,0.15842876,0.13515308,0.7584245,0.21546869
0.8465809223236892,0.6883325,0.96609646,0.97311074,0.17729148,0.16520715,-0.88803226,-0.5029593
0.9101086004344017,0.61077493,0.9864137,0.9677085,0.10818805,0.18859164,0.87251943,0.50529206
0.7118327673310694,0.78833276,0.9383501,0.95208645,0.22938642,0.13651904,0.19178128,-0.3657218
0.7942180888723553,0.6472973,0.96947163,0.9622682,0.07731676,0.1089991,0.86660105,0.6539246
0.824125568502274,0.93736744,0.9580005,0.9508421,0.33039883,0.30468875,0.41659912,-0.28939113
0.8817159108636433,0.8848496,0.9730732,0.9596741,0.22460273,0.3461052,0.8727002,0.30018118
0.9447784671138685,0.8156864,0.9722966,0.9794453,0.1977533,0.24192831,0.6135929,-0.06568793
0.9015714782859131,1.2116915,0.97740304,0.97052586,0.44899675,0.3689554,0.5241377,0.32624245
0.7864034656138624,0.58389026,0.97010756,0.96798146,0.102962464,0.11971623,-0.06430273,-0.22175242
0.6893934455737823,0.6719121,0.9543047,0.94748306,0.108183645,0.13526647,-0.663342,-0.5363559
0.6595995343981376,0.70592415,0.91603565,0.93002385,0.12350878,0.120567665,0.02018857,-0.14448512
0.9229833079332317,0.8996031,0.9781252,0.9820587,0.31805137,0.27468708,-0.23109455,-0.080215015
0.8619045036180145,0.7953509,0.9677275,0.9524439,0.18755944,0.26183677,-0.07599985,-0.5098515
0.6917063828255313,0.54515153,0.9287843,0.94621074,0.12347945,0.099121146,0.8184374,0.72661245
0.7583010812043247,0.9447002,0.9425739,0.9593295,0.3622408,0.17655231,-0.10993272,0.2464119
0.8019758799035196,1.0247903,0.9831885,0.985615,0.17042735,0.16779166,0.1897531,-0.27774176
0.8824274657098626,1.3270916,0.974868,0.96973264,0.61605924,0.3193277,-0.075476035,-0.35638684
0.818125064500258,0.61861616,0.94107527,0.95669204,0.13389355,0.1521876,-0.56716233,-0.33231404
0.6938995115980463,0.5010625,0.97434634,0.9499283,0.037018973,0.095131256,0.45235103,0.5679293
0.928002496009984,1.2998389,0.9754402,0.9725391,0.43194625,0.85291064,0.26415637,-0.20992243
0.8392321889287556,1.2042545,0.9656006,0.9811248,0.36350268,0.27266806,0.3784528,-0.5348314
0.9183378493513972,1.0027512,0.9840031,0.9857287,0.16957131,0.20801459,-0.3799359,0.055768542
0.8350520442081768,0.97908074,0.95273805,0.94574594,0.288523,0.15551963,0.5523452,0.3589811
0.6376973347893391,0.6841246,0.9340706,0.9478408,0.12553035,0.13201414,0.3313483,0.43530935
0.7988808275233099,1.0290717,0.9459663,0.9636194,0.3101788,0.1741314,-0.34540144,0.16317949
0.6325583382333528,0.49759704,0.9407613,0.94760996,0.06578234,0.10177396,-0.09434918,-0.15007226
0.8214545498181991,0.8001525,0.98169804,0.9536951,0.18526974,0.2782004,0.71770865,0.112313695
0.8681643046572185,0.76556677,0.994546,0.96637136,0.1512592,0.30368006,0.8516055,-0.05848924
0.8679803679214716,0.8997445,0.95634574,0.963103,0.27521855,0.25294137,-0.56629777,-0.14397463
0.8701039924159696,0.86463124,0.9741626,0.9848389,0.11276537,0.1972704,-1.4679852,-0.76837987
0.9479808479233917,0.63432205,0.9833077,0.97917855,0.19267519,0.2197123,0.2360887,-0.23887114
0.8646404185616742,0.84979695,0.97059864,0.95518756,0.20900784,0.22463706,-0.34406456,-0.53320485
0.8690908043632174,0.7649725,0.9762719,0.9692635,0.24319933,0.25288486,0.6608193,-0.20485194
0.7358136632546529,0.8577689,0.9238388,0.9554121,0.18811071,0.20088045,-0.14087257,0.17668407
0.7609677798711194,0.6200829,0.9496321,0.9561743,0.11650375,0.1508773,0.819455,0.8311177
0.9123231372925491,0.8163608,0.978532,0.97858804,0.21904519,0.1983556,-0.45521197,-0.16454509
0.8443273133092533,0.6951863,0.92902195,0.9491572,0.18022546,0.23072922,0.8516393,0.6664264
0.9322048168192674,0.90506715,0.9746646,0.9855869,0.21246499,0.24551137,-0.15853423,0.224194
0.9090741002964011,0.8981656,0.9664319,0.96419954,0.3267649,0.32654366,0.34253016,0.3912849
0.8728201312805249,1.0954754,0.9885092,0.97439444,0.2685125,0.31777558,0.81062794,0.4368519
0.5282345289381157,0.7373742,0.8871668,0.94005954,0.14330381,0.10197768,0.34901637,0.5665393
0.901999735998944,1.0691127,0.97893435,0.974467,0.37436277,0.24552451,0.07267675,0.24246427
0.923124044496178,0.7841458,0.95252824,0.96982056,0.31340277,0.31878635,-0.8288658,-0.3792322
0.5790406201624806,0.7464779,0.9413504,0.93896157,0.20157409,0.14949346,0.9862901,0.58825594
0.8652683570734283,0.76790875,0.9781689,0.9633301,0.15425721,0.24012864,-0.2310726,-0.46268278
0.9289171876687506,0.7571235,0.9802351,0.9842422,0.20319135,0.127174,-0.08748854,-0.44024006
0.8671999807999232,0.84113884,0.97309256,0.96285576,0.17007095,0.18507965,0.019372769,-0.03501485
0.8140395476951401,0.85752726,0.98262334,0.97401017,0.23815535,0.23457752,-0.08647666,-0.49192587
0.8031290365161461,0.7680606,0.92968595,0.9438448,0.30387795,0.3013649,-0.48344415,-0.51980996
0.8876837480394022,0.6955812,0.9754689,0.97090274,0.17169009,0.17195316,0.14197955,0.34584683
0.821189492757971,0.7423363,0.9665937,0.96507394,0.1022091,0.17322077,0.15392168,-0.19803
0.8482881931527725,0.5548086,0.9735757,0.9723477,0.073387794,0.09721875,-0.037151817,0.30290937
0.8996822867291469,0.9213097,0.9752017,0.97536296,0.22339307,0.20378792,0.27808797,0.62396514
0.6345524734391532,0.75215834,0.957495,0.9659914,0.09777129,0.0955096,-0.9969536,-0.68862736
0.9122028488113951,0.80199456,0.99276304,0.9866762,0.15734927,0.15367928,0.067788556,-0.17923485
0.8214863259453037,0.7750786,0.96148646,0.9518511,0.21773762,0.28472427,-0.2717121,-0.68281937
0.7690815403261613,0.60687494,0.94233644,0.94401675,0.1515171,0.1637669,-0.42459813,-0.44061136
0.8970240360961442,0.93270504,0.9709711,0.98170364,0.16680858,0.120240174,0.04443058,0.044326495
0.8158283513134051,0.87516606,0.986669,0.98309803,0.1620458,0.20046782,0.8817648,0.75821173
0.8391174684698738,0.75446856,0.9731636,0.9722942,0.11134582,0.12745216,0.19712338,-0.44056013
0.5653380053520214,0.56945974,0.9310916,0.94119304,0.11652829,0.12492093,-0.48230088,-0.65763694
0.64488382753531,0.5905124,0.9379804,0.9578943,0.09795606,0.09088611,-0.4501821,-0.42698663
0.9061339925359702,0.8696605,0.98567486,0.98167694,0.24220406,0.16004029,1.2543023,0.015869692
0.7910363481453926,0.7788107,0.9731911,0.9696552,0.20109124,0.11803242,-0.10418687,-0.7212185
0.7209783399133596,0.5924741,0.9172579,0.94741553,0.15198119,0.1008912,-0.37538108,-0.50114375
0.7447299869199476,0.52770305,0.95813984,0.93903786,0.105679154,0.11823021,-0.21116357,-0.5150638
0.7881694886779547,0.95362025,0.944708,0.95320314,0.32437825,0.25584367,-0.8247864,-0.3681809
0.7995278701114804,0.75306815,0.95370555,0.96647525,0.18876766,0.14024189,-0.008453048,-0.08319061
0.774124728498914,0.78027844,0.97657484,0.9654162,0.19920607,0.11603352,-0.16576643,-0.38450876
0.7391211644846579,0.7028244,0.9340531,0.94177973,0.15968032,0.19964026,0.17337905,0.064178675
0.8330994923979695,0.6816239,0.96632284,0.96726435,0.12790494,0.111953,0.23993027,0.19389944
0.6198547994191976,0.6560825,0.96259004,0.9502368,0.08054815,0.129902,0.21347654,-0.10204293
0.7711864447457789,0.811672,0.94016457,0.94445986,0.26111594,0.14490378,0.3242163,-0.018861992
0.9474103176412704,0.97159517,0.989897,0.9826845,0.2523695,0.25608435,-0.6499952,-0.32387552
0.8848932355729423,0.71041006,0.9412457,0.9634111,0.19789927,0.21537971,0.49410263,0.6197664
0.8327569630278521,0.82779336,0.9789627,0.9639168,0.1801543,0.23213026,0.60601676,0.5458599
0.8447359869439477,1.0821683,0.9891218,0.9845844,0.13717915,0.23094213,-0.03014353,0.30824092
0.9404576818307273,1.1295909,0.9679742,0.98322403,0.368995,0.3701003,0.16335855,-0.16599059
0.771495277981112,0.6950641,0.9159018,0.94163716,0.18144971,0.13744153,0.26500827,0.040527426
0.7277301429205717,0.63716346,0.9028668,0.95578605,0.13087232,0.11090052,0.2820589,0.21356615
0.8564460383388585,0.5645336,0.92248744,0.95583904,0.18629412,0.10202668,-0.044101868,-0.10836144
0.7114166056664226,1.0647696,0.9249959,0.9502484,0.32119483,0.31348443,-0.8728528,-0.10748255
0.8836980307921231,0.9821381,0.9709795,0.9615406,0.329996,0.25329664,-0.77660036,-0.27889925
0.9079654878619515,0.9973059,0.9768305,0.9707979,0.50983423,0.3814311,-1.1501899,-0.3091169
0.9578243432973732,0.84100205,0.9935548,0.98724955,0.09283342,0.23094435,-0.5600294,0.022721559
0.9118741434965739,0.9003399,0.9819327,0.98227566,0.23348415,0.20234472,0.15728453,0.0054429886
0.7176995427981712,0.62569493,0.9267789,0.9416668,0.13645624,0.15740454,-0.8227368,-0.84025836
0.7927210588842355,0.8927228,0.9610368,0.9461978,0.27482012,0.28397572,0.510219,0.1473349
0.7761602246408986,0.76902825,0.9439895,0.95262,0.24918985,0.14190118,0.01104971,-0.079821065
0.8897897351589407,0.63342947,0.96559817,0.95279807,0.14076312,0.28414002,-0.6718297,0.001990496
0.8660830163320654,0.65925425,0.96877974,0.9522525,0.12515214,0.25156745,0.31044778,0.105657995
0.670379033516134,0.8681442,0.930802,0.93807155,0.25616685,0.34472573,-0.049937475,0.15980971
0.8058697514790057,0.54595065,0.9389352,0.9462023,0.104851805,0.1035952,-0.0358933,-0.1590369
0.8710345241380966,1.2605009,0.9686248,0.97425056,0.36553815,0.25372347,-1.0475616,-0.62946486
0.8836756627026507,0.52920824,0.97020334,0.96890146,0.088157855,0.12447339,-0.12123719,-0.17152111
0.8400443521774088,0.47729468,0.9672714,0.9640726,0.08311013,0.10288198,-0.5026465,-0.26616186
0.8171718766875067,0.76675725,0.97359526,0.96764266,0.135385,0.15708162,-0.39763144,0.17615958
0.8153334693338773,0.89557576,0.9497609,0.9531557,0.19406398,0.16393593,-0.37101305,0.4456485
0.8488291553166212,0.7047148,0.96384627,0.96209216,0.15701878,0.17769857,0.05761043,0.33669344
0.612438865755463,0.5534836,0.9046579,0.937318,0.076672494,0.16025415,-0.29389068,-0.13377172
0.6455664862659451,0.9089483,0.92595685,0.9472089,0.26185843,0.14339991,0.9370768,0.6674831
0.954497641990568,1.2868158,0.97169816,0.98552066,0.39242494,0.23670995,0.31862286,-0.10969071
0.915261229044916,0.6711425,0.988021,0.9752962,0.12284225,0.1871433,0.3624305,0.27122578
0.9285661142644569,0.6503658,0.97730696,0.9761692,0.13985485,0.19730635,0.6207308,0.32099763
0.7974732698930797,0.76085955,0.96942943,0.96283,0.21717103,0.1834174,0.3183564,0.1653946
0.831442237768951,0.72440404,0.9641771,0.9719251,0.09005452,0.13155921,-0.90408325,-0.7167965
0.9539909519638078,1.0464981,0.98524785,0.9836963,0.15201074,0.2884867,0.5108062,-0.010343506
0.718700028048913,0.752402,0.9416164,0.95391387,0.13366134,0.10717457,0.51844716,0.23660834
0.7115321901287606,0.5801054,0.9423171,0.95894265,0.099376604,0.06810371,0.84694177,0.5670755
0.8147744590978363,0.9009334,0.9604503,0.9614318,0.25654602,0.18817271,0.04142196,0.2349428
0.9149253237012948,1.0246257,0.9854126,0.970236,0.32941523,0.39370155,-0.20379208,0.17518818
0.7985268741074963,0.62605125,0.9428851,0.9620921,0.11962876,0.11160968,0.4774272,0.4339709
0.8403590414361657,0.677537,0.9786391,0.9661992,0.16961853,0.13630104,0.41098356,-0.020949546
0.7965798903195612,0.83588475,0.9669508,0.96165967,0.16887495,0.14182691,-1.1189462,0.03882937
0.9141115284461138,0.68473256,0.9725532,0.9742663,0.10387451,0.17952524,-0.12685962,0.092733905
0.7629162996651986,0.5579809,0.9669643,0.965081,0.07094694,0.08029975,0.05736017,0.27031088
0.8818284233136932,1.0345143,0.9703495,0.9743466,0.19094922,0.18368724,-0.5116977,-0.37366802
0.8374771099084396,0.6824867,0.96284175,0.9676222,0.12425549,0.09767254,-0.44410092,-0.41770923
0.9309079476317904,0.7756017,0.9893202,0.9799957,0.11335064,0.23807003,1.3629799,0.510915
0.8791881247524989,0.6813477,0.96760833,0.9721302,0.1268948,0.13653718,-0.33935347,0.18909165
0.7604822099288397,0.5978469,0.9585767,0.96358186,0.057422727,0.10885125,0.5056774,0.22021708
0.8363484333937335,0.6543376,0.96623087,0.95975417,0.11607982,0.14399381,0.3390564,0.26758578
0.8514456457825832,0.9295572,0.98192585,0.96072274,0.4081819,0.3143082,-0.060717434,-0.349735
0.5187999951999808,0.6287086,0.9097386,0.95612836,0.14297946,0.09058118,-0.62594336,-0.38002425
0.8478548474193895,0.60513645,0.9524083,0.9641209,0.08100448,0.1428988,0.6086753,-0.032257378
0.8453929175716702,0.7166911,0.9892693,0.97947234,0.12762031,0.14461079,0.09324653,0.31313184
0.9314566858267432,0.8320976,0.99452776,0.9814037,0.11638007,0.20653446,-0.39525023,0.38125953
0.885564182256729,0.88630617,0.9734657,0.9659009,0.20373805,0.39913815,0.08588169,-0.24976948
0.8058483433933735,0.551194,0.9735705,0.96650374,0.0680369,0.0938854,-0.09751276,0.21624254
0.8940745202980811,0.93466735,0.98985475,0.9861457,0.099185556,0.18820162,-0.35849333,0.3220488
0.8384206016824067,0.8697824,0.9686975,0.9597458,0.17139849,0.20592748,0.12666544,-0.13760981
0.4948961875847503,0.9362013,0.917614,0.9557361,0.22569332,0.10699771,-0.014430766,0.43885106
0.912763203052812,0.77489865,0.9622186,0.96758705,0.3082242,0.4203082,-0.10876945,0.07957182
0.8395540782163129,0.95306647,0.9575268,0.97020715,0.35203743,0.24043891,-0.4516466,0.08235321
0.8846577466309864,0.7611778,0.9734316,0.97226167,0.1250183,0.12997554,0.5448074,0.18874778
0.8733007092028366,0.7559948,0.96278554,0.96724087,0.151666,0.17693557,-0.44742787,-0.3096965
0.8510127800511202,1.067197,0.9651674,0.96683556,0.28468105,0.3278112,-0.33585083,0.24601318
0.897623270493082,0.79845303,0.98861444,0.9687525,0.18113977,0.26452583,0.8444211,0.4565448
0.7999594878379512,0.5984274,0.9613565,0.9634463,0.10731132,0.091482796,0.44098693,0.4570889
0.8188263473053892,0.8098254,0.95820564,0.9637714,0.22975329,0.18924297,-0.43516174,-0.1390089
0.923556910227641,0.6809694,0.97915196,0.9726146,0.20981269,0.20587294,0.69842553,0.029722549
0.8810862443449773,0.9840753,0.9764523,0.9737619,0.31350312,0.22672062,-0.40990093,-0.2436125
0.90525664502658,0.96174115,0.9899734,0.9722844,0.25092804,0.30049744,-0.70828223,0.11789917
0.8743452893811575,0.77942955,0.99005824,0.965194,0.16958186,0.32103395,-0.34528747,0.06910174
0.7778606794427178,0.7106173,0.95711523,0.9599402,0.08205115,0.1076866,0.09497428,-0.2723219
0.8283235692942772,0.9827442,0.96123654,0.96468556,0.18962324,0.18827085,-0.7016918,-0.49651718
0.9353191652766611,0.9273275,0.9848895,0.9732238,0.2996218,0.38392666,-0.12139921,-0.03691037
0.828315793263173,0.77932626,0.9401975,0.96720123,0.23120074,0.12646922,1.2063456,0.44044185
0.8054525338101352,0.6963562,0.97753835,0.96485126,0.10115522,0.11231681,-0.2059831,-0.40098247
0.8190329401317604,0.7055434,0.9693174,0.96360004,0.14549907,0.11522885,0.21989124,0.58923674
0.7857878151512605,0.7819851,0.9492649,0.96629024,0.21698713,0.13376166,0.42949674,0.38085404
0.8925720182880731,0.8847821,0.9669282,0.97262466,0.274369,0.17067868,0.09298901,0.091320395
0.8981938967755869,0.86905545,0.98164093,0.96547645,0.26793236,0.18853253,-0.37461728,-0.5324456
0.8598976155904624,0.9022745,0.9862433,0.96795624,0.15343107,0.21765019,0.64781797,0.46390164
0.7908924435697743,1.1802436,0.9878432,0.96969604,0.39457995,0.2312056,0.100446284,-0.78676873
0.8116192144768579,0.8418289,0.963524,0.9684097,0.1721968,0.26796544,0.60816693,0.6063505
0.9450680042720172,1.0242368,0.9906028,0.9760303,0.26646298,0.35116202,0.09616402,0.23180558
0.733626294505178,0.7706751,0.9739317,0.9722978,0.20261286,0.12852883,0.05692134,-0.050747916
0.6973423733694935,0.7198326,0.9500528,0.96588856,0.1443809,0.10366928,-0.47885638,-0.6838339
0.8868439633758535,0.74185604,0.9713255,0.9708717,0.1467373,0.11653238,0.3189991,-0.2428891
0.8253465973863895,0.6368698,0.95741254,0.96293205,0.1304849,0.13830554,-0.37994742,0.3144986
0.8912833091332366,1.1948454,0.9333258,0.96505606,0.5537707,0.34151608,-0.12396163,-0.27237567
0.8972107568430274,0.79879475,0.9610528,0.96568656,0.21413289,0.3362462,-0.5202101,-0.20015287
0.85987092748371,0.45840642,0.9578245,0.96384096,0.064797804,0.10129369,-0.55314857,-0.26588613
0.8247333469333876,0.5566434,0.96608174,0.96800745,0.06221636,0.08498526,0.2809114,0.247078
0.8440444961779847,0.8323687,0.96172565,0.9700496,0.1704223,0.13825682,-0.38961154,-0.15506572
0.8796405745622982,0.5420757,0.98983943,0.9707845,0.07098911,0.09462112,0.48049724,-0.18344311
0.8248903075612303,0.68060803,0.94395584,0.9588239,0.14882211,0.16570552,0.2043043,0.092694186
0.9034988779955119,1.0511767,0.97893435,0.966465,0.37436277,0.35692042,0.07267675,0.21096507
0.8732937971751885,0.72023743,0.98162925,0.9718671,0.084120594,0.114022754,0.28043616,0.0367959
0.8181218964875859,1.0241193,0.94878507,0.960269,0.49351972,0.2811771,0.5808499,0.2787408
0.9594666218664873,0.49811056,0.99235535,0.98154587,0.08002198,0.114611514,0.07694259,-0.08034029
0.8634912939651758,0.73920316,0.9754689,0.9665085,0.17169009,0.21506223,0.14197955,0.2523783
0.8231209244836979,0.78956246,0.9786265,0.96667486,0.15055732,0.20215464,1.4146715,0.60996705
0.8202565610262441,0.6239974,0.96751004,0.9676105,0.10143095,0.13113752,0.46958303,0.5093261
0.8050375241500964,0.69306177,0.9581228,0.9585918,0.19540542,0.15672502,0.15977171,-0.23246025
0.542065688262753,0.5286765,0.9439744,0.95731807,0.05637263,0.07158478,-0.732085,-0.50325304
0.7251585806343225,0.6969335,0.91950065,0.9581549,0.17882551,0.11448919,0.03454717,0.054516733
0.9376454465817863,1.0611831,0.9743558,0.9717257,0.40129095,0.48361948,-0.7886114,-0.18008153
0.8606337465349861,1.0927899,0.96879846,0.96866554,0.44960725,0.41029873,0.5763758,0.44311473
0.9285478741914966,0.7827859,0.96527636,0.96697307,0.3197307,0.3849468,-0.51586944,-0.03795918
0.9115490861963448,0.8467756,0.9783806,0.97232574,0.23787755,0.268509,-0.22320896,-0.43845358
0.9386355945423781,0.9688008,0.983609,0.9622218,0.36415902,0.59083045,0.5061405,0.20113336
0.9071076284305137,1.2009828,0.9700025,0.9711698,0.2036585,0.18083644,-1.0292645,-0.21369487
0.7489077316309265,0.57481897,0.95706236,0.9597538,0.067283005,0.08730777,-0.5721165,-0.5419607
0.9194232296929189,0.74862975,0.9816163,0.97139543,0.10625866,0.20733301,0.4297911,0.38122264
0.7872845571382285,0.80972004,0.98394704,0.9753211,0.26962316,0.13471118,-0.7176632,0.50293857
0.8052715730862922,0.7349605,0.9397864,0.9604601,0.21731429,0.13811105,-0.33772403,0.20247608
0.8838984795939183,1.0201368,0.99103,0.96719486,0.24197088,0.48419428,0.11735382,-0.22102694
0.738816075264301,1.024183,0.98052245,0.97695327,0.18322957,0.14055078,1.4401793,1.037104
0.8700280561122244,0.959196,0.985433,0.9670413,0.2773155,0.3714776,-0.15366705,-0.42483446
0.905179748718995,0.6357828,0.9795846,0.97269124,0.09019055,0.09735619,-0.5912379,-0.256979
0.9037059508238031,0.6288487,0.9581119,0.9655514,0.13610405,0.19289483,1.0017794,0.6500267
0.7800941283765134,0.6813029,0.94519806,0.95998675,0.15442085,0.18419684,0.6191926,0.30269715
0.943386461545846,0.7276633,0.99039084,0.9834755,0.08920779,0.23245494,0.2583969,0.08546787
0.8608690434761738,0.7472448,0.977768,0.9757323,0.15517423,0.13377675,-0.63575673,0.00059920363
0.8313663014652058,0.670385,0.96939814,0.9621737,0.109173544,0.07823437,0.21338934,-0.049938634
0.95562382249529,0.78143567,0.9903171,0.9862931,0.18918593,0.13813032,-0.11067642,0.2085342
0.630384121536486,0.8672502,0.9328047,0.9597448,0.2407225,0.1415525,0.23542464,-0.025841814
0.7191175644702578,0.7250374,0.96795136,0.9624597,0.08718291,0.15866618,-0.30464518,-0.045789227
0.7698234312937251,0.59542966,0.9531115,0.9693758,0.09625219,0.10806597,-1.0708135,-0.6524376
0.9232457729830919,0.92311776,0.99293405,0.98213214,0.20731708,0.36395296,-0.043877494,-0.5358268
0.8975153660614642,0.63711005,0.9904621,0.9714303,0.10265705,0.12552439,-0.65228015,-0.19489008
0.9544634658538633,0.6913929,0.992248,0.978978,0.09876236,0.19023049,1.2133336,0.2607621
0.9201762567050267,0.7666072,0.9865794,0.9658426,0.21288033,0.23175283,-1.1226374,0.23173533
0.9047503390013559,0.6579905,0.9537595,0.9684809,0.1759894,0.17525566,0.036345012,-0.07391559
0.8515930063720254,0.98754114,0.9913725,0.9822807,0.17777084,0.16532752,0.3635529,0.46898672
0.9046335065340262,0.93256044,0.9744724,0.978008,0.25644913,0.19541153,-0.53677076,-0.1703725
0.8677665750663003,0.6361207,0.93767846,0.96001244,0.17716153,0.13783695,0.007667441,-0.09212391
0.7955293581174324,0.6030826,0.9380907,0.96384495,0.14048558,0.12864624,-0.4264261,-0.31651717
0.6567318109272436,0.6343909,0.96847427,0.9660813,0.051531114,0.09275611,-0.016595816,-0.03935345
0.883557198228793,0.6108418,0.9431434,0.96251774,0.15620135,0.18277879,0.5619534,0.2737772
0.6847812031248125,0.6278709,0.927065,0.9557838,0.118302256,0.102065906,0.22413723,0.34518886
0.7813242772971091,0.73839664,0.96234095,0.9652382,0.11356722,0.13322477,-0.656112,-0.28530282
0.8258056712226849,0.63239104,0.96527725,0.9720086,0.08858537,0.091314256,0.59221405,0.20069255
0.7526048024192097,0.7027381,0.99193954,0.9599428,0.09673757,0.1391643,-0.39743263,-0.08958786
0.8743941535766142,0.72279805,0.9741323,0.9618451,0.18896778,0.32687044,-0.57037956,0.2979035
0.5474759819039275,0.65901244,0.900972,0.9588023,0.089687265,0.12452648,0.23606664,0.0640859
0.8749509558038231,0.8177666,0.980301,0.97200847,0.15338883,0.1384961,-0.4425899,-0.32709125
0.8697318949275796,0.610147,0.96971935,0.9695145,0.10834851,0.122496895,-0.46240127,-0.35845762
0.7307353389413558,0.8077523,0.8928558,0.9574309,0.22831824,0.17637718,0.43728995,0.42251065
0.92075379501518,0.8149608,0.9782376,0.9719744,0.21198672,0.3354535,-0.51971525,-0.15454535
0.8247576350305402,0.74607944,0.9897359,0.96342,0.10870421,0.14177275,-0.642185,0.5377177
0.8105673382693531,0.60204536,0.9647031,0.9585167,0.11587114,0.12122088,0.7566952,-0.097025074
0.5588079632318529,0.6169311,0.9746342,0.95867425,0.062458366,0.08703246,-0.21415572,-0.007223039
0.6150057240228961,0.5163763,0.9046579,0.9538571,0.076672494,0.09558336,-0.29389068,-0.038915157
0.9223093852375409,0.71097386,0.9742601,0.96998197,0.15512255,0.1298209,0.8466082,0.3709515
0.5990687002748011,0.88716185,0.96545416,0.9651486,0.11451721,0.14165077,-0.7816208,-0.7600303
0.9008856515426061,0.9833938,0.98352027,0.9701474,0.21915786,0.41768655,0.779986,0.45342904
0.8130723722894893,0.57115716,0.959855,0.9601713,0.089855924,0.11217013,0.4229537,0.30441365
0.8556647666590667,0.8242779,0.9389329,0.9712097,0.18179554,0.13372307,0.14925478,0.22458726
0.8940765363061451,0.6227639,0.9668392,0.96515745,0.107060045,0.2034028,-0.44285038,-0.10254007
0.8611558926235705,0.6004452,0.9560394,0.96967554,0.082483426,0.12663752,0.08616221,0.115030415
0.9114090216360866,0.8457209,0.9895802,0.9709591,0.17570253,0.22983067,-0.3054572,0.2298789
0.7820718322873291,0.7934516,0.97477585,0.9695778,0.09927508,0.16337785,0.018296728,-0.6133842
0.7754409897639589,0.60783035,0.935665,0.9593505,0.10928427,0.13335133,-0.5029812,-0.22359401
0.7791066684266736,1.0068886,0.9286913,0.96110773,0.41647938,0.21965939,-0.43357107,-0.27731588
0.8765095220380881,0.7718155,0.970687,0.96473664,0.21640067,0.28924963,0.45841438,0.29148307
0.8321192324769299,0.6578137,0.94781667,0.9649319,0.13434567,0.21875651,-0.17004214,0.016205812
0.9187597710390841,1.1241941,0.9865647,0.976455,0.22329351,0.38312227,0.4527559,0.4209244
0.6873403813615254,0.50955,0.94644237,0.9581583,0.04841533,0.090416186,0.24103776,0.25748444
0.7602345289381157,0.86383563,0.96163744,0.96689886,0.20958768,0.2186684,-0.35855576,-0.5234313
0.7791127164508657,0.8447262,0.9527376,0.96135247,0.19575852,0.19714177,0.092391826,0.026344549
0.8712653090612362,0.75231576,0.9854716,0.9697675,0.19327419,0.12514128,0.971272,0.3812551
0.7621020244080976,0.7634472,0.95291835,0.96069795,0.23497444,0.1175466,0.8113996,0.14236836
0.8029335797343189,0.9252771,0.94061697,0.96406657,0.33757588,0.1715444,-0.08458366,-0.26443148
0.6781389365557462,0.71537,0.9188528,0.9596768,0.1699699,0.094711475,-0.014001347,-0.059181083
0.8565812823251293,0.6953287,0.97676617,0.96436775,0.10204465,0.12514059,0.8548651,0.62671334
0.7653527894111576,0.9932509,0.9391006,0.96156764,0.25141284,0.21717356,-0.6982787,-0.38296512
0.8157312949251796,0.7181245,0.9891195,0.96604884,0.21856023,0.20359944,0.5521734,0.17388886
0.8885371221484886,0.81139004,0.97162044,0.96451056,0.21767296,0.3547363,-0.20150836,0.05769891
0.9249069636278544,0.67606694,0.99133104,0.97458035,0.14256619,0.24082649,0.3551174,-0.27681422
0.8661438805755222,0.7161907,0.972749,0.9700779,0.12114156,0.13252926,-0.5765949,-0.2994145
0.7076502226008904,0.7294478,0.95182884,0.96333194,0.12903854,0.08400349,-0.23057,-0.6237111
0.841183300733203,0.70518744,0.9438657,0.965859,0.14917356,0.11084715,-0.05533191,0.19028029
0.910695354781419,0.9261481,0.9758305,0.9768168,0.28520894,0.2118159,0.162452,0.09310964
0.9349215316861267,0.9213847,0.9908,0.9709933,0.21853869,0.36010307,0.19667922,0.3057245
0.8153884775539101,0.58004004,0.98538274,0.96308136,0.0686751,0.07554215,0.69326687,0.30716997
0.9137314629258516,1.1301972,0.97475183,0.9711038,0.48378894,0.43762538,0.2959628,-0.0891518
0.9063883935535741,1.1748068,0.98676443,0.9808674,0.30948788,0.19784018,-0.43447655,0.20489958
0.8719070716282865,0.93595916,0.9723217,0.96491426,0.31911713,0.27727932,-0.70338136,-0.05893102
0.9078423193692775,0.68860203,0.9753766,0.9702132,0.2007313,0.14307353,-0.15206315,-0.49500746
0.9555911823647294,0.7052018,0.9910659,0.982735,0.1285264,0.15299702,0.15072103,-0.24615388
0.8412606770427081,0.86111486,0.951518,0.9653914,0.17969331,0.10114875,0.17095971,0.020315746
0.8745551462205848,1.0851125,0.99365616,0.974422,0.17879723,0.16608533,0.30818704,0.51867163
0.574814299257197,0.9890504,0.9777569,0.97463214,0.15117852,0.15327938,-0.16908932,0.7606036
0.47607214428857714,0.53613806,0.9614766,0.956127,0.077453576,0.07984207,-0.60801435,-0.62052995
0.8918553754215017,0.7157069,0.98251283,0.9722597,0.20482062,0.13818417,0.83273405,0.05468545
0.9353678374713499,0.63221556,0.9780422,0.97088313,0.20481804,0.20043595,0.3476254,-0.038800884
0.6695815583262333,0.810691,0.9468005,0.965508,0.13732609,0.102424115,-0.04175592,-0.101157956
0.9345376261505046,0.9313758,0.9843692,0.972383,0.12942818,0.11494371,-0.38392043,0.09952702
0.9183893055572221,0.82919466,0.9796504,0.9705646,0.2069357,0.16881318,-0.18628795,0.21006659
0.7031830367321469,1.00229,0.8983154,0.9616618,0.5130975,0.17040779,0.21311507,0.08562979
0.7640732962931852,0.8462898,0.940658,0.9546302,0.28647953,0.14666206,-0.25490406,0.2244782
0.8112702530810122,0.8472833,0.95454735,0.9664825,0.17941071,0.15657163,0.1905425,0.22769184
0.8968418273673094,0.7760092,0.9687653,0.967229,0.16654176,0.2592806,0.18545681,0.10777886
0.8832963651854607,0.67768997,0.9637468,0.96601945,0.17709121,0.14778195,-0.09652163,0.0901821
0.9059016716066864,0.76275474,0.96179855,0.96938115,0.18035412,0.17138574,-0.25960326,0.00915848
0.8687851391405566,0.7943429,0.95877886,0.9689971,0.1832237,0.16816069,-0.27140835,-0.21302561
0.8468438673754695,1.2272125,0.9620595,0.97636545,0.40408143,0.21599592,0.5601434,0.38189894
0.6801558086232345,0.7687663,0.96469295,0.9631886,0.09778495,0.09754631,1.4818068,1.047229
0.730132936531746,0.7740054,0.95568216,0.95916873,0.19229992,0.2926936,0.37765425,0.22787705
0.8436322705290821,0.8634729,0.94514185,0.9600456,0.29377243,0.25001782,-0.4430776,-0.10617167
0.8863553214212857,1.179285,0.95272464,0.9633037,0.57029444,0.50807786,-0.0037566796,0.008901791
0.8661565526262104,0.7572782,0.97520477,0.96818185,0.14444765,0.25772455,0.50161725,0.6506872
0.5656098784395137,0.7373094,0.909752,0.956134,0.17922522,0.11939388,0.8030721,0.3502276
0.8114499657998632,0.8770738,0.95827025,0.96351933,0.22322458,0.2128429,0.19806662,0.08794611
0.8865024900099601,0.91776145,0.9789484,0.9678112,0.35022256,0.44347444,-0.10270901,0.056213163
0.8012531890127559,0.8063438,0.94692624,0.96472245,0.18579355,0.15518254,-0.33468273,-0.32242426
0.9151978687914751,0.8630135,0.98102534,0.96732694,0.21412528,0.29833627,-0.50416934,0.21564613
0.8338328393313573,0.94421756,0.97143316,0.9606647,0.25276107,0.18711887,-0.10546029,-0.11441937
0.8640449281797127,0.767132,0.99379027,0.9743371,0.1381985,0.18318194,-0.37905645,-0.5087431
0.873811623246493,0.8391482,0.985321,0.9782532,0.08569252,0.1837112,-0.82965195,-0.4095881
0.8684559538238152,1.3102145,0.9523656,0.9708617,0.3956821,0.60266286,-0.31907722,-0.4770662
0.6372304849219397,0.60191286,0.9374838,0.961303,0.08305079,0.115338035,-1.5189792,-1.1652149
0.925136980547922,1.0548,0.96282405,0.9723244,0.4895659,0.47541547,-1.4565239,-0.1899204
0.9022364729458919,0.7419789,0.98849094,0.98060685,0.062394723,0.14018235,-0.12700774,0.3837694
0.9012375889503558,0.65921354,0.9694927,0.9718262,0.12118518,0.22195873,-0.22665747,-0.1982761
0.9479204636818546,0.633072,0.99343884,0.9765806,0.093481004,0.18073942,-0.27329665,-0.31255573
0.8358977115908464,0.76118195,0.9610101,0.96856534,0.18467183,0.15173535,0.4363855,0.3833206
0.7932961011844047,0.73603845,0.9129937,0.9588808,0.15150864,0.21761787,0.43938822,0.5139203
0.8267587630350521,0.71539736,0.9722554,0.9655988,0.13394955,0.12252407,0.3476964,0.10957362
0.9565810423241694,0.884704,0.990108,0.98583454,0.24600649,0.24019611,0.0500757,-0.03566038
0.8235160620642482,0.97980106,0.98962677,0.98550725,0.20633559,0.13800795,-0.3932337,0.080514595
0.9173524054096217,0.76628995,0.9880421,0.96681774,0.17979197,0.29467648,-0.9442874,-0.032308303
0.5848539374522445,0.6510532,0.96879494,0.9476553,0.06482214,0.10209102,0.9640556,0.78405106
0.751563582254329,1.0324155,0.96695065,0.96541095,0.23383236,0.23719648,0.7008814,0.32932743
0.8793023652094608,0.7838826,0.9748159,0.9773149,0.1723419,0.13294968,-0.23417354,-0.2816638
0.8535290461161844,0.7561508,0.9547166,0.9577874,0.15020776,0.2919231,-0.5795549,-0.24716474
0.7527854751419005,0.47551155,0.9176728,0.94448197,0.067981966,0.082354344,0.5094458,0.26895174
0.9319450397801592,1.0459428,0.98983824,0.98245513,0.30616453,0.17622504,0.012213156,0.0010684972
0.7208921315685263,0.72891283,0.94737744,0.94935066,0.19537225,0.17613529,0.20640793,0.14763767
0.8570724202896811,0.56445616,0.97403693,0.9743223,0.08485032,0.13240989,-0.07890808,-0.297869
0.895311581246325,0.65643865,0.96607316,0.96731657,0.14053732,0.17705566,-0.031612754,-0.19612455
0.8464155136620547,0.91989994,0.9760585,0.981533,0.2213561,0.13179904,-0.19025181,-0.04682344
0.8425386341545366,0.9918355,0.93611187,0.9464181,0.39548573,0.50512606,0.31373617,0.452931
0.8841836967347869,1.0388621,0.9738564,0.9708712,0.3375767,0.2522908,-0.41182482,-0.4765024
0.907126828507314,0.7795562,0.9620034,0.97398466,0.18543665,0.22960232,-0.59369737,0.20586042
0.8401684806739227,0.7214508,0.9528512,0.9551045,0.20280857,0.19997358,-0.17545931,-0.34275833
0.6315110852006071,0.5848742,0.94439465,0.93930256,0.09606097,0.13301685,-0.41295195,-0.6657927
0.9425040260161041,0.77297294,0.9689932,0.97161484,0.2221452,0.27427986,0.6635501,0.18328528
0.5605959703838815,0.63011813,0.9618585,0.9300652,0.09374356,0.07899643,-0.3933033,-0.4036543
0.8752349249396997,0.78546673,0.9792851,0.97247297,0.13702773,0.20964894,0.65188867,0.5052007
0.7503992895971584,0.5941201,0.9709794,0.95416546,0.068232715,0.13412961,0.07601444,0.6539925
0.7107887631550526,0.6395249,0.94162834,0.9371172,0.12397314,0.12686531,-0.52042663,-0.5891128
0.8575913023652094,1.0792282,0.9716953,0.9700246,0.20008196,0.3021357,0.87893003,0.37996635
0.7595596462385849,0.7703918,0.9313582,0.94360805,0.25982103,0.22682637,-0.08362642,-0.054029815
0.902246840987364,0.79907066,0.97520256,0.96750796,0.19805855,0.27534932,0.6555285,0.3624847
0.9367898911595646,0.7935551,0.9928433,0.97749525,0.18586864,0.29623607,-0.32440537,-0.47063997
0.9366225624902499,0.61684364,0.9838545,0.97951394,0.11596605,0.14636818,0.14439274,0.10165804
0.9367344029376118,0.73369163,0.98392904,0.9739163,0.16841534,0.28449282,-1.1088687,-0.76559806
0.8485175380701523,0.77128947,0.9639231,0.9624418,0.12999704,0.19590746,0.345647,0.21498615
0.9225945063780253,1.176541,0.9798736,0.988486,0.30904087,0.20850316,-0.5548428,-0.15270567
0.8431857727430909,0.848026,0.98498297,0.9604325,0.13746509,0.28008723,-0.015910424,-0.5666581
0.7338423913695654,0.71827483,0.9544194,0.9666569,0.14272872,0.1184025,-0.7232645,-0.47408652
0.7703965535862144,0.6124053,0.9550504,0.95616007,0.09128841,0.12468717,-0.19340625,-0.510613
0.9226796587186349,0.8274726,0.98889244,0.9714581,0.22689883,0.15112488,0.50503343,0.27345288
0.812189840759363,0.61724466,0.9692004,0.95207536,0.11494983,0.12177312,0.12920189,0.019165704
0.8926958587834352,0.92016894,0.9714132,0.9678305,0.41917446,0.35164657,-0.16194925,0.2197144
0.7502861051444205,0.8486151,0.9806466,0.9583876,0.17453615,0.1791541,0.12992622,-0.27335006
0.9317188628754515,1.1398107,0.96329874,0.95859504,0.7486201,1.0387878,-0.23421873,-0.14966759
0.9472094848379393,1.010895,0.9920258,0.98764765,0.108219214,0.12475541,0.37793332,-0.07608464
0.8990205560822243,0.81414515,0.97784567,0.98113006,0.19501592,0.1596327,-0.7984068,-0.52783537
0.9080360481441926,0.6865223,0.9642261,0.9624731,0.13214982,0.21280678,-0.22277987,0.13416468
0.8745335461341847,0.84149486,0.97968185,0.98262036,0.12619828,0.16672687,-0.13966976,0.16506071
0.9007049788199154,0.9935114,0.9692576,0.9599256,0.48803645,0.49059275,-0.16489157,-0.2649402
0.6200853923415692,0.5880468,0.94574374,0.9353594,0.08803784,0.11222871,-0.46393117,-0.37696877
0.9120212160848644,0.6028375,0.98765665,0.9827239,0.05904503,0.09539454,-0.51537234,-0.12196734
0.9349212436849749,0.96331954,0.9794252,0.9802924,0.26791212,0.16273463,0.07591998,-0.066336885
0.7324656498625994,0.6167625,0.951036,0.9474331,0.06599158,0.13704187,0.2622143,0.30419827
0.8946048264193056,1.0444697,0.9871505,0.97245234,0.28873026,0.38285404,0.15153082,0.27993923
0.9574679898719595,1.370562,0.9850418,0.9838334,0.2892727,0.5990246,0.22140408,0.035652176
0.6792505250020999,0.88823503,0.93868244,0.95714104,0.19770634,0.11786041,-0.18735239,0.08265494
0.6232991971967887,0.72537,0.9112553,0.9440217,0.17965364,0.18679026,0.79327345,0.7478593
0.9302806811227244,1.1185273,0.987938,0.9804332,0.33533514,0.4414459,0.2993147,0.24159747
0.7281395845583383,0.7273906,0.97312695,0.9600308,0.08664825,0.15545441,0.32772368,0.022424657
0.9409029316117263,1.0259995,0.98936486,0.9838254,0.37520534,0.35339883,0.22422479,0.3555553
0.8251333805335221,0.9248804,0.92497015,0.95867515,0.24048977,0.2729964,-0.70106524,-0.5171747
0.880562274249097,0.83151644,0.98517966,0.9619816,0.17335893,0.24919185,-0.29601917,-0.24282478
0.7704861219444877,0.9888886,0.92760724,0.96592546,0.29854643,0.21418025,-1.1228026,-0.57440674
0.7059337357349429,0.71145993,0.9550639,0.95178485,0.12561604,0.11543443,-0.27381325,-0.36665526
0.7211654446617787,0.6917929,0.95826036,0.95155233,0.080471314,0.1710337,0.7208318,0.7236282
0.8398086712346848,0.7110704,0.98590785,0.97923565,0.10316745,0.1480419,-0.9613506,-0.77810514
0.8567283549134196,0.8124891,0.98934704,0.97300136,0.13333791,0.1867006,0.5612322,0.5592633
0.836686450745803,0.78301597,0.9797618,0.9787199,0.08635117,0.083560854,0.8697101,0.8670677
0.8975624062496249,0.79457647,0.98786503,0.97386026,0.19808406,0.16913798,0.26167992,0.25947908
0.8010477481909927,0.5479022,0.9745146,0.96589476,0.11301142,0.09201757,0.002012999,0.5938088
0.7730846603386414,0.6861554,0.95086014,0.956184,0.086536184,0.15645112,0.11119376,0.505963
0.9364138576554305,0.83177185,0.98154575,0.9753175,0.14358506,0.21004844,-0.24311344,0.022606518
0.9326363385453541,0.9949234,0.99483895,0.98195857,0.27226782,0.27069387,0.1324945,0.44004864
0.8691369805479221,0.80078566,0.93098277,0.9670017,0.36820948,0.21228126,-0.39704776,-0.6323707
0.9249322117288469,0.6934222,0.9674092,0.97607756,0.17660783,0.18554676,-0.13172008,0.29009345
0.7846955227820911,0.67738867,0.9483627,0.9403135,0.19026132,0.16307566,0.15862748,-0.20967554
0.8971539246156984,0.8841489,0.9784261,0.9832951,0.19076107,0.13225421,0.048622377,0.13340071
0.8505287461149843,14.71054,0.98285407,0.9789227,0.39603305,18.781317,0.4760462,0.17857799
0.9157109908439633,0.5975605,0.9720526,0.976805,0.09173777,0.15130475,0.19929457,0.19281884
0.9172170448681793,1.0185556,0.963827,0.9633135,0.52447087,0.40755454,0.33954132,0.02148049
0.8109475957903831,0.6878471,0.9341906,0.94772816,0.20518993,0.21006672,-0.15418637,-0.016535642
0.9122640970563882,1.0081164,0.9539436,0.96973664,0.17832443,0.4134177,0.35612464,0.3415053
0.870126360505442,0.56857866,0.93959135,0.95478535,0.10941916,0.13709763,0.19817133,0.14607291
0.6651483565934263,0.54231215,0.9484628,0.950469,0.069598526,0.1037298,0.865285,0.39302766
0.7351544286177144,0.8071225,0.8990099,0.949691,0.24764127,0.11628729,0.111829415,-0.18016985
0.7040878403513613,0.45355812,0.9342048,0.94383186,0.045980293,0.11054624,-1.0408479,-0.6698844
0.821624470497882,0.65613073,0.93003994,0.9618582,0.15821956,0.1475674,0.7746781,0.46677828
0.7761382405529621,0.6487127,0.9741872,0.9601997,0.0618445,0.18258612,-0.6194515,-0.30560628
0.9509119316477265,0.81359273,0.97465676,0.9765484,0.15113747,0.26460478,0.042602852,0.15515934
0.8598147672590689,0.5636806,0.98481804,0.9757431,0.079628356,0.1113984,-0.5823592,-0.41150227
0.7938552074208297,0.6694115,0.9763343,0.955553,0.10639344,0.117857516,-0.013539207,0.2671271
0.8297680870723483,0.8258342,0.97691834,0.9613936,0.1660882,0.14598604,-0.008184826,-0.05066791
0.8919705758823034,1.0645622,0.9772484,0.964408,0.36343968,0.45763582,0.4606199,0.26508257
0.9112884451537806,0.66652703,0.9815062,0.97667855,0.120171726,0.12944262,0.6691636,0.27295265
0.9421637046548187,0.88579714,0.98667014,0.9791155,0.3135842,0.30577844,0.73392576,-0.028806398
0.8315805743222973,0.7821948,0.95013756,0.9597185,0.11856825,0.24714124,-0.016822293,-0.29210266
0.8758362713450853,0.73914623,0.96792394,0.96665883,0.17085232,0.20440869,0.9242803,0.22722682
0.8662790491161964,1.0124245,0.95103526,0.96062434,0.4300146,0.3591341,-0.20946537,0.11232109
0.9048275233100931,0.9351362,0.9837403,0.9885021,0.21168742,0.12912297,0.384292,-0.13614401
0.9108490513962054,0.9158204,0.97458416,0.97600275,0.24738607,0.31919026,0.40486568,-0.09840064
0.5966110904443618,0.97822803,0.93921584,0.95179003,0.22405422,0.20968843,0.79934996,0.7076763
0.6188029232116928,0.684261,0.9362734,0.94762516,0.078437306,0.14198849,0.5724597,0.34159076
0.7883469933879735,0.59766304,0.9797273,0.97876775,0.07702394,0.102056526,-0.1817821,-0.73302007
0.872195648782595,0.8032794,0.96492046,0.9680098,0.12311861,0.12407508,0.15983318,-0.052649684
0.9011689486757946,1.031458,0.9838721,0.968267,0.44593206,0.2998877,0.14883183,0.14802526
0.8909902199608798,0.83547276,0.97159857,0.9672531,0.1814555,0.16532035,-0.20198502,0.75043595
0.7713502214008856,0.76684046,0.9270085,0.94811815,0.13830516,0.106181495,-0.5153338,-0.3850023
0.6648077472309889,0.5976316,0.96608937,0.9516827,0.0652785,0.11569478,0.5107576,0.45831448
0.8328161952647811,0.54848915,0.9735848,0.9574883,0.09488314,0.13267264,-0.25823244,-0.19079283
0.863873951495806,0.7229598,0.98520994,0.9589406,0.18358146,0.28440568,0.033396326,0.31090572
0.6682552170208681,0.6878092,0.936132,0.94795173,0.13901126,0.12062868,0.3473095,0.54209816
0.7323942255769023,0.65871674,0.92951465,0.9425278,0.15723719,0.12608783,-0.21973927,-0.0836659
0.5910948123792494,0.8411935,0.93761915,0.96162665,0.16344784,0.092992105,0.4805821,0.37573427
0.8577817671270684,0.7067367,0.9708177,0.96129316,0.16509767,0.20550929,0.62252516,-0.018540688
0.9114680618722474,0.68394446,0.9740761,0.9661469,0.1304326,0.13864037,0.50830674,0.14175299
0.804003792015168,0.7541738,0.9570527,0.9622487,0.20028126,0.11175047,-0.11677299,-0.1458432
0.9293931575726302,1.0396571,0.97593206,0.98632485,0.36705926,0.1925199,0.20830287,0.27212813
0.8375574622298488,0.6818925,0.95251834,0.96065724,0.15173972,0.18072037,-0.048070062,-0.17900687
0.8579005196020782,0.95929825,0.98422664,0.9723789,0.24607301,0.13172793,-0.20170832,-0.089683235
0.8592998898227568,0.6241837,0.9695404,0.9744868,0.113224186,0.122566745,-0.5668963,-0.5551213
0.7799726878907515,0.7929824,0.961651,0.9500931,0.16407959,0.1007433,-0.42118445,-0.078842565
0.7682295369181477,0.73531616,0.9618123,0.956954,0.14480029,0.1279196,0.18556309,0.23331337
0.8875071340285361,1.276328,0.9893867,0.9741067,0.34336776,0.41091645,0.24433272,0.30161878
0.8736513986055944,0.72234935,0.980847,0.96197397,0.11967771,0.22659306,0.33712733,0.12427432
0.8685055860223441,0.80640405,0.9862433,0.9710081,0.15343107,0.25726986,0.64781797,0.41711062
0.7185676742706971,0.58064806,0.93211645,0.9430245,0.09534041,0.109884575,0.17733623,-0.21413511
0.8985475621902488,0.5663933,0.9773134,0.97246146,0.06782305,0.11544174,-0.38692698,-0.061952125
0.882942315769263,0.76072675,0.96872514,0.9594209,0.18730406,0.27027503,0.12325326,0.52021134
0.8780371761487046,0.79441214,0.9917564,0.98094934,0.17710006,0.19041827,0.7553769,-0.2828743
0.9418495913983657,0.6663595,0.98131996,0.98661405,0.102968454,0.13532798,0.53173476,0.05757571
0.9024745538982155,0.62162703,0.9850504,0.9743892,0.11333589,0.13334845,-0.119960204,-0.1616399
0.7884580658322633,0.8119485,0.95502925,0.9543422,0.19889118,0.13804871,-0.19898751,-0.0006326933
0.9009123396493586,1.0276705,0.97893435,0.968862,0.37436277,0.48301893,0.07267675,0.16041209
0.7269700118800475,0.9253658,0.95515776,0.9512731,0.15565439,0.13483548,0.85308754,0.37096763
0.609000804003216,0.7651956,0.94479966,0.94855523,0.13431187,0.1147421,0.48653483,0.15938492
0.9465289381157523,0.6942549,0.9904452,0.9784147,0.11719603,0.17612809,0.36272395,-0.2792859
0.881995271981088,0.77252847,0.9754689,0.9618014,0.17169009,0.28748903,0.14197955,0.26917073
0.7455146940587762,0.7697102,0.91706985,0.94422394,0.20870133,0.15909567,-0.61273086,-0.16821888
0.9608237792951171,0.7186707,0.99216574,0.98590213,0.10451828,0.1553241,0.3432764,0.2794455
0.7807808191232765,0.74457145,0.94801795,0.9523575,0.16294996,0.16808012,-0.31601438,-0.08847657
0.8727848031392125,0.6968433,0.9733578,0.9737528,0.19005616,0.1586373,0.06495531,0.12020867
0.9301832407329629,0.881954,0.99417806,0.9791119,0.14665699,0.29367095,0.46253553,0.620865
0.9389415477661911,0.79836273,0.98606175,0.9833194,0.1948757,0.14664386,0.11130724,-0.43905026
0.7176309025236101,0.8239666,0.9422002,0.9583647,0.10877296,0.1928613,-0.13823505,-0.63902235
0.853754551018204,0.75621086,0.9787439,0.97901386,0.07868449,0.09329833,-0.5372514,-0.49769747
0.880377185508742,0.6304997,0.96473294,0.96106535,0.13267455,0.14302959,-0.054830004,0.3685371
0.8694826779307115,0.7694776,0.98711205,0.968108,0.15367228,0.23883912,0.96928257,0.44025424
0.890812523250093,0.58431864,0.9907579,0.9836756,0.07614335,0.08492348,-0.8715911,-0.7716658
0.8659699278797115,0.76877815,0.98091614,0.96273524,0.19992349,0.16329011,-0.048208456,0.62484527
0.838555578222313,0.87160176,0.9681042,0.96794134,0.22109862,0.20191999,0.20304722,-0.34839538
0.7215733502934011,0.7705535,0.9862566,0.95356256,0.13290271,0.16319174,0.1063006,0.020866785
0.9375377341509366,0.73389095,0.97699296,0.97087497,0.14460886,0.23080765,-0.5442511,-0.3792149
0.8779219756879028,1.0040423,0.9628862,0.9698358,0.28241372,0.32262897,0.10736754,-0.02955671
0.8132851091404365,0.72004646,0.9863444,0.9609767,0.09781139,0.28612295,0.0678059,-0.55767375
0.844125040500162,0.6431949,0.95394224,0.95247626,0.15961714,0.17655566,0.27591345,0.07302651
0.8180927123708495,0.7893815,0.96455336,0.96230596,0.16540737,0.18720248,0.6590953,0.29643854
0.7321451045804183,0.79276854,0.9569808,0.9601441,0.21650748,0.14152153,-0.72884357,-0.37739113
0.8390783003132012,0.7349993,0.9670628,0.96873134,0.15080643,0.12526754,-0.6006166,-0.44545278
0.8730787563150253,0.6744057,0.97652763,0.9694962,0.11336089,0.1174806,-0.29424042,-0.34069628
0.8911394045576182,0.6638232,0.9742934,0.9721956,0.12198612,0.2200651,0.17935641,0.3348087
0.8069263317053269,0.7946372,0.9759449,0.95925725,0.14787431,0.26278642,0.05649234,0.0367951
0.939635534542138,0.8167983,0.9878376,0.98897475,0.14667755,0.1590206,-0.5274593,-0.3301111
0.8607960831843326,0.7310054,0.9721264,0.9660764,0.1269951,0.19710444,-0.42970645,-0.2364726
0.8695390301561207,1.1958518,0.92511696,0.93763304,0.8488334,0.63442934,-0.120139666,-0.040388666
0.7368004512018048,0.63405025,0.9777679,0.9590695,0.07512607,0.10829523,-0.53361785,-0.050644204
0.940443857775431,0.62494266,0.98399967,0.97688884,0.08403716,0.18163528,0.10654575,-0.28611213
0.9451455725822904,0.6305188,0.9875844,0.97742873,0.13298005,0.18123938,0.0908372,0.073689684
0.9095856863427453,0.8770696,0.9819391,0.9704964,0.24789223,0.26726854,0.15935133,0.28627643
0.8812328369313477,0.8276762,0.9920274,0.97156876,0.16589177,0.30262265,-0.18113023,0.11244664
0.8695484381937527,0.92036617,0.9790576,0.9693672,0.16871172,0.22540484,0.54766387,0.14481199
0.8030915003660014,0.7040557,0.9833078,0.95803237,0.15484107,0.15252589,-0.6057118,-0.5847552
0.9616321985287941,0.5455352,0.99428976,0.9821121,0.06684575,0.15150721,-0.5041942,0.18999206
0.8821207444829778,0.820148,0.9842241,0.97775507,0.17640619,0.17389497,0.1733359,0.11822701
0.865810663242653,0.8562563,0.92141104,0.9574285,0.29825202,0.18155536,-0.26263118,-0.021239702
0.8330566762267049,0.44826457,0.95219034,0.9598923,0.05136863,0.07970731,-0.8158465,-0.6099761
0.8877816951267805,0.90165126,0.9616623,0.9715131,0.27339616,0.23321618,-0.13284123,-0.3910875
0.8089943719774878,0.92963076,0.95106816,0.9502514,0.38165092,0.242239,0.55923516,-0.23001352
0.8624934659738639,0.7213793,0.9888258,0.9729319,0.06851333,0.13957845,-0.24360998,-0.12902842
0.961637766551066,0.7322423,0.99190146,0.98960364,0.08834132,0.18697532,0.23538473,-0.12136181
0.8897328069312276,0.49245608,0.9507638,0.96400875,0.107495904,0.108757086,-0.890223,-0.62456304
0.8409856359425437,0.85340774,0.9832551,0.9593556,0.1552914,0.42009288,-0.06025102,-0.48582953
0.8090324841299364,0.63315713,0.954171,0.9642167,0.13542442,0.13930619,0.6607646,0.4221791
0.712690818763275,0.70028585,0.94143677,0.95262617,0.08387958,0.19440301,0.9843365,0.59629774
0.7014020376081505,0.49264777,0.9493081,0.94475174,0.07945493,0.11775802,-0.37332574,-0.51330364
0.8200087840351361,0.6228963,0.95204467,0.96639836,0.114201725,0.09601572,-0.12603725,-0.06360232
0.7135821823287294,0.88288194,0.9439302,0.95905757,0.20260362,0.17482884,0.986149,0.2694747
0.9475171660686643,0.80881923,0.99297625,0.984873,0.08636453,0.16915253,-0.39827827,-0.28212416
0.8982459289837159,0.88429976,0.96431893,0.96158636,0.3238288,0.32977653,-0.56756026,-0.17619294
0.7655086940347762,0.7523392,0.9589153,0.9418633,0.09806362,0.102065444,-0.12529738,-0.16435206
0.9083523694094776,0.62839645,0.9879393,0.9784357,0.1117615,0.11272228,0.18930535,0.4512623
0.9384810339241356,0.8421879,0.96461374,0.97056,0.20508447,0.32038632,0.13736792,-0.03609578
0.7691275245100979,0.7128958,0.94881696,0.9593413,0.116886474,0.15119421,-0.4611396,-0.12849097
0.8550270361081443,0.6842044,0.9781853,0.95980144,0.1263564,0.19492519,0.31310266,-0.19754352
0.8948062352249408,0.8330203,0.9938767,0.97596246,0.15626468,0.19917895,-0.052954394,0.41473687
0.7511689246756987,0.6499141,0.9564352,0.9554968,0.10419068,0.11307549,-0.39565775,-0.28394458
0.7368349153396613,0.67808384,0.9682669,0.9575727,0.14420639,0.123355046,-0.035541445,0.21720584
0.7766391705566822,0.48152858,0.9291146,0.9495536,0.08546883,0.10714877,0.45747054,0.20142144
0.7112185568742274,0.58225197,0.9522125,0.9414434,0.09036815,0.08006465,0.16747727,0.12959965
0.6707148428593713,0.56459475,0.92591196,0.9424008,0.086413406,0.11368225,0.19474651,0.16289525
0.8762058728234913,0.7793708,0.954499,0.963919,0.26452145,0.26663417,-0.12122981,0.10967486
0.663938175752703,0.54902864,0.9278735,0.9354582,0.13365656,0.11541478,0.6144183,0.40947133
0.9264256897027588,0.8298481,0.98809105,0.98389226,0.14515932,0.16596708,0.7112517,0.009742577
0.6281696806787227,0.9011928,0.9538755,0.9654711,0.32178435,0.12985112,-0.6057809,-1.0067931
0.9034434857739431,0.6748402,0.9843955,0.97888833,0.12320361,0.14367262,-0.56973934,0.3473954
0.9380776403105613,0.9314021,0.9819608,0.97836506,0.20892736,0.1583119,-0.11878358,-0.031343628
0.9041685766743068,0.67460394,0.9740643,0.964891,0.20202917,0.25039852,-0.6031508,0.021607002
0.9188282193128772,0.7522666,0.9735873,0.973348,0.18077509,0.17321678,0.26618314,0.102479585
0.7411756687026747,0.48120347,0.9234954,0.9490524,0.06942444,0.10976524,0.36685604,0.29182577
0.874949035796143,0.82367843,0.9833096,0.9726984,0.19266917,0.20919691,0.70047575,-0.028138261
0.8191707966831866,0.7572791,0.9573875,0.96284354,0.22363341,0.17063071,0.8882229,0.5731984
0.872443425773703,0.5375685,0.96197677,0.96817046,0.11929377,0.12432684,0.5890164,0.17677474
0.9112543650174599,0.8229212,0.98103315,0.97673494,0.14931712,0.18793026,0.5770513,0.18448156
0.8799664958659833,0.7076406,0.9656813,0.97013557,0.13594727,0.15229435,0.43272927,0.029376917
0.9005569462277847,0.8953567,0.97234845,0.96757907,0.27701417,0.3884178,-0.32750118,-0.32413423
0.7549793719174877,0.6509963,0.9210677,0.95452106,0.098257236,0.201109,0.67487746,0.47639546
0.8730458281833127,0.5575158,0.946073,0.9598986,0.11642579,0.13751058,0.468226,0.16715164
0.7236524306097224,0.8239276,0.95808524,0.96288884,0.19586213,0.15106058,-0.4893728,-0.484403
0.8616512546050182,0.67413175,0.9469212,0.95298743,0.15981479,0.20192397,-0.3368713,-0.16723897
0.9206207384829539,1.2830315,0.9881252,0.97641784,0.29861215,0.66330457,-0.04693108,0.2012819
0.9145758823035292,0.6110066,0.9768017,0.9681857,0.099318236,0.17581466,0.20340161,0.2801199
0.9251717326869309,0.6045831,0.98740333,0.979473,0.092746094,0.1241684,-0.47537392,-0.490533
0.881062820251281,1.1425223,0.99428046,0.9713587,0.22266433,0.31132355,0.10722229,0.4469878
0.7609465637862551,0.68870485,0.95968264,0.9607257,0.12620477,0.1406206,0.6338432,0.5535121
0.9381886167544669,0.78453267,0.98386544,0.98624957,0.083828725,0.19134006,0.10194595,-0.021211222
0.852059088236353,0.7698298,0.9587793,0.9550572,0.1513879,0.14854132,0.09227039,0.24188794
0.8293961815847263,0.7383538,0.9607707,0.96302253,0.1555619,0.15092179,-0.6261675,-0.3236457
0.9528365473461894,1.1281534,0.9936263,0.9845104,0.21681875,0.4041625,0.35597253,0.15980354
0.9210331561326245,0.9783796,0.9882267,0.97434646,0.06935738,0.35331357,0.5601311,-0.076603614
0.7867967791871167,0.9834345,0.98630893,0.9849762,0.17824352,0.17572667,-0.014404011,-0.62347585
0.8276034704138817,0.8162082,0.95842487,0.9646218,0.17802887,0.10039341,-0.3084065,-0.0038801192
0.9469835959343837,0.8165314,0.9880875,0.9780603,0.11493928,0.2980632,-0.2106338,0.07813817
0.9069891639566559,0.9551604,0.9687411,0.97928315,0.14855051,0.25168383,-0.5554505,0.25034526
0.8140842163368652,0.7585912,0.9479659,0.9564069,0.1806397,0.19528434,0.3383077,0.23140366
0.8262757851031405,0.69904244,0.94977885,0.9588634,0.16348533,0.14531727,-0.17047356,0.14339586
0.8020834963339852,0.75931484,0.94789857,0.9633774,0.16734973,0.15385233,-0.8140976,-0.7307913
0.8479171516686065,1.0240313,0.96666837,0.9607647,0.2834155,0.43766433,-0.71605885,-0.5495884
0.8220490801963207,1.0391148,0.9915712,0.98200566,0.17795935,0.1575272,0.16671987,0.5505421
0.9056904707618831,0.855204,0.98101836,0.96981245,0.19122735,0.31540242,0.41981098,0.0051556462
0.885868695474782,1.2177836,0.9547358,0.96717227,0.34267682,0.6039236,-0.035095405,0.18293639
0.7769887079548318,0.6007723,0.93845856,0.95198894,0.09828393,0.15283842,-0.4050014,-0.20751801
0.8550923163692654,0.88307595,0.92952627,0.9570905,0.26335788,0.17886707,-0.60068756,-0.5030718
0.8382138168552673,0.8063865,0.98451865,0.97155094,0.10983553,0.23209023,0.1910911,0.32001418
0.9566808827235308,1.1898465,0.9937902,0.98691714,0.16841209,0.21336617,-1.082497,-0.3537519
0.912754371017484,0.70875466,0.94803584,0.96193916,0.24400902,0.21445331,-0.8060579,-0.2974836
0.829191220764883,0.7132022,0.95177287,0.9521271,0.19170201,0.17501962,-0.3123008,-0.047070675
0.7857187908751635,0.6930081,0.9690321,0.96488476,0.119769104,0.1726933,-0.86465895,-0.60389894
0.9250087240348961,0.80396545,0.98594964,0.98172456,0.14372748,0.17780454,-0.75248575,0.035898775
0.9341440245760982,0.7112256,0.9837769,0.98172486,0.16694818,0.14201353,0.16992144,-0.25101924
0.6410469801879206,0.69748366,0.940907,0.95493644,0.106473856,0.111950345,-0.25145015,-0.049901392
0.8813661814647259,0.5194231,0.9686148,0.9697659,0.08320232,0.1088918,0.25236332,0.13331346
0.8925340021360084,0.66533494,0.98915535,0.96942484,0.0642009,0.16468662,0.55387473,0.6841508
0.8629576278305112,0.68272495,0.95618904,0.9622588,0.13681623,0.19199446,-0.112258,0.115995444
0.8056642146568586,0.8809827,0.9420503,0.95026034,0.38447472,0.28196898,-0.2687475,0.2830373
0.8017380869523478,0.84358525,0.9551067,0.94528556,0.1589184,0.22103798,0.12335352,-0.13369067
0.6988314353257412,0.93672997,0.92313653,0.95303214,0.2740728,0.12420514,-0.36172238,-0.14506824
0.5897143268573074,0.59640926,0.9497266,0.9379653,0.06702789,0.09883677,-0.1851218,-0.12049158
0.8242980811923247,0.57537895,0.98209524,0.9561194,0.09332207,0.16237381,-0.06268134,-0.5496134
0.8983260893043573,1.1920321,0.9744465,0.98517865,0.4164593,0.21915819,-0.3550077,-0.4656415
0.9122592010368041,1.2213106,0.99374557,0.975204,0.31420502,0.32910126,-0.31031853,0.27473372
0.9088742274969098,1.2238866,0.9942939,0.9751668,0.24255742,0.31683353,0.6602083,0.49985868
0.9367305629222517,0.8089447,0.9889971,0.9825894,0.1136531,0.23211698,-0.09172297,-0.22069407
0.5907284749138997,0.6649957,0.9467034,0.9368124,0.11699677,0.14750342,0.70420444,0.83543277
0.8161178884715539,1.0058954,0.97066075,0.951422,0.35590574,0.43260556,-0.5874495,0.39923748
0.8441020964083856,0.9557905,0.9594009,0.96820974,0.31401375,0.28001776,0.50607187,0.2879278
0.9241586406345627,0.6301938,0.98129547,0.9717893,0.08628194,0.09454197,-0.14927393,-0.28102407
0.8870829083316333,0.58803093,0.993414,0.98066103,0.072242536,0.100215696,0.47476068,0.4762721
0.6577728390913563,0.84490305,0.92528975,0.94986904,0.2917175,0.15343317,-0.8355526,-0.7184468
0.9334844059376236,0.7555908,0.98977387,0.9819103,0.15107784,0.18946064,-0.8211575,0.1681508
0.6885290581162324,0.81486696,0.94469273,0.94651836,0.17149323,0.21872407,-0.15788944,-0.489598
0.6992022848091393,0.5808419,0.94802505,0.9522093,0.063542,0.10543352,-0.46931615,-0.44867414
0.7505235140940564,0.62335867,0.9399727,0.95656717,0.089050524,0.13960844,-0.078129694,-0.029401429
0.7867236268945076,0.76748526,0.9379051,0.9594851,0.14416932,0.118972346,0.5784445,0.31867975
0.913254533018132,3.1286035,0.96915466,0.96388686,0.77035207,3.349164,-0.1044634,-0.06343678
0.8580168720674882,0.8051118,0.97118473,0.96559536,0.18383953,0.14868863,0.400804,-0.0874184
0.837061524246097,0.68642515,0.97730017,0.9740737,0.16156818,0.08938622,-0.38305327,0.27045864
0.8737657350629401,0.7780623,0.9862433,0.9701784,0.15343107,0.23264238,0.64781797,0.43060723
0.7882823851295405,0.53497386,0.93166554,0.95180094,0.108091444,0.12937005,0.61578465,0.27189445
0.8053477973911894,0.70280117,0.9645295,0.9633772,0.1239677,0.18805394,0.61097467,0.6138553
0.8714303337213348,1.3132906,0.9663092,0.9714806,0.5868791,0.8555739,0.4407542,0.32909846
0.6111329725318901,0.58500737,0.9067982,0.95314056,0.13435781,0.08444763,-1.0416697,-0.73422307
0.8477582710330841,0.88255936,0.95967394,0.96133804,0.23679507,0.25919348,-0.41480935,-0.14450671
0.9066033384133535,1.0106243,0.97893435,0.9738218,0.37436277,0.30858523,0.07267675,0.32905778
0.8583855135420542,0.8919136,0.9490081,0.9703073,0.32974467,0.20835619,0.08676824,-0.37936762
0.9228847155388621,0.6538297,0.9893753,0.9786852,0.15337975,0.16242127,0.15535682,0.12019662
0.8509354037416149,0.8051973,0.9343581,0.9599604,0.2265324,0.13736556,0.4264759,-0.037765354
0.8879414397657591,0.73522455,0.98074824,0.97732365,0.10074637,0.11468532,0.07105244,0.22279808
0.9004874419497676,0.6370868,0.9861053,0.96929085,0.07290507,0.18268827,0.07557932,-0.23522197
0.7580727922911692,0.59520686,0.9414072,0.9531105,0.07385815,0.08601321,0.629846,0.40195447
0.8568481633926536,0.5287909,0.92097396,0.95720756,0.10608799,0.12798692,0.23616236,-0.104760565
0.8287757311029244,0.92372364,0.9600562,0.95291984,0.2597794,0.49206576,0.31784734,-0.22300817
0.9383596894387578,1.0153947,0.9881568,0.9867778,0.25263226,0.33387166,0.28078038,-0.1759634
0.8881488005952023,1.1998546,0.986782,0.9880592,0.16923434,0.25806946,-1.4921007,-0.10899044
0.8923058786388557,0.5687434,0.9648011,0.9643729,0.09486591,0.13453749,-0.38465315,-0.33691776
0.6732084528338114,0.7258573,0.99193525,0.99062383,0.07026655,0.09163294,-0.100983806,-0.391069
0.8936015264061056,1.0358677,0.97104794,0.9653508,0.21314809,0.2879408,0.3149113,-0.008115969
0.7855482941931767,0.7870083,0.9559593,0.96098137,0.22206086,0.14728242,-0.119006135,0.17310078
0.8205751863007452,0.66878426,0.9393984,0.96976215,0.21179733,0.113410324,0.14222331,0.2906709
0.8431267325069299,0.795954,0.9751548,0.94337165,0.15955116,0.30455455,0.45709467,0.111796975
0.9113974055896223,0.78051484,0.9880493,0.96950454,0.2016962,0.26127067,0.76936185,-0.16188851
0.9462299929199717,1.0421759,0.98438776,0.98759633,0.20476188,0.20309576,0.34588724,0.11879751
0.9531071724286898,1.3864378,0.98506516,0.98251,0.19809361,0.55221146,0.78645784,0.17089818
0.9109540758163032,0.87906647,0.9759464,0.9740661,0.15103221,0.23830162,-0.5438249,-0.56273377
0.9245502262009047,0.7289579,0.9748184,0.98523843,0.0960592,0.10433866,0.14826624,0.029896434
0.8593529094116377,0.71020454,0.9606918,0.97752506,0.14221841,0.12993066,-0.010502081,0.22461998
0.8673304453217812,0.6515333,0.9819271,0.9627089,0.12714103,0.16240625,-0.5600616,0.050249193
0.8504584738338953,0.61306787,0.9384174,0.95596087,0.12397579,0.1434466,0.14255223,-0.20947565
0.8737237828951315,0.6347809,0.9905066,0.96933633,0.12078204,0.14023453,-0.39215896,0.10992325
0.9165117300469202,0.9075291,0.98619395,0.9760783,0.16497688,0.34132263,0.18142326,0.37834233
0.6164491857967431,0.56794924,0.9496948,0.9386359,0.09272459,0.08435988,0.2529028,-0.013459946
0.9480413281653126,0.92790663,0.98915577,0.9882183,0.24698104,0.34758893,0.15522261,0.047525644
0.9037932151728607,0.74677026,0.9768956,0.98298544,0.17936218,0.18286473,0.54039013,-0.17144465
0.7341655286621146,0.68175983,0.95038784,0.950607,0.12806351,0.1075056,0.46903643,0.5104214
0.842440329761319,0.53425974,0.9864279,0.9596366,0.044777885,0.15328568,0.08589517,0.04800624
0.8101272725090901,0.71118766,0.9091817,0.94705194,0.17811084,0.18475722,-0.4235928,-0.31560552
0.8818364873459493,0.6795783,0.95869833,0.96836233,0.1239385,0.1194377,0.35105342,0.24492396
0.9102628730514921,0.6432072,0.97662365,0.9649587,0.16230401,0.16899501,0.29174477,0.07344486
0.9191134364537458,0.7949171,0.9917065,0.97810197,0.1961575,0.3029196,0.73407453,-0.18033728
0.8872697250789001,0.5587974,0.9614047,0.96958977,0.06991649,0.11964658,0.22997387,0.3553409
0.877375925503702,0.6523839,0.9732041,0.9498603,0.16185008,0.33914942,0.36448303,-0.079433136
0.6287348349393398,0.7144276,0.9632385,0.9636723,0.09639135,0.09960931,-0.22627787,-0.27054206
0.7681416965667862,1.0811533,0.9891365,0.9902907,0.12209151,0.13097169,-0.26990396,-0.2512019
0.7964624818499273,1.0384743,0.9363503,0.96313006,0.45338047,0.2746818,-0.84824264,-0.5944482
0.8024009696038783,0.6149584,0.97509664,0.9570073,0.08520025,0.150073,0.5883474,0.71985
0.670372889491558,0.608041,0.95563924,0.9443217,0.08258652,0.07139695,-0.32226533,0.10740656
0.684810291241165,0.72235674,0.9367722,0.93997186,0.18298542,0.18266657,-0.29380262,-0.08057744
0.8724799059196237,0.6984831,0.9277478,0.9590883,0.17773956,0.1915671,-0.3571396,-0.1164154
0.6683946095784383,0.57990235,0.94715285,0.95183367,0.09851919,0.11082246,-0.46241465,-0.17225932
0.9215300541202164,1.1158857,0.98359376,0.969192,0.47702828,0.71604896,-0.33148497,0.102062106
0.7926140184560739,0.560496,0.9430246,0.9415868,0.08620582,0.10376125,0.27438962,0.18033926
0.9287439069756278,0.94360465,0.9833894,0.9751453,0.26352412,0.30067196,-0.07210581,0.07229193
0.7584067776271105,0.6980004,0.95151174,0.95461696,0.1256288,0.13299009,0.97963285,0.6194363
0.8808332833331333,0.7128936,0.9715147,0.9673852,0.15739371,0.18903798,0.5620172,0.17235233
0.7912727970911883,0.66538435,0.9507981,0.9585834,0.13201353,0.14530495,-0.5058245,-0.4652795
0.7766041304165217,0.65471256,0.96061337,0.9379537,0.13198341,0.12908137,-0.15357871,-0.14911328
0.7229691958767834,0.7780525,0.94397324,0.9569938,0.12538645,0.11214477,0.3846922,0.19968382
0.8707581390325562,0.8833975,0.97942024,0.9699568,0.1218215,0.12117977,0.14421767,-0.048907474
0.8875481261925047,0.61174935,0.9812139,0.97421914,0.057107456,0.1206501,0.701061,0.23119004
0.905810855243421,0.69414485,0.9388249,0.9653969,0.2465637,0.25473934,-1.2089036,-0.35754898
0.8277649430597723,0.8266946,0.9394958,0.9759218,0.24272554,0.09908149,0.6217068,0.3954942
0.956072240288961,0.7418214,0.99201065,0.9867076,0.21032248,0.2455528,0.13293108,-0.31734407
0.8109485557942232,0.67165136,0.9611988,0.963667,0.096961804,0.1055817,0.092605814,0.1866327
0.7867649070596282,0.602739,0.9665061,0.9602681,0.11050432,0.11497097,0.02304506,0.11573938
0.8169322597290388,0.53435284,0.9444835,0.947734,0.080883615,0.11189552,-0.19658002,0.00024731972
0.871939135756543,0.8124032,0.9754689,0.95968276,0.17169009,0.41025048,0.14197955,0.315081
0.6935691742766971,0.6891018,0.9463757,0.9579069,0.13612376,0.12419141,0.23003516,0.1514134
0.9323629294517177,0.7407692,0.98330927,0.9764777,0.22763383,0.2302199,-0.38500935,-0.12560053
0.9028333073332293,0.7539278,0.9707458,0.9616664,0.30063424,0.31584835,-0.0504204,0.104906425
0.7813646934587738,0.7575941,0.94962704,0.959055,0.17740178,0.12358139,0.38254768,0.5020117
0.8597044628178513,0.7700945,0.97944355,0.9713517,0.11553636,0.26671863,0.080972426,0.040421434
0.7212405169620678,0.8429015,0.9377754,0.958554,0.21660034,0.114996284,-0.17575425,0.36309463
0.8913024132096528,0.8508837,0.98717123,0.96856797,0.21300383,0.16003655,-1.0129735,-0.11077825
0.866512522050088,0.78877467,0.9698309,0.97237915,0.1814999,0.16574447,-0.16172947,-0.538365
0.8350770043080171,0.813456,0.9897168,0.9679341,0.18487668,0.14091104,-0.76797354,-0.52633715
0.7220731282925131,0.7688165,0.9410532,0.96451133,0.15690707,0.1375746,-0.8119199,-0.6300848
0.9362568970275882,1.5936986,0.9887802,0.98953253,0.24728729,0.41865253,-0.47770008,0.08313925
0.7799529118116472,0.598551,0.93518305,0.95354795,0.11535351,0.09268038,-0.16139793,-0.08645879
0.8850142920571681,0.9076047,0.95302176,0.9749234,0.22448121,0.12776794,0.3007683,0.29466006
0.8383382333529333,0.7302799,0.95897233,0.96992266,0.102366254,0.11680595,-0.81954116,-0.28139585
0.9244060336241344,1.0578935,0.9720655,0.963663,0.24907313,0.7571403,-0.09741302,-0.008867318
0.8893896055584221,0.9225547,0.94743985,0.95499396,0.362005,0.21026914,0.3075474,-0.26709983
0.8418758475033898,0.67235047,0.9496902,0.9730755,0.09659069,0.11468053,0.05568015,-0.1762815
0.7106945867783471,0.64299387,0.9505345,0.96396416,0.12770066,0.11871151,0.122686714,-0.063720964
0.8995745742982972,1.0303904,0.9864382,0.97402894,0.3073406,0.3989855,0.28194752,0.2787784
0.8335920703682814,0.6420824,0.980034,0.961735,0.08520084,0.13592428,0.4925231,-0.24501368
0.7944222816891267,0.9741168,0.9718623,0.9598175,0.18921739,0.1681136,-0.13769461,-0.32670954
0.9472425089700359,0.9692805,0.9838242,0.9862483,0.15784182,0.2649029,0.48871243,0.20652476
0.852066384265537,0.6685066,0.97643036,0.97692144,0.07960144,0.13012946,0.16813782,0.33416376
0.8783410173640694,0.73556703,0.97119653,0.95912987,0.13784222,0.17648232,-0.47985545,-0.24187791
0.9278133752535009,1.2384012,0.98451096,0.97212136,0.35270083,0.6213349,0.19508842,-0.13497278
0.8596100944403778,0.9696731,0.9719396,0.96604323,0.37878752,0.22765861,0.06012619,0.0963622
0.8445410101640406,0.60514027,0.9653156,0.94890594,0.12136667,0.19430518,-0.10273007,-0.50306743
0.8541482485929943,0.61763304,0.9877379,0.95835483,0.09427971,0.11637543,0.17020385,-0.22367816
0.7863997215988863,0.7830845,0.93462056,0.9452193,0.27767348,0.2014937,0.16274704,-0.07158921
0.849935655742623,0.6272713,0.963345,0.95423454,0.14500988,0.14926766,0.19428173,0.36618114
0.8456021984087936,0.7233426,0.9896326,0.96071047,0.11174754,0.17439117,0.37026566,0.6668283
0.7117163188652754,0.57985175,0.96937644,0.9605801,0.07699486,0.08881218,-1.0160213,-0.6431486
0.8955607022428089,0.56618065,0.9632363,0.9618733,0.1348671,0.16392554,0.9257287,0.20717536
0.8997817431269725,0.7343535,0.9786297,0.9692347,0.20313036,0.22202666,0.113422394,0.054503355
0.9295771903087612,0.7033504,0.9638845,0.9763993,0.14959013,0.131137,-0.06917734,0.030482862
0.6206386425545702,0.9704315,0.9336804,0.9576138,0.23821883,0.16235518,-0.3001624,-0.14942911
0.8461607286429145,0.91744375,0.9862926,0.96947795,0.32773116,0.29430586,-0.19916898,-0.5979048
0.690496105984424,0.5949599,0.9662159,0.9516535,0.09160116,0.11720925,-0.1374448,0.13616173
0.883562286249145,0.75432795,0.9603039,0.965773,0.2151402,0.24792199,0.025743121,-0.030098392
0.9006515066060264,0.8011891,0.9736223,0.97705716,0.23614033,0.17663151,0.44549122,-0.5984126
0.6189209076836307,0.5945912,0.9495605,0.94681394,0.06971926,0.0746171,0.57962644,0.73342764
0.8444508658034632,0.5509304,0.9678662,0.96043414,0.076193,0.090537034,0.9971921,0.5546329
0.8750195000780003,0.6807642,0.9615552,0.96555257,0.16693325,0.1845125,0.18703245,0.15876985
0.8360130080520323,0.6559538,0.9430047,0.958349,0.1574883,0.15933402,-0.057632316,0.056287743
0.8525746102984412,1.140154,0.9617693,0.9728849,0.38347882,0.29965523,-0.11508182,-0.22851127
0.7288851235404942,0.6677501,0.969284,0.9538654,0.10161888,0.10672736,0.19142096,-0.13298589
0.7252371089484357,0.8381043,0.9416998,0.9542265,0.21990414,0.086784355,-1.0439975,-0.5702165
0.8695128220512881,1.1722562,0.96544975,0.98857695,0.3668712,0.12547329,0.61989707,0.5805361
0.9174893019572078,1.2478441,0.97204924,0.97903776,0.39795712,0.5542234,-0.28151768,0.28620973
0.9183462013848055,1.073364,0.9825716,0.9822917,0.28131804,0.2012828,-0.21420304,-0.34208772
0.9379843279373117,0.75168496,0.988797,0.9823085,0.14893976,0.24492332,-0.25079083,-0.06772553
0.774933435733743,0.83927816,0.95256484,0.9602239,0.20091718,0.13564277,0.075229496,0.27408382
0.5756066864267457,0.6128267,0.9554272,0.9423965,0.11271986,0.10385271,0.9600358,0.97636884
0.8045031860127441,0.74249727,0.94672924,0.9474997,0.20298618,0.11022058,-0.7273846,-0.7896996
0.7454722618890475,0.55669487,0.9612755,0.95850676,0.09344833,0.07902495,0.19873309,0.4305714
0.6980516242064968,0.7986535,0.95063275,0.9730232,0.14848576,0.07950974,0.41509452,0.4615343
0.6492761331045325,0.7436594,0.9405237,0.95652544,0.16283631,0.077122055,-0.8616278,-0.6087755
0.8459791919167676,0.96506834,0.97670585,0.9773793,0.1530958,0.17598839,0.12565611,0.53212494
0.8390307801231205,0.564823,0.96465456,0.9627481,0.0910864,0.12841748,-0.40423632,-0.3736598
0.9007709310837244,0.9388951,0.9876208,0.9880117,0.14335,0.2130282,-0.1562603,-0.3155313
0.9287127068508273,0.9303836,0.9863369,0.9789588,0.12344571,0.1366559,0.09735309,-0.41002223
0.8795031020124081,0.80127114,0.9545485,0.966461,0.22279608,0.19271657,-0.10655743,-0.1722626
0.8168305953223812,1.0715421,0.9701577,0.9590196,0.2859086,0.2191523,-0.29779023,-0.5246085
0.6946379465517861,0.60777086,0.94520336,0.93502676,0.09566869,0.12620026,0.35560498,0.31349844
0.9573835095340381,0.707329,0.9856214,0.9831603,0.13687225,0.15297416,-1.097727,-0.098540455
0.9219807759231037,0.8412947,0.9795654,0.96151006,0.19861974,0.48166987,-0.20786972,0.115515724
0.8986010344041376,0.61257,0.9804037,0.96574205,0.08620653,0.1268701,0.5598561,0.49963325
0.7349268117072468,0.78316236,0.9574076,0.94825554,0.21889807,0.13314615,-0.26456505,-0.014658518
0.7463706334825339,0.94588244,0.9699734,0.97543085,0.24012427,0.15153532,-1.407896,-0.815117
0.7440352321409286,0.8035371,0.9762999,0.9622908,0.13688806,0.13232225,0.16780317,0.4213096
0.8722373129492518,0.6547253,0.98173094,0.9596607,0.08057095,0.24021839,0.63342005,0.6455746
0.8309702038808154,0.64890724,0.97257257,0.96176517,0.084865816,0.11389784,0.63374716,0.41311237
0.7154973899895599,0.7583037,0.9736035,0.9580387,0.1012896,0.15685563,0.663704,0.030718654
0.8725048660194641,0.6902883,0.96494853,0.95420253,0.12518261,0.16273817,0.22765245,-0.32535952
0.9219108876435506,0.7989939,0.96638143,0.96656543,0.18646584,0.34937263,-1.4154704,-0.69157934
0.9125629462517849,0.57181925,0.9909093,0.9670862,0.084340714,0.18440205,-0.075081185,-0.09785592
0.8648445153780615,0.5316263,0.96175635,0.94233686,0.08012522,0.2421959,-0.85198265,-0.07239458
0.84599867999472,0.5882751,0.97388905,0.95078486,0.095754996,0.13272627,-0.17776883,-0.19146885
0.8562224328897315,0.4285239,0.9632566,0.9460327,0.04847176,0.11001731,0.2541021,0.1593754
0.8577491269965081,0.787955,0.98719877,0.980339,0.1798543,0.13102017,-0.6079458,-0.4124109
0.6226386185544741,0.6605227,0.9637,0.94520414,0.083735995,0.1199742,0.3228674,0.17547831
0.7229880119520478,0.65349543,0.9489965,0.95201844,0.07995517,0.18157679,-1.0571973,-0.61113113
0.7610354601418405,0.71747863,0.9768378,0.9746735,0.13221121,0.087293476,-0.060918227,-0.6448848
0.6662751131004524,0.76710284,0.9255279,0.94662625,0.11777663,0.19772178,0.7671642,0.5589151
0.880875619502478,0.4946925,0.971719,0.95767266,0.061152488,0.15838084,0.061532766,-0.22180754
0.9312255169020677,0.67618525,0.98231757,0.9771192,0.113431945,0.1776592,-0.10139921,-0.12290033
0.904191040764163,0.9125169,0.9821721,0.97433656,0.38681504,0.27283856,-1.1002594,-0.0005309792
0.910311929247717,1.1439176,0.96607554,0.95923865,0.588489,0.5478317,-0.44744772,0.040444802
0.8753069252277008,1.0213066,0.95438313,0.9420277,0.27753535,0.20725688,-0.1342595,-0.2717702
0.8807377629510519,0.82293206,0.97386724,0.976527,0.2015394,0.16294125,0.9582681,-0.07497988
0.9074729098916395,0.6222611,0.9653049,0.96878535,0.123251565,0.1817336,0.56494373,0.25476438
0.9530180840723363,0.9676451,0.9799566,0.9839507,0.3024421,0.16829996,-0.15627441,-0.32247272
0.7341589046356186,0.7054276,0.9656886,0.97109795,0.09225773,0.124464795,-1.3548962,-0.94175994
0.782689114756459,0.612544,0.96840674,0.9677425,0.122773506,0.106692456,-0.2342961,-0.5866808
0.734188856755427,0.7413337,0.9081062,0.94173443,0.23073646,0.12545374,0.1052896,0.039122637
0.741566198264793,0.5974775,0.9544991,0.95592123,0.08266551,0.14154688,0.33628333,0.5229825
0.9047646430585722,1.1834495,0.9618687,0.97109306,0.37308878,0.27793726,0.20216879,0.652969
0.9020571442285769,1.0152581,0.99355036,0.97671884,0.26508188,0.36942703,-0.1963928,0.2801943
0.2208884355537422,0.67410654,0.9282024,0.92711186,0.08191688,0.11467178,0.5251513,0.58690464
0.6615171420685682,0.58358085,0.94456846,0.9382337,0.07761209,0.12452123,-0.36931774,-0.17620786
0.8623397693590773,0.74876684,0.96269196,0.9662304,0.1851424,0.25753433,0.56545144,0.24051465
0.898806955227821,1.1989893,0.9681136,0.96670693,0.6025416,0.649741,-1.3908958,-0.24526575
0.8709653078612314,0.83520645,0.9596518,0.9695475,0.23791724,0.22249137,-0.7868093,-0.22124708
0.8434325897303588,0.58243245,0.9649499,0.9534992,0.071275875,0.0986953,0.39663413,0.19460674
0.940570866283465,0.69126135,0.98400265,0.9768108,0.12243256,0.23044877,-0.3664808,-0.37972447
0.8849179076716306,1.3975277,0.9890701,0.9910504,0.111351006,0.28285846,1.2943487,0.25674897
0.8403040332161328,0.91962963,0.97648376,0.96960205,0.27465987,0.1930211,0.007982578,-0.7764116
0.8477819831279323,0.7563135,0.9923873,0.9857877,0.081699155,0.11977713,-0.78165823,-0.54281414
0.944258337033348,0.9686698,0.9949172,0.9884878,0.10870934,0.19454382,0.41654205,-0.08049747
0.9027988431953728,1.0863488,0.98369855,0.971464,0.34154847,0.3429674,-0.17580067,0.07944382
0.9236006864027456,1.291898,0.96313256,0.97757804,0.70140904,0.6125424,0.13055235,0.14327423
0.7892051408205633,0.8221823,0.93547857,0.94522065,0.25125074,0.25706252,-0.25969318,-0.24182254
0.820753843015372,0.838376,0.97686934,0.97399133,0.12096637,0.15033606,-1.0417209,-0.61916816
0.6664740258961035,0.791637,0.92803586,0.9452264,0.16851881,0.16182321,0.28338125,0.31665182
0.8362220008880035,0.93150073,0.9570688,0.95322233,0.32793024,0.29742685,-0.3894391,-0.30548596
0.7646391225564902,0.9699099,0.90649384,0.9414053,0.35737637,0.16334009,-0.22919732,0.0988784
0.8724674258697034,0.9597196,0.9856031,0.9778431,0.24127404,0.30572754,-0.012149714,0.09032195
0.7956615506462026,0.9509701,0.94742936,0.96032894,0.33815584,0.2770741,-0.58214194,-0.52625024
0.6378351913407654,0.67183864,0.94741154,0.9383522,0.109498866,0.10192425,-0.14259619,-0.32739738
0.827937071748287,0.8652135,0.9816053,0.9890453,0.1147262,0.15532777,-0.09063983,-0.12071034
0.8838977115908464,0.978114,0.9688184,0.9740972,0.24848172,0.22525217,0.08161404,0.32722113
0.7075547022188088,0.76252604,0.9384278,0.94188553,0.20561141,0.13191144,0.25885105,-0.15324412
0.8925573302293208,0.6614817,0.97469145,0.9707434,0.09830502,0.17545904,0.013695917,0.18043669
0.8862928251713006,0.85802156,0.99069035,0.98451966,0.21078588,0.289162,0.45994344,-0.6562254
0.7491411085644342,0.6624247,0.93085206,0.9415942,0.13153084,0.14840102,0.67077494,0.598301
0.9390137400549602,0.90631735,0.96629536,0.96526766,0.32121456,0.5317717,-0.2715744,-0.24996361
0.712872643490574,0.81458414,0.9290062,0.94524294,0.115260266,0.2309875,-0.78165275,-0.30498284
0.9336587426349705,1.0470735,0.9870612,0.98285395,0.19539733,0.5156221,-0.38994113,-0.29404584
0.8547236748946995,0.74675775,0.9866717,0.95881087,0.11760841,0.29172024,-0.38815507,-0.28887916
0.8238743354973419,0.82845503,0.9454632,0.9638808,0.29146132,0.1560416,-0.6993882,-0.26030037
0.9554339337357349,0.65755117,0.9887451,0.98732084,0.09555296,0.15253061,-0.08880556,0.10410903
0.872620738482954,1.1873475,0.9741662,0.96237946,0.43624133,0.53075355,0.23284498,-0.12885763
0.8837191508766034,0.694713,0.9497261,0.9707145,0.17621745,0.1425464,0.1559788,0.2049521
0.6928494593978376,0.63286597,0.940709,0.9526037,0.08315613,0.121500954,-0.20880088,-0.13210043
0.9541260245040979,0.9449614,0.984345,0.9791688,0.373618,0.37332362,0.5733841,0.17494151
0.9123527054108217,0.79120404,0.96188176,0.9681674,0.16917962,0.25098404,0.17596588,0.3153967
0.8925867063468254,1.0264587,0.98975456,0.9833025,0.21734077,0.26856366,0.79946095,0.6017378
0.8760459361837447,0.8838577,0.9726609,0.9612629,0.27646458,0.36042342,0.01186688,0.071546845
0.8498212232848931,0.9098538,0.9510354,0.9473858,0.39627826,0.43931764,0.23521182,-0.23588672
0.9533535094140377,0.7069207,0.9796676,0.97485876,0.15771775,0.32002035,0.14821129,-0.27872288
0.8750078840315361,0.58401656,0.95957637,0.95971686,0.1005038,0.14946389,0.3157516,0.10034842
0.9451850287401151,0.6993947,0.98696345,0.9871698,0.19121252,0.15048346,-0.4019508,0.07365669
0.8819494797979192,0.8953309,0.9335468,0.95581585,0.34343746,0.26631588,0.18234973,0.2417122
0.8159291517166068,0.70320415,0.9348422,0.952528,0.18320495,0.15902989,0.2342875,0.30887127
0.8440081120324482,0.72176564,0.96677047,0.95517457,0.17037831,0.24510397,0.1559242,0.4199654
0.8693208212832851,0.6750276,0.9613161,0.97135186,0.104237266,0.17479187,-0.96616584,-0.43081245
0.8570862443449773,0.766298,0.98873526,0.9855231,0.08684136,0.1642688,0.11105685,0.2441259
0.703567422269689,0.7662589,0.9759523,0.9514106,0.17913043,0.1740178,0.2910753,-0.089604385
0.8177309829239316,0.8008601,0.99190897,0.9866198,0.10892192,0.15350533,-0.7085404,-0.6801217
0.9166076344305378,0.6540127,0.9839128,0.98004264,0.087217614,0.13954677,-0.033503916,-0.27446663
0.8661057684230737,0.60794467,0.96792984,0.97033334,0.10686177,0.13596901,0.12728466,-0.27810842
0.7841313285253141,0.7320837,0.9706878,0.9537701,0.09116725,0.17311698,0.2961038,-0.32580763
0.8596420625682503,0.81757385,0.9650363,0.9826186,0.16650274,0.13289444,0.46156237,0.004785868
0.6925806749446362,0.6133463,0.9852653,0.95239717,0.06996376,0.10070976,-0.059306316,0.34436238
0.8327310429241717,0.6873705,0.9455994,0.9536371,0.16229637,0.2272356,-0.25839478,-0.028254349
0.9130406441625767,0.64734685,0.9718636,0.97270983,0.080320634,0.15945636,-0.74286044,-0.37374288
0.8778056232224928,0.99478924,0.93917686,0.9619325,0.29789603,0.4588288,-0.9826958,-0.68487966
0.8021882327529309,0.6141002,0.9365808,0.95869094,0.08816372,0.108340405,-0.54184145,-0.67676705
0.8577812871251486,0.7396827,0.99084157,0.9788365,0.10652708,0.15045664,-0.18780763,-0.15222208
0.9163168492673969,0.68039757,0.966599,0.9688675,0.17927238,0.23627995,-0.66349876,-0.08036354
0.8334283897135589,0.69748294,0.98218364,0.9652389,0.1381775,0.110092945,0.22161074,-0.18435882
0.8788744914979659,0.7432208,0.9862433,0.9724678,0.15343107,0.20941795,0.64781797,0.55437636
0.8021540566162265,0.5108427,0.94624573,0.9488398,0.06348248,0.11974649,-0.4394329,-0.15554062
0.6602704810819243,0.9182019,0.9332672,0.9331386,0.3591844,0.21193264,-0.008096515,-0.19635426
0.9099285997143988,0.72620237,0.9412346,0.97249526,0.26610374,0.13731188,-0.07257581,0.051359136
0.8791496285985144,1.1571987,0.97893435,0.9693004,0.37436277,0.3437081,0.07267675,0.28103405
0.921575654302617,0.83685976,0.9817115,0.9807774,0.2707226,0.20265263,0.11608548,-0.15628135
0.6789472597890391,0.6313067,0.98790056,0.96534723,0.049659226,0.09625697,0.12295403,0.8333747
0.9169937479749919,0.6614119,0.9865762,0.97333306,0.16626802,0.16057177,0.5565078,-0.14552177
0.9226452905811623,0.85421443,0.994635,0.98942924,0.12939776,0.21180287,0.42555428,0.38919747
0.7424695618782474,0.5945062,0.9446289,0.9496397,0.13408229,0.11009008,-0.5028501,-0.57230383
0.8208028992115969,0.706924,0.96313995,0.9546985,0.17577226,0.20379035,0.5701455,0.5800965
0.7728717314869259,0.48263797,0.9357563,0.94232905,0.08823231,0.097704485,0.24508116,0.25440767
0.9239019356077424,1.0254291,0.9778613,0.9816929,0.1467851,0.25726172,0.30315095,-0.19370787
0.8749256117024469,0.9725893,0.9271485,0.9553685,0.4205714,0.4444342,0.029180625,-0.08584031
0.7967388669554678,0.80344,0.93457824,0.957243,0.18864161,0.14052564,0.27683425,0.3042557
0.6791580766323064,0.63304305,0.9649084,0.9458444,0.07418485,0.12056405,0.34751374,0.5515093
0.5829222996891987,0.5935119,0.93555766,0.9294633,0.08631669,0.11125225,-0.2661519,-0.15246037
0.7877865431461725,0.80519074,0.97165537,0.9609817,0.21215887,0.22326517,-0.48263738,-0.40037143
0.8356216144864579,0.6259,0.9629307,0.95631826,0.11168026,0.1435892,-0.4340683,-0.36346242
0.9084458737834952,0.69781923,0.99147725,0.980288,0.092280656,0.14420447,-0.52582616,-0.30241993
0.8889641318565275,0.9881453,0.9646037,0.97313976,0.30706707,0.18142758,-0.14180556,0.027903078
0.8087059868239472,0.8996883,0.95578086,0.9318571,0.35878336,0.47557768,0.3094619,0.15976426
0.7475161100644402,0.50603807,0.9330846,0.9298433,0.0673841,0.12520424,-0.16844068,0.053883106
0.8117100308401234,0.65082246,0.9682401,0.95807976,0.08549443,0.11653147,0.9178536,0.6366369
0.6261396565586261,0.48121893,0.9324799,0.9336403,0.040384278,0.10759257,-0.074618846,0.15547407
0.9266044424177697,1.1745209,0.96769625,0.9678915,0.4998692,0.5143631,-0.423942,0.02050973
0.6281036324145297,0.5354888,0.92954403,0.9376651,0.057718277,0.11282157,-0.13279371,0.032238077
0.7329333637334549,0.59405833,0.972393,0.9577196,0.046256553,0.09357956,-0.035358414,-0.21782504
0.8061173364693458,0.6603528,0.95561725,0.94248235,0.11217659,0.2355319,-0.66712016,-0.32253078
0.9130894123576494,0.61135626,0.97961605,0.9637254,0.082934424,0.21107224,-0.06411758,-0.12225841
0.9356642866571465,0.7291633,0.98233265,0.9773114,0.18459544,0.1972876,-0.41180277,0.04208138
0.7105048900195601,0.6332424,0.92895234,0.92966944,0.16615401,0.1681068,0.9439662,1.0479386
0.8668711794847178,0.77192897,0.98129076,0.9731296,0.1838737,0.195277,0.5621675,0.20867208
0.8495348541394167,0.6557226,0.98182464,0.9564769,0.0987992,0.19013685,-0.51216674,0.19499357
0.7567101628406514,0.7219849,0.9616037,0.96607256,0.10170958,0.11303324,0.31537747,0.06020874
0.7763800655202621,0.72704756,0.93924624,0.9526233,0.11923608,0.16536443,0.7110462,0.30342212
0.6578048072192288,0.6826003,0.9424049,0.9524401,0.07609982,0.11928798,-0.04032172,-0.058045473
0.7258544874179497,0.47631484,0.95322037,0.9423337,0.0557358,0.12232958,-0.3850988,-0.29932052
0.8285823863295453,0.6151214,0.97125196,0.9552317,0.079982564,0.12138238,-0.3736372,-0.8112727
0.7102038328153313,0.79363966,0.9408477,0.92972857,0.22709696,0.19308497,-0.54906255,-0.31455842
0.7803302893211572,0.80897653,0.9785658,0.96967894,0.22597794,0.19330391,-1.0557879,-0.8606618
0.7610483241932968,0.8157707,0.95806086,0.9627121,0.10146328,0.15951948,-0.1175531,0.31417444
0.823191196764787,0.6057447,0.9770018,0.9528404,0.08672115,0.14219788,-0.03794546,0.04463857
0.7463302173208692,0.58689743,0.9474761,0.92794925,0.1572294,0.15805577,-0.3537125,-0.25044402
0.9115702062808251,0.86214375,0.97357005,0.9776209,0.13869251,0.13598756,1.1080775,0.48466748
0.9277788151152605,0.84213585,0.9701766,0.97822446,0.22307622,0.2333191,0.5548767,0.028591966
0.8899616718466874,0.69787866,0.9754689,0.96225274,0.17169009,0.22805731,0.14197955,0.27380323
0.8686025464101855,1.0419353,0.9571559,0.9799207,0.368947,0.23453239,0.5003795,0.3959374
0.9233925575702302,0.6601055,0.97500795,0.9797406,0.11695036,0.19231653,0.2642072,-0.16970293
0.9443243852975411,1.0357484,0.978336,0.98178005,0.50171983,0.42059547,0.4817448,-0.03236056
0.7979500078000311,0.8714872,0.95611924,0.96363986,0.2644829,0.18213327,0.3957944,0.35413006
0.8899863439453758,0.72623146,0.9887971,0.97397596,0.11019855,0.15419665,-0.27267858,-0.03145573
0.7598463033852135,0.78651315,0.92379415,0.9357669,0.26827732,0.14796467,0.65318966,0.33821294
0.8030556922227688,0.8645812,0.96156603,0.9572784,0.24937738,0.15217902,-0.31227267,-0.13202429
0.6124609458437834,0.59839916,0.93043923,0.9394799,0.059409175,0.17010593,-0.2584769,-0.0749984
0.8537410149640599,0.62869257,0.9771193,0.9645403,0.089214094,0.1808683,-0.34528273,-0.5797889
0.9331802767211069,0.9809591,0.983068,0.9875931,0.19220582,0.19269189,0.5886051,0.12419077
0.885244596978388,0.9023416,0.9888841,0.98196816,0.19615243,0.13506623,-0.42310572,0.17393897
0.7854326137304548,0.80420053,0.9543587,0.94599974,0.22201376,0.29606405,0.028628096,0.1274935
0.8698499753999015,1.080201,0.97764486,0.97530216,0.43422586,0.25292525,0.551964,0.31527546
0.7027673550694202,0.5361967,0.9391308,0.9293136,0.11986389,0.11048759,0.1173598,0.42336413
0.5142501530006119,0.7072953,0.9518879,0.93524957,0.09316783,0.16195701,0.59846836,0.5190923
0.7382344089376357,0.62200445,0.9606483,0.9443842,0.12963855,0.15567829,0.5885146,-0.20402852
0.8861717686870746,0.7453579,0.96667945,0.9718377,0.1642626,0.13761216,-0.5523248,0.083652705
0.7952207168828674,0.8157031,0.980147,0.96333796,0.16708893,0.1842956,0.4334326,0.4725866
0.7918177912711649,0.6640102,0.9487154,0.95758325,0.21395476,0.11149871,0.19119014,-0.020293538
0.8724359377437509,0.57865053,0.97426564,0.96049565,0.066618174,0.16193141,0.061916362,0.01141715
0.7530838443353773,0.76161873,0.9603522,0.9438793,0.08962737,0.07633606,0.19198202,0.62778217
0.9117102708410835,0.85658157,0.9905682,0.975899,0.2347715,0.28792694,-0.33343926,-0.40077436
0.7284661778647115,0.43552563,0.95835745,0.9419008,0.045905318,0.09495987,-0.20457046,-0.22790289
0.6039764319057276,0.59725535,0.9046579,0.94919026,0.076672494,0.11809762,-0.29389068,-0.1410997
0.7773707894831579,0.46751437,0.9409571,0.94197035,0.045365255,0.11553858,0.23714615,0.3070023
0.8801358405433621,0.6245208,0.9779199,0.9810088,0.08260367,0.116390854,-0.95390743,-0.4151663
0.6477917751671006,0.68564534,0.96746194,0.94229984,0.09138615,0.12651901,-0.39587888,0.37321654
0.9467898671594686,0.78705657,0.9847636,0.9823388,0.16272558,0.19382356,-0.20060608,-0.014083405
0.7277765111060444,1.0583568,0.9891074,0.9863914,0.13821557,0.1827173,-0.30043814,-0.67533803
0.9433107172428689,0.96753365,0.97531396,0.9792297,0.2271184,0.18678053,0.089606844,-0.025589906
0.6400661442645771,0.62753785,0.96292555,0.94279736,0.07021167,0.13133122,0.38071015,0.23041716
0.8208467713870855,0.6791579,0.98329073,0.96300757,0.110266484,0.16517697,-0.7571954,-0.40398297
0.6558514874059496,0.71861684,0.9556377,0.9403886,0.14779362,0.105209164,0.30444548,0.1358132
0.7963121452485808,0.7868463,0.99072295,0.98492223,0.17389366,0.11651378,-0.41462833,0.2868273
0.8405146580586323,0.9287687,0.9505693,0.9563212,0.2720231,0.3186717,0.1548293,0.037659157
0.8132391249564999,0.8932405,0.94050044,0.944556,0.2766289,0.16614228,0.39576635,-0.07916689
0.614437305749223,0.8387159,0.94908184,0.9631708,0.17239188,0.13509332,-1.4864993,-1.2767653
0.8278130392521569,0.71207905,0.95709795,0.9679707,0.14392984,0.14834104,-0.23740558,-0.17494926
0.8205465781863127,0.6674761,0.9563738,0.9505412,0.14423713,0.1389117,0.88878,0.677307
0.8164759699038795,0.840616,0.9316115,0.9637085,0.19446322,0.19521536,0.25520042,0.28128755
0.8995556622226489,0.8045419,0.9753284,0.98090255,0.14520693,0.12453069,-0.093937054,0.039485134
0.8776621986487946,0.7132065,0.9771645,0.965715,0.10802415,0.17159747,-0.50225043,-0.27621138
0.9282748490993964,0.53752387,0.9558526,0.96240604,0.10998201,0.18987401,-0.030254891,-0.143956
0.9319631838527354,0.64460325,0.9672811,0.9739632,0.16065636,0.14927,-0.267856,0.0702456
0.8832769731078924,0.74634755,0.970687,0.95306903,0.21640067,0.3644419,0.45841438,0.35318887
0.9339657518630073,0.86885506,0.9889274,0.9866329,0.25880122,0.28499788,0.420216,-0.35130346
0.8132784851139404,0.76438355,0.95242864,0.9569666,0.18650256,0.18676041,-0.2606344,-0.3928255
0.5603088332353329,0.5562548,0.9621213,0.93510026,0.0691748,0.11971007,0.19192234,0.11307017
0.679752703010812,0.5615888,0.94995004,0.9449935,0.065584004,0.13486125,-0.46352708,-0.2859028
0.9301201684806739,0.7727371,0.98433465,0.9774034,0.18899101,0.32072166,0.05135626,0.2148857
0.8668572594290377,0.94939727,0.9332438,0.95111525,0.37689024,0.30323157,0.5229483,0.20632564
0.8246468505874023,1.3140566,0.9320596,0.95297503,0.63181543,0.35266626,-0.15121792,-0.33432636
0.8123226092904371,0.8834546,0.9939639,0.9716797,0.12460123,0.23734012,-0.89409655,-0.5301369
0.8507266989067956,0.6726777,0.95857924,0.9521127,0.12246415,0.22595912,0.23425949,0.031642992
0.8140234480937923,0.740944,0.9645912,0.9473223,0.14171018,0.18699776,-0.17146422,0.025877686
0.9141284245136979,0.8920597,0.9800149,0.9821834,0.16227266,0.11741999,-0.122801036,-0.23397174
0.8127645950583802,0.90653384,0.96890265,0.96530706,0.18073405,0.17993249,0.40196347,-0.2168522
0.8699569198276793,0.6554481,0.94602716,0.9565191,0.17025712,0.22053586,-0.8771686,-0.43959963
0.9084010416041663,0.81451297,0.9815445,0.9780429,0.16548201,0.21279185,-0.29795456,-0.28415406
0.8972804531218124,0.79591584,0.98875785,0.9857094,0.107297026,0.14630231,0.52019644,0.09459856
0.8900813843255372,1.1137978,0.9550885,0.9520127,0.46374628,0.77854764,-0.55794775,-0.18904279
0.5927859551438205,0.744294,0.9417173,0.9440259,0.10183133,0.13201356,-0.43307063,-0.12682635
0.7938821835287341,0.74529266,0.95665,0.9602286,0.1331891,0.105247624,0.75876886,0.5472765
0.9437695030780121,1.0664244,0.9718348,0.9678937,0.32800058,0.71449405,0.6452654,0.10465425
0.6221946167784672,0.53369063,0.9043527,0.935726,0.08205921,0.10956021,0.28674537,0.46742433
0.89687734750939,0.8115262,0.97140956,0.95687515,0.15754768,0.16475977,0.58916026,0.3139416
0.8164010896043584,0.91620564,0.9862433,0.9739211,0.15343107,0.1984507,0.64781797,0.3829421
0.9028969555878222,0.8623023,0.9861549,0.9710903,0.28593764,0.20218652,-0.044995427,-0.13782324
0.7505189060756243,0.61227214,0.9321358,0.94701856,0.09202215,0.13131864,0.011544372,0.09234223
0.6945828423313694,0.65852255,0.9522221,0.94403654,0.08741257,0.1093838,-0.5565807,-0.5789727
0.9228876915507661,0.8338349,0.96900165,0.9741824,0.2515017,0.28997394,-0.38939482,-0.33561853
0.8585517862071448,0.7118776,0.950777,0.9563067,0.16980378,0.22234914,-0.3496628,-0.15419184
0.8962723530894122,0.7685751,0.97933173,0.9773226,0.15627292,0.20259473,-0.7647744,-0.26967067
0.9194704618818476,0.5462124,0.9863486,0.9771737,0.12686141,0.14028879,-0.8978993,-0.52666205
0.6982843291373165,0.7392466,0.9197109,0.9315075,0.1928113,0.1792761,-0.33928707,-0.10356323
0.741808311233245,0.5316352,0.9548122,0.9463488,0.07840475,0.1064518,-0.07378136,-0.027737085
0.839566078264313,0.74042165,0.9576729,0.95789677,0.19404784,0.16839609,0.3320636,0.12946102
0.9105814983259933,0.85976875,0.9842716,0.9685319,0.15320916,0.30189985,0.13241929,0.011249965
0.5436734066936267,0.5663008,0.90143085,0.9262438,0.08716741,0.09839466,0.8262358,0.6323454
0.9610542762171047,0.779545,0.9944713,0.98718214,0.14392063,0.20589295,-0.76314014,0.13541305
0.6894344377377509,0.7700549,0.92763174,0.93118435,0.15515827,0.17554545,-0.47449735,-0.31481746
0.9076766227064906,0.76104814,0.9901156,0.9733522,0.16519879,0.20029011,-0.7431488,0.036193583
0.6411463405853622,0.60168356,0.95187855,0.9452718,0.1261703,0.13950898,0.0667204,0.29806453
0.9161738086952347,0.7156293,0.98852533,0.9780764,0.13834846,0.1648653,0.03069294,-0.18669507
0.8383750015000059,0.8660734,0.9617233,0.95430845,0.2667751,0.21524438,-0.54590243,-0.24850674
0.9203954255817024,0.9027825,0.9818752,0.9711738,0.2428057,0.29291514,-0.114867665,-0.06160197
0.7931174444697778,0.84151155,0.9675234,0.9647736,0.21831049,0.13424754,0.13465351,0.051187616
0.8966177624710497,0.7710644,0.9882929,0.9658473,0.21975414,0.26163712,0.36599013,0.42354447
0.8177944391777566,1.041088,0.96232307,0.9529453,0.32971478,0.27920637,-0.29506102,0.1681121
0.9013682454729818,0.8979474,0.9484414,0.9600146,0.37019837,0.33188593,0.31133363,0.04056313
0.8116129744518977,0.68689406,0.9749594,0.9492775,0.09159735,0.20737605,0.7801722,0.36411676
0.8618363433453734,0.8488087,0.9394905,0.96373576,0.33245283,0.18993886,-0.00074714574,-0.03404749
0.8836128784515137,1.1470354,0.97893435,0.96437186,0.37436277,0.4578428,0.07267675,0.14310314
0.8033984135936543,0.6890188,0.9489545,0.9353686,0.14001952,0.1678006,-0.072669275,-0.19901451
0.8539315757263028,0.73396564,0.9565066,0.9543276,0.12401107,0.18258743,0.124520294,-0.03634271
0.8962570890283561,0.8502388,0.9851048,0.9687765,0.15337782,0.32782292,-0.013768034,0.06964698
0.7035794223176892,0.84046346,0.915426,0.94262123,0.1951393,0.15523902,0.10501984,0.29548126
0.6069486997947992,0.85157853,0.93353266,0.9492056,0.17270306,0.17275606,-0.3647098,-0.18500541
0.9408336193344772,0.91242623,0.96727955,0.97010475,0.3978573,0.33506683,0.4107078,0.24506785
0.666811083244333,0.71666235,0.9470892,0.9571124,0.14541706,0.11467159,-0.068610355,-0.7604315
0.8282046248184993,0.6694007,0.96738803,0.96207815,0.09383274,0.1622707,-0.06626555,0.2791144
0.8574281977127909,0.8544326,0.9336118,0.95254385,0.3241509,0.3289453,1.182497,0.4383094
0.8777459109836439,0.7629492,0.9687346,0.960657,0.14721829,0.25193983,-0.23299128,0.05171336
0.9177389029556118,0.944801,0.9766304,0.9570493,0.28292295,0.71219033,-0.7413761,-0.061279554
0.8007710750843002,1.0526977,0.91887265,0.959976,0.50736195,0.23366636,-0.25073713,-0.09459364
0.7985710342841371,0.90360844,0.99106723,0.97047,0.17114805,0.24371338,0.375646,-0.54806274
0.82363126252505,0.75560886,0.9513928,0.9597233,0.12820086,0.18074034,-0.47147563,-0.15865208
0.6434310537242149,0.624513,0.9435144,0.93586856,0.09062194,0.12933862,-0.14741333,-0.28132197
0.8879464317857272,0.64749765,0.96635896,0.96023333,0.11847856,0.16935167,0.24118376,0.6353727
0.7651608846435385,0.9063544,0.9494598,0.964596,0.26102167,0.13085914,0.024363562,-0.03700992
0.6621619766479065,0.5482182,0.89985186,0.92993,0.11721749,0.123552784,-0.26189896,-0.21181211
0.9020151920607681,0.79794544,0.98816884,0.9738005,0.17687975,0.26398036,0.79695034,0.43194282
0.8544894339577358,0.7239905,0.9264474,0.94479877,0.23151904,0.17004395,-0.26159692,-0.31025022
0.7871350845403382,0.5784981,0.96432096,0.94934916,0.08125533,0.1461175,-0.43144387,-0.26107523
0.7677236148944596,0.79222655,0.94430995,0.94428253,0.20587294,0.25342888,-0.4044806,-0.24499178
0.7928221472885891,0.7098107,0.96271616,0.9564191,0.121666096,0.17262147,0.3728084,0.4513102
0.8323860175440702,0.6329749,0.9640661,0.9532811,0.08171758,0.15174417,-0.12484464,0.08760456
0.7836641906567626,0.7767246,0.94234335,0.9651354,0.2304763,0.14295816,-0.16313706,0.09505843
0.6641698246792987,0.9298576,0.9533154,0.93975276,0.2302336,0.13297574,0.39489147,0.3726104
0.9302260569042277,1.1389625,0.9817219,0.96491253,0.53954846,0.55353856,0.14192371,0.054593116
0.9543451933807735,0.7302453,0.9928729,0.982765,0.1292216,0.22334853,-0.16692246,-0.23825055
0.8689667718670874,0.7700454,0.9471151,0.97536856,0.25977048,0.13539101,-0.3646211,-0.31878537
0.7278113592454369,0.8104126,0.9518038,0.93066055,0.18098079,0.1615799,0.1266346,0.39370516
0.7903387133548534,0.58766156,0.96004504,0.953479,0.10369878,0.16241947,0.7512674,0.34568408
0.7485304501218004,0.68396854,0.932485,0.94049525,0.18337823,0.15991119,-0.08816237,-0.2310594
0.6244835539342157,0.70791405,0.96916866,0.9352926,0.124914706,0.14436902,0.031350102,0.20931959
0.8578277513110052,0.69937056,0.9750737,0.97289115,0.1097517,0.14431687,-0.09640245,0.04755653
0.832759939039756,0.5451452,0.9025967,0.9363333,0.10937435,0.16678552,-0.17077003,-0.3696908
0.7836466225864903,0.84045863,0.9434092,0.9726425,0.22672893,0.15372203,-0.9076932,-0.46834296
0.8203218412873652,1.0472381,0.95150304,0.9636023,0.38544878,0.28777632,0.66884685,-0.0914475
0.9060421201684806,1.0066944,0.9615631,0.96506935,0.2101282,0.43759608,-0.23171283,-0.20826487
0.9373830775323101,0.8339856,0.99067265,0.97761774,0.22292247,0.34270987,-0.19042529,-0.06572828
0.6528742274969099,0.6271102,0.9545499,0.9284227,0.105133645,0.13594157,-0.34017518,-0.53357995
0.5000825123300493,0.5663104,0.9187446,0.92596024,0.12882231,0.10479734,-0.077219345,-0.04220498
0.777002628010512,0.6816732,0.9435179,0.9555107,0.12550282,0.15235135,1.4413851,0.86715525
0.9162065448261792,0.75928354,0.9848981,0.97475296,0.17013623,0.19447975,-0.16207851,-0.18315092
0.8577297349189397,1.0677664,0.971537,0.9729092,0.36980823,0.40432015,0.45058212,0.44351134
0.8353098052392209,0.5350025,0.97335917,0.95719236,0.10054466,0.1600994,0.8841005,0.64448
0.9063219612878451,0.9659346,0.97717625,0.972878,0.09276835,0.25588652,0.03683369,-0.15296333
0.9388225072900291,0.73982906,0.9945455,0.9709605,0.12004873,0.24971649,-0.079336375,-0.19612342
0.8263557534230137,0.7358466,0.9746002,0.9756608,0.148233,0.111674376,0.34490234,0.16248396
0.5758256633026532,0.5963303,0.95466435,0.9283915,0.07983501,0.12334103,-0.050956678,0.02944721
0.894511802047208,1.1841704,0.98960423,0.9798846,0.24752979,0.29570192,0.075075515,0.30100843
0.7900399601598406,0.89942765,0.9694051,0.9348945,0.26932725,0.21061589,-0.28190905,0.38966146
0.9306803307213228,1.9222575,0.99077654,0.99072343,0.23681831,0.38776028,0.31342426,-0.17428936
0.9496067104268415,0.8933759,0.9882793,0.9834898,0.186452,0.22970407,-1.2318752,-0.16531935
0.7185807303229212,0.98231363,0.9108199,0.9383493,0.47774965,0.18348777,-0.10846732,0.18320335
0.7635725582902332,0.72140634,0.9873424,0.9369955,0.093418084,0.15382078,-0.35503578,-0.43699893
0.9215602942411769,1.0754269,0.98683053,0.97540736,0.5171847,0.31100783,-0.607917,-0.27986625
0.8188237552950212,0.77317715,0.9353075,0.95657647,0.2171138,0.15664369,-0.30502266,-0.21870728
0.8688893955575822,0.64623135,0.9266161,0.95637286,0.16175039,0.15761378,0.37435034,-0.10289718
0.8581817047268189,0.6374469,0.9823253,0.9719677,0.08890016,0.14738789,-0.19025682,-0.43924025
0.7777975111900447,0.6503113,0.93467355,0.95277405,0.13746294,0.1291746,0.6137843,0.38517475
0.8071154524618097,0.6558559,0.98905736,0.94155216,0.09510389,0.17961305,-0.49942344,-0.40398633
0.8585828629374407,0.85207605,0.95216566,0.9704726,0.29265273,0.23141508,0.510045,0.12765872
0.9236361105444421,1.1410146,0.96431875,0.9696129,0.36992097,0.3656437,0.38372272,0.23641738
0.7670111960447841,1.3559039,0.988234,0.9908521,0.2191536,0.20301643,-0.14752162,-0.08548397
0.69463036252145,0.7571619,0.93460023,0.9477282,0.17079298,0.14877273,-0.67746794,-0.63750756
0.8106431785727143,0.64099073,0.96434695,0.964861,0.102001935,0.116950825,-0.85242194,-0.5322813
0.8401748166992667,0.6715316,0.97731084,0.9554469,0.13014118,0.16115257,-0.11916645,-0.16730867
0.8635432301729207,0.7366297,0.9754689,0.9581647,0.17169009,0.32036734,0.14197955,0.25966898
0.8659255757023028,0.56319195,0.9818677,0.96253693,0.12347215,0.11791973,-0.5507155,0.16068546
0.8967781791127165,0.76149476,0.9373363,0.9625565,0.15404879,0.26300454,-1.017416,-0.584603
0.8178928395713583,0.6553023,0.949524,0.9595471,0.17531322,0.13853334,-0.5784184,-0.22564432
0.7294159096636386,0.6397103,0.971307,0.95733863,0.10776475,0.117242634,0.18014167,-0.08366711
0.8363263533054132,0.70154095,0.9623544,0.94674283,0.123067535,0.123106636,0.5296311,0.10436238
0.7910979803919216,0.72680354,0.9416568,0.9524539,0.12745811,0.14984684,0.14810029,0.03571294
0.9375217980871924,0.8778919,0.96568084,0.9694176,0.29058415,0.41146103,-0.27608663,-0.12697364
0.8794250537002147,0.76904213,0.990551,0.98227614,0.16672102,0.16830772,0.37748495,-0.39901248
0.863629534518138,0.74931115,0.97706884,0.96659565,0.14862578,0.20503499,-0.035573352,-0.0667113
0.8390393241572965,0.73929954,0.9636398,0.97415274,0.13466552,0.14504798,0.009576096,-0.17874317
0.8309828759315037,0.85110635,0.9558727,0.95599455,0.2459463,0.20255686,-0.33795175,0.27075377
0.8949242196968789,0.72700685,0.9701099,0.9698642,0.16222055,0.20498337,-0.869785,-0.112325825
0.880872835491342,0.739341,0.9760248,0.9637939,0.20005621,0.31200957,0.25501236,-0.0020988237
0.8234040296161186,0.85277224,0.951345,0.9558126,0.23481916,0.22758211,0.20132114,-0.27214405
0.9238908955635822,0.70019853,0.9752153,0.9739279,0.14995225,0.1628419,-0.24347001,-0.3016591
0.8694585818343272,0.82530385,0.9851341,0.9655087,0.17928159,0.24938941,0.8380455,0.23734795
0.8294352537410149,0.62138313,0.9810297,0.94897366,0.08949766,0.17175315,0.28514123,-0.12595691
0.874054696218785,0.6653552,0.9737766,0.9700003,0.08206204,0.2002894,-0.14065231,0.014391932
0.8418611594446378,0.7964033,0.9626076,0.94249237,0.20459282,0.30861866,0.42309067,0.06826365
0.7853496693986776,0.6808066,0.96961856,0.9584959,0.11851608,0.1239263,-0.0783183,-0.569342
0.9438573434293736,0.82037437,0.98574436,0.9808388,0.16127343,0.20840736,-0.018741291,0.06907681
0.8907750831003323,0.9948633,0.9583435,0.96534926,0.37565997,0.27466094,0.65927917,-0.26295567
0.908755091020364,1.349855,0.9887066,0.9740656,0.34273544,0.24059077,0.02795319,0.2891898
0.9436469105876425,0.796447,0.994347,0.98358685,0.11049521,0.17913167,-0.60439163,0.09330858
0.7451351085404341,0.7663938,0.95897955,0.94060904,0.165016,0.29881114,-0.42677185,-0.17976993
0.7827585230340921,0.6626405,0.9543608,0.94156307,0.15893011,0.12984857,0.0047198646,-0.11259026
0.748750291001164,0.9965602,0.92298627,0.93887275,0.3504222,0.18218486,-0.7001334,-0.3265542
0.8055402781611125,0.6548516,0.94091207,0.96460736,0.08717443,0.1735608,0.9228307,0.557013
0.9334280537122148,1.3229357,0.9548433,0.9796124,0.632755,0.40408078,-0.2895005,-0.028882485
0.87837221748887,0.49987623,0.9777315,0.94242936,0.07822826,0.18998834,-0.097821735,0.27245796
0.7899989679958719,0.93553585,0.94850236,0.96403617,0.3469199,0.16988382,-0.77760017,-0.15400733
0.9202606410425641,0.90370667,0.9771227,0.9821342,0.2171894,0.15897362,-0.111296915,-0.043253224
0.8523630459088969,0.73315346,0.9405972,0.96199185,0.2121394,0.22528914,-0.04942143,0.16363548
0.8801503366013463,0.62419343,0.97613055,0.9558255,0.07617457,0.18851994,-0.3536514,-0.27810505
0.8290129480517922,0.6248565,0.9741334,0.9660873,0.11065302,0.15846176,0.03964896,-0.18191426
0.7253208212832851,0.6158057,0.9072429,0.9477031,0.11635244,0.112731375,0.52409554,0.2686998
0.9357967671870687,0.7543256,0.9806269,0.9768307,0.09853091,0.13686635,-0.22945724,0.14137499
0.7950854523418095,0.64920473,0.981154,0.9551762,0.057560705,0.1668769,-0.14644428,0.20019487
0.8830730682922733,0.9237826,0.9748862,0.97057575,0.18530756,0.14473404,-0.014765131,-0.114520654
0.7566614906459626,0.52264696,0.95238644,0.9374154,0.05840699,0.08770861,-0.14770703,-0.10276351
0.91925244500978,0.8824693,0.99220663,0.98664004,0.18261802,0.22137144,-0.52412385,0.27347827
0.9241317605270422,0.84841263,0.9948619,0.9775129,0.07822274,0.25704378,-0.012133424,-0.07305698
0.671440029760119,0.66381305,0.927879,0.9365257,0.0998782,0.144314,-0.2800001,-0.34813887
0.924693074772299,1.1159317,0.98441416,0.9716763,0.4430462,0.44685957,-0.22676475,0.05071216
0.9268397393589575,1.0204525,0.9665022,0.97455096,0.45225263,0.43650377,0.36051276,0.19867744
0.9188186192744769,0.8817638,0.9767891,0.9667227,0.25573224,0.2948613,-0.187241,0.079179205
0.8881769287077148,0.69762903,0.9766931,0.97140884,0.107699946,0.1822796,-0.83753425,-0.26983583
0.8079603518414072,0.78631866,0.96002084,0.9597242,0.19125414,0.2390454,0.032291174,0.011547173
0.8151866847467389,0.63442135,0.9637669,0.9553594,0.101987876,0.15013693,-0.43524638,-0.16656846
0.7773363253453014,0.7450779,0.9522011,0.9382498,0.23408386,0.26260877,0.12136683,0.19974457
0.7648349633398533,0.73914814,0.916137,0.9414486,0.17894006,0.15603624,0.0032929843,-0.3142759
0.8984399457597828,0.8863875,0.98583394,0.9771295,0.14411709,0.2261544,0.5604057,-0.19606543
0.8678034392137568,0.61077446,0.95086735,0.9430921,0.12177126,0.14939134,0.28392598,0.055493128
0.8538678314713257,0.8200476,0.9738824,0.96170974,0.19592403,0.18369514,-0.24882394,-0.39084578
0.8943106812427248,0.7114763,0.94880474,0.96255374,0.16814493,0.17489609,0.49705192,0.18736234
0.9072073728294914,0.772353,0.9889499,0.98225886,0.16204332,0.16691107,0.44162545,-0.03986909
0.7065385381541526,0.6831276,0.97320586,0.9656838,0.103246585,0.109576754,-0.75941706,-0.50004756
0.5040477121908488,0.71347225,0.95174783,0.92441034,0.09208481,0.08170949,-0.3978096,-0.39081147
0.7811158604634417,0.8656755,0.9131028,0.9447498,0.30192703,0.27625057,-0.29133046,-0.03065422
0.8775433501734006,1.0159891,0.994504,0.9835872,0.20337886,0.18735634,0.07238036,0.35555437
0.9448395233580932,0.84224576,0.9903694,0.981483,0.2226903,0.2551066,0.15772916,0.088994466
0.7223484573938296,0.77764225,0.95222616,0.9476198,0.1414757,0.13736033,0.5384122,0.70721364
0.8711840927363708,0.8536589,0.9433849,0.95427495,0.19171296,0.1873393,0.16335209,0.22443843
0.9480109920439682,0.59474605,0.98393536,0.9849197,0.06236978,0.1632764,0.48530763,0.41927105
0.7735308701234805,0.72938037,0.9327097,0.95032036,0.187473,0.18629856,-0.56176364,-0.64610356
0.7326002424009695,0.988884,0.95412356,0.9367708,0.36733928,0.27789864,-0.7244375,-0.10353915
0.9525009300037198,0.935164,0.99248195,0.987821,0.106266215,0.17493106,0.39846185,0.06699327
0.940192624770499,0.74945617,0.9882959,0.9842154,0.053537246,0.14122652,0.112317085,0.16343857
0.9479472477889911,0.9228462,0.9854281,0.98665303,0.17856707,0.12427979,0.6946953,0.11279764
0.9172305809223235,1.1289318,0.9906406,0.9713593,0.36861175,0.7393788,-0.78764945,0.114917666
0.7878535514142057,0.7767958,0.9566702,0.9400633,0.19992802,0.17135367,0.6559479,0.82484984
0.9472217728870915,1.0101026,0.98628026,0.98510766,0.26497635,0.3237996,0.22225192,0.21041124
0.7881926247704991,0.5782399,0.9542308,0.94050324,0.12939313,0.18689613,0.3186245,0.27000538
0.8610502922011688,0.71304613,0.96164703,0.960089,0.15995395,0.2654579,-0.1739622,0.069465354
0.8266881067524271,0.9902139,0.94887763,0.95494294,0.30334646,0.21461824,-0.07896783,0.18375584
0.8572803571214285,0.86895347,0.97973347,0.9654826,0.15841343,0.16629212,0.2441223,0.4066002
0.8243246732986932,0.75836617,0.9511383,0.9650259,0.19540995,0.12402279,1.1113998,0.31372797
0.498940107760431,0.56923074,0.94136846,0.93088007,0.080857106,0.11916684,-0.6087027,-0.5941393
0.8637079668318672,1.0802141,0.96816504,0.9756899,0.17855844,0.45196155,-1.2074834,-0.5523748
0.8480048000192001,0.6699942,0.9733568,0.96891606,0.10508527,0.11200556,0.83253133,0.5602476
0.8405777303109212,0.66004616,0.9442158,0.9455528,0.17722887,0.2707462,0.36679235,-0.0036396752
0.8759929439717759,0.712791,0.9537324,0.96878123,0.16341698,0.17603353,0.22044669,0.06179935
0.9079827679310717,1.1426867,0.98447794,0.96889704,0.56092924,0.5237753,-0.8972079,-0.023253607
0.8928238272953093,0.7784821,0.9843797,0.9591915,0.14272614,0.2661432,-0.07250243,0.13999766
0.7682808971235885,0.5593887,0.9135357,0.94251066,0.098483115,0.14666373,0.38094857,0.15150626
0.7873288133152532,0.6944432,0.95028055,0.9492546,0.14242324,0.17806576,-0.52317804,-0.4492444
0.8215741662966651,0.91501045,0.9488252,0.9448125,0.33127508,0.31358013,-0.6931651,-0.14897381
0.8821430165720663,0.7055571,0.9701793,0.9706076,0.099562645,0.19730891,-0.20913707,0.035543084
0.7907392269569078,0.5171337,0.93337333,0.94040996,0.07462575,0.14195988,0.29541755,0.07091136
0.7942358489433956,0.5349583,0.9563468,0.9431214,0.10996992,0.16896896,-0.94465566,-0.48026302
0.8808903075612302,0.707885,0.9776749,0.96845263,0.14220768,0.16249736,0.350462,0.13300616
0.8357236628946515,0.8190581,0.96763057,0.9802513,0.16627666,0.115477405,-0.1908363,-0.17140715
0.9119618878475513,0.82253635,0.9722397,0.9729479,0.2236257,0.17650117,-0.14720924,0.013007955
0.8801572486289945,0.71228427,0.9391147,0.9613337,0.2374064,0.19238824,-0.4108815,-0.22050898
0.836257137028548,0.73579085,0.9319775,0.9527628,0.3011326,0.2640216,0.09442212,-0.07155608
0.7703170652682609,0.7645766,0.9354975,0.9599893,0.14650072,0.1555538,0.06058521,0.011513666
0.880872835491342,0.84600437,0.9838187,0.95905095,0.2771149,0.24902251,0.1508996,0.44551307
0.7592645410581641,0.66592056,0.9382217,0.95600504,0.15955383,0.14789481,-0.14630735,-0.12142515
0.7231423805695222,0.83440244,0.9574954,0.966589,0.13742602,0.13468343,1.0560331,0.7143929
0.6712568610274441,0.6848381,0.938093,0.9510211,0.14385317,0.12366306,-0.10213747,0.44994357
0.8631486685946743,0.77450186,0.9799626,0.9659386,0.16823949,0.18525168,0.35968167,-0.08863061
0.8666515306061224,0.60766065,0.9755921,0.9629142,0.07621883,0.16029058,0.9819656,0.51239747
0.7870963963855855,0.73959386,0.9589498,0.956009,0.12612072,0.12936206,0.30455914,-0.07053762
0.8762469609878439,0.72651285,0.9660068,0.9572909,0.2283214,0.22432427,-0.38734055,-0.6366712
0.8151871647486589,0.6742021,0.96786475,0.9584371,0.12440902,0.19728786,0.49430624,-0.037753496
0.8678898395593582,0.6821636,0.97464657,0.96144634,0.12869637,0.2055788,-0.7285333,-0.3414838
0.9099482797931191,1.1088648,0.9790991,0.9646587,0.40860328,0.48691475,0.037358798,0.20561787
0.8937798951195804,0.90741396,0.98540026,0.9637035,0.24247555,0.34309357,0.7255633,-0.36134756
0.9438769275077099,0.90891194,0.9888777,0.98365045,0.14904648,0.16705284,0.8840534,-0.22019301
0.8808691874767499,0.65757275,0.9790593,0.98079115,0.07669955,0.10188081,-0.04458201,-0.2581348
0.7555518222072888,0.53368056,0.9507036,0.957971,0.070499465,0.11050288,-0.33311424,-0.29448384
0.8021703766815066,0.7354478,0.97368246,0.96622854,0.1549402,0.18369454,-0.94197744,-0.31984493
0.7751932127728511,1.0009133,0.9793614,0.9744085,0.30537707,0.17320354,0.7562902,0.6618574
0.923993423973696,1.2017362,0.99474347,0.9743064,0.27291045,0.2824637,0.05243449,0.4715152
0.8425452581810327,0.936939,0.96261895,0.96369475,0.31883192,0.22929807,0.05176391,0.3286725
0.9162269929079716,0.9925791,0.9631695,0.97343606,0.30389154,0.30472842,0.60314506,0.41486096
0.36239348157392626,0.53956175,0.8569484,0.945935,0.07054459,0.09027502,-0.5036562,-0.46724346
0.8678499033996137,0.9851625,0.9730761,0.9626176,0.3506671,0.23957704,0.17429723,0.10739917
0.8795459181836728,0.6891853,0.9670408,0.96766436,0.16229713,0.24378023,-0.8852152,-0.28583768
0.8472583970335882,0.9881931,0.9533071,0.9608602,0.44127607,0.18478121,-0.5299974,-0.27348042
0.8722251209004835,0.7233573,0.9649426,0.965935,0.17025205,0.12955979,-0.65923774,0.04103145
0.8456143904575617,0.5745188,0.9479888,0.9678951,0.08201502,0.1243078,-0.5797422,-0.31102657
0.8914264457057827,0.5775183,0.96627384,0.96907,0.09667981,0.19127461,-0.3055426,-0.26467282
0.7592022368089473,0.7117031,0.94642985,0.9639453,0.09145895,0.14528526,0.17453381,0.38265055
0.7698987915951663,0.6488813,0.930211,0.9609058,0.15677877,0.1284621,-0.87219733,-0.42600772
0.9343011772047088,0.6527267,0.99317,0.98096293,0.09231734,0.14094953,-0.06518321,0.28914157
0.7855345661382646,0.5312921,0.97519034,0.95569986,0.08989008,0.13716501,0.9101396,0.6936569
0.8737164868659474,0.58536094,0.9701204,0.9636924,0.13626917,0.13722695,-0.22335935,0.03561136
0.9345904263617054,0.6002659,0.96657306,0.97736233,0.099683076,0.11633887,0.8795618,0.37161985
0.9091703886815546,0.95587,0.96096385,0.96920633,0.38144708,0.24435058,-0.066903025,0.23877639
0.9245734582938331,0.71444213,0.98929685,0.9773439,0.14339052,0.16027796,0.46553802,0.09894631
0.6503468253873015,0.696802,0.97361,0.96230304,0.14694569,0.118084505,-0.2916441,-0.90049213
0.8621339445357781,0.6404652,0.97612506,0.96785575,0.12505795,0.14090227,-0.62703377,-0.28069907
0.7833602534410138,0.75700384,0.98028547,0.9677043,0.12900975,0.14448483,0.39769056,-0.6446582
0.7107857871431486,0.8702009,0.95037246,0.9614281,0.14443223,0.18966353,-0.6597276,-0.2774011
0.8309884439537759,0.80096066,0.9618814,0.9612494,0.19229878,0.23172429,-0.3024873,-0.21864897
0.898633674534698,0.9201421,0.9612074,0.9732682,0.19342461,0.27204987,0.2190343,0.16982749
0.6782556730226921,0.8638801,0.9271919,0.9591021,0.2191349,0.14738016,-0.5871434,-0.47569376
0.6474903339613358,0.4969784,0.9698802,0.9487773,0.063122116,0.08177637,-0.26858008,0.12806
0.6139184236736946,0.63359696,0.9397647,0.9525832,0.11624065,0.09145968,0.3310763,0.12155
0.8174877179508717,0.6474668,0.99209565,0.97015107,0.085549474,0.13523744,0.1618188,-0.19450794
0.9019185196740787,0.5707393,0.9903244,0.973122,0.07798692,0.14681412,-0.7111085,-0.34237495
0.8744814179256717,0.76684135,0.97550654,0.9623068,0.1732062,0.2588899,0.4428452,0.29375434
0.9424548738194952,0.7693046,0.9576924,0.9801494,0.1956782,0.19227803,-0.0785774,-0.1637384
0.7779640718562874,0.57011527,0.98167616,0.9542652,0.068256274,0.14168955,-0.6926195,-0.5160597
0.8674261577046308,0.693077,0.96742725,0.9672384,0.13595445,0.1979235,-0.36866,-0.10495155
0.8574824379297518,0.8956119,0.99270886,0.9693183,0.12914845,0.16620894,0.53854483,0.5907704
0.8506767787071148,0.67550105,0.960381,0.953106,0.16491102,0.13081025,-0.6664375,-0.7425187
0.8691551246204985,0.70390767,0.9777836,0.97316664,0.07414676,0.15754758,-0.35647622,-0.2917648
0.7324308017232068,0.8826293,0.9803516,0.96625066,0.140562,0.16458036,-0.13086317,0.21023749
0.8557562550250201,0.819961,0.96694237,0.9770821,0.20802243,0.22129935,-0.537121,-0.29079777
0.8241104004416017,0.5840983,0.9658864,0.95586,0.088256225,0.11832291,0.03234687,0.25491452
0.9173702614810458,0.88086665,0.9774685,0.97200775,0.2581525,0.22775535,0.54839534,0.1727766
0.7902358969435878,0.8938723,0.9072809,0.95684206,0.3880588,0.23273586,0.3822816,0.32089594
0.9383680414721658,0.71842647,0.9944987,0.98457277,0.098059885,0.130889,0.49140227,0.024669115
0.7415839583358333,0.69958067,0.94360495,0.95755464,0.11602869,0.103358865,-0.46933773,-0.22916658
0.5162338089352357,0.9139762,0.93722636,0.954595,0.15445937,0.14352283,0.13151598,-0.012311967
0.818616970467882,0.75800854,0.9470916,0.9504223,0.18851991,0.2767268,0.07999907,-0.23961064
0.9099765999063995,1.0803096,0.9869641,0.9734192,0.37211162,0.36805457,-0.27765897,0.17282863
0.7546289705158821,0.6449777,0.9274139,0.9520384,0.15187487,0.11890351,0.046113215,0.10453217
0.8908238512954052,0.6815087,0.9737085,0.96596915,0.17005819,0.24658503,-0.019491265,0.31836855
0.8276353425413702,1.0583932,0.9230382,0.95617425,0.7012404,0.4309466,-0.1258269,0.22769432
0.7756501746006984,0.55072224,0.94525695,0.9514723,0.0973277,0.11930864,0.00045767002,0.0717887
0.8184850659402637,0.6751245,0.9503672,0.9698649,0.08531208,0.13231851,0.25508437,0.15969484
0.7300341521366085,0.88625824,0.9898076,0.96773183,0.12056253,0.15269542,-0.18239212,-0.93925357
0.8540006000024001,0.74136084,0.9709357,0.9602862,0.10385567,0.17037763,-0.17190193,0.10124395
0.9532717170868684,0.6011173,0.9802774,0.9771448,0.1167651,0.21605918,-0.24853094,0.029776428
0.9309862839451356,0.785645,0.9799234,0.9799272,0.17840767,0.2026618,-0.23186038,0.08068881
0.7843384013536053,0.515702,0.9449653,0.9575514,0.070940346,0.11166387,0.79684067,0.48473367
0.7493954135816543,0.5872468,0.95497006,0.9586237,0.08312967,0.10427526,-0.16516957,-0.2854166
0.9316171024684098,0.7963763,0.99091077,0.9833737,0.09172169,0.13439387,-0.28561962,-0.11580249
0.8469896919587678,0.97810465,0.9846633,0.9792734,0.27461416,0.17083207,-0.3968221,-0.051648103
0.8742991131964527,1.2116355,0.9490666,0.955122,0.6010693,0.46320343,0.22682215,0.0932727
0.6033682694730779,0.69556886,0.9394553,0.94828045,0.1219393,0.09324515,-0.37328628,-0.098073155
0.8575990783963134,0.8195672,0.9540982,0.96473235,0.2676388,0.22504738,0.27255297,0.09478805
0.7720295201180805,0.82991016,0.97688097,0.96372247,0.1292926,0.13781303,0.042694774,-0.12027751
0.8831058044232176,0.78855175,0.98317045,0.97373503,0.17553185,0.24135962,-0.15464206,-0.3825011
0.8987255469021874,0.69908273,0.98475015,0.9727673,0.12843585,0.19690669,0.3083699,0.12277478
0.8863558014232056,0.63590777,0.97560984,0.9696891,0.07224989,0.12386784,0.3705759,0.08118213
0.9168282433129731,0.9362538,0.9785252,0.9728612,0.19227505,0.17948142,-0.3657186,-0.4142559
0.8560590402361609,0.77047193,0.9689917,0.9637248,0.18619952,0.16416675,-0.8086765,-0.71589357
0.8435775503102011,0.6860008,0.97603744,0.96950763,0.123542376,0.15729687,-0.2600157,-0.43890956
0.8057394789579159,0.842002,0.9843424,0.9589053,0.14036453,0.16632052,0.2704658,0.79958797
0.8672870531482125,0.80970913,0.9862433,0.9662335,0.15343107,0.24698189,0.64781797,0.7515706
0.8555049260197042,0.82335234,0.94400746,0.9649378,0.24493074,0.23425713,-0.82240725,-0.5277748
0.8848450433801734,0.5154521,0.9635402,0.97389126,0.08240344,0.13075474,0.44985938,0.40063685
0.8976951747806992,0.9863686,0.96673,0.98278517,0.20787218,0.15573357,-0.96620256,-0.4151318
0.7454704378817516,0.59392726,0.9150115,0.95475185,0.14025483,0.11312925,-0.67476255,-0.30144796
0.791752031008124,0.6858209,0.9802954,0.95786905,0.15045395,0.10775641,1.0333774,0.33757716
0.8428470833883335,1.0371772,0.96641195,0.95756745,0.36219582,0.42147398,-0.10807744,0.02183236
0.8805644822579288,0.91011417,0.95439124,0.96463835,0.2808596,0.22117952,0.38945803,-0.009955424
0.7899272557090229,1.04851,0.92991954,0.9618662,0.31272125,0.2627002,-0.9361498,-0.49875948
0.8944175296701186,0.78664607,0.98278713,0.98152083,0.14845335,0.18007524,0.0737467,0.61034083
0.9470350521402087,0.74216247,0.98436886,0.977584,0.09044216,0.22743079,0.70165926,0.42049584
0.9326510266041064,0.79304534,0.98814374,0.974618,0.13553616,0.25248194,-0.8033662,-0.16174808
0.8373332053328214,0.8148762,0.94636816,0.95679754,0.20877188,0.18525806,0.61627936,0.30326405
0.8706600266401066,0.91808856,0.9882717,0.98125666,0.15157878,0.19305272,-0.4202825,-0.51577026
0.8050845643382574,0.8535214,0.95091283,0.96460867,0.21449657,0.13776995,-0.52367634,-0.6694645
0.8511325885303541,0.51426214,0.96766,0.966576,0.048478577,0.11162267,-0.32191032,-0.61736804
0.9453603254413018,0.7424235,0.9854086,0.9793951,0.14693141,0.21574122,0.5501463,0.04903509
0.960002784011136,0.81076676,0.95455,0.96850055,0.42153808,0.5807193,-0.4387134,0.07288353
0.9298766155064621,0.7194431,0.9861734,0.9790783,0.12484587,0.15111066,-0.20012638,0.09182605
0.8017668870675483,0.68547744,0.98853123,0.9602139,0.18734747,0.10390932,-0.030636286,-0.67302287
0.7704923619694479,0.8268511,0.9767657,0.963638,0.11443457,0.14293893,-0.40942505,-0.389733
0.8503113052452209,0.7617817,0.94440657,0.96430683,0.23085196,0.17073746,-0.3953544,-0.16522028
0.6870863643454573,0.8429468,0.95642304,0.952357,0.22888896,0.10935751,0.27692184,-0.24370342
0.8925602102408409,1.0283291,0.960624,0.9491295,0.6091005,0.87480617,-0.020888308,-0.28504676
0.8970943083772335,0.80988306,0.9718665,0.97602785,0.22475234,0.18238422,-0.86424124,-0.43140584
0.9162697130788522,0.8355355,0.9878487,0.98729134,0.13973728,0.17593119,0.36547977,-0.042671654
0.8529295237180947,0.7379708,0.94633937,0.9611336,0.19306079,0.20897011,0.07724089,-0.107259974
0.7483250093000372,0.5970523,0.9584553,0.95429194,0.06746819,0.15992151,0.6231643,0.5068811
0.7216416065664263,0.7441417,0.96803194,0.9589185,0.18363547,0.10809515,-0.5558628,-0.73289996
0.8217224868899474,0.6766402,0.95922935,0.963055,0.112606265,0.1701614,1.2176969,0.6251325
0.8300106800427202,0.90189415,0.97081196,0.96113056,0.15224811,0.19622166,-0.7555142,-0.23399596
0.8074044136176544,0.67059433,0.96826446,0.96807456,0.16451603,0.15244538,0.35685533,-0.24232094
0.8432441409765639,0.866771,0.9571642,0.96370405,0.30480888,0.2211337,0.12704825,0.019444643
0.787194028776115,0.8265835,0.9336879,0.96147054,0.22898462,0.18093918,0.62220454,0.27093557
0.9165732662930651,1.0076545,0.9839732,0.9696825,0.33509853,0.43392897,-0.73099786,0.014720183
0.9429669398677596,1.3995274,0.99157786,0.9810722,0.25236687,0.43782517,0.13897833,0.20121855
0.8948227472909892,0.6259489,0.98240197,0.96977717,0.13026553,0.14675938,0.13303216,0.08872551
0.6705130500522003,0.72751635,0.90672374,0.9538758,0.21285914,0.08737042,0.51838195,0.57168156
0.6655141180564723,0.68363225,0.923618,0.95793146,0.089567296,0.12941408,-0.9328364,-0.5515984
0.8967059868239472,0.7947864,0.97925407,0.9754764,0.12516856,0.1562637,-0.656303,-0.11111561
0.8713008292033168,1.0110316,0.9430037,0.9563926,0.50348586,0.3661852,-0.31557024,0.051970974
0.8404745298981194,0.8587525,0.95051354,0.95812654,0.21129633,0.35361013,-0.088529326,0.1745023
0.714180360721443,0.578665,0.9433678,0.9498659,0.11373415,0.11862687,-0.0895263,-0.3325209
0.9549507638030552,0.7585692,0.99158084,0.9822616,0.09675667,0.18836275,-0.8601832,-0.42064202
0.8373921495685982,0.9013061,0.9560351,0.9584293,0.17057486,0.20630084,-0.042410843,-0.223082
0.7926583706334825,0.7205764,0.9737654,0.9591183,0.096672066,0.14585777,0.21190299,-0.3319755
0.8863061692246769,0.976032,0.9557169,0.9690583,0.31156167,0.32480118,0.34433374,0.07940539
0.9146130344521378,0.95841753,0.9836961,0.9703711,0.35703853,0.28279242,-0.3722995,-0.0135341
0.8982994971979888,0.72254574,0.98820823,0.9720335,0.10014697,0.14938572,0.4740813,0.3933573
0.9675775023100093,0.5922458,0.98435616,0.9798892,0.1427529,0.1756663,0.49079847,-0.017731305
0.7037564470257881,0.7466396,0.94151014,0.9575147,0.14968881,0.20420155,0.7639037,0.17241795
0.8886370585482343,1.5491475,0.936934,0.97029936,1.1442921,0.308647,-0.24981149,-0.047284566
0.7697987591950368,0.92173994,0.9541118,0.9707195,0.24287692,0.198328,0.5235547,0.41671088
0.9221045204180816,0.8212215,0.9777124,0.97593755,0.15961201,0.20586842,-0.6794964,-0.23991945
0.8895038460153841,0.9348853,0.97285324,0.96643287,0.34876212,0.29274338,0.030599987,0.3755242
0.8671553406213625,0.67070657,0.9807776,0.9609937,0.12274236,0.14644185,-0.8311371,-0.0035722991
0.9231661886647546,0.7245213,0.9702122,0.9790595,0.15452705,0.23569624,0.4675274,0.50790584
0.8528272833091332,1.2842219,0.97893435,0.9725731,0.37436277,0.24499977,0.07267675,0.408586
0.811880719522878,0.74317664,0.96014786,0.96618694,0.13141693,0.11622969,-0.14088394,-0.16881056
0.8671525566102264,0.88648564,0.965174,0.9653756,0.27852973,0.20905186,0.9260623,0.28035903
0.8811559406237625,0.67487043,0.9574824,0.96451175,0.10886216,0.18815884,0.09850982,0.08616696
0.7786707306829227,0.60052836,0.9902813,0.9591244,0.09025426,0.11925422,-0.16433132,-0.41419333
0.8605643382573529,0.64581263,0.98452765,0.97824895,0.10208129,0.1609144,0.83958817,0.68534106
0.8709244116976468,0.8455725,0.97241944,0.96873343,0.13690577,0.20371589,-0.13899782,-0.3932331
0.6749064116256465,0.7504772,0.9263579,0.95093715,0.20208089,0.10723781,0.04192062,0.027468946
0.8548068112272448,0.7839215,0.9754689,0.96773577,0.17169009,0.20290896,0.14197955,0.25747204
0.9125862743450973,0.94290906,0.9701071,0.9787926,0.27777705,0.22994313,0.19171005,0.04756028
0.6794030696122784,0.55765086,0.9046579,0.9498662,0.076672494,0.14434385,-0.29389068,-0.13555983
0.7427977871911486,0.5674801,0.94602376,0.9593879,0.055738803,0.12393419,0.19490333,0.2662296
0.9280321601286405,0.9929752,0.9814698,0.9732627,0.3401273,0.28074276,0.17640482,0.2562045
0.9710645242580969,0.8292822,0.9906232,0.9860336,0.22746566,0.36732832,0.26373646,0.33728355
0.8842002088008352,0.6691566,0.95806295,0.9717814,0.09883289,0.14979193,0.21221393,0.37499416
0.9591221724886898,1.238386,0.9922389,0.97878987,0.3159769,0.2811881,0.23309146,0.44876003
0.8521610406441625,0.85747355,0.9749364,0.9649188,0.19378828,0.12038022,0.727254,0.4083454
0.8824327457309827,0.8687845,0.9796766,0.96718997,0.31480828,0.37429932,-0.31115636,-0.13423781
0.89300402001608,0.9853545,0.9857883,0.9909998,0.10396761,0.13887753,-0.055527035,-0.3661431
0.5370321001284005,0.7363171,0.9357785,0.9515411,0.13902803,0.099793166,-0.2651655,0.16857116
0.9200034560138242,0.69355553,0.9854719,0.9697598,0.15291083,0.22392114,0.12978637,0.39922884
0.7831062364249456,0.6266328,0.96010506,0.9615893,0.07037643,0.115316756,-0.48302037,-0.34344062
0.7834084456337824,0.8012808,0.92193,0.951195,0.2443595,0.22752556,0.54657334,0.18730874
0.8387187788751155,0.9462715,0.9517207,0.9685087,0.30494314,0.17861478,0.16470122,0.22717458
0.6313214692858772,0.67382514,0.9316788,0.9481177,0.13619582,0.12401349,0.24625984,0.11006153
0.5782317209268838,0.7076728,0.94324243,0.9476782,0.13701293,0.13315861,-0.40656358,-0.5568634
0.9066627626510506,0.78241825,0.9930958,0.9755334,0.11752875,0.32004842,-0.53615284,-0.23824775
0.9144014496057983,0.83439153,0.9909349,0.9773665,0.14607352,0.1664074,-0.20402652,-0.34149557
0.873940743762975,1.2653397,0.9276623,0.9607946,0.66277397,0.336106,0.75555044,0.19386713
0.8629861399445597,0.66289514,0.96954745,0.96836257,0.1447021,0.19601701,0.28820392,-0.37013564
0.7133851895407581,0.72605854,0.94072706,0.9596181,0.11433789,0.14474516,0.46869642,0.7660727
0.8869240276961108,0.646875,0.9725892,0.960366,0.11730401,0.16064976,0.7757994,0.116788335
0.8066383305533221,0.6924396,0.9734614,0.9673732,0.120236345,0.112159275,-0.06995518,0.15741333
0.863947391789567,0.79462814,0.970687,0.96523684,0.21640067,0.22533472,0.45841438,0.41199556
0.8540592562370248,0.7865296,0.9640747,0.96389496,0.17202918,0.18059458,0.38319543,0.15892807
0.8250233640934563,0.8895696,0.9697295,0.95646334,0.23090811,0.17016153,-0.13169223,0.12124204
0.8715965103860415,0.5912591,0.96525085,0.96299493,0.13593927,0.13497275,0.2540654,-0.26159227
0.8352116928467713,0.77367145,0.95717263,0.959741,0.1957272,0.24939823,-0.29807946,0.019396631
0.8266630506522027,0.9097283,0.9502278,0.96353364,0.24470936,0.16742451,-0.19371368,-0.12888035
0.8147051468205871,0.7287657,0.9619138,0.9681746,0.111419864,0.112320915,0.3773922,0.5514877
0.697376453505814,0.56264204,0.97637624,0.95213276,0.072583854,0.1136043,0.16334169,0.2777614
0.8259080076320304,0.7428964,0.97676617,0.9650126,0.10204465,0.12942073,0.8548651,0.63741434
0.8019710798843195,0.62880987,0.95326614,0.95424414,0.11275849,0.19021256,-0.03422616,-0.35434303
0.9224913059652238,0.6599242,0.9921882,0.98013854,0.05985993,0.1011137,-1.1203762,0.65970486
0.9217932871731487,1.0577524,0.9695042,0.9787178,0.22249286,0.2801247,0.033079933,0.23017211
0.9384129696518786,0.9033633,0.9822861,0.97541755,0.20923744,0.21063502,-0.28595948,0.06991018
0.8791672926691706,0.60943764,0.9648548,0.96481615,0.1177114,0.12726507,0.28341335,0.4074517
0.8982644570578282,0.9494481,0.99013156,0.9719561,0.2695137,0.32192233,-0.05778001,0.40209213
0.9029073236292944,0.8170575,0.990967,0.97571146,0.14820288,0.20348752,0.43133774,0.043347254
0.6716771507086028,0.8874261,0.9705324,0.9566892,0.1738353,0.13179518,0.012384279,0.09554799
0.7921756807027228,0.6021807,0.9587966,0.9580272,0.12567967,0.12178429,-1.1603189,-0.8456423
0.9135658622634489,0.8238193,0.9744671,0.9781752,0.114372954,0.12522058,0.7285875,0.04568985
0.8261768765357513,0.64983606,0.9659166,0.94958854,0.12173794,0.2018114,0.017728016,-0.49385592
0.8639270397081588,0.6033588,0.952923,0.95681155,0.07829784,0.13244584,0.6882313,0.3164558
0.8484277777111107,0.8258931,0.9790192,0.96534306,0.12927811,0.18748824,0.10253606,0.47068602
0.7537600710402842,1.0177824,0.9674267,0.9534517,0.18955977,0.27643043,-1.3301562,-0.80815536
0.9384684578738314,0.6857742,0.98516995,0.9813342,0.13283505,0.2133278,0.30282637,0.3534789
0.8615263581054324,0.8694034,0.94737315,0.9618513,0.25187638,0.19493951,-0.8093479,-0.31328762
0.9440064320257281,0.9635133,0.9905446,0.9895209,0.19897571,0.20486048,-0.43858212,0.180081
0.737632294529178,0.7336902,0.9520536,0.9546053,0.17485757,0.15064749,-0.06403488,0.45156428
0.9568941955767821,0.90930754,0.9922905,0.98681134,0.18345436,0.25112045,-0.027983494,-0.0865501
0.8864574658298634,0.6368265,0.98767096,0.982529,0.0721866,0.10755628,-0.27306858,0.0248391
0.8724337297349188,0.86693645,0.96966916,0.9675027,0.28091267,0.2714822,-0.43246633,-0.09602465
0.764254161016644,0.8016982,0.9559518,0.944305,0.20998006,0.3129144,-0.27448854,-0.6290836
0.8986114024456098,1.0764508,0.9574876,0.9482847,0.6356718,0.71965426,-0.031640902,-0.26401028
0.8647292189168757,0.67647225,0.9799092,0.9720874,0.18122612,0.1716188,-0.22549295,-0.060274195
0.7770423721694887,0.6648565,0.9391112,0.9522329,0.15870611,0.15440018,0.67355984,0.36786914
0.8062880251521006,0.70831674,0.9205503,0.9666547,0.12200931,0.12088121,-0.59900767,-0.41128328
0.7050491881967528,0.6312788,0.9431356,0.9607049,0.11286554,0.110436425,-0.8842408,-0.7104717
0.9045121620486481,0.8553491,0.9784337,0.97806233,0.2711064,0.36691988,0.81383145,0.2925224
0.9135208380833523,0.8597152,0.9949574,0.9891713,0.14346458,0.24083936,-0.102146626,-0.4111667
0.6390238680954724,0.62893474,0.9237468,0.93969274,0.114288785,0.11090671,0.12610734,0.2953363
0.6566990747962991,0.4848584,0.9484476,0.9456006,0.05904655,0.11459228,-0.34893835,-0.1926157
0.8740892563570254,0.63408726,0.9682346,0.9554998,0.10160536,0.1620811,0.20854372,0.16109666
0.9376502466009862,1.1206684,0.9789463,0.9683736,0.4000855,0.4878651,-0.9152323,-0.05221793
0.7547027948111792,0.8266439,0.9655964,0.96096194,0.22755429,0.14360818,0.24238218,0.5260377
0.7255382621530486,1.0621462,0.98944527,0.9774484,0.23548749,0.31755477,0.44070995,0.7120707
0.9100609842439368,0.71225494,0.9389047,0.97098243,0.29074955,0.16522992,0.35197046,0.31112763
0.8690984843939376,0.8445334,0.9862433,0.96771854,0.15343107,0.21594368,0.64781797,0.6484374
0.8993522374089495,0.8635926,0.9760106,0.976281,0.1830388,0.13884823,-0.3731528,-0.022761643
0.9016547106188424,0.9055981,0.9823343,0.95742524,0.15547605,0.45391956,-0.0002561951,0.09376418
0.868879795519182,0.6365353,0.99195683,0.98395866,0.07241672,0.09693186,0.34038493,0.6031374
0.8899320077280308,0.53935176,0.95053744,0.96596396,0.11279785,0.09983576,0.026992403,-0.13781588
0.8934347737390947,0.6378062,0.9825856,0.9768519,0.058344685,0.15756752,-0.5377496,-0.4103176
0.8305306181224725,0.61418015,0.9853022,0.95738786,0.12402961,0.09968942,0.124784455,0.8079824
0.9114384937539749,0.9151965,0.96436894,0.96861637,0.38584104,0.39738655,0.04618313,-0.010330581
0.9376911427645709,0.81382614,0.9911982,0.9804336,0.20454228,0.21461643,-0.114644624,0.092116386
0.9154871179484718,0.94511646,0.97893435,0.96752226,0.37436277,0.5320252,0.07267675,0.15112188
0.9502838011352045,0.75102085,0.9856396,0.979089,0.12893184,0.124194294,0.052655037,0.1614813
0.8368241152964613,0.9631324,0.9328071,0.96082646,0.35566765,0.3784571,-0.84872186,-0.54255176
0.7397864471457886,0.6391011,0.9531305,0.9334487,0.10802758,0.11953086,-0.5831595,-0.15572563
0.8471815967263869,0.64092606,0.96407485,0.9728595,0.09775577,0.118440695,-0.42738277,-0.017984299
0.7890489481957927,0.8864026,0.9735049,0.94999176,0.19698624,0.18581279,0.054839097,-0.08727162
0.7867085548342193,0.8624814,0.9601492,0.9529427,0.24202529,0.20631412,-0.85714245,-0.39626095
0.8669237876951508,0.7379073,0.9486147,0.9576839,0.23497865,0.22059412,0.043258317,-0.16252083
0.7447941151764607,0.5388114,0.96425503,0.94779044,0.062105093,0.093424186,-0.36719745,-0.36173055
0.801322501290005,0.687407,0.96272,0.94397646,0.15878628,0.14177509,-0.3856928,-0.48531666
0.9144158496633986,0.8206009,0.957612,0.9684843,0.24570613,0.30246878,-0.55080676,-0.31005058
0.839753279013116,0.7467792,0.95815617,0.95197463,0.23109144,0.14722748,1.0005562,0.489476
0.9007602750411002,1.2298617,0.9737956,0.9868384,0.33076438,0.2373181,0.54173225,0.27453747
0.8702755451021804,0.67426497,0.97919786,0.96844506,0.1148855,0.16193901,-0.041682605,-0.5849706
0.9097139428557715,0.75969374,0.9773171,0.9668318,0.20927182,0.22935672,-0.35659605,-0.77107084
0.8997116628466514,0.74804777,0.97385854,0.9531973,0.19658814,0.45978737,-0.125995,0.3102612
0.8476731186924749,0.6565078,0.98940676,0.9830237,0.07982226,0.13864985,0.7681225,0.62140906
0.7714942219768878,0.612684,0.96204895,0.951198,0.06617074,0.17959183,-0.3692461,-0.5634986
0.9110034200136801,0.58680165,0.97130746,0.96669585,0.12734371,0.17216401,0.2274496,-0.1133905
0.8622366649466597,0.80166143,0.97337496,0.95797366,0.13862805,0.15955824,-0.3919142,0.10172256
0.9522009288037151,0.857519,0.97953,0.9811583,0.18737976,0.31613126,-0.48257217,-0.36577797
0.9535898623594494,1.1730254,0.9693986,0.97140497,0.48291543,0.33929455,-0.0075939978,-0.25015774
0.9258331753327014,0.6273087,0.9926135,0.9704473,0.14206544,0.21019602,0.3957435,0.023411142
0.8081628166512665,0.73598045,0.9712198,0.9519849,0.17013504,0.17014557,-0.326289,-0.12666577
0.853622550490202,0.9412235,0.9732084,0.9701619,0.20791763,0.24898235,0.03983991,-0.55701727
0.8752865731462924,0.65957123,0.9854035,0.9586931,0.08461098,0.26124147,-0.27689895,0.018526386
0.7810465481861927,0.7711399,0.95855176,0.9531073,0.18839775,0.1650485,-0.6785636,-0.7752106
0.6311449245796983,0.6743219,0.9525301,0.9445929,0.13168801,0.110201575,-0.48553944,-0.47071162
0.9168309313237253,0.82550323,0.98143,0.974956,0.25517514,0.29144248,0.41539153,0.11816803
0.9322509930039721,0.80791825,0.9785791,0.9770674,0.26710016,0.23588288,0.61890584,-0.08758029
0.6737587270349081,0.7116654,0.9787242,0.95563936,0.08135441,0.108717516,-0.4019537,-0.07866468
0.8782511610046438,0.6751491,0.96126735,0.96628016,0.15689117,0.23081966,-0.4789042,-0.5496732
0.8545408901635606,0.71304256,0.9862007,0.9799767,0.12297318,0.1241293,-0.17257367,-0.13484882
0.8616850467401869,0.52261734,0.96318096,0.97010064,0.06704478,0.108911335,0.37191176,0.6444405
0.731005676022704,0.7895001,0.982225,0.9455221,0.20105505,0.145219,-0.42312625,-0.74612993
0.8486332185328742,1.095193,0.95316106,0.9561857,0.5335825,0.5241617,0.36172986,0.3577246
0.8857654950619802,0.76512647,0.9484487,0.973211,0.16453232,0.182434,-0.8798614,-0.4133653
0.8734414457657831,0.7245266,0.9869211,0.9645771,0.152033,0.18721288,-0.50089604,-0.5110824
0.7777455749823,0.7536697,0.9508092,0.9519517,0.14630409,0.22783925,0.17239472,-0.067174256
0.829872439489758,0.67358106,0.9781599,0.96926296,0.08633299,0.13493803,0.0034973773,-0.01273386
0.8212915411661647,0.6088032,0.96940076,0.9559392,0.05373948,0.15199424,-0.51034427,-0.240295
0.8693368533474134,0.9317318,0.97384197,0.9686871,0.27518654,0.30423385,0.14745897,-0.109749
0.7912405409621639,0.69410247,0.9459611,0.9466438,0.15828474,0.17947792,0.006700978,-0.05518456
0.6914614858459434,0.6459826,0.96619457,0.9536575,0.10982354,0.121141545,-0.8380835,-1.112207
0.9346762507050028,0.73034924,0.99492425,0.9693393,0.19473052,0.264464,0.08648553,0.263283
0.9264580418321673,0.8423141,0.9703313,0.9708792,0.34258178,0.3523438,0.5715907,0.21309766
0.7808891075564302,0.6254987,0.9775566,0.94351405,0.15199864,0.1402624,-0.038077474,-0.059653193
0.9195957423829695,0.46019357,0.98355436,0.96424395,0.054999776,0.1241337,0.39508924,0.052575413
0.8599879519518078,0.59513724,0.95419496,0.95957696,0.12259835,0.16720285,-0.434226,-0.25359488
0.8769822279289116,0.7240273,0.9754689,0.95912564,0.17169009,0.23637497,0.14197955,0.2616905
0.9180438001752006,0.66525596,0.972004,0.9778275,0.08590772,0.18538786,-0.8523925,-0.40122727
0.7310141240564961,0.5952767,0.90670896,0.9410601,0.075026646,0.12642089,-0.69445395,-0.54861695
0.8814364537458149,0.79949445,0.9673006,0.97701883,0.1454562,0.19009817,0.26947188,-0.067985356
0.7745943623774495,0.79172945,0.9236968,0.9419904,0.272841,0.27017447,0.21974117,0.15117805
0.7018035112140448,0.57821494,0.9679199,0.9467731,0.05621281,0.11706046,-0.13368309,-0.2151754
0.8489174756699026,0.71516824,0.9857723,0.96421456,0.1340797,0.158239,-0.8459821,0.32100198
0.8555068460273841,0.89592725,0.9736494,0.9775047,0.13191949,0.19748428,0.30115062,0.18760014
0.7720458401833608,0.62550056,0.9597043,0.9469264,0.10515575,0.19160444,0.6178994,0.09403119
0.8656253825015299,0.7713394,0.9758673,0.9727325,0.22411683,0.23360308,0.05683533,-3.1642914e-05
0.5414028056112223,0.58742994,0.87560844,0.9228359,0.10517642,0.08615871,0.47578838,0.44292003
0.6161752967011868,0.8715635,0.8773531,0.94716436,0.29822844,0.20225446,0.40204564,0.61304957
0.739938703754815,0.750629,0.98245984,0.9707423,0.11176494,0.16384971,0.2665463,0.64624935
0.8992977091908367,0.9780466,0.9873309,0.9794607,0.28528637,0.23389238,-0.40455335,0.15517713
0.9350735002940013,0.7971488,0.98601407,0.98749626,0.15646169,0.19432081,-0.19931877,-0.11035617
0.8748292273169093,0.5327389,0.97214514,0.9628476,0.077584386,0.099197105,0.6238819,0.4295111
0.8162896331585325,0.793427,0.95362866,0.95624965,0.22025454,0.17996196,0.41457984,0.3328545
0.943008316033264,0.796899,0.97748476,0.9852652,0.20751823,0.24739863,-0.43177503,-0.37471318
0.7759135996543985,0.9386442,0.98083484,0.96727264,0.2437601,0.21607064,-0.6603961,-0.6287583
0.8583020892083568,0.8569572,0.99114233,0.9897872,0.081003666,0.1478595,0.3246685,0.46194792
0.8957803511214044,1.19851,0.96829695,0.9577681,0.45665878,0.32165432,0.18596537,0.37422255
0.9072767811071245,0.8570375,0.991303,0.98637,0.10345801,0.1907772,-0.47727907,-0.33736694
0.812817107268429,0.5660456,0.90745145,0.9518743,0.13286074,0.11185689,0.47806117,0.45836717
0.7635523982095928,0.57743883,0.94180113,0.9507476,0.07872554,0.11377053,0.08094609,-0.02283134
0.8747456109824439,0.84244084,0.96076256,0.97691184,0.23298761,0.19463639,0.49583414,0.46397957
0.7860559442237769,0.9319115,0.96477896,0.9684268,0.2979128,0.22487412,0.5175125,0.1759839
0.7798938715754863,0.81052417,0.96826416,0.9481607,0.17223534,0.20892069,-0.3179169,-0.57910633
0.782875355501422,0.7587418,0.967472,0.95125914,0.19804549,0.19753084,-0.05012472,0.46554574
0.7496721826887307,1.0145422,0.9793712,0.97306776,0.27457076,0.19463493,-0.49029985,-0.61015093
0.921685286741147,1.0137327,0.98198396,0.98542935,0.16726324,0.22224492,-0.33598378,0.40789992
0.910375865503462,1.218931,0.9691686,0.97123694,0.69020617,0.4117109,-0.52488816,0.15275867
0.7998403513614055,0.5675221,0.95581526,0.95918304,0.08707934,0.119625464,-0.44248825,-0.4780172
0.9059020556082225,1.079567,0.9714589,0.9772477,0.3572932,0.24573933,0.45514148,-0.2113133
0.8981631766527065,0.702221,0.9838064,0.9738057,0.11575015,0.17689484,0.834632,0.5710234
0.713443845775383,0.97145516,0.93439466,0.94050914,0.34054703,0.30437607,0.2342003,0.29431838
0.8092694130776523,0.7890379,0.9878577,0.9764516,0.1513866,0.10805369,0.07443975,-0.16052869
0.7573213012852051,0.6204601,0.9632737,0.9514939,0.111742325,0.17584348,0.29627815,-0.026050497
0.8122480169920678,0.77050155,0.9614375,0.9742007,0.17305575,0.12960032,-0.8995308,-0.7066447
0.8713309733238933,1.0312881,0.9801918,0.9694844,0.35390034,0.19768189,0.016096605,-0.381201
0.9041579206316824,0.68155915,0.9794819,0.96916753,0.079446495,0.17689711,0.72979915,0.44955602
0.9205172500690002,0.599619,0.9914034,0.97133124,0.06725515,0.14292166,-0.11224576,0.2791095
0.7864511778047112,0.5942483,0.93590504,0.9385859,0.10351263,0.20255433,0.418258,0.34379345
0.7744551618206472,0.5923385,0.9564079,0.95291144,0.084113814,0.11140813,-0.2579965,-0.31321278
0.8716898227592909,0.85749626,0.95225435,0.963273,0.30537838,0.23253939,-0.8174013,-0.15176553
0.7201791367165468,0.7479323,0.93550646,0.9422169,0.12912758,0.11028698,0.055288088,-0.2788221
0.9165263221052883,0.7453215,0.970067,0.9742187,0.0954761,0.18268736,0.30892828,0.4041879
0.8546918027672111,0.6316408,0.972055,0.9578217,0.11231433,0.092485294,0.09719398,0.23213807
0.9268827475309901,1.334091,0.98192954,0.98659426,0.14130183,0.40046865,-0.51259744,-0.06267032
0.8009385957543831,0.7265898,0.9394123,0.95615286,0.22989507,0.13623473,0.14283311,0.18296272
0.8930323401293605,1.0392016,0.9921777,0.9908089,0.09270471,0.17048731,0.43629253,-0.3891808
0.8077986871947487,0.63735396,0.95112926,0.962048,0.11069784,0.14620753,-0.44666752,-0.25672144
0.7047591710366841,0.6754172,0.9484521,0.95498943,0.122978754,0.12836131,0.08342045,-0.14138499
0.6532109008436033,0.5418168,0.9046579,0.9452773,0.076672494,0.11881362,-0.29389068,0.025549836
0.7642727850911403,0.8584452,0.9486809,0.95500803,0.20121372,0.14654793,0.9988832,0.9885464
0.8783662654650618,1.0747126,0.9757285,0.9646251,0.48286214,0.338009,-0.21781199,-0.42373544
0.7328770115080461,0.5581348,0.95531476,0.9458286,0.04474781,0.13599028,0.33786735,0.045257792
0.8733631094524377,0.7669023,0.970687,0.9606701,0.21640067,0.2971024,0.45841438,0.51918423
0.9025134340537362,0.7289033,0.9505868,0.9625577,0.24718457,0.19533676,-0.16800115,-0.21911436
0.8575795903183612,0.6689033,0.9841014,0.96624297,0.13118674,0.23852901,0.32407677,0.05906757
0.8480564482257928,0.8646232,0.9735339,0.95656604,0.24802473,0.33872488,1.0131952,0.035178527
0.9106979467917871,0.9744712,0.9779344,0.9600961,0.28097326,0.3614736,-0.422571,-0.2680297
0.820878163512654,0.851226,0.9553124,0.9615459,0.29024974,0.18350433,-0.015956465,-0.27028456
0.8558047352189408,0.6824481,0.9890674,0.9713808,0.08975542,0.1668211,-0.16531013,-0.90664905
0.8376558626234505,0.72411925,0.9837062,0.95757365,0.19207239,0.13889985,0.52824336,-0.73587996
0.7865624422497689,0.98620147,0.9473618,0.9649854,0.35051897,0.25574753,-0.30264613,-0.76548785
0.8999846879387517,1.1278278,0.98652846,0.97229004,0.27984416,0.25405842,0.1943976,-0.40774396
0.9257746150984604,1.3099122,0.97346395,0.98632497,0.46882385,0.32001942,0.30882648,0.0111082215
0.8330269161076644,0.7838301,0.94130915,0.953026,0.25194985,0.16992868,0.595298,0.56816053
0.9287624350497402,0.6761011,0.9925606,0.98573965,0.11025242,0.14549655,0.8899049,0.05749611
0.5162572330289321,0.7819958,0.9278812,0.93911153,0.20945989,0.15987027,0.00052908645,0.19866538
0.7489108036432146,0.5475799,0.9532034,0.9501948,0.106541224,0.10606908,0.058851425,0.03668444
0.944691490765963,1.4863307,0.99228275,0.9880449,0.17044494,0.34262735,0.023115354,0.13582285
0.8513668294673179,0.7811013,0.95915604,0.96441394,0.23108548,0.1862518,-0.9685456,-0.108008794
0.8933516374065495,0.8997197,0.94931215,0.9684666,0.3704779,0.2895854,-0.4682917,0.030440023
0.7307091308365232,1.0162475,0.9844438,0.98047477,0.17330788,0.31286615,-0.24287538,-0.33389893
0.9002345769383078,0.88415754,0.9892042,0.9721452,0.3251214,0.42904586,-0.11930294,0.2894032
0.8768125952503809,0.6628911,0.97016084,0.9615016,0.12423654,0.12539965,0.47672623,-0.028617801
0.7696585026340105,0.6622352,0.95154476,0.94781953,0.104040004,0.15776308,-0.5605582,-0.051912952
0.8839164316657266,0.96895957,0.9756863,0.94909805,0.23113108,0.6303941,0.49742013,0.35721308
0.805815703262813,0.9468097,0.9674193,0.9615055,0.18914665,0.14495032,-0.29465786,-0.51094085
0.8791046044184175,0.7837163,0.9712907,0.97221726,0.24310134,0.28133735,0.96415144,0.19002496
0.9454072696290784,0.8103641,0.9850081,0.98796684,0.196724,0.14920078,0.06512135,0.0495365
0.8606725306901227,0.93719184,0.97836864,0.9770563,0.19600679,0.28136432,-0.57516074,-0.5482981
0.9177019428077713,1.6588284,0.9645026,0.9757088,0.63626325,0.89335674,0.047759738,-0.094150744
0.5852445489781959,0.6403225,0.941376,0.93275446,0.15077482,0.13518794,-0.027921693,-0.16531575
0.8181506966027863,0.9403449,0.97071373,0.9554533,0.30211973,0.34743017,0.26471895,0.36532006
0.8762904491617965,0.75520533,0.97397596,0.9745704,0.11828364,0.16879804,-0.1722131,0.0017957679
0.7823850815403262,0.77597624,0.97676617,0.9629459,0.10204465,0.14780428,0.8548651,0.62806827
0.8416774147096587,0.93817014,0.9673889,0.95768243,0.4152242,0.3416017,0.1540102,0.27473035
0.8784976899907598,0.6168183,0.9851219,0.9725084,0.092241414,0.10901856,-0.5687374,0.35193163
0.9031439645758582,0.77351403,0.96364236,0.95939225,0.15198722,0.25803885,-0.2650092,-0.3136913
0.9298626954507818,0.8004022,0.9731947,0.97581816,0.17540856,0.26916948,-0.41066623,-0.012770894
0.9357315829263317,0.7825003,0.9755502,0.97675604,0.20521124,0.2527649,-0.17916675,0.2679198
0.7371392365569462,0.6263599,0.9267733,0.9470721,0.12468699,0.15835822,0.38505006,0.17161699
0.46030465721862884,0.62203425,0.9387473,0.93472975,0.08222327,0.078598246,0.7042632,0.734776
0.9206117144468577,0.9253145,0.98075914,0.9817623,0.1743766,0.2895041,0.43490922,0.07619449
0.9298693194772779,0.7722966,0.9945426,0.9850321,0.103970446,0.23566078,-0.041743025,-0.24575484
0.6816273985095941,0.5232909,0.9535026,0.94280785,0.060871497,0.10764722,0.44872764,0.29116097
0.8397759351037404,1.0356871,0.991046,0.97726065,0.20871459,0.20316918,0.22879387,-0.7215343
0.8436530066120265,0.85800445,0.9603192,0.9755745,0.12508157,0.17789103,0.30111572,0.48941305
0.7544443617774471,0.6158909,0.91856074,0.95103693,0.106716745,0.12927246,-0.023943463,-0.08955967
0.8503366493465975,0.7457907,0.9568793,0.96889824,0.21093924,0.13516255,0.58737934,0.2828809
0.8451341005364021,0.755427,0.98088753,0.9751662,0.14974265,0.16391882,-0.6998503,-0.6627014
0.6325383701534806,0.70921177,0.9169061,0.9373969,0.17491612,0.19282454,0.7786847,0.5298018
0.9255508382033528,0.6567078,0.9881191,0.9764301,0.10635104,0.20982587,-0.17062862,-0.026652604
0.7336558626234505,0.6415178,0.91973174,0.9444315,0.16991363,0.17005078,-0.28036422,-0.13068834
0.8035888783555134,0.7266365,0.9619394,0.95320356,0.21363394,0.19051538,0.72508144,0.23612235
0.8097707270829083,1.2032723,0.99163795,0.9788216,0.21988963,0.28849885,0.91150725,0.46011135
0.839068028272113,0.6735405,0.9625295,0.957699,0.1523115,0.22088951,-0.0068167043,0.41458315
0.8961364165456661,0.91015834,0.98559594,0.97266996,0.17973639,0.27045265,-0.2930962,0.24775726
0.7719435037740151,0.9249704,0.97181857,0.96165705,0.17428994,0.1896553,-0.6691827,-0.40378717
0.7558931035724142,0.5565875,0.9623149,0.9394936,0.077729724,0.18305132,0.47641844,0.46336874
0.8081803847215389,0.6601385,0.96039534,0.9503541,0.14644977,0.20683062,0.6730227,0.67216706
0.8067047628190513,0.66857284,0.9679733,0.96093535,0.07746565,0.15822355,-0.49046177,-0.45371217
0.8396810867243468,0.751111,0.9748444,0.96903217,0.114133686,0.1025385,-0.30214185,0.5635452
0.7961043044172176,0.7890247,0.97206265,0.96723884,0.17373773,0.13001876,0.7573594,0.8638994
0.5255442141768567,0.62660676,0.9344205,0.9456878,0.06344655,0.11020555,-0.73361236,-0.7090905
0.8466064584258336,0.75826055,0.96153545,0.9689327,0.17314099,0.11348017,0.5769961,0.16285399
0.7941471445885783,0.5480993,0.96163654,0.94916594,0.09785669,0.1370717,0.09034786,0.13776976
0.9243945135780544,0.8758552,0.99156326,0.99109954,0.13616894,0.23502119,0.29488474,0.024134519
0.8567801951207804,0.7487478,0.97030777,0.95904636,0.121088974,0.148383,0.08692295,0.20691802
0.8400672002688011,0.8709207,0.9862433,0.9806235,0.15343107,0.1698141,0.64781797,0.45770797
0.7074346057384229,0.7540698,0.9293837,0.95047015,0.16942982,0.09877538,0.21818604,0.81342965
0.8657915591662367,0.6908253,0.9652044,0.9325741,0.16584548,0.26622555,-0.01040928,0.060335085
0.9011337165348661,1.010246,0.97893435,0.969418,0.37436277,0.3895772,0.07267675,0.19922715
0.9163418093672373,1.0138911,0.99167764,0.9706092,0.2909155,0.24521767,-0.3714234,-0.13861246
0.8354249096996387,1.5695082,0.9663591,0.9728392,0.5193248,0.7561459,-1.1076418,-0.43887037
0.9369591398365593,1.2050002,0.9819816,0.9839675,0.28302094,0.34713793,-0.31913033,-0.19639857
0.899058188232753,0.80112565,0.9750061,0.9721644,0.20955157,0.22980256,-0.63263565,0.16198453
0.91512721250885,0.91902685,0.9921853,0.9743133,0.1461721,0.237724,0.41804796,-0.1560413
0.8508305713222852,0.64458823,0.96840715,0.95009977,0.13249932,0.21948081,-0.09164486,-0.2614825
0.8447038268153071,0.8069233,0.9670623,0.9712194,0.30499882,0.21558358,0.75804377,0.16081758
0.7751194844779379,0.587051,0.96240866,0.9609175,0.09422366,0.10291402,0.18719716,-0.30873367
0.8756907347629389,0.60774314,0.9718102,0.9564506,0.10608875,0.13953482,-0.04954394,-0.2798096
0.9557174228696913,0.8244211,0.9861854,0.98395634,0.17717046,0.29493386,0.2050076,0.12883244
0.882564650258601,1.0133517,0.9904079,0.97164285,0.20136614,0.35789704,0.49766627,0.50338995
0.8687717950871803,0.80738014,0.9581155,0.9599052,0.19630222,0.21243559,0.28358305,-0.04768389
0.7855553022212088,0.9125083,0.9669355,0.96128094,0.12980564,0.21311538,-0.20349276,-0.107412055
0.6876033264133056,0.4730289,0.9744145,0.9413682,0.054885276,0.08048586,-0.75989896,-0.8738091
0.5359170556682227,0.5765505,0.98301303,0.92662233,0.04816007,0.13130204,0.13010703,-0.46161544
0.864437473749895,0.8579349,0.9640578,0.96892655,0.3183373,0.188979,0.33039108,-0.10194404
0.9364856659426638,0.7094509,0.97374636,0.98172086,0.16904394,0.16338709,0.08822209,0.029915327
0.8356031824127297,0.7014685,0.9517568,0.9540428,0.176419,0.23096293,-0.6577025,-0.43745342
0.7729050436201744,0.8915334,0.9689729,0.96545655,0.15426946,0.17695847,0.41372097,0.23157874
0.8330010920043679,0.5158674,0.9809434,0.9543072,0.0755963,0.14258085,-0.9124341,-0.7411402
0.8430903483613935,0.73689485,0.9503025,0.95238006,0.2032676,0.18602236,-0.24658214,-0.00010295678
0.6399836799347197,0.6303216,0.92389464,0.95410687,0.08944875,0.10735558,0.77575064,0.6432024
0.787811119244477,0.78415763,0.94828355,0.93785024,0.15356892,0.19830674,-0.07589678,-0.12160621
0.9432648290593161,0.7006485,0.9798026,0.98683304,0.14240785,0.18678612,0.04559588,-0.118829675
0.7358606074424298,0.5881311,0.9593736,0.9460184,0.07345694,0.12382357,0.6467887,0.6387212
0.8018532874131497,0.6876683,0.9946413,0.9658932,0.10138726,0.13388363,-0.8745004,-1.1617254
0.8064103296413186,0.75703967,0.9718472,0.9786708,0.1277867,0.089595236,-0.068359256,-0.23764963
0.7185110340441362,0.7471336,0.91236037,0.9487497,0.122792125,0.1829774,0.538436,0.14734434
0.6628491473965895,0.86766005,0.9485043,0.9465131,0.17566337,0.12951688,-0.3018327,-0.22832116
0.8938307753231012,0.7554787,0.9847939,0.9754546,0.10003343,0.14431404,-0.33643687,-0.15301803
0.7724116016464065,0.7796942,0.98464406,0.9518049,0.13029148,0.18211699,0.5026526,0.20924097
0.8537170148680594,0.75237,0.96231145,0.959579,0.21702161,0.24422364,0.10853408,0.06968926
0.9266199944799778,0.7191348,0.96878004,0.9729339,0.18204689,0.15275773,-0.6610565,-0.3582444
0.8745931623726494,1.4428635,0.99205256,0.9764353,0.35584065,0.74719363,0.84846544,-0.20808701
0.9198564794259176,0.7664071,0.9711077,0.9761239,0.1757079,0.17979655,-0.19305578,-0.40691656
0.6695652382609529,0.646409,0.9200463,0.9447671,0.1147805,0.08021431,-0.0022135791,-0.083905615
0.7909791319165277,0.83651257,0.9704459,0.9701165,0.1192634,0.17609662,1.1933136,0.75339055
0.8866691466765867,0.9431111,0.9946224,0.97991914,0.22527707,0.24701123,-0.7833518,-0.55936325
0.9401082404329617,0.7857431,0.99395823,0.9840958,0.08623645,0.10193302,-0.11150338,0.062360737
0.7852577010308042,0.7451155,0.9631962,0.9614104,0.14237554,0.13153678,0.6841308,0.22161078
0.7802905451621807,0.5110086,0.9622779,0.96165967,0.049275313,0.08833722,-0.22802016,-0.06527107
0.6937125028500114,0.58708197,0.95816517,0.9365883,0.095179,0.07916707,0.06789486,-0.04602542
0.7770340201360806,0.6263276,0.9549215,0.9499653,0.113475546,0.088227555,-0.28714603,-0.43449765
0.8873982695930783,0.9472939,0.93363947,0.9565641,0.40594545,0.42819372,-0.00849967,-0.11280563
0.771871119484478,0.51337254,0.9874232,0.9647189,0.06861993,0.104075484,-1.203234,-0.54332167
0.8565962309432336,0.88068694,0.9259341,0.9520279,0.3158087,0.32316008,0.524929,0.37705824
0.8701964407857631,0.6801157,0.97006917,0.9683134,0.11274889,0.14022975,0.569038,0.002844758
0.9082947691790766,0.73419034,0.9824885,0.97022784,0.1331353,0.33588955,-0.60844857,-0.19009867
0.7947656750627002,0.6367509,0.94456786,0.95093375,0.16039605,0.1238621,0.23181404,0.04903845
0.9086597626390505,0.873302,0.99238235,0.9805866,0.12804379,0.18424854,0.23446561,0.48714638
0.8086648026592106,0.8564801,0.96372503,0.95847535,0.15129168,0.19923878,-0.33177635,-0.19761595
0.8082673610694442,0.57924646,0.98493505,0.9653084,0.06338236,0.09551061,0.023329686,0.09802819
0.8299358957435828,0.67095345,0.9463832,0.9620319,0.19924188,0.1437319,-0.4723503,-0.4583556
0.41702173208692833,0.728368,0.8738281,0.9497219,0.06644887,0.11126208,-0.28034255,-0.15633726
0.7782292249168996,0.7749069,0.95326275,0.9427063,0.22877485,0.13778429,-0.43794763,0.40073714
0.7260060720242881,1.1812961,0.9341784,0.95824784,0.44127882,0.3367034,-0.017856512,0.259664
0.8965171540686163,0.9997837,0.9838086,0.98121303,0.29285687,0.2625107,-0.5773049,0.28026196
0.8736566786267145,0.7321633,0.9754689,0.96361613,0.17169009,0.21012837,0.14197955,0.24494086
0.8315151980607922,0.8528182,0.965188,0.9636562,0.26014766,0.23004757,0.29095426,0.60229695
0.821570614282457,0.8624266,0.9561841,0.9559955,0.21484454,0.26044354,-0.9890585,-0.66947305
0.8829199476797908,0.91642535,0.96644205,0.9808927,0.2624752,0.15467256,-0.4422677,-0.14457422
0.8643406093624375,0.82108486,0.9644203,0.96061474,0.2622755,0.24852416,-1.0096519,-0.25876182
0.8733270133080533,1.1583198,0.973401,0.9673799,0.4905403,0.23725162,-0.46065792,-0.5781754
0.89887914751659,0.7505716,0.97864884,0.9762172,0.13993682,0.19732127,1.2541146,0.2085522
0.7164534578138312,0.6743608,0.9594367,0.94674045,0.12005986,0.08988459,-0.08412326,0.14571264
0.8853696854787418,0.7917824,0.9877343,0.9690659,0.09120386,0.20187521,1.3620311,0.73018533
0.807069084276337,0.7656623,0.9268523,0.9658813,0.16814522,0.16631117,-0.20171063,-0.17292583
0.8418934155736622,0.90917146,0.9580461,0.9587505,0.21379364,0.17349425,0.025798775,-0.24463274
0.9685860823443292,0.95852983,0.98751205,0.9829797,0.28545138,0.32099977,0.34732413,0.21706943
0.8107779631118525,0.53617686,0.9331092,0.94326365,0.102507174,0.20054695,-0.4403874,-0.44345406
0.8626111624446496,0.6641667,0.9776234,0.9716432,0.08334716,0.10867728,0.43638676,0.13435924
0.8262756891027564,0.78584206,0.93336487,0.9443445,0.23142903,0.23833199,-0.42111987,-0.3961264
0.6540783603134412,0.56538266,0.9101344,0.9403041,0.09406129,0.09651101,0.683728,0.6330197
0.6834733898935595,0.5175259,0.9046579,0.9312358,0.076672494,0.17829227,-0.29389068,-0.06733759
0.818943947775791,0.8728227,0.96570307,0.97122407,0.09647283,0.18851969,-0.53399384,-0.29482472
0.765130740522962,0.70218587,0.9601694,0.9464799,0.16499105,0.20465423,-0.26380107,-0.14601642
0.9056526466105864,0.7117062,0.98409986,0.9728065,0.080307096,0.21034211,-0.44070345,-0.29589596
0.5435972783891134,0.71051216,0.9500034,0.9525609,0.07483206,0.10442989,0.27503318,0.5037377
0.9085540662162648,1.0865694,0.9874921,0.9704539,0.31121334,0.6104529,-0.75301284,0.12051725
0.7751202524810099,0.8604882,0.9419272,0.9482123,0.25524342,0.25684828,-0.55900866,-0.24389702
0.8955495661982648,1.1442306,0.9723094,0.95689416,0.5428664,0.66368055,-0.10174834,0.1459813
0.947626414505658,0.82924175,0.9929712,0.979053,0.19562984,0.25598872,0.4494916,0.14318766
0.9189230676922707,1.0156039,0.98650825,0.9671963,0.26408362,0.6517944,-1.8787889e-05,-0.14099424
0.7823471613886455,0.8360688,0.9898287,0.9582282,0.20375976,0.26304945,-0.35006624,-0.61172265
0.9381270805083219,0.8194716,0.98159444,0.9794152,0.10137969,0.15625305,0.18999171,0.22388582
0.7877083028332114,0.7506802,0.92573524,0.94966424,0.18151174,0.103830785,-0.684872,-0.42330995
0.7563209772839091,0.65272653,0.9524824,0.95314014,0.10307682,0.102657214,-0.2875144,-0.21989803
0.6108078192312769,0.6125153,0.9003078,0.9438268,0.10847891,0.07769736,0.06124237,-0.13497263
0.8423920415681662,0.7994239,0.9640046,0.9539289,0.1927591,0.19963136,-0.5645998,0.08640043
0.8353835335341341,0.7125447,0.9454421,0.96410036,0.14154382,0.1351413,-0.18921235,-0.016160555
0.7793875655502621,0.74588317,0.94809985,0.962509,0.16719344,0.10716475,-0.23552138,-0.20508045
0.9581113844455377,0.9424775,0.98512197,0.98642886,0.2858384,0.2107747,0.33953813,-0.08134243
0.898934539738159,0.7900594,0.9772663,0.97663546,0.18439965,0.17047656,0.1381648,-0.23843536
0.8754730058920236,0.64634186,0.9827884,0.9626606,0.0872302,0.16779183,0.06279616,0.13021559
0.8900059280237121,0.94115764,0.98300236,0.96849704,0.25259972,0.29008377,-0.11315667,0.3194053
0.7521127044508177,0.8016333,0.93661386,0.9403507,0.20230533,0.24608402,-0.81333655,-0.6497104
0.8118795675182701,0.5329503,0.9608881,0.94664264,0.094112664,0.12903892,-0.4180379,-0.09973142
0.7534056376225505,0.7383244,0.92986864,0.9447485,0.16905935,0.19925898,0.41535988,0.40840852
0.8824678818715275,1.1597002,0.99028015,0.9815308,0.36715177,0.42057097,0.20607558,0.40735793
0.9283106572426288,0.9087575,0.99470425,0.98349965,0.24064082,0.33145863,0.42069027,-0.22730766
0.8544468097872391,0.83733076,0.96318805,0.9705352,0.26115945,0.23747998,-0.0027259008,-0.05955064
0.7728542594170376,1.0931635,0.9245375,0.94838417,0.4727126,0.2619418,-0.41853017,-0.40955612
0.8769242436969747,0.88088846,0.98540825,0.94216645,0.2391396,0.32537815,-0.5535336,-0.8385352
0.8413679296645492,0.7854379,0.9543868,0.9585955,0.2540421,0.21709184,-0.6459544,-0.30561838
0.7509328597314389,0.95096844,0.949139,0.9374221,0.37302488,0.27062318,-0.81959146,-0.43450695
0.8068907155628622,0.60415196,0.9617544,0.9755307,0.12872015,0.11121707,0.77609485,0.26293972
0.8349122676490706,0.9248235,0.96635616,0.9745745,0.2265357,0.16171786,0.38156497,0.2767696
0.7327787071148285,0.709878,0.91733503,0.9501809,0.16516209,0.14265074,0.19764766,-0.21976219
0.9266078024312097,0.6751492,0.9725315,0.97461385,0.116565324,0.17120314,0.09672311,-0.038100757
0.6151616286465146,0.59715295,0.944052,0.9533196,0.062376514,0.08028162,0.2044976,0.1856553
0.9116462385849543,0.9029348,0.9845633,0.96603024,0.24993356,0.4325146,-0.18675117,-0.08617174
0.6308465553862216,0.5711003,0.90852714,0.9385736,0.10754293,0.10616631,-0.7896091,-0.6603142
0.905560774243097,0.77793586,0.98846865,0.97882646,0.1572429,0.21864904,0.14432047,0.22685637
0.6831965247860992,0.8020261,0.93258774,0.93699193,0.24639718,0.22026238,-0.21650164,-0.1909259
0.8148457873831495,0.6917704,0.9836623,0.9528992,0.119339325,0.11255596,0.09827524,0.24387981
0.797687446749787,0.63883215,0.96220285,0.9483479,0.10304208,0.1471258,0.46795556,-0.12088878
0.9404204336817347,0.94884145,0.9918807,0.9860838,0.08925845,0.21734865,0.08129398,-0.14536953
0.7816495265981064,0.65453917,0.9368081,0.9477583,0.16935259,0.16133429,0.76493096,0.43370637
0.8871273565094259,0.66028184,0.9717166,0.9618034,0.122826785,0.16288887,-0.50823843,-0.42154914
0.7589986199944799,0.62655044,0.96133125,0.95901555,0.11416993,0.12923029,-0.6708295,-0.21689412
0.8540550322201288,0.6441663,0.9723347,0.9612152,0.11986129,0.104408585,-0.32854486,-0.57909775
0.9117043188172752,1.106785,0.9886271,0.9756022,0.39277187,0.3869076,-0.2645944,0.28799897
0.8794271657086626,0.6509712,0.9805519,0.96978724,0.1108777,0.13421272,0.004623791,-0.022077918
0.9088365953463815,0.9730406,0.9704081,0.96599823,0.43198398,0.39487013,-0.32702398,-0.1722512
0.789323221292885,0.8611009,0.9727629,0.9786901,0.16702855,0.105489,-1.0665975,-0.39881256
0.9415157980631922,0.63867944,0.99477726,0.98733515,0.058261793,0.10553556,-0.36838475,-0.48682517
0.7655447901791607,0.7274447,0.9637252,0.95427626,0.10043999,0.1526452,0.32502624,0.19609459
0.901501878007512,0.6140502,0.97574735,0.97311527,0.12752917,0.108585365,0.26107955,0.5430582
0.9478757275029099,0.7378586,0.9871132,0.9865376,0.13322704,0.24813412,-0.099202044,-0.09954702
0.8264162336649347,0.5968663,0.94922525,0.9486795,0.08404305,0.14531168,-0.22990105,-0.40546924
0.8336160704642819,0.67361385,0.95412004,0.9594093,0.1476155,0.14953195,-1.320547,-0.38114864
0.8925067380269519,0.8900844,0.99063885,0.98608387,0.13006866,0.1892411,0.09148724,0.07540641
0.904696098784395,1.0380375,0.9913182,0.97439086,0.28449675,0.36569202,-0.60532427,0.13425443
0.8763616814467257,1.121542,0.9350371,0.95542115,0.9035732,0.60408014,-0.0645837,0.2542648
0.7354138216552866,0.663163,0.9624377,0.9554049,0.11040599,0.09497166,-0.12056721,0.37952608
0.8932421969687878,0.89443034,0.93532145,0.96326274,0.39656237,0.27655688,0.44990602,0.26955837
0.8380190320761282,0.93307674,0.9844752,0.98377764,0.27734286,0.124621406,0.85144305,0.16049364
0.8155929583718334,0.67377514,0.98735195,0.95876205,0.20220953,0.22206384,-0.0776196,-0.038215693
0.7041150084600338,0.7415991,0.9463125,0.9568525,0.17596209,0.1133663,-0.25427833,-0.33347067
0.9260537842151366,0.761124,0.98599225,0.9815513,0.10952717,0.12426456,0.18324167,0.0052058683
0.7584318337273349,0.791167,0.9416362,0.9446527,0.18834922,0.23326957,-0.5519883,-0.37618276
0.9055420541682164,1.0115294,0.95886093,0.96530795,0.44408205,0.47942895,0.7649759,0.07977662
0.7057978951915808,1.2529143,0.94215035,0.9499754,0.4393647,0.24728888,-0.54055405,-0.47395507
0.9244114096456385,0.9515336,0.97361416,0.97965133,0.19757828,0.3081511,-0.73935753,-0.39677656
0.9532025008100031,0.75150657,0.98563415,0.9769157,0.17395279,0.170506,-0.26607013,-0.02173965
0.9047205788823155,0.91279113,0.9680172,0.9769112,0.33892688,0.27277187,-0.7814545,-0.38795766
0.9241953127812511,0.6786505,0.9918275,0.97462237,0.19262508,0.23128802,0.5847317,-0.115803435
0.895439069756279,0.8334226,0.9813869,0.98069245,0.18653472,0.29092854,-0.16173498,0.16615158
0.31312464449857796,0.5752365,0.96050966,0.9394616,0.0582569,0.086900294,0.15954798,-0.40071324
0.8706501386005543,0.7118568,0.9570641,0.9557173,0.13274026,0.19798309,-0.30475348,-0.09083725
0.6624542978171912,0.625173,0.9338197,0.9390349,0.097458825,0.13186191,-0.07320111,-0.096496314
0.8550930843723374,0.74731874,0.97960556,0.9710395,0.15334065,0.19430846,0.079490624,-0.3728432
0.9187747470989882,0.89653057,0.9829666,0.9805461,0.1680628,0.17825727,-0.049223397,0.083422095
0.8812006768027072,0.78032905,0.970687,0.96445,0.21640067,0.24108903,0.45841438,0.4110304
0.9049029796119185,0.76331824,0.9554539,0.95415473,0.24370427,0.29587898,0.3520254,-0.083830066
0.9127435229740917,0.71661675,0.9711692,0.9739633,0.14440975,0.14837487,-0.3694844,-0.086226664
0.8259040716162864,0.77848667,0.9690689,0.94889265,0.1470231,0.16482276,1.135675,0.93709016
0.8170276841107363,0.7688384,0.9615273,0.9641595,0.12500969,0.13900425,0.080673166,0.03541198
0.7259280237120949,1.0361246,0.9502615,0.9562338,0.29027873,0.22990468,0.7396566,0.7426353
0.7982694010776042,0.8829646,0.9834782,0.9659591,0.10889853,0.25170338,0.5316538,0.9151639
0.89162718250873,0.69952327,0.9577327,0.9777963,0.13981575,0.13962099,0.06340264,0.12734297
0.8556533426133703,0.76118684,0.97349805,0.97105134,0.17316033,0.19075987,-0.036401715,-0.21748225
0.8467728270913083,0.7987837,0.956493,0.9705992,0.2163184,0.14112839,-0.43895546,-0.015408149
0.779436333745335,0.69186074,0.9664554,0.96628696,0.12335868,0.12337624,-0.07510476,0.69558233
0.7595588782355129,0.71624446,0.94078434,0.95639807,0.17634566,0.11984749,-0.003251523,-0.46114635
0.6776789027156108,1.0275058,0.9858973,0.9888306,0.17264092,0.09858433,-0.2778511,-0.8587624
0.7704612578450314,0.5183013,0.94344425,0.9475583,0.06309151,0.13137616,-0.43650475,-0.19781339
0.8826674666698666,0.7537851,0.99351746,0.9747992,0.15253773,0.23173265,-0.53201693,0.120486915
0.6787283789135157,0.63280815,0.9618342,0.9453902,0.08735942,0.14949583,0.7271808,0.5087454
0.8909736118944476,0.85434395,0.98261577,0.9723859,0.234957,0.26320606,0.13641848,-0.44155905
0.79674395497582,0.95516247,0.9531124,0.971804,0.24449186,0.17876035,0.3046068,0.17103031
0.8866606986427945,0.8124698,0.97749007,0.98081356,0.10821362,0.2003281,-0.67881584,-0.34421456
0.873992583970336,0.85389805,0.9448269,0.9765395,0.25935456,0.1622503,0.18393996,0.057309724
0.8826669866679465,0.5739179,0.96973187,0.9720259,0.0926842,0.16758715,-0.3218754,0.07147706
0.9323215532862131,0.8955982,0.98939294,0.9763859,0.34992447,0.32342517,0.22895731,0.17516589
0.9415901023604095,0.85798967,0.9806005,0.977544,0.17841206,0.3102696,0.24756418,-0.28578958
0.7992679010716043,0.55491775,0.9627419,0.95225686,0.08016014,0.13184415,0.67684317,0.6767955
0.8084145296581186,0.74379784,0.9601713,0.9530441,0.18596633,0.12010744,0.4015333,-0.21562065
0.5935718142872571,0.60376,0.9470321,0.94805807,0.09749843,0.09983058,0.2441814,0.23916319
0.719693758775035,0.5669288,0.93387985,0.93840605,0.07200563,0.11564934,0.24966297,-0.023918672
0.9584370177480709,0.6043131,0.98760456,0.9846807,0.08274758,0.14884678,-0.77970344,-0.3487895
0.9362507530030119,0.8116959,0.9691972,0.97679096,0.14194866,0.24317008,-0.5349575,-0.30735266
0.8093587894351577,0.6400749,0.943968,0.94819504,0.12551291,0.12258985,-0.23774445,-0.45585603
0.9023104892419569,1.0284153,0.9754767,0.97870725,0.28722864,0.17915757,-0.05968986,-0.069060914
0.7413860055440221,0.6723443,0.9600286,0.9501678,0.09807101,0.09757448,0.23296703,0.26679865
0.956621746486986,0.7826201,0.9863537,0.9858296,0.14745623,0.1959454,-0.056969542,-0.24551897
0.828695282781131,0.67865616,0.97676617,0.96720403,0.10204465,0.13592654,0.8548651,0.7006403
0.6848208512834051,0.60738087,0.96517825,0.9444185,0.114009716,0.11013921,-0.50255686,-0.5786538
0.7492405649622598,0.797249,0.9632905,0.9666171,0.1801269,0.12668015,0.13656656,-0.29099676
0.795199596798387,0.7763957,0.93791115,0.9443503,0.10325131,0.17055157,0.32421613,0.77515316
0.7864002016008064,0.957357,0.93903536,0.95917404,0.28367546,0.15197146,-0.97101724,-0.16660854
0.8454145176580706,0.9779072,0.9355982,0.96612614,0.32593575,0.2377579,0.3915885,0.33209407
0.9130598442393769,0.83564025,0.98251045,0.9814916,0.10731723,0.19573024,0.4380695,0.46746913
0.7842114888459554,0.7652169,0.971568,0.9510473,0.18903534,0.17006087,-0.009166276,0.076814875
0.896193248772995,0.6463504,0.94327086,0.96359044,0.14218837,0.15891713,0.18554644,0.052964665
0.8864538178152713,0.81482625,0.98116964,0.9719394,0.14713496,0.2046377,0.026518105,0.35783076
0.9104149376597507,0.93176615,0.98185736,0.9631268,0.427439,0.49371767,-0.21395038,-0.3567222
0.8618993195972784,0.83629376,0.9862433,0.9720455,0.15343107,0.24642028,0.64781797,0.53336823
0.7165283381133525,0.85717666,0.9328948,0.9609681,0.20113686,0.1549482,-0.22225498,0.17742266
0.9235817743270973,1.2185862,0.9664554,0.963912,0.586859,0.42790934,0.10425581,-0.039676443
0.8612621650486603,0.6539452,0.9669864,0.97039276,0.09968732,0.15607558,-0.79836285,-0.51849073
0.8222528890115559,0.7544607,0.9413534,0.95936376,0.2747384,0.17673944,0.19958659,-0.31538007
0.9071698366793467,0.81593543,0.9655251,0.96536916,0.20919581,0.24030647,0.25953975,-0.19153817
0.8082930891723565,0.64256847,0.9693602,0.96632665,0.09452004,0.17418306,0.4496189,0.48027018
0.9581095604382418,0.7685022,0.99448836,0.98721004,0.15356152,0.1939903,0.44045377,0.43012607
0.8743276253105012,0.8823463,0.9550199,0.9650086,0.27766225,0.23022477,-0.18429881,0.05155449
0.9481181284725138,0.66783774,0.9908159,0.987501,0.071304575,0.17187464,0.061039463,0.27335793
0.7209103716414865,0.7454794,0.97918206,0.9528626,0.1754951,0.20672703,0.09071692,0.5560475
0.897193380773523,0.8396939,0.9729053,0.96736664,0.20406272,0.31365716,0.2015261,0.22172037
0.7702605210420841,0.6132016,0.96401525,0.9619203,0.06354035,0.10723636,-0.5575985,-0.07618247
0.8688402433609735,0.7147683,0.9928151,0.9662131,0.12472683,0.15833925,0.078883044,-0.3177687
0.6921335845343382,0.5623334,0.9782166,0.9605679,0.08001129,0.14870603,0.42937857,0.6872749
0.8787268429073716,0.9289636,0.9856483,0.9791183,0.15426663,0.18175077,0.18330161,-0.1852561
0.9182040248160993,1.0541549,0.98607916,0.9754947,0.19837396,0.33947816,-0.043414064,0.07001777
0.776933795735183,0.82859415,0.91432196,0.95574915,0.26238778,0.20546636,-0.27960083,-0.14003088
0.8972153648614594,1.0698079,0.97822803,0.9746684,0.4130676,0.2706534,1.0440114,0.35749283
0.8084482257929031,0.7567945,0.9478793,0.9668462,0.18743378,0.13883021,0.21066344,0.40548337
0.9202233928935716,0.9521734,0.9733224,0.96804667,0.27167162,0.23467511,-0.61996776,-0.22958033
0.8483605774423096,0.5365894,0.96046764,0.9586458,0.08924908,0.15241718,-0.24039932,-0.12510112
0.875941199764799,0.5944071,0.98339313,0.9668419,0.07614197,0.1310474,-0.49195123,-0.3498241
0.7979368557474228,0.7134436,0.9639939,0.9599766,0.12238855,0.16745669,0.6168261,0.3447549
0.8464979779919118,0.8127314,0.9899596,0.9724132,0.11983918,0.14886634,0.106635906,0.7970739
0.8822218328873314,0.635169,0.9921141,0.9696129,0.122641504,0.16435072,0.7905737,-0.089867555
0.8540104880419521,0.65746427,0.97718954,0.9659984,0.12178799,0.1689393,0.14932133,0.40718064
0.8717530870123481,1.0271957,0.94127715,0.97346634,0.5022559,0.26285914,-0.46882176,-0.16785651
0.9122052488209952,0.8644988,0.9878587,0.972999,0.12933524,0.25315404,-0.45794046,-0.5319567
0.9037839031356125,1.3515815,0.98668087,0.9730379,0.41193038,0.5393112,-0.080491304,0.07188783
0.700690194760779,0.8070175,0.94276994,0.9571547,0.16453134,0.10751148,0.15635748,-0.19994874
0.7319039516158065,0.7316865,0.95262116,0.9645944,0.1700296,0.13716534,0.2095501,0.54866695
0.8947193548774195,0.85595053,0.9698996,0.96340215,0.3399366,0.31174856,-0.3126368,0.10748588
0.9388202032808131,0.9908533,0.9882556,0.9846154,0.26167974,0.31039503,0.8853029,-0.27378255
0.8908557234228938,0.8535125,0.9936605,0.9801879,0.08215321,0.14844815,-0.93420064,0.34124532
0.9081933927735709,0.98107356,0.97893435,0.97154546,0.37436277,0.37365487,0.07267675,0.19361469
0.8261291925167702,0.5018242,0.9444381,0.9541974,0.10742244,0.14711621,-0.11282592,0.07901989
0.9416748706994829,0.67732704,0.9807282,0.97798485,0.1582565,0.16238801,-0.34289286,0.04293789
0.7760901443605774,0.75345576,0.95267224,0.9562748,0.13462228,0.16493693,0.25503653,0.17310399
0.8845770103080413,0.9040913,0.97858846,0.97225565,0.23913029,0.26899958,-0.18171714,0.051330235
0.8526353785415142,0.78007007,0.9522021,0.9555872,0.22403306,0.15275198,-0.12233669,0.06000982
0.8430977403909615,0.71579766,0.9631602,0.95877105,0.15355156,0.197844,-0.24705686,-0.17900941
0.8470039960159841,0.7665032,0.96116966,0.9628223,0.16471118,0.15209821,-0.00021197072,0.10936799
0.9078856155424623,0.8247398,0.9645946,0.9671902,0.32586256,0.23490724,0.34658378,-0.017802678
0.8267059628238511,0.9179978,0.959949,0.9648401,0.21525246,0.18635175,0.1673251,0.31243634
0.8688222912891652,0.70080966,0.9754689,0.96373814,0.17169009,0.22661388,0.14197955,0.24313939
0.7244667058668234,0.59765816,0.9550411,0.9566331,0.08553353,0.17010868,-0.4974889,-0.556666
0.8943502334009333,0.7951231,0.9767035,0.97567815,0.109633245,0.19132453,-0.23286688,0.019807257
0.6155407341629366,0.5461388,0.9046579,0.9462098,0.076672494,0.1693259,-0.29389068,-0.1367908
0.7947947631790526,1.0046698,0.96366674,0.9572883,0.42046344,0.28152937,0.09693502,0.087937504
0.7791083964335856,0.78095484,0.95655245,0.96270263,0.12824766,0.16600932,-1.0458627,-0.5623791
0.7698091272365088,0.86190873,0.97735333,0.9719224,0.1836105,0.16493231,0.8643861,0.42403322
0.846255097020388,0.9098714,0.95431113,0.961817,0.20098779,0.27171725,-0.71001303,-0.20621486
0.9094608858435433,0.85910946,0.984293,0.9763939,0.25320157,0.3105196,0.6751722,-0.20360851
0.82399663998656,1.486464,0.9211944,0.9608462,0.94057864,0.2737234,-0.24017026,-0.24290468
0.8453065855137003,0.7074019,0.94374317,0.9604683,0.20538333,0.16187416,0.029726312,0.19566724
0.7880421921687686,0.854624,0.9514119,0.9520189,0.28563336,0.2779296,0.8428444,-0.01734879
0.8702652730610921,0.76758534,0.97612035,0.96792203,0.15365446,0.20604105,-0.3313696,0.027222503
0.8572750771003084,0.984257,0.9576697,0.97047246,0.3880273,0.2137896,-0.44982752,-0.3364145
0.8895311101244406,0.7815602,0.9844475,0.9777997,0.18561345,0.23684935,-0.64028966,-0.29334244
0.9072129408517635,0.8232163,0.9752875,0.96699834,0.1771209,0.19842356,0.009698035,0.2494855
0.8762877611510446,0.9082674,0.97259134,0.95783734,0.24311717,0.2669392,0.6782337,-0.36027056
0.7875163020652082,0.7908397,0.94247085,0.96386534,0.16549101,0.16382636,0.21385582,0.03049706
0.7826584906339624,0.72790784,0.96394676,0.95757157,0.15635912,0.18638109,0.45281267,0.1125132
0.9351411805647223,0.890344,0.98634374,0.98477876,0.23059683,0.25280634,0.21374959,0.076300494
0.8883036492145967,0.7939519,0.96948284,0.9813094,0.23166703,0.18414645,-0.02950787,-0.51127976
0.9165777783111131,0.5921059,0.9644484,0.9657807,0.15158342,0.15625185,-0.15608664,-0.03721314
0.9090021000084,0.69396466,0.9679645,0.9685802,0.15712388,0.18419778,0.12623306,0.52622795
0.8940995763983057,0.6496477,0.9858593,0.9790324,0.098500356,0.1412177,0.26809564,-0.07872791
0.8583644894579577,0.8698946,0.993872,0.9715788,0.13174438,0.18298213,0.32015237,0.5647249
0.7356617906471626,0.7343863,0.9470034,0.956257,0.17407268,0.1486226,-0.57213426,-0.4310433
0.9259221676886709,0.90940744,0.9812209,0.97721076,0.3148445,0.34352294,-0.07504175,0.12329464
0.8958066552266211,0.7473229,0.984994,0.97194296,0.11832386,0.21316603,-0.41651618,-0.33663672
0.8311725726902907,0.7693465,0.9639966,0.9687227,0.16431113,0.19875677,1.0101866,0.43979353
0.9586807627230509,1.0820689,0.991423,0.98020864,0.40113667,0.4205535,-0.6118021,-0.22985937
0.9042928971715887,0.86977965,0.9783407,0.9673621,0.28375122,0.30460623,-0.45806706,-0.48346505
0.7002337129348517,0.68056816,0.9618721,0.9557608,0.117047444,0.12646486,-0.07312077,-0.21063614
0.7807733310933244,0.75232583,0.9191285,0.95882875,0.25624081,0.18533908,-0.56856614,-0.43902755
0.817248196992788,0.67462635,0.9530219,0.9617858,0.1621955,0.18934245,-0.36510485,-0.19893867
0.8397152628610514,1.025787,0.9856608,0.9660091,0.24923903,0.16502187,0.14805861,-0.73833436
0.9074455497821992,0.7178478,0.9861932,0.97181296,0.1126231,0.19922471,-0.3732326,0.003687189
0.808186240744963,0.63914716,0.94304544,0.9549147,0.14320016,0.15561576,0.47971568,0.391097
0.7994598058392233,0.6958408,0.9314894,0.9579423,0.1524318,0.17583306,-0.49137077,-0.2349043
0.7938955275821102,0.78960127,0.91074634,0.9625568,0.22847085,0.123999685,-0.21437976,-0.3184658
0.8583354013416052,0.86218715,0.9777394,0.970097,0.1491566,0.17122428,-0.14938718,0.08855735
0.8334236856947427,0.8590268,0.9749086,0.95931584,0.16015112,0.20989434,-0.90299135,-0.55067384
0.5929452197808791,0.51552516,0.92475873,0.9483637,0.07722864,0.093673185,0.05032151,0.19467613
0.8951343645374581,0.64971703,0.98639405,0.97135055,0.07336338,0.16711946,1.1877806,-0.31949866
0.9146655466621866,1.1319019,0.94962436,0.95851994,0.74220455,0.62766397,-0.4960126,-0.36507455
0.8280968163872656,0.8616453,0.929503,0.95818985,0.3552507,0.20783734,-0.38772467,0.13190587
0.869121716486866,0.58268,0.9584216,0.9656569,0.09365846,0.122922994,0.20720151,-0.041677423
0.3421139764559058,0.65551,0.9541621,0.94759744,0.08467685,0.100803606,-0.049825314,-0.39343423
0.6486145944583778,0.7901983,0.9364532,0.9555356,0.18311729,0.14182138,-0.74631405,-0.44801527
0.950809211236845,0.9604871,0.9845538,0.975877,0.21271263,0.22227354,-0.5753826,-0.21344148
0.7830332761331045,0.6864455,0.9698181,0.9532147,0.13017473,0.27839452,-0.91237724,-0.38408852
0.8693565334261337,0.7546076,0.9454425,0.96069837,0.19457029,0.15079921,-0.4426414,-0.0912176
0.8087868191472766,0.6085768,0.97496176,0.9627061,0.11940284,0.13716063,-0.17257398,0.29178402
0.9052913011652046,0.9950125,0.9906718,0.9720329,0.21605194,0.19542167,0.24205053,-0.7458742
0.5811117324469297,0.6703619,0.9438872,0.95897573,0.072079,0.107821785,-0.35025296,-0.16919465
0.8913496453985816,0.84127223,0.9598309,0.9719713,0.20798245,0.2015749,-0.014944648,-0.10202039
0.8242895371581485,0.62809634,0.9683961,0.9552612,0.09248503,0.13628611,0.5744894,0.20629996
0.7458029832119328,0.6600929,0.9565547,0.9517697,0.08216982,0.19567734,-0.13556693,-0.28743556
0.9016004704018816,1.168652,0.98485214,0.9678449,0.359935,0.19069682,-0.42124298,-0.14810547
0.7975156060624242,1.0831381,0.94252974,0.96009386,0.4469392,0.28619912,0.4977388,0.41499788
0.8940956403825615,0.6475859,0.98465127,0.972705,0.09782245,0.11975585,0.09751892,-0.5487661
0.6400620162480649,0.7420845,0.9657441,0.9586522,0.07874434,0.17244394,-1.5120964,-1.0516055
0.9492054288217153,0.75592124,0.9849123,0.9770171,0.19232494,0.30367818,-0.3919278,-0.23768769
0.7774197496789987,0.7518192,0.9605525,0.95668095,0.11155614,0.2510407,-0.09100954,-0.12923314
0.7618881355525422,0.6366209,0.951694,0.949126,0.113746576,0.16136792,-0.43756056,-0.23131642
0.8916769107076427,0.7009892,0.9703872,0.9755894,0.10043055,0.15844214,-0.45074034,-0.53734344
0.8000515522062088,0.6496409,0.925801,0.955903,0.12816195,0.16529347,0.510471,0.2378766
0.8467043788175153,0.673673,0.97050685,0.96576154,0.12540492,0.20099212,0.096997574,0.056236383
0.958384121536486,1.0773305,0.97456706,0.97530466,0.23851217,0.7307991,-0.08443211,-0.0655499
0.8072165408661633,0.8959137,0.9326873,0.96537036,0.20248456,0.21527119,0.05604202,0.1752503
0.8398930555722223,0.6246168,0.9793944,0.9632182,0.10129172,0.13471071,0.27090794,-0.01728769
0.8494081336325345,0.6777602,0.9887926,0.9658114,0.18225919,0.15850376,-0.55261743,0.12699072
0.8303451453805814,0.90169036,0.9325487,0.95423937,0.33760262,0.23552302,-0.13046308,-0.31075782
0.8283301933207733,0.77019256,0.9563409,0.96229935,0.15989135,0.16354512,-0.60152316,-0.31014428
0.9534083256333025,0.8174575,0.9853119,0.9791991,0.15107481,0.28087574,-0.40056515,0.13222355
0.9109734678938716,0.7829804,0.9845402,0.9826585,0.14449151,0.16279718,0.12172768,0.3609131
0.9107409549638197,0.6829355,0.96554875,0.9758617,0.1710497,0.14694336,0.38049495,-0.15658118
0.9330471241884967,0.79761475,0.9915679,0.97922295,0.15468246,0.22142306,-0.92959476,0.019468725
0.7215433021732086,0.63530874,0.9714093,0.95685244,0.09607489,0.12520814,0.99727726,0.6526795
0.8873040932163729,0.7604274,0.98595244,0.9770307,0.18811047,0.13357474,-0.35308224,0.0867213
0.930813771255085,0.80667233,0.9924539,0.97762847,0.1286172,0.1882432,0.16519898,0.026234124
0.9205736022944092,0.82664734,0.97193545,0.9720952,0.16760989,0.24442185,-0.35278854,0.32586926
0.8329091236364945,0.671385,0.969561,0.96320504,0.128607,0.17121406,-0.8415455,-0.6948117
0.9158585434341738,0.7255365,0.9934536,0.98472613,0.07181111,0.17086802,0.32983798,0.29036885
0.8624305857223428,0.64881974,0.9702854,0.96687174,0.13537459,0.1318154,-0.5833548,-0.19567043
0.9193317413269653,0.76305634,0.9827415,0.971435,0.20505758,0.2156898,0.979859,0.14369352
0.8539590318361273,0.68625563,0.95003366,0.979809,0.14265084,0.14222233,-1.1846865,-0.6934973
0.9382611930447722,0.8490489,0.9809877,0.97426313,0.17655341,0.31683126,-0.12979773,-0.3732939
0.8825767463069851,0.82273537,0.9633674,0.96933794,0.16178456,0.21583821,1.1869037,0.3832523
0.7329061956247824,0.64221126,0.9856925,0.96749985,0.056725003,0.12870288,1.5973327,1.2621827
0.8779955119820478,0.99404293,0.97010136,0.96451056,0.395988,0.18270157,0.52004707,0.05471051
0.8836267985071938,0.99959487,0.99424213,0.97210795,0.18017481,0.27124152,0.38576454,0.5605205
0.684505778023112,0.6135119,0.92582995,0.95211905,0.13575992,0.14080067,-0.22599785,-0.29483777
0.9231345085380342,0.89429915,0.9590192,0.96924055,0.22678985,0.4090327,-1.3167437,-0.132931
0.8175518462073847,0.56448615,0.9383351,0.951898,0.117884375,0.14520402,-0.3186925,-0.12628266
0.7943991455965823,0.92653674,0.9403124,0.9579438,0.34449422,0.22216551,0.043092005,0.05407852
0.8972456049824199,1.1408229,0.98764,0.9728497,0.2737202,0.23427747,0.55659163,0.47638863
0.8402789771159084,1.1963574,0.9488377,0.9664467,0.66396207,0.384021,0.8679952,0.38652545
0.8631859167436668,0.91008127,0.9485023,0.96182257,0.29176384,0.24650736,0.4577226,0.18596812
0.915254509018036,0.8855078,0.9578615,0.9809368,0.2881603,0.15336053,-0.4109688,-0.33033466
0.6644775059100235,0.65897113,0.9560262,0.96138024,0.08119512,0.10400501,0.8371217,0.62681437
0.8774082776331104,0.8301075,0.9651454,0.9664635,0.24217558,0.19691929,-0.50313884,-0.19968443
0.9155868623474495,0.8805169,0.9866263,0.9752159,0.13546883,0.16473353,0.6378605,-0.7474798
0.742936315745263,0.7621283,0.9517473,0.9649109,0.149394,0.19067097,1.011831,0.5791972
0.7906098184392737,0.64201736,0.9833637,0.9552724,0.1271778,0.19060844,-0.23962614,0.2786482
0.8913041412165648,0.7883416,0.96384466,0.9726608,0.15401934,0.25155586,-0.560108,-0.30982777
0.8315778863115453,1.1774507,0.94833565,0.96137244,0.538055,0.2838323,-0.28944343,-0.29489538
0.7449800679202717,0.7917284,0.9815533,0.9637495,0.12895347,0.14220375,-0.19861853,0.5431029
0.5685854103416413,0.95952946,0.9086006,0.9530953,0.28800285,0.1461192,-0.037432738,-0.2788362
0.7637083028332112,0.78703225,0.9623418,0.9537908,0.2138445,0.16051224,0.2070579,0.31783038
0.9012259729038916,1.0371813,0.96018153,0.97047883,0.44289616,0.24462053,-0.15074128,-0.25549644
0.9070425401701606,0.71201414,0.9785033,0.97431093,0.10920652,0.17222895,-0.69401366,-0.57124525
0.5503364093456374,0.81017554,0.95668507,0.95853937,0.10523578,0.15492277,0.13811901,0.51625264
0.7423244092976371,0.61539954,0.94476336,0.96433455,0.100729465,0.106808476,-0.6640804,-0.6389965
0.8526798267193068,0.8859322,0.9670028,0.9681368,0.1523567,0.18681583,-0.8726882,-0.003219516
0.8705814983259933,0.9329568,0.98246497,0.9775254,0.21961962,0.16690235,0.08037318,0.28570026
0.8103692894771578,0.5711545,0.9318731,0.9554179,0.112376764,0.12431061,-0.1143802,-0.19452466
0.8983005532022127,0.6822622,0.9846008,0.9720992,0.13448818,0.13883546,0.30208042,0.3230466
0.8466949707798831,0.72700804,0.96985793,0.9566044,0.10278553,0.28031892,0.046266854,0.07620448
0.9369991719966878,1.3211095,0.994958,0.98326397,0.3088983,0.32254818,0.5883507,0.042023517
0.9247410749642997,0.843695,0.9677202,0.970163,0.32664394,0.35454273,-1.0053897,-0.29225224
0.8397994551978208,0.7952794,0.94751024,0.959216,0.20209938,0.14246698,0.41239965,0.53972304
0.8752736130944522,0.7746738,0.94838506,0.9597625,0.24004741,0.3158288,0.25877708,-0.13190067
0.8329168036672147,0.82971287,0.9604882,0.96365154,0.20079984,0.15391904,-0.11326168,0.14506346
0.7720864483457933,0.66798645,0.955967,0.9550609,0.09978003,0.12560017,-0.42832062,0.073960714
0.9214625658502633,0.5469215,0.9887186,0.97995627,0.068650775,0.14547315,-0.028127152,-0.1493709
0.831755583022332,0.7604592,0.9440627,0.9628977,0.17966609,0.1783799,-0.49882227,-0.25229388
0.8902407449629799,0.58097214,0.97199965,0.96806675,0.061994918,0.12449006,-0.107370675,0.15800418
0.8914583178332712,0.7544212,0.96083635,0.9715272,0.17407118,0.18113981,-0.32002813,-0.4360675
0.835127308509234,0.74446666,0.9588196,0.9693328,0.1198368,0.15508153,0.31920716,0.08217453
0.9108057552230209,1.0567619,0.99341613,0.98110455,0.119403675,0.2490474,0.5978061,-0.18951471
0.8460664562658249,0.6202019,0.9818245,0.9667773,0.08421113,0.12043491,1.0217141,0.74850625
0.8788324433297734,1.2580724,0.9836254,0.97057897,0.39900994,0.32827133,0.03578942,0.22331877
0.8409264997059988,0.77598476,0.9687758,0.97016823,0.17937063,0.16988306,0.21995972,0.045594994
0.8499935439741758,0.56117857,0.9739306,0.9601893,0.10046841,0.17304614,-0.38035756,0.015672088
0.9233361093444373,0.6802681,0.9868288,0.97927946,0.104696184,0.16476515,-0.018884525,0.40824547
0.9077270229080916,0.8017495,0.9791523,0.9788944,0.18382531,0.17801838,0.39506757,0.07774057
0.8070089880359521,0.8451703,0.941711,0.95728964,0.29425502,0.23360562,-0.059228983,0.29432845
0.8204310897243589,0.70905745,0.97120357,0.96675885,0.11584206,0.13830848,0.43192938,0.4792059
0.9381643286573146,0.74981135,0.98080486,0.9784586,0.070495166,0.18260963,-0.26798087,-0.099108
0.7942968091872367,0.9192443,0.9757544,0.9640835,0.14176968,0.105805136,0.96397704,0.8156568
0.930373993495974,0.58196825,0.9855731,0.97938704,0.072040156,0.114809,-0.3644005,-0.3369406
0.6730371881487526,0.80375195,0.9783125,0.95723015,0.14481439,0.15886731,-0.0010562687,0.3011363
0.8317851511406046,0.8467158,0.93893015,0.96238226,0.23338631,0.23696595,-0.9733152,-0.5253114
0.9109738518954076,0.9675884,0.9948109,0.96994084,0.3003842,0.2876516,-0.08580049,0.045967937
0.8625941703766815,0.7604739,0.9938897,0.9699896,0.16911817,0.17948107,0.15994373,-0.117738046
0.9272937251749008,0.8358077,0.9787455,0.97179383,0.20062566,0.26386166,0.469294,0.13336165
0.929375013500054,1.3018162,0.98511535,0.98635685,0.2542977,0.44230783,-0.28713965,0.18370621
0.8995799503198012,0.5293158,0.96934927,0.9607935,0.10508537,0.14048393,-0.24050081,-0.28251904
0.7876605906423624,0.6961165,0.9477215,0.96119916,0.14587684,0.11733767,-0.7287031,-0.5863482
0.8916148944595778,0.66140175,0.9893201,0.9724108,0.11282709,0.14036812,-0.42527393,-0.4033641
0.898757707030828,0.72557527,0.9803317,0.98392826,0.09267452,0.11231707,-0.25759035,-0.10395815
0.6322905931623727,0.68020153,0.930207,0.9427024,0.10456993,0.12609407,-0.16514795,-0.26729536
0.8631134364537457,0.75333947,0.9500387,0.9529012,0.2075896,0.32526234,0.035615366,-0.018844374
0.9110245400981603,0.822366,0.9878081,0.9684677,0.22951333,0.3303633,0.03363891,0.37203568
0.9412661010644041,0.6313536,0.9871643,0.98236287,0.058438905,0.10229969,0.5076446,0.14801449
0.807319549278197,0.630067,0.9644589,0.9538327,0.13525072,0.14024638,0.24274418,-0.061288234
0.8938868395473583,0.716147,0.9927667,0.96140337,0.11541981,0.20606308,-0.27619854,0.10571146
0.6328118752475009,0.58795756,0.9356368,0.92681557,0.09881029,0.10219358,-1.0598876,-0.49696547
0.8953680294721178,0.8387896,0.9634674,0.9574038,0.21083458,0.2399238,-0.047061495,-0.27508384
0.6276096144384576,0.5579378,0.94350487,0.926935,0.1026258,0.16496402,-0.29388395,-0.057892915
0.9114447337789352,0.8591106,0.9769268,0.9735035,0.23918113,0.21053447,0.28465146,0.44596255
0.6923487213948855,0.68944144,0.9844601,0.9569058,0.0993373,0.10667931,-0.10460283,-0.6687893
0.8434659018636074,0.8469723,0.98135287,0.97632694,0.18769424,0.15352586,0.538575,0.5419508
0.8496464065856264,0.9257107,0.9862433,0.9539365,0.15343107,0.5401224,0.64781797,0.5162969
0.8623637694550778,0.8546756,0.97983706,0.9715479,0.19886456,0.30582747,1.3680632,0.73479205
0.8387334669338676,0.83565634,0.9725984,0.9731128,0.2372715,0.2775103,0.7565201,0.26849818
0.8170407401629606,0.8129019,0.9516398,0.94549686,0.18434183,0.17760481,0.21371326,-0.09028188
0.9241812967251869,1.0482205,0.972624,0.9635362,0.5792717,0.5694287,-0.3846919,-0.26678994
0.9089901959607838,0.826231,0.9898116,0.98121244,0.14186734,0.20587063,-0.20194563,0.3032638
0.9075258061032244,0.8243387,0.99181414,0.98222244,0.11989864,0.18703294,-0.34208357,-0.6234793
0.8433303493213973,1.1624568,0.94445145,0.9396546,0.5244078,0.40440804,-0.46285984,-0.45997414
0.833754119016476,0.7013154,0.9503036,0.9530288,0.12666537,0.23955625,-0.19447325,-0.0739119
0.6521237924951699,0.5578982,0.9756263,0.9432233,0.068310134,0.13062121,-1.2228657,-1.1158377
0.9032423649694599,1.1346112,0.9718864,0.9635297,0.48830068,0.4510281,0.010582854,0.30171987
0.6533468373873494,0.5641304,0.9420887,0.92481005,0.056674846,0.116362706,0.4438387,0.21434553
0.7847071388285553,0.66613656,0.97379863,0.97163296,0.12283522,0.12969285,0.70571935,0.9712596
0.9123585614342455,0.95707464,0.98883224,0.9738027,0.23327652,0.42164138,-0.17465822,0.19224468
0.8133273493093972,0.66214687,0.9774748,0.9456193,0.08509971,0.13465089,-0.3215505,-0.559309
0.7040112320449281,0.8142429,0.954071,0.95585454,0.08616708,0.18890199,-0.2568236,0.33690375
0.8474268777075108,0.7680361,0.9539988,0.94754213,0.24222404,0.28520098,-0.37931678,0.094090834
0.8804593618374473,0.89255536,0.96864045,0.96330094,0.13221544,0.1777487,0.41789097,0.31275347
0.6840543842175368,0.7856356,0.9333581,0.93577397,0.19686493,0.22394699,-0.30550513,-0.27353093
0.8239351997407989,0.7705522,0.9642539,0.97162175,0.10163662,0.1460944,0.30850813,-0.11305213
0.8612807891231564,0.84190637,0.95674413,0.9652502,0.22573999,0.24358046,-0.5646537,0.16064599
0.8696485665942664,0.7947726,0.9862166,0.95754766,0.1337308,0.331959,0.102600455,0.46553165
0.7439952959811839,0.6186875,0.9699694,0.9553654,0.13329525,0.12803935,-0.42153877,-0.20903905
0.9080229920919684,1.0462294,0.97893435,0.96822965,0.37436277,0.32881287,0.07267675,0.2844856
0.8967644510578042,0.96255535,0.98629344,0.9587224,0.40411115,0.4418138,0.45573285,0.61350274
0.917001236004944,0.81658536,0.9828263,0.9771248,0.22549611,0.37181458,-0.19778846,0.21519023
0.7742143928575713,0.86531097,0.92076045,0.9473757,0.3211215,0.19809304,-0.41179582,-0.3846877
0.7683507854031416,0.6257315,0.9807668,0.9630859,0.07730524,0.14660177,-0.51248926,-0.47191304
0.8417515270061079,1.0776811,0.93230397,0.9482328,0.49913195,0.35897627,-0.649169,-0.21494895
0.909318901275605,0.571389,0.9764423,0.96664506,0.08587391,0.15954927,-0.05941059,0.11886736
0.9084571058284233,0.84342855,0.99079424,0.97201985,0.20728183,0.28517762,-0.3570852,0.20462534
0.7953301573206294,0.84783614,0.9370334,0.9543459,0.24012206,0.17383665,0.42947057,0.45478964
0.7834917739670959,0.89432627,0.9403851,0.95342374,0.28186056,0.1944564,-0.32235324,-0.5281412
0.7921405445621782,0.86628187,0.98883057,0.9715591,0.12670246,0.1959925,0.36319956,-0.31720376
0.8950430681722726,0.81808877,0.9742847,0.97164994,0.15301818,0.22504829,0.60012233,0.7114456
0.9035886383545532,0.81797516,0.9689186,0.9687221,0.13456027,0.23839213,0.07840686,0.13631622
0.8252291889167557,0.748769,0.946648,0.96366256,0.16372338,0.19623755,0.42782483,0.3629888
0.8542304249216996,0.8202043,0.9754689,0.9520013,0.17169009,0.35303062,0.14197955,0.25865462
0.8678405913623655,0.8217857,0.95410657,0.9739858,0.20372653,0.16566391,-0.9054821,-0.72282
0.8438662234648937,0.5628111,0.9878638,0.9655759,0.076190665,0.13025334,-0.43823108,-0.5599245
0.7647791871167485,0.76949686,0.9792653,0.9439801,0.122423455,0.21171345,0.19743864,0.27145532
0.9540534482137928,0.9190779,0.9842736,0.9808559,0.24459687,0.31372193,0.34981817,0.037126597
0.7377627590510362,0.5270226,0.9580506,0.92521286,0.109075226,0.16100974,0.3387184,-0.052220393
0.8545262021048083,0.57500976,0.9700474,0.9593649,0.10014635,0.16869882,0.3320256,0.050195232
0.8382202488809956,0.6381667,0.9497083,0.95458025,0.100329965,0.15347843,0.42366564,0.23499605
0.8962302089208357,0.87807864,0.96068114,0.971543,0.22195266,0.18868922,0.5315818,0.08513996
0.814255097020388,0.5788056,0.9661207,0.9567325,0.07456738,0.11182613,-0.7655168,-0.54933095
0.6909753399013595,0.7742373,0.94445324,0.9359774,0.17659545,0.2744978,0.3215785,0.23481691
0.8959142716570865,0.98656374,0.9677857,0.97159564,0.26071644,0.25660172,0.2819801,0.38010645
0.7838550394201577,0.773542,0.9263591,0.94178045,0.1963925,0.24849837,0.3847354,0.36942384
0.6508195312781251,0.631482,0.9620884,0.92773354,0.1054508,0.11140894,0.08913956,0.506082
0.7643430573722295,0.45291927,0.9571332,0.9388509,0.08650553,0.11420293,0.019237904,0.21839851
0.7532350449401797,0.67159426,0.97836906,0.958772,0.11080899,0.13024375,-0.01948932,0.6081838
0.8581995607982431,1.0934981,0.9093381,0.92201215,1.0258921,1.1200483,0.06254333,0.07685037
0.5761706886827547,0.6144946,0.91447455,0.92837137,0.120280795,0.12255509,-0.09707273,-0.05069538
0.891567854271417,0.85069615,0.98698837,0.9626498,0.28789932,0.37556815,-0.12215858,-0.3160223
0.934068184272737,0.6807218,0.99219644,0.98123276,0.09915205,0.09871105,-0.15954633,0.13427235
0.9253506774027096,0.7669421,0.9785119,0.9804804,0.12884259,0.16967683,0.25347415,-0.01883133
0.9100305521222085,0.65888035,0.9779808,0.9731889,0.10205132,0.1873961,0.19330409,-0.17437911
0.7725848823395294,0.70155334,0.9510916,0.96794343,0.12279183,0.14597021,-0.6656759,-0.6284733
0.8677759831039323,1.0758563,0.9568959,0.9784238,0.52169126,0.2880557,-0.11338539,-0.2351485
0.7670096600386401,0.7090661,0.95074874,0.93157345,0.17215972,0.15847473,-0.5349451,-0.47104824
0.9314779019116076,0.8163965,0.971725,0.9785576,0.17298454,0.23191911,0.025124675,0.21285777
0.8849408517634071,0.8937942,0.97076756,0.9613724,0.17169538,0.33324692,-0.19175692,0.15678406
0.7390980283921136,0.6720164,0.95870596,0.9599278,0.11175809,0.08914693,-1.2666016,-1.2174044
0.8823572894291577,0.92890954,0.9938347,0.97211987,0.18064438,0.27153507,0.30015746,0.5488336
0.8972052848211391,1.1446588,0.96041244,0.97908974,0.4498074,0.26225325,-0.028795633,0.38261223
0.8594663818655275,1.0268925,0.96485823,0.9681967,0.25720805,0.18658763,-0.46478182,-0.58687115
0.875189804759219,0.76893,0.9722116,0.97548795,0.105783395,0.20240031,0.65716004,0.5713885
0.9700278161112644,0.9575362,0.98929673,0.98466104,0.17389919,0.36260915,-0.4801996,0.21228212
0.6297295909183637,0.5999128,0.94726413,0.9347614,0.0717682,0.1267364,0.3582653,-0.26723188
0.8825108900435601,0.67015296,0.9669497,0.97661746,0.101704754,0.16307363,0.75975037,0.4382963
0.5683125772503089,0.5504071,0.9046579,0.9327862,0.076672494,0.12770179,-0.29389068,-0.10597172
0.866503978015912,0.82847995,0.9401218,0.9589988,0.25593576,0.33807722,0.62463987,0.2668909
0.8578005832023328,0.83817434,0.96784973,0.96740973,0.2831589,0.26027596,-0.5584577,-0.063845865
0.8538047592190369,0.9184579,0.970687,0.95554495,0.21640067,0.21285419,0.45841438,0.43678334
0.7457370309481237,0.6670962,0.95439136,0.9483103,0.12774202,0.1765209,0.07682572,-0.09173742
0.8512812931251724,1.2898014,0.9804028,0.98116106,0.30920866,0.4774551,-0.4874648,-0.20893724
0.9435080940323761,0.80537,0.9823277,0.9840968,0.14537324,0.20002055,0.012489493,0.37430355
0.8923199212796851,1.0208257,0.96287143,0.95656633,0.42951784,0.4772518,-0.84406465,-0.36911032
0.8526052344209377,0.6533993,0.97676617,0.95352715,0.10204465,0.19468914,0.8548651,0.75541216
0.8586631466525867,0.83980894,0.95160174,0.9636881,0.21604319,0.1957736,0.43140692,0.1609601
0.8765786423145692,0.8121896,0.9692243,0.96046454,0.3206444,0.26582417,-0.3508054,0.0036607028
0.7868383473533893,0.668127,0.9512997,0.95541924,0.100236,0.1556403,-0.25434175,-0.105746165
0.9385355621422484,1.270253,0.9759446,0.9611812,0.6582128,0.7190171,-0.7524125,0.23167805
0.6582870171480686,0.60062605,0.94993085,0.922812,0.10824381,0.12770052,0.06550078,0.0063803536
0.8085457621830487,0.69331247,0.96504813,0.96035945,0.13291109,0.15237752,0.06695858,-0.31811935
0.8956812787251149,1.2222071,0.9888701,0.97306293,0.36018932,0.33783454,0.056835026,0.2853097
0.9429943959775837,0.7406688,0.9901632,0.9738443,0.23409553,0.28992665,-0.6104966,-0.5875788
0.8826323305293221,0.6773123,0.9738775,0.9572971,0.14870186,0.17733146,0.25888368,0.26224
0.9044616658466632,0.86667234,0.9949119,0.97103167,0.18702023,0.22931698,-0.10096154,-0.5434304
0.7743594494377978,0.690097,0.9692362,0.9346331,0.0941187,0.16361205,-0.23644076,-0.34736025
0.8142035448141792,0.5825166,0.9701746,0.9571204,0.066061676,0.13023745,-0.35336253,-0.2642973
0.6641724166896668,0.6614148,0.9875642,0.94779444,0.0808598,0.13379207,0.8302483,1.6500325
0.7231113724454897,0.90671295,0.9404202,0.92185426,0.23410864,0.1987636,0.056043822,0.021792661
0.9221623126492506,1.1872749,0.9806355,0.96686405,0.5854578,0.8834774,-1.0102769,-0.048459582
0.851818703274813,0.88384515,0.93981487,0.96094114,0.33432466,0.23884434,-0.4572037,-0.6031327
0.8980951123804495,0.9899267,0.9789484,0.96305996,0.35022256,0.5597702,-0.10270901,0.10903498
0.8959499837999353,0.5132729,0.9696435,0.97598624,0.103289425,0.11082301,-0.58927023,-0.4521081
0.8888925155700623,0.67487437,0.99414235,0.9675756,0.094557025,0.1417552,-0.36266014,0.36190015
0.9573790935163741,1.2102026,0.9821181,0.976219,0.5727118,0.52068204,-0.2968251,-0.009557864
0.8595452941811766,0.862094,0.97353566,0.96816045,0.21630639,0.20418344,-0.54532576,0.08013219
0.668001872007488,0.55115545,0.9422147,0.9490165,0.05613359,0.102687016,0.5521054,0.69030946
0.8709318997275989,0.7753444,0.96142083,0.96410125,0.18530957,0.18791075,0.5128878,0.39296767
0.9178401833607335,0.7689257,0.98703057,0.97789675,0.1460557,0.18858421,-0.647106,-0.14139348
0.8682322729290917,0.6627019,0.95991385,0.96969014,0.13734107,0.12223072,-0.13210063,0.050798252
0.7458695114780459,0.8208207,0.981955,0.95575285,0.17812924,0.21118376,0.11869007,-0.8850913
0.7818397993591973,0.5969723,0.9530393,0.9591948,0.116609685,0.13405912,0.58637375,0.63144094
0.8479776319105276,0.9006207,0.9735803,0.9476425,0.22142246,0.28283817,0.1203915,0.15051584
0.92849900999604,0.6780715,0.9617323,0.976146,0.16349635,0.14583352,-0.4379613,-0.10745745
0.8285727862911451,0.72487926,0.961396,0.93609685,0.16182536,0.416845,0.043996803,0.31165022
0.8481025284101136,0.8717314,0.9740646,0.9700304,0.17495315,0.17589772,-0.36286598,-0.49386832
0.9082313129252516,0.7725228,0.97859186,0.97393745,0.13794331,0.23655377,-0.3891719,-0.24471547
0.8105170340681362,0.6944551,0.94386107,0.9479923,0.12842967,0.2221551,0.13716778,-0.10982873
0.6335317821271286,0.6821056,0.9269975,0.92926466,0.06788246,0.2021577,-0.113353655,0.0562093
0.9172877011508045,0.89048004,0.9872427,0.99020535,0.14423577,0.22075829,1.2024258,0.015750516
0.758877083508334,0.60755426,0.9556195,0.94983673,0.074420355,0.116179526,0.40297693,0.13647637
0.7330490441961768,0.60602164,0.9785317,0.9495826,0.099552035,0.14713377,-0.69550675,0.0016408671
0.9146544106176423,0.93112916,0.9943311,0.97264373,0.23403344,0.34918734,-0.40282136,0.40188116
0.6825670502682011,0.9331314,0.99486154,0.9828612,0.14169972,0.1491663,0.009320715,-0.9455342
0.9275671342685371,0.62613136,0.976648,0.97601736,0.10410196,0.1284199,0.08247962,0.28887677
0.9380225360901444,1.1991132,0.97560745,0.9697283,0.5277613,0.8228976,0.08272059,0.049826343
0.8092910131640526,0.5813847,0.9480113,0.9346678,0.09951025,0.11371541,0.27151093,0.12616687
0.5776393985575942,0.6938248,0.9458849,0.9332093,0.100878686,0.1549387,0.48555034,0.46444497
0.7845416341665367,0.8028288,0.95479655,0.95968044,0.2214342,0.19685903,0.36486235,0.16428544
0.8105462181848728,0.756617,0.9744408,0.9280487,0.18364151,0.292334,-0.22011994,-0.24748625
0.9245419701678808,1.4924855,0.9754628,0.9772211,0.6372132,0.83818096,-0.21297397,-0.28481537
0.6387724430897723,0.84661806,0.92088556,0.9523895,0.19780405,0.11488524,0.1222718,0.656301
0.773507926031704,0.7342999,0.93404365,0.95736563,0.19552667,0.18031397,0.47270605,0.4449754
0.9206994587978351,0.61424625,0.9925746,0.97907597,0.08450822,0.16493876,0.083473615,0.21920042
0.7842902091608366,0.69924587,0.94164866,0.94802094,0.23564485,0.1745729,-0.76573354,-0.7875319
0.8531475405901623,1.0974964,0.9918632,0.9823595,0.18893103,0.29168716,-0.5305459,-0.37016755
0.8790426841707366,0.82513577,0.9592456,0.96872354,0.18262236,0.19731808,0.67212474,1.0066618
0.7953559814239256,0.6890821,0.9717703,0.95553654,0.12464645,0.16749656,-0.37881693,-0.38931248
0.7507351949407798,0.8097666,0.91786397,0.93677056,0.19663441,0.14393204,0.8913571,0.5297924
0.8839252637010547,0.70661175,0.9546688,0.95990676,0.16433047,0.2818014,0.02783722,0.12260018
0.8530601802407209,0.67028594,0.9608255,0.9632072,0.11431497,0.21575552,-0.77843636,-0.62300557
0.8796178224712898,0.81773347,0.9875813,0.9595086,0.14402609,0.3818122,-0.4101931,0.19727896
0.8463425533702135,0.93039984,0.9571347,0.9471898,0.3207022,0.20049198,-0.22827333,0.3633774
0.8204752499009995,0.70456696,0.9626542,0.95167243,0.087814696,0.21066348,0.37758648,0.025050538
0.8740043920175681,0.80269516,0.9712472,0.9557822,0.17558743,0.19541343,-0.42860842,-0.16898167
0.7707028908115632,0.6127942,0.9467938,0.94603986,0.12593082,0.162601,0.2133828,0.08298659
0.7693372853491414,0.55794287,0.96056,0.9545982,0.07674312,0.100758456,-0.26714867,-0.42495787
0.7900340081360326,0.6941611,0.9145782,0.93048966,0.22937112,0.27261207,0.22960342,0.4336212
0.8940000240000959,1.2132604,0.99186474,0.9844343,0.15757334,0.26857877,-0.013734853,0.6926619
0.8498482953931815,0.9725633,0.9575498,0.9492721,0.32582578,0.28844324,-0.11580991,-0.17303632
0.617445957783831,0.635251,0.93737876,0.9418062,0.100848585,0.14291061,0.39887944,0.28741074
0.6325954903819615,0.621197,0.9663552,0.9262455,0.08070951,0.110230416,-0.3531207,-0.4873284
0.7425316741266964,0.64333284,0.9577129,0.9485181,0.101103865,0.17224467,0.62313926,0.2975965
0.9064208416833666,0.7846317,0.99109787,0.9751853,0.1687766,0.17921,-0.75151294,-0.01224999
0.7779863439453757,0.6926614,0.94348013,0.9617267,0.12775359,0.12515613,-0.15996504,-0.38628775
0.8522653930615722,0.7336702,0.9659786,0.96669686,0.15846096,0.11874474,-0.11189444,0.17469572
0.8906309865239462,1.1470591,0.9936632,0.97898823,0.23894948,0.3128894,0.49217057,0.50027263
0.6265231780927123,0.6245417,0.94919133,0.9319532,0.06819287,0.14705655,-0.86060935,-0.7340338
0.7835021420085679,0.785125,0.939211,0.9482383,0.14679886,0.18963932,0.1695655,0.46120855
0.8674240456961828,1.2023731,0.96157956,0.950424,0.4213623,0.55099785,0.11365176,0.4553987
0.8147039948159792,0.5473014,0.96670943,0.9565646,0.09354242,0.13590796,-0.18548425,-0.28106475
0.8717434869739478,0.88171875,0.92057294,0.96074414,0.32660112,0.29617268,0.6937387,0.63513035
0.7735969183876735,0.5372009,0.94730777,0.9418967,0.10360095,0.123448,-0.36785066,-0.028417192
0.7831608606434425,0.6320135,0.97188383,0.9452957,0.12527204,0.14715058,1.0562876,0.63725036
0.9094087576350306,0.9140663,0.99299186,0.98527604,0.096006334,0.2623354,-0.07183211,0.31388775
0.782437305749223,0.75976974,0.9476166,0.94141793,0.16592835,0.21794827,0.17179693,0.45814493
0.8962380809523236,0.67768466,0.9727012,0.96995854,0.12168777,0.15643625,0.10927808,-0.08827
0.8873766695066779,0.88909024,0.9559723,0.9553948,0.31015006,0.32147428,-0.108198576,-0.04789078
0.7573675734702938,0.54915255,0.9469678,0.9486329,0.09156097,0.11743175,-0.3403652,-0.49431065
0.8905119460477843,0.9086507,0.9526389,0.9455276,0.34519055,0.5917528,-0.2927624,-0.2319872
0.8985330661322646,0.856833,0.99021167,0.97791445,0.10642969,0.32102498,0.7553891,0.6448836
0.4802167688670754,0.8052028,0.9333635,0.9395052,0.15257274,0.10449193,-0.14857438,-0.5561111
0.7683268813075251,0.73955333,0.94606483,0.93812954,0.22613142,0.18248743,0.30908653,0.5722963
0.9082043368173471,1.054173,0.9601232,0.9596708,0.5327474,0.53630567,-0.21270144,-0.05089208
0.8678380953523813,0.8381225,0.9773697,0.9809416,0.12215399,0.1323084,0.15932587,0.45851263
0.8711427165708663,0.72353166,0.97718066,0.94615334,0.18475944,0.2832314,0.3102706,0.22837645
0.8630172440689762,0.71167356,0.973468,0.96794236,0.097634204,0.28984287,-0.3099185,-0.39409688
0.8635496621986487,1.0112287,0.96276456,0.9548746,0.19634745,0.45541835,-0.30505127,-0.23819184
0.7715517262069048,0.633862,0.94255346,0.93997866,0.14937535,0.12612616,0.34874707,0.6317136
0.7238994395977584,0.51658267,0.9654969,0.94120413,0.054658733,0.092008226,0.044432383,0.13964625
0.6022174168696675,0.55604494,0.9683614,0.9348726,0.04835269,0.104265675,-0.33516294,0.0047587617
0.8726308185232741,0.668015,0.95399666,0.96402776,0.109208606,0.15465811,-0.49260548,-0.23978071
0.8370135240540962,0.8945703,0.9572147,0.9487931,0.34893817,0.39821056,-0.21218489,-0.15598285
0.6932315409261637,0.75005513,0.95435476,0.95274967,0.148053,0.111989096,-0.28572917,-0.2110029
0.8705700742802972,0.6794342,0.99380153,0.9637329,0.10542649,0.17877118,0.21048091,-0.09761791
0.914069576278305,1.070137,0.99046606,0.9811054,0.25827473,0.20823802,0.15233317,0.28834042
0.891441901767607,0.8803461,0.9677987,0.9569661,0.22849144,0.24588336,-0.55253434,-0.48522878
0.9341446005784022,1.3334104,0.98021287,0.9806581,0.20408502,0.5035478,-0.40920636,-0.16060507
0.7714969099876399,0.7724781,0.9332283,0.9550536,0.19277655,0.14378724,0.084245175,-0.14929084
0.8824704738818955,0.60216,0.9425836,0.95211,0.15128118,0.15797354,-0.73868275,-0.6926049
0.9355792303169214,0.6686619,0.9791113,0.9790126,0.13049379,0.1763595,-0.3020009,-0.23099048
0.8603821295285181,0.5861769,0.9880668,0.95789754,0.08738775,0.13735758,-0.02431203,-0.10750742
0.8647929631718527,0.8159244,0.96782565,0.97654444,0.22552103,0.11699721,0.48656213,-0.14877327
0.4653279733118933,0.7744848,0.9657126,0.9437515,0.13038859,0.10596142,0.09255596,0.44466358
0.9389875319501277,0.9675269,0.97689885,0.96799636,0.34146455,0.6073816,0.17986654,-0.25488287
0.9156354385417542,0.6649469,0.9909067,0.9796061,0.06250945,0.16514826,0.5964401,0.05088186
0.7649756999027996,0.71277976,0.95142514,0.9504698,0.1706034,0.1892769,0.5012551,0.13761543
0.9048490273961095,0.9030873,0.99222726,0.9714108,0.21404353,0.3575221,0.0681835,0.3458045
0.7069649718598874,0.7823919,0.97505933,0.9661787,0.1385101,0.12429033,-0.2813663,-0.061866883
0.7704479137916551,0.64090616,0.97443193,0.95708585,0.12863517,0.12979451,0.008476134,-0.47025922
0.8777618470473881,0.71835375,0.9657049,0.95728695,0.19023022,0.18295006,0.104208484,0.10757337
0.7227150828603315,0.61179936,0.9570651,0.950216,0.07174636,0.15826423,-1.0110387,-0.52437514
0.8226810507242028,0.90219253,0.9862433,0.976225,0.15343107,0.15544212,0.64781797,0.50211185
0.931313261253045,0.8343751,0.98028636,0.9822803,0.21170832,0.25696906,-0.40653363,0.115838036
0.896939939759759,0.8296964,0.9555894,0.9703986,0.20934391,0.11482567,-0.052743297,-0.24069434
0.8953111012444049,0.7835499,0.9826181,0.9793633,0.10435546,0.17641789,-0.0373782,-0.22644936
0.9369296677186709,0.90030515,0.97852194,0.98257875,0.27403167,0.2790385,-0.058051057,-0.22953333
0.9452330289321158,0.8294729,0.9841513,0.9837632,0.113306575,0.27594417,-0.04644279,0.16375329
0.6856805347221389,0.67011064,0.9453355,0.9363271,0.1232441,0.12634231,-0.37447342,0.14564097
0.8348994035976143,0.6190514,0.9897623,0.97244734,0.09273111,0.11598766,-0.31378993,-0.37637568
0.9722441769767077,0.83924377,0.9921349,0.98678917,0.1030867,0.2244939,-0.6458522,0.054670725
0.8920168480673923,0.69104105,0.9614094,0.9681983,0.18965079,0.16993523,-0.12281368,-0.2761341
0.9057102468409873,0.749795,0.98449314,0.9631398,0.14279673,0.31516397,0.16228773,-0.03257397
0.7449217956871826,0.9716192,0.9661114,0.9625374,0.25353485,0.15409638,0.20393161,-0.43321255
0.913685094740379,0.92373216,0.9647619,0.9778211,0.2665418,0.17611851,0.19977234,0.015279411
0.6834812619250477,0.6380309,0.9256052,0.94285446,0.12661988,0.110208444,0.057658106,-0.06733832
0.8539883119532476,0.91266364,0.97276694,0.9639932,0.21341573,0.27786458,0.16666365,0.01607469
0.8103186972747891,0.5262228,0.96548724,0.95304257,0.10400747,0.14468922,-0.29409546,-0.4816719
0.938697994791979,0.89286315,0.9928272,0.9741191,0.1691174,0.24884105,0.34589905,0.045825087
0.9007240828963315,0.892887,0.97447795,0.9746391,0.27452755,0.3318123,-0.009595,-0.1061525
0.7970347401389606,0.5845199,0.9739425,0.94958365,0.12693685,0.13682672,0.3082409,0.010656224
0.7698939915759663,0.7274323,0.94370013,0.95977545,0.12647781,0.09614009,-0.4176333,-0.25378045
0.5155769743078972,0.58571273,0.9350265,0.94126844,0.07680074,0.11211718,0.17609847,0.18763366
0.9505190980763922,0.83755803,0.98267907,0.98426074,0.2113303,0.2760603,0.3489771,-0.11918287
0.9531526766107065,0.8072536,0.99020374,0.987453,0.15287723,0.15944242,-0.011122265,0.0039154873
0.8220847923391693,0.64316285,0.97229254,0.9649078,0.09148237,0.114233986,-0.71872616,-0.6872951
0.770384553538214,0.6012151,0.9591314,0.945591,0.09923225,0.14163141,0.6436673,0.25400817
0.8470505562022248,0.7848046,0.96410507,0.9772293,0.14539497,0.113041796,-0.42424127,-0.15441376
0.8921646886587544,1.0885072,0.9403117,0.959298,0.75144315,0.44307667,0.41982648,0.23878182
0.9511798687194748,0.9730656,0.979373,0.97960895,0.18363965,0.44312966,-0.78739375,0.10754068
0.8927958911835646,0.7949758,0.9570565,0.9617161,0.2853284,0.26287952,0.008598368,-0.123370156
0.8203925935703743,0.59407187,0.96347404,0.9583836,0.07781997,0.15869974,0.7281809,0.011716816
0.73637737750951,0.71450794,0.9436462,0.95223486,0.1914568,0.16325815,-0.53299856,-0.59392625
0.8608108672434689,0.6974297,0.9923343,0.9845664,0.0731075,0.12882613,-0.13523124,0.24740262
0.9313418693674775,0.9664699,0.9941932,0.9794386,0.2981824,0.33781105,-0.1449839,0.29404992
0.6042621290485162,0.70705754,0.94217753,0.9434629,0.10019818,0.14087023,-0.44469568,-0.43066725
0.9057048708194833,0.77193266,0.9815923,0.967547,0.24101742,0.2517052,0.57061285,-0.28864947
0.842065736262945,0.78240955,0.95141846,0.963261,0.2495327,0.2674702,0.512205,0.27642927
0.9209335077340308,0.43393865,0.984702,0.9721806,0.05499145,0.12967171,-0.44262308,-0.17966908
0.7057174468697874,0.63849306,0.9361158,0.9446416,0.13459173,0.11157909,-0.4095145,-0.1472038
0.9248806595226381,0.6172925,0.9842369,0.9667842,0.115385726,0.17378992,-0.052791677,-0.2703769
0.9353800295201181,0.85720557,0.9778443,0.9797072,0.22669013,0.24287596,0.11066042,0.34703448
0.8622682490729964,0.6205864,0.9825493,0.9649962,0.075198084,0.117856435,-0.37475199,-0.19247107
0.8046995067980272,0.5793744,0.9761214,0.952313,0.092060685,0.1700726,0.07624857,-0.34504753
0.849695846783387,1.0346313,0.9783843,0.97842354,0.2184868,0.12503333,-0.103481725,0.36241457
0.7390858363433453,0.61652595,0.9155731,0.93411714,0.13942012,0.2144549,0.019356621,0.14142951
0.8834089736358944,0.6446605,0.97211486,0.96813726,0.14256278,0.14192213,-0.05103477,-0.37733728
0.9069631478525912,1.0196054,0.97893435,0.9718124,0.37436277,0.33378476,0.07267675,0.20453462
0.9466422185688741,1.0393442,0.98125464,0.9811674,0.27000156,0.4220147,0.54682463,0.22705482
0.9496098784395137,1.0130613,0.9814239,0.9752155,0.40311703,0.5550198,-0.07352204,-0.12207862
0.7466409705638821,0.62084305,0.96263343,0.9557278,0.074772075,0.12960781,0.87218946,0.34754655
0.8590535802143209,0.76583254,0.9754689,0.9593945,0.17169009,0.25993198,0.14197955,0.19714637
0.7630596282385128,0.91310817,0.9707699,0.94818044,0.17916083,0.17404945,-0.4825303,-0.19688484
0.8781416245664982,0.7883345,0.97508186,0.95581216,0.24048589,0.28260544,0.34559694,-0.6136537
0.8820248400993603,0.59609985,0.9598118,0.97410446,0.08102211,0.107479155,-0.600714,-0.17239074
0.9539429517718069,0.90308166,0.9865491,0.9880885,0.12758924,0.32757315,0.50425994,-0.04275965
0.857753831015324,0.655413,0.9769623,0.95002073,0.1083838,0.1335821,-0.35335717,-0.015450617
0.6400072000288001,0.6182188,0.9443139,0.95182794,0.09482249,0.09995615,-0.8014593,-0.5018463
0.7671457885831543,0.87386435,0.9449182,0.9638534,0.102882765,0.24726552,1.0465691,0.7618854
0.799501086004344,0.69089776,0.962007,0.959523,0.1195679,0.12491318,0.1537016,-0.29528245
0.8189706358825434,0.5546012,0.9662328,0.9464425,0.08587692,0.15642844,0.4387599,0.5758884
0.6382674810699241,0.8891551,0.9083596,0.9414714,0.2682709,0.14735053,-0.41271496,-0.35381418
0.8512208128832515,0.697885,0.9923246,0.9658984,0.08778206,0.14969751,0.5357432,0.6351779
0.8732970611882448,0.8478291,0.97906435,0.9763809,0.1448291,0.18109179,0.8290757,0.48234823
0.8850130440521762,0.75747687,0.991817,0.9785337,0.1332462,0.1783729,0.79519546,0.29103413
0.7221637526550106,0.74830055,0.93307114,0.9626949,0.15967594,0.120512545,-0.11422056,-0.38761744
0.945814215256861,1.0030184,0.9667194,0.97162443,0.44235906,0.31486142,0.40577713,0.057380058
0.8453680534722138,0.62606436,0.9686144,0.9595525,0.08860058,0.19086707,-0.1916979,0.0677062
0.9384726818907275,0.9281019,0.98818576,0.98250866,0.2271027,0.25669125,-0.17935982,-0.29402497
0.8439541598166392,0.791886,0.95845246,0.95401067,0.17186923,0.13507496,-0.31669405,-0.17285602
0.8786880587522349,0.8053835,0.97360057,0.9632441,0.19375095,0.23635802,-0.40193096,-0.29774666
0.9641542246168984,0.80928046,0.9892777,0.98750967,0.18310976,0.18619007,-0.17696151,-0.18300132
0.7134281017124068,0.8569373,0.9361546,0.9478048,0.1937005,0.2418517,-0.11039547,-0.13703598
0.8097518150072599,0.8266257,0.96562713,0.96856904,0.16670556,0.18734337,0.34803665,0.46616152
0.9410160200640801,0.83386534,0.9739152,0.9804965,0.13754803,0.27185908,0.20029254,0.20186542
0.6721632006528026,0.5918337,0.9283212,0.95052004,0.08102889,0.09239207,0.044897094,0.22174552
0.9113342373369494,0.6627833,0.97942185,0.9725301,0.14535159,0.2063616,0.22269927,0.18753107
0.9063662174648698,0.82502884,0.99170727,0.9759599,0.23192719,0.19531617,-0.9366296,-0.21801075
0.948066384265537,0.78875136,0.98257554,0.9886741,0.11756367,0.1823751,1.0320961,0.4376717
0.827560558242233,0.8885882,0.9622062,0.9501712,0.21452129,0.26992637,-0.3001511,-0.40103242
0.7743252733010931,0.79771596,0.9475513,0.9584041,0.20607738,0.16403732,-0.5706901,-0.2367913
0.9470111480445921,0.79726136,0.98631734,0.9858349,0.16019163,0.18153572,0.87608445,0.3762653
0.8879595838383352,0.79315746,0.9511506,0.9645394,0.18663234,0.24650343,-0.45996976,-0.45118332
0.5403115692462769,0.7497842,0.9693874,0.94364935,0.10804937,0.15681201,-0.9155828,-0.87655973
0.8882808011232043,0.82501715,0.99302906,0.96866167,0.14327507,0.29030257,-0.98319006,-0.028595448
0.8642305929223717,0.77496934,0.948999,0.9777998,0.16947366,0.15558453,-0.92321455,-0.56683654
0.8776763107052428,1.1513325,0.9663981,0.97883797,0.5136026,0.291626,-0.18335217,-0.42984805
0.7835068460273841,1.0080119,0.90475607,0.948811,0.41349706,0.46213645,-0.11484757,-0.15914722
0.721872199488798,0.6243908,0.96201974,0.93738735,0.12953018,0.18239,-0.34557408,-0.047943223
0.7135360061440246,0.6769427,0.93362236,0.9427094,0.11717664,0.1570298,0.3426543,0.15313675
0.6590226680906723,0.7275696,0.94231415,0.9546392,0.15891592,0.14433467,-0.5004838,-0.5573897
0.8876065904263617,0.893043,0.97675425,0.96882033,0.22729401,0.21545726,-0.84932375,-0.23649903
0.8637348469393876,0.70361084,0.96560097,0.961175,0.14523722,0.13695815,-0.3780201,0.11403003
0.8332922611690445,0.7820075,0.9529023,0.96712506,0.13067861,0.23090462,-1.5027324,-0.7287803
0.7682642890571562,0.71782494,0.9390026,0.9543208,0.16805616,0.1463023,-0.34681606,-0.39325672
0.9463535454141816,0.75798213,0.9820337,0.9856508,0.14402701,0.13385181,0.6992986,-0.052306574
0.5470883323533293,0.58582574,0.94158715,0.9316745,0.06429306,0.13015659,0.51032054,0.41525918
0.7971570446281784,0.7462264,0.9806577,0.9399213,0.118066415,0.1263738,-0.53835124,-0.029009694
0.9084833139332557,0.644174,0.98356724,0.9771591,0.09974274,0.14568393,-1.149712,-0.40938416
0.8927843711374845,0.64436394,0.9685396,0.9599453,0.13856316,0.18082038,0.2798728,-0.3522751
0.8407370909483638,0.53096557,0.9732615,0.95640934,0.08267726,0.11751774,0.29025176,0.2988659
0.6648435713305312,0.5129772,0.9046579,0.9420761,0.076672494,0.13245618,-0.29389068,-0.12665568
0.9160038880155521,0.959349,0.96860576,0.96557975,0.42784348,0.5332317,0.08533179,0.23180968
0.7312762051048204,0.6518808,0.9888182,0.95224506,0.11527574,0.14654045,-0.1116348,-0.6159534
0.8286911547646191,1.0184158,0.97275114,0.9631098,0.3293104,0.18323588,0.15339038,-0.3115745
0.7180922803691214,0.69980866,0.956213,0.95261806,0.100242116,0.1601266,-0.11737216,0.25886273
0.8344543458173831,0.979108,0.924493,0.95645744,0.46727598,0.26688325,-0.30962178,0.0027401263
0.776126816507266,0.48620257,0.9546501,0.9521068,0.06646964,0.10453438,0.27465105,0.1860304
0.8885016980067921,0.924567,0.9778634,0.966641,0.26568842,0.4338636,0.016613679,0.12766837
0.8182130008520033,0.6433416,0.96873564,0.9614362,0.10760752,0.12340979,0.11012229,0.046585534
0.8784614978459915,1.0772653,0.9864509,0.97035205,0.31120816,0.2885091,0.24694082,0.55651087
0.7923839055356221,0.8177558,0.9534939,0.96333957,0.21680073,0.15584803,-0.4237729,-0.17004344
0.7458775755103021,0.6813839,0.97033393,0.95056695,0.22212261,0.122117,-0.24118888,0.13278599
0.9359292477169907,0.7797994,0.96635073,0.9769869,0.21596567,0.20173246,-0.5088823,-0.2359451
0.8650286441145765,0.94072187,0.9413746,0.9455756,0.31155095,0.3398882,-1.0178332,-0.6859313
0.8117624470497882,0.666525,0.96502507,0.9573188,0.09432632,0.15148641,-0.27947176,-0.35867488
0.8889441637766549,1.0283961,0.96962726,0.9586513,0.5035936,0.50966984,0.582645,0.48181927
0.8725364501458005,0.7776176,0.9642212,0.96978384,0.15710312,0.14761846,0.6275437,0.5841271
0.5994449257797031,0.80958486,0.92822653,0.94842285,0.17002127,0.17837174,0.34922647,0.32851198
0.9352943011772047,0.9144915,0.9766779,0.9683418,0.12223201,0.41435218,-0.05333378,-0.08491164
0.6693393493573975,0.51253295,0.963026,0.9358068,0.060886245,0.09666783,0.22211406,0.14226072
0.7115740462961851,0.7912622,0.9054639,0.9613168,0.24881807,0.14347005,0.0063519343,-0.08219793
0.7936980547922192,0.7704744,0.9648409,0.9613484,0.21469975,0.12430633,0.62576854,0.81052697
0.7537828231312925,0.8800298,0.93719834,0.94637287,0.3426784,0.27852392,-0.05536227,0.29733962
0.872817635270541,0.7865533,0.9624058,0.958717,0.2564214,0.20438029,0.273797,0.31261232
0.9446963867855471,0.73158747,0.9816055,0.9876598,0.10918442,0.12149705,-0.5977562,-0.36575434
0.8931360205440823,0.8955055,0.97357047,0.97897315,0.16413216,0.21164054,-0.12799431,0.02470157
0.8854171096684386,1.4315051,0.9926921,0.9852565,0.15232106,0.44992867,-0.75712025,-0.3273512
0.9250138120552484,0.9570524,0.9710216,0.983064,0.30200768,0.15349837,0.29595712,-0.023248859
0.8361593126372504,1.0624522,0.93142354,0.95650935,0.60768265,0.2585309,0.36236352,-0.01564762
0.7317241428965715,0.9055909,0.95102674,0.9502679,0.30799142,0.21130055,-0.10678792,0.31109926
0.8293847575390302,0.6431894,0.9765201,0.9527461,0.16950196,0.17499003,-1.0629035,-0.30641788
0.8843338413353653,0.79613525,0.9551289,0.9544957,0.2647759,0.40330455,-0.29212293,-0.11744032
0.8934152856611426,1.2443789,0.9864238,0.9811599,0.33465806,0.2964101,-0.6710622,-0.039957013
0.8424764259057036,0.84144676,0.98428994,0.9585722,0.18965013,0.19311616,-0.24902706,0.6120237
0.7829289237156949,0.6065993,0.9582136,0.95036167,0.07370226,0.10996526,-0.033515748,-0.29857907
0.8708229392917571,0.659989,0.92725813,0.9483097,0.14820601,0.23520981,0.6839948,0.353442
0.8118518234072937,0.7061511,0.9815829,0.97090775,0.10538502,0.17763166,0.20769815,0.5961389
0.8845100980403922,0.88275033,0.9408498,0.9569334,0.49672353,0.36987337,-0.21903734,0.1422414
0.7283337148148685,0.934691,0.9224657,0.94802374,0.32677925,0.17085034,-0.5540485,-0.5461002
0.9285558422233687,0.6545458,0.97641057,0.98310286,0.15662155,0.12077579,-0.0737806,-0.06622064
0.7817678950715802,1.0680585,0.9530896,0.95631677,0.2964295,0.11252914,-0.95382994,-0.100273244
0.8457342949371798,0.7699223,0.95493466,0.9609224,0.12151657,0.2102026,0.16127338,0.1751434
0.911945951783807,1.119085,0.98847544,0.9736435,0.28921965,0.21953268,-0.031054972,0.20189506
0.8471307165228661,0.90444297,0.9502229,0.97755486,0.28660023,0.18571043,-0.18518566,-0.15160815
0.8895975423901695,1.0037314,0.9874752,0.97074836,0.30083898,0.45630226,-0.8306516,0.020535024
0.9573986775947104,0.84312505,0.9851018,0.9860958,0.18519633,0.22182353,-0.5345647,-0.17110242
0.7536561986247945,0.82325417,0.93911546,0.94393104,0.20618834,0.18045683,0.14152367,0.032261617
0.7489163716654865,0.96418625,0.93897444,0.9531908,0.3515736,0.20697047,-0.503236,-0.36241692
0.925058644234577,0.6929994,0.9838611,0.9712616,0.20574492,0.24681652,1.788771,0.44287387
0.8411521006084023,0.6454555,0.9723166,0.95409137,0.094755284,0.23391615,0.48407483,0.37888107
0.8706165384661538,0.84856784,0.9848585,0.9828869,0.13373074,0.15940116,-0.059431955,-0.36905935
0.842697610790443,0.6942095,0.9576195,0.96002847,0.18922964,0.26236582,0.5906916,0.08282077
0.908945843783375,0.5844221,0.96889037,0.960475,0.09009034,0.18695903,0.3693153,0.39426753
0.8535430621722486,1.0694424,0.95622927,0.96909845,0.31052166,0.21845725,-0.19208904,-0.21012083
0.5028960915843663,0.6768952,0.9162632,0.95258164,0.07914964,0.11466427,-0.2030241,-0.2729782
0.9147394669578679,1.1233213,0.9870939,0.9841079,0.32028094,0.21246198,-0.40571302,0.17627226
0.9281410245640982,0.6077515,0.98473686,0.9816667,0.086395375,0.10698401,-0.117475994,-0.3807139
0.777311653246613,0.9426898,0.9634157,0.9568185,0.22563615,0.1635353,0.45891973,-0.17155936
0.7638228312913251,0.67636514,0.9095975,0.9391319,0.21771348,0.1557094,-0.12356539,-0.22418472
0.7013138132552529,0.77250415,0.96420014,0.94621235,0.09347589,0.18701774,0.43497333,0.2935359
0.682005736022944,0.68568355,0.9872661,0.9705872,0.055078708,0.08371593,0.646148,0.1340367
0.8171545966183865,0.60399705,0.9556614,0.95556116,0.14890817,0.14525007,0.45443153,0.5076666
0.8840523682094729,0.99988925,0.98719025,0.9766257,0.1810426,0.28448087,0.703995,-0.49065244
0.8939132396529585,1.0465552,0.98293024,0.96262056,0.40994135,0.51300037,-0.10753656,-0.17328349
0.8304047616190465,0.817474,0.9824511,0.9675317,0.17566839,0.16531582,0.58140796,0.71151185
0.7978141672566691,0.55906546,0.9489856,0.9408918,0.08661259,0.081390046,0.44594693,0.15261804
0.7589459157836631,0.7291194,0.9585361,0.9585081,0.17578603,0.23585619,0.12244191,0.102315694
0.8923211692846771,0.6638193,0.9820453,0.983354,0.113564044,0.13912365,0.7857236,0.73529774
0.8249657638630554,0.75874925,0.9438821,0.9566605,0.18929446,0.14874104,0.22696175,0.20370136
0.8588037872151488,1.0184397,0.96117604,0.9605463,0.26906586,0.29455197,-0.00968481,0.23593162
0.9186829707318829,0.6422485,0.973781,0.98163724,0.102355495,0.17356375,0.20531951,0.3699849
0.8579074316297266,0.72894156,0.9432015,0.95722634,0.13961923,0.16657041,0.1121988,0.049106695
0.6114082056328225,0.613501,0.9059675,0.9415026,0.13820268,0.10479676,-0.17471285,-0.14454158
0.7657811431245723,0.59569085,0.94986117,0.9540264,0.12638068,0.1241234,0.39909738,0.25000915
0.9146492265969063,0.87328553,0.9612539,0.97370625,0.29381225,0.17418312,-0.12131397,-0.14995146
0.8363516974067896,0.8209837,0.9744463,0.9586073,0.20468463,0.1631501,0.17066495,-0.5931867
0.7769586598346393,0.57801574,0.9655592,0.95912385,0.06313848,0.10096172,0.17807531,0.27135086
0.7413790935163741,0.49700388,0.9316741,0.9408647,0.08535473,0.14852962,0.21738388,0.042049464
0.6269782199128796,0.68788856,0.9560558,0.9554505,0.08952161,0.16481248,-0.7406297,-0.18684861
0.779570062280249,0.77756155,0.9761363,0.9563119,0.17117254,0.19513142,0.73781073,0.75427866
0.9611715886863547,0.96852916,0.9867048,0.9806621,0.28721943,0.3783392,0.5010648,0.14685325
0.7967318589274357,0.6985277,0.94628364,0.95293486,0.16956499,0.1848127,0.55299085,0.5670085
0.5716518546074184,0.72115725,0.91977894,0.94381976,0.15198578,0.2001304,1.3364495,0.91407144
0.7749527318109272,0.56777126,0.9414807,0.9419387,0.109342076,0.1501449,-0.96452427,-0.76349527
0.7859795279181117,0.5961726,0.96507925,0.9443082,0.09218775,0.17690381,-0.2317047,-0.18880346
0.9111582686330744,0.7353325,0.9883994,0.9768183,0.15651546,0.14857915,0.8634355,-0.0024613845
0.6327297949191797,0.807884,0.93025786,0.95053005,0.15837316,0.15417643,-0.77331674,-0.5573806
0.9232684290737161,0.8411323,0.9934428,0.98618525,0.076810025,0.1618321,0.033056274,-0.09599252
0.9019704558818235,0.7162895,0.9927463,0.973596,0.119498305,0.18202363,-0.0833072,0.3174047
0.9382846171384684,1.1310093,0.97542685,0.96574664,0.58889574,0.5342499,-0.75936407,-0.19415323
0.882815499261997,0.7401519,0.98353106,0.9792425,0.14652522,0.15952295,-0.20309855,-0.45665956
0.86138235752943,0.47823104,0.94910455,0.96453214,0.07349037,0.10026476,0.4316606,0.51811856
0.8606459385837543,0.6166848,0.9553573,0.9601944,0.13448907,0.1854889,-1.1377709,-0.40397036
0.9059849999399998,0.6947757,0.9734834,0.97201556,0.16307701,0.14212354,0.25442126,0.16400926
0.7675439981759926,0.6585904,0.95406425,0.953755,0.1833757,0.15451276,0.546452,0.04143829
0.9435362221448886,0.99842757,0.98613954,0.9702074,0.37560937,0.46311882,0.1627042,0.093810365
0.8543203772815091,0.8303987,0.9646708,0.97479767,0.21550168,0.1812985,0.19322248,0.16535914
0.7283083532334129,0.5693097,0.9419551,0.947856,0.15835686,0.119140856,0.93501365,0.5016609
0.8038244632978532,0.69444937,0.96995443,0.9686722,0.15154015,0.15347807,-0.1144552,-0.4303415
0.8017043908175632,0.65771073,0.96029544,0.9602728,0.1313333,0.1292482,-0.90193343,-1.0467261
0.9382590810363239,0.82798237,0.97594863,0.9819428,0.24449837,0.14691524,-0.34525466,-0.20242149
0.8834551498205993,0.7242068,0.976257,0.97165424,0.17856404,0.15385276,-0.44841,-0.47298518
0.8466447625790502,0.6778226,0.9730206,0.9684251,0.07734418,0.21022694,-0.15892485,-0.05965387
0.7231883647534589,0.7916647,0.97113097,0.94765747,0.16998611,0.14970027,0.045967218,0.36539328
0.7159230556922227,0.6061514,0.9011053,0.9520424,0.12495781,0.0922491,0.32739538,0.12500307
0.9064620258481033,1.1190912,0.98656845,0.976362,0.34925488,0.27174458,-0.07370811,-0.6143591
0.9477006228024911,0.6276881,0.97873163,0.97773904,0.12920336,0.18646103,0.26160058,0.09693483
0.8380691442765771,0.82077557,0.9719175,0.9551523,0.29956424,0.27131423,-0.1290254,-0.59998447
0.9321747686990749,0.9277433,0.9871545,0.9794049,0.3041185,0.2948965,0.25359395,0.25091654
0.9329967239868959,0.9742109,0.9810196,0.9783858,0.24542786,0.3512326,-0.535078,-0.16168742
0.735938751755007,0.6073595,0.9608792,0.9588489,0.065744065,0.12251061,-0.60311335,-0.41780323
0.7624710498841996,0.69432074,0.9872462,0.9648869,0.08750016,0.14596422,-0.0072273137,0.08827532
0.9210419881679526,1.8957912,0.9911538,0.9903568,0.09369181,0.30535665,1.0490829,0.33217016
0.8689746438985756,0.928456,0.9433929,0.9434615,0.3774307,0.5630104,-0.5659251,-0.12190393
0.8829506678026712,0.792483,0.9862433,0.9708521,0.15343107,0.21426822,0.64781797,0.47286457
0.9220600722402889,1.1504751,0.9861409,0.97156924,0.4264355,0.52289367,-0.4117707,0.0801488
0.6490926763707054,0.4985298,0.9357544,0.9492019,0.04160278,0.09721198,0.38763013,0.42796028
0.8119023196092784,0.6217493,0.9591393,0.94965875,0.08219267,0.11480845,-0.4508525,-0.17177372
0.803503918015672,0.93728215,0.97874,0.97444195,0.2597512,0.17964154,-0.380514,-0.16819112
0.9232251329005315,0.7524227,0.9885136,0.98570925,0.22120367,0.17221838,-0.118738405,-0.22938472
0.844375121500486,0.6662182,0.9774558,0.96348053,0.11854801,0.17905222,0.30627626,0.46255115
0.9069014196056784,0.63924766,0.9847335,0.98360765,0.096145235,0.123866424,-0.8401599,-0.34681243
0.8964536018144071,0.66279393,0.9778329,0.96744394,0.21416469,0.25003976,0.47315288,-0.0076139728
0.8758906075624302,1.4211617,0.97893435,0.96247417,0.37436277,1.1191798,0.07267675,0.27169865
0.866885099540398,0.7495736,0.94987917,0.95800763,0.16128653,0.2218479,-0.6835063,-0.7010346
0.917434005736023,0.7033659,0.99314207,0.98524934,0.09843441,0.14211796,0.30251056,-0.15718465
0.7045764823059292,0.7586419,0.8883874,0.9659196,0.14640938,0.095786095,-0.12030513,-0.31845194
0.8673579014316056,0.9043394,0.9846576,0.97981435,0.16037205,0.14399543,-0.45865157,-0.6100044
0.7651694286777146,0.70908785,0.9416233,0.9564001,0.13994989,0.091862164,0.17243071,-0.32371852
0.864374305497222,0.73861,0.98449457,0.9719369,0.10898213,0.14824879,-0.052208174,0.42123055
0.8984942819771279,0.9654646,0.98293626,0.9884683,0.14404838,0.16570573,-0.4011969,-0.19216003
0.8542505850023401,0.6319171,0.97395945,0.96731824,0.09303578,0.13842696,0.116940886,0.38380423
0.9061713366853468,1.0431417,0.96972704,0.9772166,0.2823201,0.32217863,0.53720015,0.09960384
0.8292610130440521,0.58674276,0.96590304,0.9702764,0.075165085,0.08530033,0.13133085,-0.21961781
0.8336177024708099,0.95853084,0.96742,0.97152776,0.30558994,0.19688942,0.77313673,0.8713122
0.8301329845319381,0.71451765,0.9815464,0.95881087,0.18086371,0.112650886,0.46454605,0.35455728
0.9133612854451416,0.8604144,0.981377,0.97838056,0.27343324,0.15456235,-1.5599263,-0.4950812
0.9372019248076991,0.79654735,0.98361623,0.97735184,0.16018552,0.22868308,0.49693567,0.28255308
0.8420404881619528,0.66204786,0.9857043,0.973151,0.07888421,0.0881156,-0.42093182,0.47424874
0.7523234252937012,0.79060787,0.94986033,0.95552987,0.18559676,0.18398,0.50427705,0.00013821364
0.8258436873747494,0.64175266,0.9840532,0.95640814,0.08915357,0.18164574,-0.04063321,-0.011876472
0.6874000936003745,0.71426356,0.9582412,0.95253587,0.16517861,0.12669149,0.5690699,0.60670185
0.6687107388429554,0.624878,0.9610671,0.95284414,0.08464529,0.08679369,-0.44980216,-0.11023717
0.9420533042132169,1.3343854,0.97419995,0.9816364,0.32446614,0.461712,-0.52024555,-0.28149313
0.9598792315169261,0.8580336,0.9929961,0.9826951,0.2591651,0.3817347,-0.24028279,0.20014784
0.9275874863499454,0.74625933,0.9816965,0.9856564,0.13907409,0.20257328,-0.21980591,-0.18976489
0.9138431113724454,1.0402896,0.9492292,0.96397895,0.5637284,0.3479047,-0.076476134,-0.2507159
0.5352117408469633,0.5806633,0.9005637,0.94207597,0.1024628,0.07695893,0.7255928,0.68549854
0.8720468481873926,1.0068474,0.95395666,0.96712357,0.33618408,0.2716026,0.5526052,0.113313824
0.9159569438277753,0.7581584,0.9726726,0.97416997,0.18060468,0.2101044,0.023525475,-0.33682144
0.899812751251005,0.8141002,0.9728413,0.9667666,0.27380124,0.3034576,-0.6560441,-0.1774227
0.899439597758391,1.1891198,0.98923653,0.97380555,0.3488618,0.42580873,-0.4602098,0.124925695
0.8642332809331237,1.2712039,0.94747275,0.9647705,0.66694295,0.59234047,-0.4034637,-0.45182484
0.8948359953439813,0.67222285,0.9754689,0.9631403,0.17169009,0.27727473,0.14197955,0.3036021
0.927633470533882,0.75914174,0.9680659,0.977898,0.18090898,0.20759483,0.30368152,0.49571538
0.8205084660338642,0.8121882,0.9598684,0.958435,0.2119835,0.16569364,-0.55820596,-0.6108269
0.8898412873651496,0.6918133,0.9670018,0.9724651,0.17348228,0.11775103,0.07345581,-0.1533765
0.9224842979371917,0.8517372,0.99116623,0.9808185,0.17628866,0.2033355,0.11705943,0.026292993
0.7566190584762339,0.76129985,0.94456494,0.9571362,0.16991366,0.13748288,-0.1303949,-0.041777294
0.7223293533174133,0.6051702,0.96658176,0.95790595,0.10894605,0.108891316,-0.45437026,-0.12135571
0.9204307537230149,0.9140661,0.98826164,0.97966313,0.2299677,0.37138522,0.23261054,0.47067407
0.8319553598214393,0.7920944,0.9577882,0.9711794,0.14335518,0.17997612,-0.92400044,-0.43131852
0.8430071160284641,0.6065433,0.9874743,0.95664567,0.12310525,0.12901433,-0.12443529,0.17373106
0.8272098688394752,0.67663866,0.961571,0.9586442,0.09782529,0.18658003,-0.566572,-0.22461551
0.7769280357121428,0.52054894,0.9779214,0.9541172,0.084955744,0.115265064,-0.29398483,-0.34255344
0.8224665858663435,0.72474414,0.9689056,0.97185,0.1260721,0.19285418,1.3087494,0.7112217
0.8134480217920871,0.7062474,0.9673737,0.9515734,0.097590365,0.11255048,1.2190114,0.66483706
0.8506731306925227,0.706999,0.9615157,0.9724485,0.2382523,0.123114735,-0.24689431,0.08547136
0.9240258721034882,0.90348464,0.9723511,0.98003876,0.23088945,0.18216763,-0.16799009,-0.34753072
0.858251017004068,0.9691445,0.9379038,0.95871454,0.31318638,0.14922616,0.013133498,-0.112622306
0.8549151956607826,0.67387074,0.96535355,0.9620314,0.10759932,0.15340441,-0.1903045,-0.5757389
0.9202564170256682,1.0135881,0.9920252,0.98401856,0.16664954,0.1625807,-0.31992492,-0.11724648
0.7699272741873515,0.7143025,0.9597255,0.9504727,0.12984203,0.17855427,-0.5082284,-0.42017117
0.8126529466117864,0.9129314,0.959682,0.9631394,0.2657037,0.12001549,0.053723045,-0.16018158
0.9317824151296606,0.6214766,0.987771,0.9795867,0.095194794,0.08998348,-0.30039626,-0.056555074
0.8936515426061703,0.7171938,0.9823971,0.9815579,0.08887655,0.1120263,0.36988962,0.08859043
0.8370797643190573,0.63127345,0.97124845,0.974821,0.059292603,0.099368274,0.2564017,0.00113691
0.8690703562814251,0.8362649,0.94551104,0.97316337,0.2092401,0.17016526,0.0755503,0.3958428
0.9010370441481765,0.62336737,0.96656495,0.9677303,0.11047301,0.19920851,-0.40004948,-0.36859342
0.7476636626546506,0.69634366,0.9895817,0.9725494,0.09152402,0.11137772,1.0506241,0.998094
0.9149331957327829,0.6179413,0.97506815,0.97478014,0.08688253,0.12869443,-0.039169,0.0837614
0.9154102216408864,0.71111,0.9696001,0.97226924,0.16031764,0.20587483,0.26589862,0.07751843
0.7585831303325212,0.5542755,0.95166576,0.94619197,0.113448195,0.07843958,0.41418698,-0.004691807
0.6488074592298368,0.5067204,0.9046579,0.94367635,0.076672494,0.112520464,-0.29389068,-0.057254236
0.9375337021348085,0.95121676,0.9858247,0.98284346,0.17051315,0.16794768,0.14848733,0.06343911
0.8616789027156109,1.0504011,0.9646904,0.97121155,0.3539112,0.3137011,-0.24002205,-0.12996335
0.8741671126684506,0.8442378,0.96304196,0.96632427,0.23662342,0.2882741,-0.17690568,-0.36200714
0.9214712058848235,0.7876967,0.97960734,0.97355133,0.20698312,0.21606188,-0.2513703,0.19643901
0.9312039168156673,1.0207586,0.9925551,0.99115986,0.17592277,0.18089025,0.29782653,-0.09918438
0.9384973539894159,0.75671756,0.98120266,0.9768282,0.14990413,0.18743207,0.057125412,0.013866847
0.7602229128916516,0.49479124,0.95883065,0.9552295,0.07828087,0.11589457,-0.070675224,-0.04229306
0.7924387217548868,0.8415726,0.96718776,0.963022,0.114502385,0.23513158,-0.111569546,-0.23286112
0.8792784611138443,0.8561505,0.9888246,0.97602797,0.1945307,0.17113435,-0.18854436,-0.1414472
0.9118488953955814,0.7530534,0.9826863,0.9838486,0.123986326,0.11016934,0.34947613,0.3259986
0.5619365197460789,0.66058886,0.9066469,0.95417404,0.09337634,0.098509766,0.548427,0.6919419
0.9402932331729327,0.8466391,0.9888285,0.9900257,0.17160119,0.30876413,-0.21015878,0.3445594
0.7818211752847011,0.91540676,0.9563737,0.9604931,0.18321614,0.22856946,-0.56621635,-0.5950364
0.5888505154020617,0.59252614,0.91360956,0.9610458,0.078180954,0.09457943,-1.3871076,-0.86112666
0.9297295429181716,1.4852531,0.9891794,0.9717699,0.5353399,1.2478651,-0.8025773,-0.08484378
0.8700027120108479,0.67956793,0.95668787,0.970629,0.083225995,0.15468104,0.03906582,-0.14007959
0.8115452941811766,0.6010392,0.9470461,0.9536334,0.09576088,0.1716549,-0.15042533,0.21006459
0.8820249360997443,0.7576575,0.970687,0.96287596,0.21640067,0.27329946,0.45841438,0.3829481
0.8737058308233232,0.8537855,0.96915084,0.96362084,0.19774565,0.2700049,0.2464746,-0.24184985
0.5765119700478801,1.3260804,0.9551368,0.9528523,0.39036512,0.118644714,0.22789888,-0.094561845
0.8809270757083028,0.7744322,0.98122424,0.9804106,0.08729977,0.14468625,-0.7212073,-0.22389866
0.931879471517886,0.6834678,0.9774186,0.9754295,0.12688318,0.18314879,0.22138363,0.29477853
0.8615375901503605,0.83656013,0.97432554,0.9616378,0.19964199,0.23892137,0.009578189,-0.61041427
0.9192144288577154,0.9111973,0.96627367,0.9804859,0.21053378,0.21897285,0.61284655,0.13518606
0.8406876507506029,0.59646434,0.9681265,0.9537783,0.08019429,0.11384908,-1.2331408,-0.43689096
0.9059926799707199,0.7617331,0.97855633,0.9711814,0.19828014,0.31504512,-0.20971593,0.20011629
0.7621499285997143,1.0240065,0.9481273,0.96917814,0.2845398,0.1462126,-0.52970344,-0.751174
0.867436717746871,0.63114697,0.9795525,0.96561956,0.08441529,0.15348813,-0.635862,-0.5779025
0.9434730538922157,1.1118171,0.98796576,0.9820174,0.2547483,0.3935552,-0.44471925,-0.19101039
0.808939747758991,0.705648,0.97676617,0.96359074,0.10204465,0.19749923,0.8548651,0.5940131
0.654559802239209,0.67712396,0.9442378,0.9502563,0.09971825,0.0924699,-0.40773022,-0.059163265
0.8720172800691203,1.1987453,0.9749092,0.9675875,0.44281876,0.5028953,0.40251297,0.34405494
0.9090848523394093,0.8740611,0.9721814,0.97246844,0.32497105,0.2590749,0.47439244,-0.14721744
0.8911808767235068,0.97110057,0.95454687,0.96724164,0.4499402,0.27662972,-0.6545461,0.06687157
0.5419267757071029,0.6534514,0.92572963,0.94845927,0.077250555,0.112861395,-0.36720684,-0.3347048
0.9472923331693326,1.0969784,0.9759625,0.9821853,0.4598981,0.38191938,-0.19054677,-0.24194
0.7112002208008832,0.7048339,0.95923793,0.94390714,0.12548403,0.12586272,-0.3509805,-0.1485759
0.8778827115308461,0.66101766,0.9535992,0.9609771,0.1723069,0.18664876,-0.081368834,-0.05601788
0.8775301021204085,0.72760415,0.95423657,0.97844136,0.16871305,0.14538653,-0.032526758,0.17376792
0.6968838755355021,0.6060015,0.9400288,0.94749534,0.09295467,0.12962352,-0.13529229,-0.21919854
0.909622358489434,0.7239732,0.98043543,0.9736535,0.090550624,0.21125953,0.04766023,-0.21240604
0.8934733658934636,1.3903584,0.9261339,0.96444595,0.96275187,0.4510869,-0.051685724,0.22812751
0.8926692666770667,0.6918718,0.9719511,0.9694871,0.13119243,0.12514487,-0.8171535,-0.28411183
0.880379201516806,0.95466304,0.95935744,0.9645751,0.2665868,0.32084206,-0.030516837,0.21572074
0.8533948375793503,0.6501288,0.9818734,0.96579975,0.08343052,0.10904302,-0.49507996,-0.10609402
0.9330778443113774,0.8579433,0.9898942,0.979383,0.22501731,0.30897978,-0.62305766,-0.18598567
0.8635485101940408,0.6975691,0.96553296,0.9626961,0.11720315,0.128834,0.24953975,0.09877054
0.8976777027108108,0.9282296,0.9837657,0.97828263,0.17895186,0.2159555,0.04280919,0.073018976
0.7503753855015419,0.64919823,0.9673192,0.9653071,0.07743823,0.10749991,0.13275526,-0.22228453
0.7420926643706575,0.8618326,0.9517065,0.95932734,0.17214939,0.16167809,-0.018135635,-0.36541858
0.8851651086604345,0.9303552,0.9858632,0.9857224,0.18630145,0.2166666,0.002596737,0.053325206
0.7581441205764823,0.60863453,0.94302475,0.95134526,0.11102981,0.13261819,0.14463763,0.03858191
0.8890914283657133,0.62132937,0.97753555,0.96485305,0.13197687,0.1372009,-0.3101135,0.24418046
0.800442465769863,0.7523186,0.9582286,0.95871145,0.16095889,0.11756768,0.30071694,0.087892964
0.8637982071928287,0.9004741,0.97007126,0.96968937,0.16427553,0.14877473,-0.6261243,-0.3721642
0.8306394825579302,0.8279165,0.9317227,0.96514606,0.19503495,0.14211634,0.13995647,0.2964792
0.8364671858687435,1.0585823,0.9905026,0.9875086,0.26055077,0.29432136,0.7727803,0.22078422
0.9134298297193189,0.8189771,0.99280196,0.98022014,0.17038083,0.1609026,0.07089035,0.49761578
0.800253153012612,0.6122305,0.94785374,0.94908017,0.14290993,0.17623569,-0.061579205,-0.16575333
0.8243540494161976,0.5569486,0.94167817,0.9548528,0.122330084,0.113783196,0.27586994,0.12328581
0.8335977343909375,0.74428564,0.9526012,0.96269333,0.21340907,0.18708232,0.24421991,0.34548786
0.5147405229620918,0.6984009,0.9679567,0.9462858,0.09347278,0.06417718,-0.020343557,0.20968904
0.8791493405973624,0.59259,0.966802,0.9663671,0.09174241,0.16404653,0.3867048,0.2904125
0.8912191808767235,0.75684667,0.9771845,0.98052156,0.12102569,0.15875605,-0.1929859,-0.195185
0.8747871791487166,0.7988673,0.9642341,0.9683661,0.16615245,0.28853765,1.2963278,0.6481261
0.8240480001920008,0.5378565,0.95661324,0.9496662,0.079489976,0.14748307,-0.8200815,-0.5198413
0.8954043176172705,1.2490739,0.9680679,0.9741416,0.3874686,0.51284355,-1.1451972,-0.5531864
0.8159814719258877,0.44730106,0.96264285,0.95819914,0.08997396,0.09127738,0.83508426,0.23965207
0.9266777867111469,1.007105,0.98643607,0.97484404,0.26026002,0.29048178,0.09908068,0.0802051
0.8166086424345698,0.62099916,0.9681433,0.95758295,0.10856144,0.10107023,0.22259088,0.58513945
0.8445140340561361,0.85852116,0.96547645,0.96064025,0.2451886,0.2139172,-0.6870556,-0.062878
0.667937743750975,0.5677876,0.94419837,0.9457808,0.092969745,0.11712362,0.58371127,0.4152293
0.8970572522290089,0.74492544,0.9441749,0.9607512,0.2259195,0.21543708,-0.009549124,0.06805447
0.8834878859515438,0.6880558,0.9570406,0.95934796,0.14200985,0.1617678,-0.28258172,0.12630396
0.9633647174588698,1.0135119,0.9902931,0.98822445,0.21426958,0.28883973,-0.3351474,0.0027050248
0.871569246276985,0.8605526,0.96450686,0.9639228,0.17506847,0.18919452,-0.4676668,0.4135353
0.8942118968475872,0.62757903,0.97994465,0.97537893,0.10086688,0.14624064,-0.15428054,-0.2335136
0.905498661994648,1.2494867,0.9849042,0.99049115,0.15577096,0.17504205,0.25435272,0.51249254
0.7162124968499873,0.60901856,0.95413375,0.9554202,0.10284431,0.10048818,-0.7447927,-0.5130908
0.8824201696806787,1.0203081,0.9777426,0.9653588,0.28077894,0.23973948,-0.13541783,0.34708846
0.7210399721598886,0.72770816,0.9545809,0.9506241,0.16262378,0.13543211,0.7011129,-0.08580838
0.7752859491437966,1.080493,0.9438711,0.9585065,0.4059656,0.30591032,-0.82164717,-0.9393699
0.9040407041628167,0.9713608,0.9481912,0.9713533,0.25733128,0.34710103,0.33835337,0.1440503
0.8881443845775382,0.6820275,0.97379255,0.967436,0.09727052,0.13955581,0.08364574,-0.36569008
0.9132730610922444,1.1429952,0.97364914,0.98208576,0.37994263,0.35538882,-1.1346122,-0.52886075
0.6518790875163502,0.6456114,0.926955,0.9521193,0.08556953,0.119637564,0.73767537,0.71131736
0.8620997683990737,0.8816793,0.9722178,0.9668719,0.20969528,0.25479323,-0.43905163,-0.4498983
0.8762158568634273,0.631909,0.9760111,0.9619289,0.12666574,0.16788031,0.3423084,-0.3282308
0.7958524954099816,0.6240723,0.96323854,0.9585996,0.123674616,0.17872581,0.23901385,0.52773
0.9411368845475382,1.1409236,0.9801767,0.97708756,0.45125684,0.47930762,0.51366967,0.07708271
0.7510186840747363,0.7101406,0.9643295,0.9685773,0.11531219,0.123995274,0.2766425,0.5872602
0.8167699230796923,0.9467268,0.95363545,0.954172,0.3225055,0.1895861,-0.2569968,-0.115328334
0.8804526418105671,0.7689212,0.95602447,0.9708797,0.22626714,0.25747985,-1.2599316,-0.55478156
0.8341233364933459,0.7573009,0.9625729,0.9700021,0.12553772,0.10681366,-0.6689413,-0.73101074
0.8236583346333384,0.61128837,0.9606371,0.9676518,0.12904894,0.088448845,-0.13593262,0.009577143
0.9209808359233437,0.5681562,0.9563455,0.973358,0.10027265,0.14196481,-0.16615336,0.08906101
0.8735382141528566,0.59696853,0.9540811,0.969715,0.10749172,0.11822008,0.2615982,0.22413099
0.8446287545150181,0.64875376,0.9574995,0.9636343,0.109404765,0.17783943,0.09599585,0.11172198
0.872749570998284,0.9203219,0.98681676,0.97498375,0.2275806,0.28130573,0.12481681,0.31943953
0.6138000552002207,0.75215065,0.9357537,0.94561857,0.11187636,0.100669086,-0.2894701,-0.2040658
0.7733925335701343,0.6154817,0.9371593,0.95211136,0.13028294,0.16730271,-0.41410622,-0.25446194
0.7731012684050736,0.6192193,0.97771084,0.9748598,0.09340871,0.12537934,0.9753437,0.97929025
0.8315122220488882,0.600185,0.9787504,0.960498,0.05517163,0.097819366,0.07214378,-0.3139932
0.7583983295933183,0.6960347,0.97650903,0.96325606,0.12390075,0.110469006,-0.07647478,0.31966567
0.7844277777111108,0.6769893,0.92725295,0.94805807,0.16880777,0.16326053,-0.593707,-0.5794239
0.6951054684218736,0.67403096,0.9625368,0.9339916,0.13389042,0.16879816,-1.1510189,-0.92748725
0.8156460465841863,0.5750459,0.94556046,0.96006083,0.110185415,0.11613033,0.084447496,0.17627415
0.8455807903231612,1.0318359,0.9775614,0.965875,0.20685342,0.32065392,0.22166762,-0.09961802
0.8548220752883012,0.6069359,0.9618206,0.9575291,0.11586183,0.1408656,0.27010888,0.12919903
0.720751203004812,0.59124506,0.9614565,0.941245,0.0893379,0.1408871,0.326393,0.3766082
0.9023850815403263,1.1733122,0.9913351,0.9727287,0.34995586,0.4525822,-0.68004763,0.19696118
0.6877338869355477,0.62022936,0.9234871,0.943253,0.10474647,0.12374501,0.032998927,0.20705575
0.820746162984652,1.032561,0.9687499,0.9560759,0.21051462,0.43155104,-0.01808211,-0.17814778
0.9090607562430248,0.8964636,0.98942363,0.98594964,0.30093092,0.21206628,0.077867076,0.36732218
0.5014931419725679,0.61425024,0.91890824,0.9420769,0.08855205,0.11092069,0.26055574,0.56271553
0.8610369481477926,0.9568692,0.96877587,0.9686124,0.21547884,0.14041117,0.23722023,-0.052905392
0.7377169668678675,0.7446081,0.93720555,0.9459776,0.15169986,0.113830745,0.5004842,0.5530625
0.900125040500162,0.5543493,0.94520456,0.96493316,0.12780635,0.15609898,0.87786597,0.17371082
0.8565230100920403,0.6328506,0.94881713,0.9685107,0.119549036,0.09794894,0.45243338,0.4222358
0.7562420649682599,1.0627614,0.99383146,0.9818123,0.14650014,0.11813068,-0.45394394,0.6056116
0.783500222000888,0.8222998,0.95390624,0.9561475,0.25170782,0.18144298,0.24810006,0.42852584
0.6956055344221376,0.7199497,0.9169141,0.9481552,0.21739872,0.13717103,-0.27222985,-0.5186791
0.8991983487933951,1.2068595,0.9890564,0.98362505,0.25688365,0.46315023,0.25584975,0.3103207
0.8657880071520285,0.9473372,0.9946628,0.9890114,0.14164455,0.24871893,-0.6626244,-0.44848776
0.8952275809103236,1.1071637,0.9899485,0.97567666,0.30278,0.32455447,0.2595548,0.306731
0.8785401221604886,0.6518985,0.9699483,0.97564703,0.122037254,0.112422794,-0.37173453,0.027174482
0.8995810063240252,0.93370646,0.99046415,0.97958255,0.21142711,0.17717923,0.46479934,0.57490504
0.8855278941115764,0.99553764,0.98073536,0.9779383,0.35537586,0.2579827,0.16346887,-0.60755616
0.8357254869019476,0.66234034,0.96918225,0.96120805,0.11155851,0.16369876,0.24808872,0.17173444
0.8144539138156552,0.7766533,0.9568726,0.9630111,0.15241566,0.15226926,0.1909095,0.4367085
0.7535525182100727,0.6793201,0.97144854,0.95891494,0.09430014,0.12457697,0.21887429,-0.65002626
0.7370835563342254,0.9885781,0.9503096,0.9578009,0.19333592,0.16492982,-0.76285636,-0.3243716
0.6617558950235801,0.90907174,0.9257075,0.9396871,0.2981866,0.120427154,1.1796274,1.1708621
0.8745359461437845,0.7936523,0.9862433,0.9721222,0.15343107,0.29402223,0.64781797,0.5300844
0.89862484249937,0.73049384,0.9656979,0.9692443,0.19473033,0.22499546,-0.22517656,-0.32095027
0.7176647906591627,0.68119013,0.93883663,0.9551267,0.0997397,0.16699947,-0.19882436,-0.55956936
0.88037401749607,1.1611117,0.9939862,0.9790563,0.258426,0.3171086,-0.024133727,0.3761855
0.7743955455821823,0.5802557,0.9579576,0.9443909,0.059585642,0.07111078,-0.2046416,-0.39258075
0.768571202284809,0.6513459,0.93751144,0.9557645,0.12734455,0.15806666,-0.34010684,-0.4351517
0.866687722750891,0.93024844,0.9691478,0.9627415,0.393819,0.33884516,0.42437223,-0.36818224
0.7345002820011279,0.5662054,0.9555193,0.9461082,0.086946316,0.12146588,0.37556103,0.30306062
0.6859739118956475,0.81885326,0.9426228,0.96892273,0.0794626,0.097439654,-1.1990457,-1.1288582
0.7174128856515426,0.6644165,0.9291002,0.9422975,0.2003512,0.09907836,-0.08476524,-0.21993688
0.9325806583226333,0.94974965,0.98225063,0.9739538,0.19844255,0.4674711,-0.5694446,-0.036048923
0.8143396733586934,0.5743366,0.9477691,0.95000577,0.13476428,0.20318261,0.1774239,0.6130894
0.8999035676142703,0.9643757,0.9821048,0.97188735,0.269365,0.2506805,0.37337226,-0.12554555
0.90413219252877,1.0394778,0.97893435,0.96009004,0.37436277,0.752896,0.07267675,0.1308071
0.8450260041040164,0.68698937,0.96454835,0.95819575,0.14439546,0.22630784,-0.5292164,0.09951672
0.9676585266341066,0.9780475,0.9920864,0.98536146,0.068716206,0.13580287,-1.8634281,-0.614624
0.88024950499802,0.7138993,0.98096925,0.9652209,0.10511189,0.22426869,-0.30056682,-0.39082798
0.9314152136608547,0.7408458,0.98201483,0.96515054,0.17152375,0.19824876,-0.4793449,-0.14011265
0.7034538538154153,0.9231368,0.96827096,0.9435569,0.26730976,0.17097823,0.27341348,1.1615139
0.8530918603674416,0.835999,0.9696709,0.9617382,0.17115526,0.11065129,0.35429996,0.5224194
0.7291487405949623,0.8761901,0.9592544,0.972551,0.1382299,0.16834591,-0.8661141,-0.39024025
0.8550911643646575,1.1111853,0.9551489,0.971797,0.3329009,0.38485086,-0.45998982,-0.09165012
0.8502592730370921,0.6911196,0.96972495,0.95513827,0.16624638,0.14525205,0.3824842,0.5722431
0.7790075000300001,0.68690145,0.96712303,0.9500337,0.072962455,0.2086761,-0.68911064,-0.267439
0.7937345349381397,0.66921383,0.95492625,0.96513444,0.075625,0.10571873,0.30152434,0.4196811
0.8021966807867231,0.5878188,0.91796887,0.94512343,0.12401908,0.13716115,-0.6708854,-0.54319346
0.9271151644606578,1.2079873,0.9700181,0.96888727,0.6105173,0.7883953,0.243332,0.023528557
0.7922738890955563,0.78488016,0.95506096,0.9563774,0.1845325,0.122118615,0.45588976,0.9279156
0.9033482533930135,1.0840428,0.9666478,0.98316705,0.4903403,0.18189262,0.50581485,0.20483778
0.73499621998488,1.0168818,0.93076825,0.95250994,0.201718,0.10438223,-0.49629647,-0.44186893
0.9314490057960233,0.8676718,0.9754294,0.984444,0.1273541,0.1817659,-0.1347704,0.01430797
0.780942291769167,0.8808339,0.969661,0.97663826,0.14232849,0.12020745,-0.7682264,-0.43890184
0.7145351781407125,0.5556271,0.96868503,0.9297668,0.124673314,0.10321174,-0.36820233,0.25033638
0.8683284653138612,0.70018977,0.95053333,0.9516838,0.13592109,0.19312318,0.41259578,0.50163174
0.9091965967863872,0.68480045,0.98881537,0.9683349,0.12606657,0.24337098,0.17491354,-0.020100577
0.839445501782007,0.8676782,0.9309886,0.9665119,0.274771,0.1848447,0.017513184,0.09399193
0.9280621122484489,0.77038765,0.97467864,0.9773856,0.1408387,0.260994,0.08266183,-0.28084034
0.8851382285529142,0.97120285,0.97504145,0.9709276,0.22491558,0.15279926,-0.8162019,0.25408396
0.8753611654446617,0.744984,0.9838796,0.9626403,0.16219711,0.19594981,-0.4315731,0.29553375
0.8797918711674847,0.6856369,0.9825276,0.9802956,0.084385104,0.12356369,0.15003105,0.26179504
0.8618946155784623,0.8023747,0.9754689,0.9640465,0.17169009,0.22816363,0.14197955,0.35068527
0.6951409885639542,0.6337783,0.93400353,0.9449496,0.10837701,0.11221588,-0.44490656,-0.04855001
0.7721141924567698,0.7096849,0.9525058,0.9511207,0.16065879,0.14791319,0.86299264,0.58803767
0.6624814659258637,0.50090396,0.9046579,0.9384558,0.076672494,0.10810071,-0.29389068,-0.15271989
0.9454543098172392,0.9477113,0.98763436,0.9847847,0.14444311,0.27643374,0.48273158,0.30023986
0.8694412057648231,0.8602894,0.9654455,0.9782675,0.12808456,0.10889706,-0.9054766,-0.610521
0.8883716174864698,0.6912047,0.9537281,0.96735984,0.14682971,0.1279571,0.1196357,0.14295988
0.9004645938583754,0.6979275,0.97199416,0.9752224,0.123435415,0.22679737,0.011427206,-0.061004367
0.8115443341773366,0.9859217,0.9592388,0.96265495,0.15990743,0.32118374,0.16649403,-0.48043802
0.8395619502478009,0.6133918,0.9835864,0.9639624,0.06389068,0.1568395,-0.5566851,-0.5958208
0.9108546194184776,0.7569711,0.9724419,0.971377,0.21966493,0.19960432,-0.54532856,-0.23117414
0.8611781647126588,0.96896565,0.9516125,0.96754533,0.36465073,0.26598948,-0.58891845,-0.53206056
0.8842228648914594,0.7815006,0.9700997,0.9732397,0.19865465,0.14974524,-0.13983071,0.13362095
0.8679671198684795,0.9300747,0.9454344,0.9483976,0.4739514,0.5886697,-0.22469532,-0.11889334
0.8739578318313272,0.5264221,0.97516,0.96380997,0.08446465,0.15176132,-0.3923218,-0.2017782
0.8691246924987699,0.8128714,0.97080064,0.97215116,0.23898475,0.18365955,0.21381082,-0.29722464
0.8016857667430668,0.5734653,0.96648014,0.95532054,0.07507434,0.12053436,0.3883638,-0.029783724
0.9148729074916297,1.076249,0.95880884,0.97665817,0.38793197,0.34270895,-0.0888822,-0.18980002
0.5083021612086449,0.6820467,0.9500005,0.92232585,0.09963966,0.08344527,-0.44575447,0.00058708614
0.7707410989643958,0.58252597,0.93138605,0.9480113,0.0891139,0.11938022,0.11541622,0.15071699
0.9157766551066203,0.6405987,0.97359294,0.9670752,0.14573677,0.11954061,0.23050246,0.054525245
0.85687782751131,0.7089608,0.931609,0.94930303,0.205681,0.21260996,0.29998055,0.08793159
0.7391440125760503,0.7524542,0.9406865,0.93908757,0.15972595,0.22480728,0.8797479,0.3323477
0.7448495073980296,0.5928502,0.93647236,0.9470041,0.09694581,0.13660198,0.35062933,0.701528
0.7852216048864196,0.46720105,0.9521576,0.9500859,0.056259416,0.07910224,0.49448135,0.34602076
0.7806724346897387,1.1267946,0.92217666,0.9567465,0.5193547,0.1722299,0.23705669,-0.03126855
0.6561145284581138,0.6497332,0.9595186,0.95021045,0.10564221,0.11342887,-0.45793292,-0.7326141
0.7726660986643946,0.9193786,0.9492408,0.94793546,0.30532342,0.21551013,0.56229067,0.42598042
0.8758619034476138,0.6132704,0.95888627,0.9597623,0.14713289,0.14027832,0.074235655,-0.03270494
0.9471235644942579,0.9276883,0.98521465,0.9812466,0.13536504,0.15618989,-0.41164905,0.0004905579
0.5706825387301548,0.8263029,0.9465561,0.93318653,0.13751572,0.12389834,0.22740355,0.32456195
0.6915293581174324,0.61088395,0.95731395,0.9548984,0.12720218,0.10633335,0.5383773,0.4959056
0.7320963363853455,0.7756967,0.9214339,0.9502428,0.19359653,0.1200034,-0.028022401,-0.01782803
0.9048687074748298,0.6299486,0.9589591,0.95520175,0.16099471,0.19634706,-0.44165474,-0.030471312
0.7686985947943792,0.5476993,0.96237576,0.9534523,0.07688221,0.08449727,-0.17724006,0.17656568
0.91550651002604,0.8051685,0.9785178,0.97123027,0.1524733,0.20198499,0.31141886,0.11048936
0.8563571214284856,0.80799866,0.9415504,0.95414793,0.23977543,0.1661547,-0.8154479,-0.32648474
0.841441541766167,0.7195727,0.9663097,0.97613317,0.13812616,0.09994766,-0.06583104,-0.13225698
0.7864849699398797,0.5475162,0.98175675,0.94179267,0.064550534,0.14230658,-0.38091853,0.034850396
0.9004695858783435,0.82865626,0.9763891,0.97928524,0.21921542,0.16023152,-0.26423547,0.0004603498
0.8651645806583225,0.6821045,0.96214575,0.9633315,0.17754395,0.18154629,-0.19492276,0.070891894
0.6678598874395497,0.6214214,0.94252115,0.9451926,0.08494641,0.11024719,0.30400178,0.17927583
0.7074658058632234,0.6499275,0.954344,0.9358991,0.12902741,0.16710939,-0.18491845,-0.16412565
0.9199338557354229,0.65637743,0.98482955,0.9771847,0.07800023,0.10896526,-0.6768041,-0.18973128
0.557444277777111,0.5373351,0.9413124,0.9407392,0.09248126,0.09651178,-0.4027232,-0.15101933
0.6851499405997623,0.5997554,0.9535122,0.94063574,0.10465096,0.11553036,-0.11026413,-0.09349373
0.9120511682046728,1.18037,0.9865144,0.9770374,0.4031235,0.4353408,-0.28834745,0.04712643
0.8729240036960147,0.63257164,0.9737429,0.96232265,0.10888152,0.28556117,0.44747478,0.24850948
0.9072611330445323,1.062312,0.9796155,0.9809893,0.17078426,0.17420343,0.49427134,0.345547
0.9000215520862083,0.7726945,0.9857677,0.98705494,0.11912722,0.18276422,-0.46631786,0.09285746
0.7073454213816854,0.6595512,0.95271283,0.94249016,0.13743311,0.07101676,0.17498787,0.4656009
0.9359736958947834,1.1650201,0.99428976,0.9746225,0.30784792,0.549285,-0.33637074,0.1050873
0.6991750207000827,0.8685964,0.9230494,0.93492717,0.27923384,0.15354948,0.1715882,-0.13121793
0.7492138768555074,0.51945907,0.9600622,0.93880826,0.07995342,0.13652077,-0.681792,-0.6245064
0.907062988251953,1.1354667,0.9497197,0.97029716,0.52397346,0.5009129,0.0026339397,-0.27860242
0.6369913479653918,0.49463642,0.9239389,0.9432409,0.07039632,0.0776554,0.65699667,0.56034404
0.9168880515522062,0.93937165,0.9919964,0.97640556,0.24450952,0.40902144,-0.5917854,-0.2843121
0.8820138960555841,0.86347044,0.97606564,0.9762142,0.19029324,0.19576597,-1.0268215,-0.56446046
0.9051204204816818,0.5953428,0.98369265,0.97544485,0.14410894,0.16933481,-0.5278627,-0.68601596
0.8460535922143689,0.67324746,0.9547511,0.9570615,0.15784945,0.18541257,0.053531602,0.31224126
0.8930941643766575,1.0003601,0.96572363,0.96642864,0.42323,0.34443483,-0.31448865,-0.3510583
0.8918614234456936,0.7099928,0.97955376,0.9707537,0.11849576,0.098376654,0.13774933,0.23575263
0.8428901875607503,0.8005113,0.9393767,0.96571976,0.15998484,0.17373261,-0.57953566,-0.22485997
0.7926038424153696,0.80844104,0.9910893,0.9714216,0.14333805,0.14175574,0.055287786,-0.5284292
0.953883335533342,0.84602773,0.9854917,0.98577756,0.19303842,0.30184707,0.4621543,0.18569843
0.7333219732878931,0.8308812,0.9199215,0.94519293,0.29720083,0.22765803,-0.25256896,-0.49774256
0.7871127164508658,0.7835964,0.94590336,0.9578519,0.17168692,0.1141931,0.6871303,0.27626136
0.8747401389605557,0.8773458,0.9661598,0.9667028,0.27469188,0.26434228,0.23251998,0.5207026
0.7962172968691875,0.47226393,0.95227045,0.9444181,0.053649537,0.15653501,-0.12606671,-0.35949045
0.9564659378637512,1.0213581,0.99072117,0.9847745,0.15983593,0.16812934,0.118188076,-0.052964106
0.8915206220824882,0.8818422,0.9870018,0.9757615,0.20401165,0.19655189,0.4124322,-0.4487974
0.8288004032016127,0.6109149,0.94260144,0.94718987,0.09732748,0.12412649,0.54932463,0.4370754
0.766195768783075,0.6781511,0.9312196,0.95007485,0.15927935,0.16371489,0.10862862,0.649599
0.8650742442969771,0.8790527,0.9490515,0.9613923,0.2319732,0.23933479,-0.1170724,0.27220532
0.9488387073548292,1.0507225,0.9787712,0.98673534,0.3501334,0.39758295,0.44608945,0.18068327
0.8655112380449522,0.6188124,0.9657187,0.9640861,0.09340539,0.15215507,-0.35539287,-0.13042313
0.9226091944367778,0.600468,0.9602494,0.9669415,0.16177863,0.1912219,0.798081,0.22983463
0.893687350749403,0.9218135,0.94091594,0.9704832,0.29719737,0.2454598,0.5568085,0.35281575
0.823433981735927,0.94469976,0.9812469,0.97085696,0.19242471,0.22939985,0.36485317,0.13194218
0.8718292153168613,0.7675428,0.9829248,0.97333324,0.17055301,0.16227707,0.32744333,-0.4115082
0.9191694046776187,0.861003,0.9848655,0.97357124,0.23322167,0.31371355,-0.4591408,-0.22145672
0.7157259669038676,0.6296607,0.94373775,0.9475465,0.09182863,0.14334469,0.3994486,-0.047150075
0.8564275857103428,0.72497696,0.96363586,0.96670794,0.16640405,0.2040641,0.76997066,0.3675472
0.7955048780195121,0.99548006,0.970687,0.95514643,0.21640067,0.29535797,0.45841438,0.45471206
0.9232442369769479,0.8505213,0.97155046,0.96651596,0.24659438,0.39611995,0.6151469,0.059569355
0.8602755691022763,0.66456246,0.9537799,0.9601667,0.14179486,0.18119727,-0.4319217,0.06631056
0.8847255229020915,0.5886185,0.9920855,0.9834663,0.080499575,0.10726861,0.38008195,-0.5062548
0.9017266149064596,0.74747306,0.9745158,0.9764607,0.08766423,0.15613163,-0.3579399,-0.14817332
0.8749836919347677,0.8307891,0.9777028,0.9650999,0.25955164,0.290933,-0.059739217,0.21604966
0.7562260329041316,0.47587988,0.9675004,0.9575463,0.05008668,0.10255655,0.277095,0.2620174
0.9313372613490455,0.6509411,0.97640467,0.97712636,0.12084706,0.16219117,0.891305,0.1226051
0.9316045264181058,0.7461032,0.9931139,0.9860971,0.06528675,0.18296468,0.01982911,-0.2378307
0.7089627398509594,0.78189903,0.95621634,0.94010556,0.14662054,0.17767082,-0.49257657,-0.21528248
0.751876351505406,0.7446023,0.96972215,0.9435296,0.16113785,0.24757585,0.8478136,0.36724976
0.8296607586430345,0.91128075,0.9689786,0.9718632,0.20669669,0.17950666,0.7945547,0.9023437
0.8930948363793455,0.80764973,0.9606708,0.9724715,0.21130975,0.22804448,0.660624,0.37874737
0.9259537518150073,0.7870651,0.98667014,0.9844662,0.10777177,0.17447568,-0.31910303,0.032295533
0.8977252229008915,0.8702296,0.9910897,0.9553056,0.29869944,0.27317932,-0.66659874,-0.5893118
0.3733534614138456,0.6359865,0.9109182,0.94381934,0.09006092,0.07899523,0.075609095,-0.011020546
0.7981762807051228,0.7202848,0.96081895,0.965979,0.09922463,0.12360054,-0.22372952,-0.09323812
0.7883858735434942,0.7822061,0.97456205,0.9487768,0.109150946,0.08025157,0.34164542,0.24619615
0.8952372769491076,1.0130488,0.9774584,0.9687741,0.34728986,0.37574252,-0.54320043,0.106979944
0.6084086736346945,0.59563905,0.96170646,0.94987404,0.046363343,0.11643237,0.16959383,0.1238692
0.8306681866727466,0.63436836,0.967426,0.95088434,0.10788161,0.19497885,-0.78913945,-0.22517732
0.8365148980595922,0.8861913,0.9771056,0.9661411,0.19636726,0.23656446,-0.5080118,0.6359722
0.7843624014496058,0.69925076,0.94878954,0.9554551,0.14586514,0.13617285,0.46859655,0.14308454
0.5986783627134508,0.6771951,0.95617986,0.95314187,0.08607883,0.085465014,0.26588297,-0.03459469
0.8377165348661395,0.7374158,0.9676625,0.97243035,0.21799593,0.09350597,0.7340569,0.38649282
0.8224538178152712,0.6873252,0.930779,0.9638025,0.19692943,0.13320804,0.24017033,0.3126086
0.8472042528170112,0.86316615,0.9869968,0.97905475,0.18368357,0.17822495,-0.8533218,-0.7383107
0.7951509246036984,0.6244598,0.9530668,0.94918245,0.11521889,0.13263601,0.39143443,0.43427607
0.769189924759699,0.637548,0.959043,0.95329106,0.084194586,0.1494811,-0.27831113,-0.11700467
0.7408884355537422,0.6475417,0.9386442,0.94559443,0.085881814,0.13675642,0.6461855,0.425905
0.9078893595574381,0.75226927,0.99228865,0.9834489,0.1532529,0.14941187,-0.33735833,-0.6441525
0.4117117588470354,0.61057085,0.8979226,0.9375764,0.099876404,0.11121167,-0.6448981,-0.5608836
0.8684600818403273,1.1849624,0.9844336,0.97619355,0.19725493,0.5751542,-0.5174917,-0.35598835
0.8553676454705819,0.72848827,0.97665906,0.9761523,0.16208294,0.10136373,0.2226384,-0.089288
0.9047718430873724,0.7342074,0.9704195,0.9800674,0.20567001,0.19941747,-0.5628274,-0.36161596
0.8742637850551402,0.7203207,0.99396133,0.9822696,0.09732722,0.15333524,-0.15685892,-0.093947925
0.8650698282793131,0.829475,0.9523257,0.9547789,0.26322138,0.34840086,0.019843912,-0.2907737
0.7447669470677882,0.8105235,0.9260728,0.94823724,0.2303429,0.19860725,0.2933227,0.2705107
0.8929925959703838,0.78968143,0.96960694,0.9718293,0.17058717,0.1626709,0.61343884,0.5440889
0.91013039252157,0.8041275,0.97245157,0.97386575,0.1643587,0.24978432,-1.1881009,-0.61196536
0.9101971127884512,1.0908386,0.9597952,0.96938473,0.50322115,0.2504398,0.38950297,0.028971823
0.907568622274489,1.0390621,0.9694184,0.9661884,0.38211173,0.50274146,-0.083617024,0.06820517
0.8525444661778646,0.83833593,0.97717154,0.96216375,0.20977741,0.16454151,0.42025596,0.35442963
0.8504087456349826,0.45166677,0.9554573,0.9584467,0.09109198,0.08416653,0.5925625,0.6859981
0.8230667802671211,0.8265661,0.974121,0.962564,0.12393422,0.13900636,-0.092509225,0.09959804
0.9328707714830858,1.1611416,0.9906515,0.98126626,0.26966083,0.2643056,-0.06677308,0.37447914
0.8970981483925936,0.8251947,0.98998106,0.9830983,0.13900514,0.1256989,-0.007693664,0.4360564
0.7216515906063624,0.7357737,0.97425467,0.9482179,0.15447602,0.08805872,-0.29376265,0.2277318
0.9039549758199033,1.121799,0.9881103,0.97395647,0.3786449,0.4446951,-0.57734853,0.17507046
0.9184112896451585,0.66154903,0.9907839,0.9736845,0.11599406,0.1741378,0.1893394,-0.21289009
0.7868610034440138,0.7872828,0.97798926,0.95658416,0.23646693,0.2225409,-0.22621612,-0.46371105
0.7620152400609602,0.75758487,0.95501524,0.95860785,0.2004614,0.14449772,0.22702834,0.2696473
0.7360074880299521,0.9387374,0.9490045,0.9561397,0.23127688,0.17855145,0.06907274,-0.16177192
0.7038008952035808,0.6212009,0.9343787,0.95198613,0.08566927,0.1061748,-0.77932006,-0.5899345
0.8806937947751792,0.99407834,0.9769152,0.97252667,0.38158438,0.29885378,-0.23982507,-0.015755782
0.7899588398353593,0.4998846,0.96891403,0.9510136,0.07078937,0.0946911,0.124242134,0.056114584
0.8690701642806571,0.86979693,0.9862433,0.97481716,0.15343107,0.13420169,0.64781797,0.48206404
0.9492867411469647,0.62857676,0.99309164,0.9864749,0.12871905,0.18097444,-0.121163644,0.21878883
0.7630940923763695,0.7632589,0.94259834,0.95323807,0.32200783,0.13069327,0.85475814,0.036828827
0.7968639554558218,0.7827561,0.96020085,0.9594992,0.19014263,0.20086284,0.2392147,0.2527771
0.8741482005928024,0.62185305,0.98321444,0.9698114,0.04784183,0.13513175,0.3832644,-0.030504178
0.815691838767355,0.7057048,0.96372175,0.9679089,0.14266047,0.13967848,-0.52241564,0.028451834
0.9491511886047543,0.49832958,0.98701495,0.98207015,0.093163125,0.09214814,-0.087890156,-0.11052274
0.7296449665798663,0.72889537,0.947022,0.960961,0.17466107,0.13789076,1.0424609,0.5916608
0.75275235500942,0.923648,0.9284807,0.95958316,0.30160215,0.18287174,0.41639644,0.10405833
0.8084827859311438,0.66779906,0.95170087,0.9580438,0.123937964,0.17033067,-0.24632841,-0.05485113
0.8093367093468373,0.860541,0.9573405,0.96143085,0.13901676,0.21431538,-0.1577489,0.0005172377
0.8288388033552133,0.79240274,0.9731451,0.95430094,0.21998028,0.19051297,-0.1368528,-0.41429666
0.800560354241417,0.6287789,0.93715274,0.9617471,0.1643563,0.10626305,0.11600628,0.014516543
0.8734041976167903,0.84840035,0.9676077,0.9649969,0.29396987,0.17149547,-0.5391418,-0.31280947
0.904505346021384,0.90702474,0.9778183,0.9784239,0.2707264,0.23034894,0.06379876,0.16459376
0.914567050268201,0.6175352,0.975057,0.97882795,0.11592083,0.16531827,-0.4875532,-0.12668768
0.7090834123336492,0.81578356,0.94805855,0.9602241,0.27702168,0.15527989,0.2726825,0.5058692
0.8647664670658683,1.0057509,0.95842457,0.9724012,0.34047145,0.3049565,-0.65470135,-0.60669863
0.7035006060024239,0.65601295,0.9509669,0.95974135,0.100814894,0.119585864,-0.8421508,-0.26744103
0.8675931023724094,0.705531,0.9909404,0.9596638,0.06134798,0.278688,-0.3347035,0.06650381
0.9010829323317293,1.039466,0.97893435,0.96938235,0.37436277,0.3834023,0.07267675,0.10460323
0.5531482605930423,0.68335366,0.9799193,0.9574033,0.04351743,0.105243035,0.7577949,0.20284672
0.7818021672086688,0.73995537,0.9702982,0.9598663,0.14720175,0.11933979,-0.28381583,0.18004334
0.8372648530594121,0.70254916,0.9821989,0.9609307,0.12793805,0.1782112,0.42433754,-0.03818828
0.892636530546122,1.0394541,0.96025145,0.9786036,0.42190763,0.26186743,-0.15136462,-0.16046692
0.8237070068280273,0.72943324,0.9769756,0.9629363,0.12892778,0.16022289,-0.782273,-0.5610475
0.8910233400933605,1.0205659,0.9821599,0.9739483,0.25752655,0.39114967,-0.4339679,0.009590434
0.7525662102648409,0.5397112,0.9522757,0.95801777,0.051409725,0.09463607,0.0041907947,-0.09328447
0.8527026748106992,0.8464116,0.9935361,0.9823416,0.09201658,0.20171519,0.17043407,0.34323585
0.7236550226200904,0.8122447,0.93083507,0.9530877,0.26718003,0.1475008,-0.26451176,-0.44979835
0.8919147996591986,0.5623372,0.9765203,0.97035223,0.0708612,0.10353078,0.19428465,0.24657236
0.9216555266221063,0.6087209,0.9864992,0.9745241,0.086579435,0.16923735,0.21677694,0.29384792
0.9528527714110857,0.9537055,0.9870614,0.9834962,0.19075954,0.3799045,-0.23351501,0.16264287
0.8186821547286189,0.7688022,0.96883,0.9680228,0.124949105,0.16560593,1.0796019,1.0644482
0.8793001572006287,0.8065633,0.9728723,0.9660905,0.32797375,0.3244869,-0.5910669,0.018737
0.8723291853167412,0.81406105,0.98074126,0.9725358,0.13106829,0.1655514,0.27764493,0.5915679
0.8537113508454034,0.81295013,0.9736271,0.96829283,0.13672766,0.18518662,0.21344972,-0.09531423
0.922818571274285,0.90335655,0.98603123,0.97136736,0.19109616,0.3342217,-0.4027296,-0.3446796
0.8528335233340932,1.2238624,0.9762897,0.9821264,0.33907005,0.2840823,0.57933813,0.3390176
0.8572209328837315,0.5974776,0.9607222,0.9587462,0.08102932,0.14518225,-0.6576646,-0.43916702
0.8265892263569053,0.6616186,0.93460506,0.96822315,0.11929398,0.14257364,-0.75629044,-0.81499815
0.958570554282217,0.9416896,0.98853964,0.9784854,0.3610917,0.46948457,0.49618745,-0.20368735
0.7869739958959835,0.6885941,0.9490912,0.9610962,0.17288564,0.11364629,0.28959724,0.030603876
0.6188941235764943,0.8086854,0.93305415,0.9509543,0.23542273,0.13911928,-0.06729425,-0.31128964
0.9086726266905067,0.69129056,0.9734876,0.96889883,0.14704429,0.18452808,0.38123924,0.24507004
0.8733497653990616,0.91001314,0.99390566,0.97798485,0.16223723,0.21080345,0.6066785,0.05742927
0.8387441229764918,1.194862,0.96374387,0.9622666,0.5944651,0.4508134,-0.90551126,-0.479141
0.8215483421933687,0.6813539,0.9462912,0.9596769,0.14870183,0.1831562,0.25715566,0.083536476
0.8810916203664814,0.5515703,0.97866756,0.9607059,0.08382161,0.11055881,-0.016066337,0.12234993
0.9014889179556718,0.70380175,0.9842076,0.9719058,0.11693113,0.17006077,-0.11354605,-0.44537055
0.8712269089076355,0.99276686,0.97312796,0.95945966,0.41075635,0.3291349,0.109770864,-0.015535365
0.9601032004128016,0.5995412,0.97575855,0.981242,0.108590305,0.19552277,-0.11149189,0.022658044
0.7800266401065603,0.5688363,0.93622184,0.95659083,0.12808982,0.10782339,-0.13915437,0.08663164
0.8684437617750471,1.0231022,0.97561836,0.9704345,0.28510362,0.42344272,-0.42887685,-0.25078782
0.9492731090924363,0.5998662,0.9947825,0.9815949,0.09988458,0.15342729,-0.72314584,-0.21858416
0.589560726242905,0.7111505,0.941859,0.9544202,0.13315392,0.114164874,-0.45542026,-0.7992034
0.9049744038976154,0.8229503,0.9678456,0.9688251,0.2801128,0.2208763,-0.04435521,0.03899213
0.6918552794211176,0.66585857,0.9521368,0.9574905,0.09345955,0.104034565,-0.6074217,-0.23178327
0.8915796623186493,0.6607506,0.9694855,0.9637581,0.07578651,0.12889037,0.32325342,0.08306951
0.8040228000912003,0.63067096,0.9365,0.95244086,0.13142946,0.13695073,-0.0750434,-0.3009283
0.8901606806427226,0.7619383,0.9574604,0.9650356,0.1713235,0.19869624,-0.07677243,0.010668141
0.8646204504818019,0.82278174,0.99146163,0.97686857,0.1465364,0.22045135,0.26104635,0.40158114
0.9203818895275581,0.9145116,0.98054737,0.9834754,0.28017402,0.24977489,-0.6371924,-0.25611377
0.8931981327925311,1.0145475,0.9582388,0.9577769,0.2710558,0.7359345,-0.607387,-0.35104105
0.7378279433117733,0.73043525,0.92837197,0.9566408,0.15615532,0.13269934,0.21281931,0.22090995
0.46956408625634494,0.7302412,0.91475815,0.9474341,0.142166,0.12470676,0.07352574,-0.023612171
0.8662107928431714,0.6570383,0.9943318,0.9698687,0.084638715,0.1237239,-0.03358208,0.081694655
0.720814275257101,0.6570324,0.9179228,0.94989043,0.121910036,0.15729472,-0.15525906,0.039854653
0.6280175200700803,0.6690668,0.914852,0.9551171,0.16153008,0.11376152,0.4329014,0.46590978
0.8719738878955515,0.64501196,0.96584904,0.9686692,0.09139073,0.12859836,0.46665046,-0.3169684
0.9023487190512456,1.1238697,0.98275054,0.96435463,0.41671634,0.94315034,-0.24919571,0.06326927
0.9371735086940348,1.0909634,0.98853105,0.97445416,0.60516775,0.39594212,-0.004733834,0.32892826
0.8526091704366817,0.76008433,0.95458883,0.9656387,0.1515541,0.11444002,-0.16507125,0.12658696
0.9344767619070475,0.67815465,0.9855248,0.9756898,0.1698548,0.19378288,0.01477283,-0.2925143
0.8550244440977763,0.87709963,0.96816295,0.9639673,0.24499892,0.30983293,-0.6103785,-0.42233145
0.8551366685466741,1.0379481,0.96230656,0.96447504,0.3903039,0.22362599,-0.7544141,0.0018869219
0.781129684518738,0.56267124,0.9835157,0.9516337,0.07819214,0.16239576,0.60446966,0.7527781
0.7751316765267061,0.7044796,0.97718817,0.9593727,0.07430552,0.17360523,-0.35777137,0.010082998
0.7818305833223332,0.77552235,0.96415275,0.9637924,0.13486585,0.14950977,-0.54572946,0.13377266
0.8969151716606867,0.6462236,0.94540507,0.9653179,0.13499834,0.17359789,0.4240639,-0.008882324
0.9196949107796432,1.0682542,0.95271665,0.96674514,0.4861354,0.66660184,-0.49776518,-0.462144
0.8887493789975159,0.71654665,0.97145426,0.9770965,0.11592688,0.17531563,-0.36268947,-0.42
0.8370867723470895,0.7621286,0.9847079,0.96845394,0.1762454,0.15784384,0.57188153,-0.4392536
0.9176344545378181,0.5339268,0.96415985,0.9706565,0.08234107,0.13022608,-1.1684693,-0.6643096
0.791749342997372,1.1197755,0.98182935,0.9869884,0.19882901,0.17254816,-0.022511497,0.10085393
0.8764983859935439,0.86663467,0.9708293,0.9782416,0.1856123,0.14887549,0.14943787,0.13555422
0.9056591746366985,0.9344361,0.97066194,0.9742111,0.20741571,0.24884006,0.5624586,0.3757445
0.8657878151512606,0.6362587,0.97979105,0.9749616,0.11474184,0.14161313,-0.9012515,-0.5118429
0.8960234240936963,0.6743507,0.9868004,0.97465825,0.096578464,0.116361834,-0.1776283,0.3364294
0.8592599810399241,0.87590146,0.97947425,0.9659541,0.179027,0.18135117,0.9039137,0.5292924
0.8883923535694142,0.766579,0.9783884,0.9762481,0.15407297,0.12734254,0.14339425,0.12033791
0.9074396937587751,1.0573478,0.97737634,0.9861009,0.2153068,0.2627999,-0.57321304,-0.065411255
0.8551048924195696,0.70987916,0.9931117,0.98181474,0.12173611,0.16845155,-0.054392476,-0.33253717
0.8193709574838299,0.8053042,0.97112936,0.9691269,0.19536054,0.1690705,-0.2236945,0.29703772
0.7990129240516962,1.2773597,0.93903464,0.96717143,0.72934103,0.23161186,-0.4957812,-0.4269557
0.796874611498446,1.1131611,0.9749823,0.96769655,0.26951993,0.13630597,-0.15916184,0.34054348
0.793938151752607,0.7807078,0.95900106,0.9583332,0.20493498,0.17104392,0.31352773,0.1814039
0.8998019992079969,0.84238523,0.9699261,0.96734613,0.15060596,0.22136363,-0.07798042,-0.13609219
0.9241639206556828,0.57088035,0.97548646,0.97316265,0.119403616,0.13375373,0.010271125,0.23335102
0.8594756939027757,0.64092726,0.97461075,0.95760894,0.110005796,0.16196992,0.17926702,0.20601732
0.9180181680726723,0.74974155,0.99111307,0.98104364,0.11363153,0.13375437,0.0047657345,-0.010900351
0.8724369937479749,0.7976205,0.9660937,0.9642296,0.15117958,0.23415531,-0.50971335,-0.45628485
0.8830150840603361,0.7147164,0.96822816,0.9645991,0.17437224,0.16240934,0.682442,0.10261521
0.8035934863739453,0.901593,0.95960486,0.9616664,0.28446802,0.19665378,-0.1805694,0.20151204
0.8173243252973011,0.5306766,0.9662836,0.96157986,0.07557616,0.1421814,-0.10271894,-0.1590829
0.866437353749415,1.1653519,0.9675515,0.97997916,0.41540512,0.2889927,-0.08834721,-0.31376457
0.8908272113088452,0.88282055,0.97901595,0.97262526,0.25577688,0.28650704,0.13668661,0.21648285
0.9109208596834386,0.8263262,0.98868895,0.9731059,0.23446156,0.24660438,-0.52691805,0.18937546
0.8852119568478273,0.818267,0.98376393,0.98257613,0.12467397,0.12352155,0.2993574,0.28188074
0.8668731954927819,0.8675284,0.9412426,0.9639073,0.26629758,0.28263843,-0.0014166385,-0.005782636
0.9060006480025921,0.76453567,0.9746177,0.9768193,0.20719285,0.22278062,0.47251686,0.45731446
0.9487891711566845,0.85968494,0.9782956,0.97849107,0.3403845,0.29625592,-0.9034878,-0.28759632
0.9086988347953392,0.5772804,0.9923032,0.96846026,0.099991746,0.11522489,0.19221072,0.014176032
0.9027204108816435,1.1315955,0.98037857,0.97734094,0.33899894,0.40014786,-0.39430588,-0.37697947
0.8939894639578557,0.7120278,0.9946507,0.9745292,0.09645862,0.16299999,0.67648596,0.27196229
0.8657978951915807,0.57711476,0.9530934,0.9659537,0.14421986,0.1311586,-0.7275388,-0.7812561
0.9009393157572629,0.746094,0.9944147,0.9798866,0.18677631,0.17493473,0.09078708,0.40645248
0.9538083592334369,0.62634283,0.9809223,0.981126,0.10508916,0.14518623,-0.7278594,-0.3205581
0.6354148296593185,0.5865388,0.94038904,0.95408297,0.07354535,0.10229802,0.6799284,0.54408985
0.9109402517610071,0.6876208,0.9790073,0.9764413,0.092451714,0.15533358,-0.22406265,-0.30051363
0.6100858963435853,0.72866267,0.94390666,0.9585678,0.08379379,0.13734418,0.48712543,0.37878036
0.7180384241536966,0.68888074,0.9773883,0.9654367,0.13125673,0.11349013,0.25842714,-1.013317
0.8579199116796465,0.64670366,0.9896827,0.9651675,0.091320984,0.16700734,0.4067105,-0.3274731
0.9166233784935139,0.911796,0.958804,0.9592108,0.41908196,0.41421688,0.99952924,0.24998447
0.9238979035916143,0.90617424,0.98939735,0.9723042,0.25106886,0.29789037,0.06135904,0.2618597
0.9475218700874805,1.2086936,0.9898384,0.9840828,0.28995314,0.19604753,0.33019167,-0.27146897
0.731812367249469,0.8358377,0.93739194,0.95405984,0.2854368,0.15636829,0.4925151,0.43582898
0.9300519122076488,0.7755555,0.9777997,0.9808116,0.20304687,0.22002445,-0.2441424,-0.19173035
0.8564360337441349,0.8801545,0.9792349,0.9587997,0.2748107,0.17600578,-0.49084604,0.37983993
0.8152007008028032,0.9382781,0.986983,0.96522903,0.21321759,0.21325502,-0.538419,0.49506596
0.8296606626426505,0.5149586,0.97403157,0.97105134,0.06399824,0.102594525,0.63338405,0.4976691
0.905810471241885,0.7477277,0.9660399,0.97070634,0.15616494,0.15186213,-0.0016479213,0.1769415
0.904316225264901,0.8415493,0.9820748,0.9832224,0.13281694,0.16153751,0.9900236,0.48746523
0.863948735794943,0.6909113,0.9579446,0.95856315,0.1437062,0.18235542,-0.33577764,0.026192276
0.8239332797331188,0.66068023,0.9477378,0.9628617,0.14725903,0.12701574,-0.19273709,0.15384607
0.9129265957063828,0.6430718,0.972361,0.97199893,0.1271921,0.16668567,-0.03070948,0.1800078
0.9053066612266447,1.0682755,0.95913815,0.9645877,0.40132254,0.4528928,-0.75878555,-0.18428108
0.7745425221700887,0.5925984,0.9799562,0.95695704,0.072362356,0.07978191,-0.43225503,-0.39296314
0.7897133668534673,0.6457352,0.9256103,0.95687354,0.14796169,0.13349006,0.24256434,0.2567821
0.8269629558518234,0.8475208,0.985158,0.9746084,0.13315743,0.103408635,-1.0110664,0.15734111
0.9112308449233797,1.0970334,0.99173003,0.974569,0.3435714,0.4018516,-0.23317333,0.11459757
0.8478893115572462,0.7970351,0.9754689,0.96674323,0.17169009,0.24468195,0.14197955,0.25925177
0.8840285601142404,1.0131313,0.9845395,0.9762699,0.3843238,0.50009525,0.7687592,-0.06392252
0.745999303997216,0.7360669,0.97463185,0.96496505,0.1701202,0.13113333,0.4413821,0.7660901
0.864195840783363,0.52474326,0.951657,0.9624071,0.09200026,0.12066796,-0.5433774,-0.37110484
0.69212619250477,0.71077114,0.9146618,0.95597816,0.17317156,0.12649731,0.021748554,-0.020380262
0.9046165144660578,0.79033464,0.9787757,0.9682773,0.21793601,0.26522756,-0.20380361,-0.03486979
0.8807324829299318,0.79857886,0.9682419,0.9688229,0.26139402,0.23309845,0.37838516,0.17282176
0.8532702290809163,0.56015724,0.97449976,0.9641845,0.08261688,0.13361183,0.11501424,-0.10126837
0.8663790815163261,0.5964388,0.9752056,0.9705573,0.07580043,0.097117215,0.052853353,-0.20835759
0.9159802719210877,0.6109238,0.9768032,0.9713848,0.08846283,0.15911104,0.061514094,-0.21347314
0.8449688838755354,1.0546821,0.9687812,0.9668601,0.33223253,0.46844655,-0.989827,-0.6486131
0.8917809751239005,0.9925523,0.974221,0.97830534,0.30082864,0.22579317,-0.4639254,-0.26237023
0.8906414505658022,0.73071164,0.9720645,0.9714779,0.13259122,0.22130272,0.2863647,0.061810188
0.7990084120336483,0.6099914,0.9677162,0.9581193,0.091960564,0.12141509,-0.78638864,-0.1606218
0.8947866511466045,0.87593526,0.9744836,0.9774773,0.21575683,0.18014371,-0.7538773,-0.36223263
0.7501109044436177,0.70474607,0.94667596,0.9575746,0.12755448,0.1225076,-0.6737933,-0.5851409
0.9222907611630445,0.9921134,0.9707563,0.97458816,0.28365606,0.21153241,0.80142343,0.23026527
0.8981752727010908,0.77043414,0.9582768,0.9632667,0.1813871,0.17747898,0.25618222,0.21454906
0.9134785019140076,0.98430955,0.98725456,0.98164165,0.17853385,0.19941892,0.5006919,0.20731102
0.5897772071088284,0.6774119,0.9046579,0.95887387,0.076672494,0.12389968,-0.29389068,-0.23245387
0.7790768123072492,0.90323234,0.9637168,0.9574594,0.19176655,0.13506916,-0.3222924,-0.5028377
0.7953013572054287,0.5488744,0.94065773,0.9515193,0.09352088,0.07883531,-0.17172538,-0.051787812
0.8434293257173029,0.6958349,0.9808694,0.9769247,0.13337708,0.13506088,-0.20887,-0.11406089
0.8130862923451693,0.5517772,0.9770184,0.9672712,0.04740263,0.102245934,-0.7854385,-1.0197651
0.8784680258721035,0.9771773,0.9782614,0.96538186,0.4149834,0.45494837,0.079622425,-0.20323952
0.8094866619466478,0.9453689,0.95170236,0.9624857,0.3098291,0.19627286,0.08718855,-0.2861557
0.8579787599150396,0.9332539,0.9508497,0.9586524,0.3117825,0.24919115,-0.09042828,0.12867972
0.8290304201216804,0.656019,0.98673004,0.9768304,0.13835813,0.14679761,-0.95435315,-0.6049332
0.9312921411685646,0.8368031,0.9876766,0.9868918,0.12648925,0.13894805,0.41786957,0.1575799
0.7949795639182556,0.7595585,0.98210436,0.97563666,0.09744925,0.10698046,1.4211098,0.995408
0.9196440305761223,0.98126787,0.9910928,0.9871913,0.16874763,0.2814808,-0.21060587,0.028210366
0.934948027792111,1.0323071,0.9820066,0.97876287,0.4361261,0.22807483,-0.8381906,0.07713312
0.8686158904635618,0.7707747,0.9753206,0.97484916,0.11565705,0.14358628,0.22389095,0.6321153
0.9169926919707679,1.059341,0.99203885,0.97492886,0.3760061,0.4127201,-1.4509673,-0.054738704
0.8878876795507182,1.0114017,0.95400625,0.9595301,0.41036898,0.50385785,0.16699931,0.18636142
0.7557091668366673,0.6977115,0.9566943,0.9554246,0.13264048,0.09580916,-0.11353577,0.20353694
0.7949529718118872,0.58422166,0.986401,0.9574568,0.08545781,0.14608619,0.0032447248,0.17823818
0.8069458197832792,0.590206,0.9687583,0.9635304,0.08065891,0.106046826,0.117669605,0.25984046
0.8659503438013751,0.67348605,0.94377106,0.9656006,0.18767373,0.1935871,-0.19587874,0.17627254
0.839749438997756,0.75124115,0.9777472,0.967924,0.14306456,0.13242878,0.38674352,0.62650394
0.7863450973803896,0.7762327,0.96864074,0.9567095,0.09401862,0.15981753,-0.71969897,-0.87476784
0.8998815835263341,0.8926457,0.94858754,0.97097915,0.3905132,0.30183724,0.64345074,0.21290156
0.8981326485305942,0.6362602,0.9478554,0.9691296,0.18095481,0.13909285,-0.011203413,0.1744721
0.5546181224724899,0.6377785,0.9162439,0.9495759,0.110372774,0.09583292,-0.43687585,-0.5136971
0.8609340357361429,0.7674451,0.96101165,0.971123,0.1681599,0.11367491,-0.18290065,0.006361898
0.9144146976587906,0.64911014,0.98560196,0.9777903,0.10158821,0.13930564,-0.5565593,-0.04020367
0.6714660458641833,0.973477,0.9551161,0.9602917,0.14504367,0.18171665,0.3977033,0.07125049
0.9112315169260677,1.2242285,0.9871527,0.9717175,0.19115604,0.5051921,0.110343955,-0.06548556
0.840311521246085,0.65415156,0.96755517,0.953236,0.07757331,0.0923424,0.6430167,0.23803328
0.7662782331129323,0.7274636,0.9548487,0.96734214,0.11879442,0.13890077,-1.0448873,-0.63998705
0.8921273445093779,0.70593464,0.970687,0.9653297,0.21640067,0.27387872,0.45841438,0.39701855
0.9166133944535777,0.81819713,0.9739169,0.97584987,0.22901838,0.24308088,-0.6196073,0.03822548
0.8165744662978651,0.8190662,0.988744,0.9650492,0.13656215,0.21790779,-0.39443234,-0.4599295
0.7382420889683559,0.6335896,0.9729859,0.94842714,0.086057924,0.14954859,-0.20615114,-0.7540299
0.8826074664298657,0.93226063,0.98131007,0.9693391,0.25678396,0.40392086,0.03693691,0.49911344
0.6088568994275977,0.7352188,0.9891901,0.95203006,0.10882401,0.13898413,-0.3039102,-0.14993764
0.7917967671870687,0.94656867,0.934689,0.9530706,0.38811195,0.20610076,0.48949614,0.1542428
0.8956310705242823,0.7106993,0.9588652,0.9683271,0.16454794,0.15808277,-0.50096095,-0.09684856
0.7468415153660615,0.76675874,0.97452784,0.94912636,0.15492748,0.087087944,-0.12596138,-0.3840972
0.8854545498181993,0.6995825,0.978451,0.96783787,0.115002945,0.15140489,0.388993,0.3571015
0.9417883431533726,1.1175863,0.98140866,0.98498875,0.33224028,0.30830595,0.94569427,0.08095649
0.903882591530366,0.7715187,0.98162156,0.9755744,0.10114948,0.18245213,-0.4894323,-0.12747362
0.8480294721178884,0.7651821,0.9622777,0.9658287,0.12250742,0.111545704,-0.57959884,-0.60718423
0.8091073644294576,0.7584904,0.96699846,0.9634112,0.19252002,0.23371571,-0.7424943,-0.5526358
0.864380353521414,0.7728888,0.9841701,0.9693704,0.20860657,0.22333243,0.94720536,0.6391324
0.8891541166164664,0.86474144,0.9870245,0.9770507,0.15298013,0.22915669,-0.19957066,-0.15799771
0.8445883383533532,0.6366152,0.9781657,0.95916677,0.1306444,0.15137866,-0.34117863,-0.25454926
0.946999147996592,0.8170981,0.9946615,0.9889689,0.19880258,0.21957393,-0.87916654,-0.22838514
0.7405679862719451,0.76352704,0.9076033,0.94702065,0.16621457,0.14824378,0.18685219,-0.12509578
0.6465578822315289,0.5937529,0.91146296,0.9363326,0.11951301,0.14094397,0.8575353,0.8298831
0.9112541730166921,1.2380905,0.9661839,0.9666983,0.38316813,0.25820187,0.73020685,0.37700295
0.8424443617774471,0.68539935,0.96611756,0.9616297,0.16413912,0.2060975,-0.31385234,-0.37423405
0.9128866595466383,1.0369989,0.9854777,0.9920051,0.13175991,0.15802476,0.47857583,0.39538297
0.9131543086172345,0.9972272,0.9905404,0.9865832,0.22159196,0.22466518,0.15528423,0.061183177
0.8578357193428774,0.8501535,0.9425392,0.96844506,0.33456764,0.19324076,0.76388735,0.12697494
0.9042246408985635,1.2150373,0.97375154,0.9662625,0.7288596,0.5294115,0.87292576,-0.10370538
0.6084447697790791,0.70240074,0.9754817,0.9512613,0.09107752,0.083448045,0.5756977,0.0724028
0.7805982263929055,0.7594622,0.9369512,0.96576476,0.13502866,0.14908832,0.17087132,-0.1554762
0.691498445993784,0.657414,0.93763584,0.9534007,0.12838374,0.122796655,-0.102891386,-0.47450113
0.9030194520778083,0.7914867,0.970379,0.9634897,0.21702519,0.30638123,-0.272172,0.1672148
0.8687280189120756,0.85626477,0.9862433,0.9730648,0.15343107,0.18721339,0.64781797,0.4998171
0.7320077280309121,0.8455774,0.9727669,0.9609599,0.13571677,0.13221763,-0.30915663,0.1407581
0.8808367393469574,0.8968313,0.9700464,0.9673638,0.2557273,0.26705423,-0.16980153,-0.60314417
0.7910361561446246,0.89142835,0.9422275,0.9601864,0.15581393,0.25474882,-0.07606953,0.10235278
0.8708839955359822,0.9447977,0.9685846,0.9582546,0.27384874,0.38158986,0.20738043,0.14551477
0.922497545990184,1.3496064,0.9865868,0.9875233,0.26989406,0.5680394,0.02828181,0.12577073
0.9015751263005052,0.9481405,0.98662937,0.9765186,0.21183047,0.2836678,0.617291,0.22257389
0.8410400681602725,0.65533084,0.9645207,0.9429385,0.1732746,0.23360676,0.5074193,0.17043173
0.8067568910275641,0.6665624,0.9451036,0.9531989,0.14991717,0.15799007,-0.040901538,-0.027136609
0.8336945027780112,0.7515278,0.96354926,0.9511193,0.11223505,0.14748102,-0.8579924,-0.5455944
0.7803878895515581,0.81119615,0.9553424,0.9658008,0.17509694,0.13862446,0.018467015,0.16422434
0.9172116688466753,0.9939891,0.96746325,0.9738709,0.47379783,0.49742585,0.6942151,-0.020874906
0.8862266809067235,0.92767286,0.98126775,0.96727455,0.27401498,0.2730137,0.42326975,-0.061266646
0.9139522638090553,0.962353,0.9690815,0.9740245,0.36739516,0.23192835,-0.76438755,-0.18336032
0.36763155052620206,0.5312243,0.9064327,0.93016386,0.10317069,0.089707255,-0.12505828,-0.122258045
0.6390538202152808,0.7075633,0.9511744,0.9447592,0.110796385,0.14211759,0.65895367,0.017937409
0.8326495385981544,0.62003994,0.9789002,0.96926296,0.08934945,0.1076126,-0.07872837,-0.07346142
0.8882249288997155,0.55212176,0.9513002,0.9626396,0.11093376,0.16035223,-0.54420006,-0.3963389
0.8923384493537974,0.664071,0.99149823,0.97849506,0.096712686,0.15386878,0.8142238,-0.42502347
0.9191930207720829,0.7770468,0.9834393,0.96716267,0.12799947,0.20969626,-0.11422531,-0.3846412
0.8566786267145068,0.64611936,0.9719118,0.96020544,0.10023311,0.10234792,0.7612153,0.3633189
0.7855315901263603,0.8112274,0.92467904,0.95487857,0.34612706,0.2001792,-0.7700814,-0.13015133
0.8290081480325922,0.8379281,0.9815224,0.97598135,0.12318552,0.16521509,-0.40761164,0.3167503
0.8360827043308172,0.7504489,0.9894334,0.9737128,0.13243364,0.12627666,-0.67186576,-0.051997006
0.8834635978543913,0.8297751,0.9630971,0.97391266,0.16333462,0.18641455,-0.20340464,0.047069397
0.894380185520742,0.70111984,0.973745,0.96865374,0.16122033,0.1915768,-0.2586593,-0.30150026
0.37396584786339143,0.6727859,0.92822564,0.93507284,0.081598684,0.111909926,0.0012079915,-0.098763034
0.4899436237744951,0.9389254,0.91309917,0.93956006,0.27425128,0.12988886,0.6805779,0.68071526
0.6228845715382861,0.6653048,0.927833,0.94253653,0.10965447,0.10116074,0.50716484,0.33794162
0.6162207048828195,0.6871524,0.9755519,0.9449444,0.096648,0.093573384,-0.52358353,-0.5000783
0.8640528962115848,1.1364161,0.97893435,0.9622592,0.37436277,0.50456226,0.07267675,0.36214656
0.9166478585914344,0.95434755,0.964827,0.9607177,0.42775276,0.4738077,-0.16376401,-0.19899768
0.8560272641090564,0.7024463,0.96141005,0.95228237,0.17112368,0.29890412,0.33937934,0.3562018
0.809945159780639,0.71161205,0.9330579,0.9584966,0.17879024,0.18531512,0.41050178,0.42729592
0.7204788499153997,0.79041517,0.955571,0.94646096,0.13420004,0.11432851,-0.11768074,0.34710184
0.8841476005904023,0.85251,0.9614676,0.960303,0.30961034,0.14082801,-0.130543,-0.37674618
0.8837047508190031,0.8159387,0.98426026,0.98218733,0.12716523,0.1615269,-0.3650083,-0.4679393
0.8766054264217057,1.044,0.9579618,0.9710444,0.4203759,0.26806635,0.0031483558,-0.41149288
0.8290773643094572,0.722961,0.97100085,0.9572912,0.14711154,0.12339603,0.1946324,-0.23736936
0.888503234012936,0.71046185,0.9928767,0.974622,0.13779426,0.21022193,0.13531423,0.40898645
0.6136705506822027,0.74346274,0.9845866,0.9702698,0.087775074,0.08324812,-1.0357364,-1.1622547
0.930322921291685,1.1832412,0.99468875,0.9789359,0.28453106,0.26093978,-0.007839204,0.38082102
0.88288154752619,0.9507257,0.94389474,0.96784353,0.30802462,0.2875959,-0.3877408,0.0068783453
0.9337299749198996,0.6571622,0.9800544,0.97093767,0.09820587,0.18882066,-0.20961969,-0.07823325
0.8191152124608498,0.609172,0.97136015,0.95927763,0.12214525,0.14051926,-0.2358491,-0.2804788
0.9275671342685371,0.70953196,0.98018897,0.9811137,0.13533832,0.18914919,-0.36689666,-0.023675736
0.887687230748923,0.8375248,0.9737671,0.969745,0.25424165,0.22409706,0.3467084,0.1536934
0.791314557258229,0.62561196,0.9625257,0.9557318,0.082378924,0.124066465,-0.042075127,0.26078546
0.9434230376921507,0.6739834,0.9921216,0.9888919,0.11261671,0.12530138,0.2005822,0.7253571
0.8704530498121991,0.63038915,0.97023547,0.9708979,0.11138833,0.13164362,-0.34249306,-0.4316006
0.8998158232632929,0.9960383,0.96963435,0.9718258,0.352302,0.2755681,-0.20526952,0.30140445
0.8726333145332581,1.0265487,0.9548365,0.96836454,0.3817797,0.18056633,0.05384777,0.12858997
0.8380816243264974,0.8413595,0.97277915,0.9700825,0.13627727,0.17629343,-0.27206716,-0.023661608
0.8740486481945927,0.87412274,0.9634188,0.9537757,0.228554,0.3216525,0.42041615,0.36940554
0.8407334429337717,0.85497063,0.94593304,0.96092814,0.29625645,0.29463613,-0.27453125,0.2367631
0.8118817755271021,0.8235669,0.9728758,0.9565581,0.13952543,0.18414286,-0.7195887,-0.32245016
0.7874643658574634,0.54819715,0.9606622,0.9482135,0.07846691,0.09496486,0.6727296,0.15852219
0.7556684626738507,0.9326734,0.9112043,0.95137113,0.39421022,0.17026827,0.6191923,0.6592086
0.8546320905283621,0.6230866,0.9850207,0.9601047,0.09414794,0.10911294,0.52947396,-0.043806188
0.9490366601466405,0.7341117,0.98396236,0.9832752,0.1555685,0.26205745,-0.24878675,-0.21997264
0.9358553274213096,0.9075724,0.96511614,0.9775058,0.25181523,0.16029234,0.73471195,-0.022913575
0.8792050208200833,0.87626773,0.94681203,0.9636496,0.28056264,0.31454653,0.051772926,-0.36971253
0.9270094680378722,0.7006806,0.99180555,0.9807731,0.12372263,0.10062246,-0.7683359,0.13036366
0.7247380029520117,0.638974,0.93372923,0.94775933,0.09073257,0.174685,0.11422293,0.3175999
0.7819054636218544,0.9885207,0.98611295,0.9805085,0.14156878,0.19885413,0.41731203,-0.6740114
0.8335302461209845,0.79351157,0.9400239,0.9582232,0.27358785,0.22400892,0.50014955,0.38977766
0.7091446605786423,0.8641554,0.913491,0.95995426,0.30302942,0.13501799,0.7568699,0.76068217
0.8716621746486986,0.61826766,0.96789044,0.9586597,0.12104542,0.23102693,-0.10484749,-0.101281635
0.6296967587870351,0.84647685,0.92693377,0.9580709,0.22517173,0.1427752,-0.23715527,0.16515577
0.8594912459649838,0.74428177,0.9332951,0.96642756,0.16140355,0.1201343,-0.57057947,-0.23587483
0.8980799443197772,0.75439537,0.9936801,0.97167623,0.16061799,0.14220841,-0.12741639,-0.63145506
0.8644735698942796,0.7221758,0.968203,0.96501005,0.15023439,0.20785794,0.13580868,-0.19034226
0.8068681554726219,0.71972615,0.99466354,0.9669911,0.099823005,0.12874278,-0.39498016,-0.05698872
0.8514891339565358,0.84756243,0.9561692,0.96326876,0.26809803,0.22277611,-0.16997834,-0.24585919
0.7358377593510373,0.564763,0.95216066,0.9512769,0.106207445,0.087685645,0.73280567,0.17475486
0.9074275977103908,0.8103872,0.9588525,0.97803813,0.16425925,0.17367116,0.025514975,-0.057304222
0.9502438649754598,0.88940287,0.99418926,0.9827995,0.22493231,0.28904647,0.07390288,0.5887467
0.8794012456049823,0.716098,0.96518755,0.97604764,0.17618456,0.13018306,0.19609822,-0.002974527
0.8915552782211128,0.73548454,0.9857102,0.96373224,0.10823233,0.27380422,-0.060608763,0.04219992
0.8993447493789974,0.9762807,0.98783165,0.97803336,0.3810683,0.16884834,-1.3969742,0.042960834
0.8787933711734848,0.6283716,0.9575775,0.9731969,0.108656526,0.10832967,0.21942905,0.39760992
0.8988020592082369,0.63242686,0.98105067,0.9678526,0.14313577,0.16824527,0.76144046,0.40803888
0.9193035172140689,1.0773405,0.95557517,0.97417164,0.45689198,0.27540582,-0.7967718,-0.4468168
0.8806377305509221,0.96158266,0.9620564,0.96640795,0.3110179,0.2647667,-0.26945743,-0.07637178
0.8239874239496958,0.7270036,0.9676154,0.9607732,0.12707287,0.15490972,0.16885021,0.20720567
0.942251449005796,0.90373975,0.990727,0.9775677,0.24072598,0.23067881,0.21245149,0.062886015
0.679260509042036,0.7116906,0.9534463,0.9433201,0.15763217,0.12965803,0.07685928,0.075209804
0.9155862863451453,0.62189484,0.97710365,0.96383595,0.10762576,0.1803672,-0.0856002,-0.42496186
0.8825970983883936,0.99041104,0.9620203,0.972385,0.2803668,0.2800778,0.5062737,-0.051860124
0.8327962271849088,0.8549169,0.96098137,0.9721689,0.25094384,0.19207554,-0.24299544,-0.3269586
0.8103997215988863,0.83157235,0.9651561,0.96196574,0.13382244,0.16470855,-0.5123347,-0.18965787
0.8520037920151681,0.4820796,0.9777698,0.95273566,0.048007507,0.09237213,1.0834616,0.8367533
0.9090127560510242,0.8419352,0.984684,0.9790542,0.30040485,0.18731706,0.36415514,0.3109669
0.8884220176880707,0.79293805,0.95886153,0.97054946,0.13252327,0.25020108,-0.006500531,-0.0005003448
0.9599115836463344,1.1256608,0.9942135,0.98652434,0.30410126,0.22753544,-0.11074776,-0.09637615
0.758003192012768,0.960307,0.9588846,0.9800299,0.23574622,0.21399873,0.60656434,0.56602883
0.7944904419617679,0.7463177,0.98780155,0.9821935,0.10867842,0.1303339,0.12566474,0.43172726
0.7023576254305017,0.77176386,0.95445067,0.94823724,0.12702565,0.09811979,0.35693264,-0.067242436
0.8261504086016344,0.85839957,0.9400694,0.9677221,0.1961608,0.14602374,-0.46097824,-0.26840943
0.8822906651626606,0.752421,0.9754689,0.967155,0.17169009,0.21915612,0.14197955,0.2502624
0.7196020784083136,0.7523178,0.9461375,0.9562,0.12563257,0.1454113,0.15918802,0.24410099
0.8941611126444506,1.3115093,0.9653871,0.98087704,0.7992828,0.3159864,-0.03499116,-0.14333194
0.6970441001764007,0.75392306,0.9482887,0.9405107,0.16030231,0.20102173,0.40540653,0.543475
0.9215217020868083,0.74751407,0.9540688,0.9734969,0.18906441,0.14793752,0.45590696,0.34910747
0.8823360733442934,0.79362565,0.9813201,0.9832804,0.21379036,0.15017815,-0.4128908,-0.24678355
0.9666730826923307,0.6804509,0.9921761,0.98408234,0.10724168,0.18149775,0.5564404,0.1334059
0.8141350005400021,0.57269084,0.97016764,0.95206666,0.07877004,0.12687394,1.2621655,0.91633546
0.6598543194172777,0.90735596,0.9153101,0.94038767,0.2673531,0.1575789,0.66966397,0.5238891
0.309436117744471,0.6855718,0.9501813,0.9452654,0.04045603,0.11363217,-0.23588586,-0.28243575
0.8474791019164076,0.9037611,0.9757969,0.9657193,0.2749195,0.19309221,-0.08586251,0.28826302
0.311186300745203,0.75269663,0.9645551,0.93504995,0.10644479,0.10838437,0.5758247,0.38175508
0.7904140736562945,0.6860507,0.97240514,0.9510297,0.13714541,0.17677426,0.10993096,-0.16549142
0.6566067224268897,0.5673069,0.9046579,0.94140446,0.076672494,0.12988585,-0.29389068,0.01072615
0.8933809175236701,1.2806634,0.9942182,0.98289764,0.41086492,0.3647934,0.3829476,-0.26957837
0.8416625346501386,0.6637024,0.9920107,0.9597034,0.08500471,0.22258408,0.23841693,0.65337515
0.8316070704282816,0.7697789,0.9920891,0.979174,0.16536485,0.17188548,-0.11201211,-0.0234638
0.8623619454477818,0.8430514,0.970687,0.96017534,0.21640067,0.32106873,0.45841438,0.41345945
0.7428262033048131,0.5573248,0.93154204,0.93477327,0.129822,0.1010203,-0.18618163,-0.04299332
0.8152857571430284,0.6655828,0.9398865,0.95464814,0.14798428,0.16441293,-0.1578296,-0.07039661
0.9041721286885147,0.9023116,0.98886144,0.9879939,0.14103134,0.14034745,0.9439645,0.7316325
0.8282983211932847,0.9501123,0.9948895,0.9877111,0.13569611,0.1696424,0.18769838,0.33227298
0.8949965079860318,0.87374246,0.98041457,0.97297084,0.23692961,0.2180458,-0.329192,0.18179701
0.8826688106752426,1.1600955,0.9889645,0.9879031,0.28463173,0.26019198,0.44332117,0.1986708
0.8563732494929979,1.5551133,0.9574078,0.9669714,0.7143284,0.893447,-0.11656158,-0.5674448
0.8763588974355897,1.008841,0.9821111,0.97342885,0.24520431,0.16924702,0.36518103,0.44166696
0.6463103932415729,0.7027963,0.9043125,0.9481264,0.20683621,0.105556384,-1.1217544,-1.0989492
0.9062732890931563,1.2368077,0.9652786,0.9720311,0.6611131,0.45862502,0.8285327,0.30501363
0.903506078024312,0.7391625,0.9448124,0.9669578,0.18492861,0.22547029,0.62313735,0.4984695
0.38961611846447386,0.6066293,0.9175578,0.935082,0.112288944,0.10810502,-0.80528677,-0.6289958
0.802562058248233,0.6370928,0.95272416,0.9507788,0.115924194,0.17369944,-0.15911926,0.34920192
0.9323540974163895,0.7233422,0.98585236,0.9749703,0.15376051,0.27047676,-0.49084747,-0.29891765
0.7527812511250045,0.7407132,0.9445691,0.96030855,0.12646471,0.12941363,1.6652633,1.2081189
0.780253777015108,0.87516725,0.96941036,0.9617328,0.1690851,0.11470541,-0.5806342,-0.5091166
0.9132848691394764,0.9337373,0.97242695,0.972762,0.26594087,0.26845732,0.54541534,0.44835946
0.8201062244248976,0.577923,0.9595322,0.9591064,0.09943929,0.12590393,-0.30187684,-0.08810986
0.9165516662066647,0.6460996,0.99223715,0.97991794,0.0869657,0.15801993,-0.32439265,-0.43792793
0.789631958527834,0.75436866,0.9527087,0.9610346,0.18962085,0.15873392,-0.47692883,-0.29521224
0.8937615590462361,1.0734524,0.9734349,0.9735831,0.42487624,0.30189794,0.048840206,0.18830039
0.9047328669314678,0.69331324,0.95309013,0.96258926,0.15284684,0.21007062,-0.628751,-0.5067609
0.841632678530714,0.65222573,0.9792071,0.9610676,0.07751344,0.19757982,0.10295433,-0.24157865
0.8031612926451706,0.81965584,0.9803229,0.9809248,0.16945812,0.1622064,-0.13899799,0.51394373
0.8971014124056497,0.76115507,0.9869348,0.97003,0.16678694,0.2048704,-0.37365162,0.18914078
0.9052097008388034,0.59186524,0.95814973,0.96040606,0.11290321,0.17170097,0.49356997,0.095152214
0.9582081528326112,0.74382514,0.9909735,0.98882747,0.11375078,0.14516003,0.056937136,-0.25128943
0.9063248412993652,1.0680064,0.98332614,0.9690354,0.44037628,0.40598914,0.5687092,0.36262685
0.9016801507206029,0.6622031,0.9832016,0.9618222,0.07183368,0.14509572,0.0011382184,0.1469189
0.8915751503006012,0.9759541,0.98923165,0.9752045,0.23917295,0.22028382,-0.6070825,0.10637021
0.886829467317869,0.71210223,0.9872034,0.97059023,0.12517771,0.18044344,-0.03376627,0.2969294
0.8559091836367345,0.82796454,0.95770574,0.9603374,0.21382104,0.22199586,-0.5763451,-0.14530674
0.745320965283861,0.7268045,0.9432015,0.9480093,0.17698248,0.10994003,0.36697358,0.22198686
0.8894843579374317,0.76441926,0.9845028,0.9631095,0.18364364,0.24694835,-0.15191716,-0.45434573
0.8001479365917463,0.6938927,0.9298704,0.9498199,0.16405313,0.15654798,-0.5653106,-0.33971286
0.952560258241033,0.613409,0.98780847,0.97988755,0.12398177,0.20505646,0.057421077,-0.26043957
0.8681500966003863,0.9675152,0.9778885,0.9754792,0.2667184,0.18716054,0.46050918,0.41689274
0.869754167016668,0.7145848,0.98082757,0.9709461,0.111061424,0.12958546,-0.49138787,-0.13878715
0.843686030744123,1.0824305,0.9652856,0.96778333,0.33165157,0.16273333,0.10036381,-0.25320995
0.858562058248233,0.74821573,0.95773464,0.96858364,0.18318659,0.19646071,0.51330894,0.17625657
0.9315510542042168,0.92822057,0.9846841,0.9891011,0.2816122,0.1619519,-0.75982976,-0.35060665
0.8391323485293941,0.648264,0.9504793,0.9547983,0.15805456,0.1419586,-0.22725567,-0.077187695
0.8523753135012541,0.7667063,0.96588653,0.9642008,0.18079145,0.20542201,-0.1056531,0.117086485
0.9255095580382321,1.30712,0.99078774,0.98114896,0.38260835,0.43568438,0.21832146,0.002901205
0.799383005532022,0.7649979,0.966481,0.96799505,0.15199772,0.15585673,0.325228,0.118351735
0.82463120252481,0.9812569,0.9815428,0.9703156,0.13069497,0.12786575,-0.37717003,-0.30315357
0.8796081264325056,0.6019458,0.97724974,0.973633,0.11733056,0.1579749,0.01959436,-0.059178874
0.818561578246313,0.61534476,0.9580677,0.9544937,0.09467523,0.14700049,-0.14104484,-0.22703901
0.7247897471589886,0.61874676,0.9714898,0.9549374,0.09305035,0.11502364,0.23821706,0.31717345
0.7880970083880334,0.81598634,0.9571586,0.9564997,0.19818415,0.18170345,-0.15699485,0.04709864
0.7473429253717014,0.723148,0.93258125,0.94016296,0.20427607,0.15911847,0.29966617,0.06300346
0.8144087936351745,0.81460524,0.9746429,0.95038956,0.16235124,0.18296586,-0.49564323,-0.18859705
0.8495043260173041,1.1565782,0.94016874,0.9558035,0.63918155,0.5272063,0.008470008,0.14168985
0.801061092244369,0.55567557,0.94231683,0.9473455,0.114997745,0.13425724,0.17398116,-0.20209683
0.8172031728126912,0.66095674,0.9606899,0.9609949,0.070248745,0.10927321,0.38344902,0.3696668
0.9087293629174515,1.0328397,0.9655663,0.9662107,0.33571604,0.18972448,0.35196778,0.25550038
0.8208183552734212,1.2304398,0.93842417,0.9532355,0.5193954,0.17025425,-0.45499808,-0.5009969
0.8562433609734438,0.81809247,0.93982947,0.9675762,0.20358816,0.20478213,0.404904,0.067601174
0.5191600926403706,0.5868644,0.95776576,0.9246768,0.10637541,0.09962236,0.28474703,0.38419527
0.9182106488425954,0.7881711,0.9870947,0.978643,0.08400427,0.13412611,0.5218835,-0.086562075
0.7985977223908894,0.6732481,0.9511726,0.94340074,0.1666401,0.14265929,0.5020207,0.20657697
0.7871613886455546,0.6894925,0.93558764,0.9349423,0.18895143,0.182046,-0.47898945,-0.19362232
0.9510966363865455,0.71403265,0.9897769,0.98692626,0.07889221,0.15220094,0.084795326,0.013617379
0.7710988923955695,0.68371433,0.9180351,0.9530136,0.15455794,0.13708228,-0.2573089,-0.09926559
0.9235308941235764,0.706504,0.988894,0.9817338,0.06239703,0.12138375,-0.0034190118,0.23738131
0.6795968943875775,0.4805026,0.9378212,0.9259279,0.050513502,0.1305391,0.056632023,0.18923205
0.9199821439285758,0.79816324,0.9738527,0.9731049,0.16853519,0.2015894,0.5622769,0.34092897
0.6423492253969015,0.5973863,0.9477239,0.9268527,0.09705156,0.12589395,-0.22236598,-0.34208387
0.639378973515894,0.9164528,0.9286118,0.93518436,0.21595763,0.30635494,0.5454667,0.45986122
0.8287913791655166,0.82519406,0.9469404,0.97246474,0.18133205,0.16273136,-0.21791106,-0.34399524
0.6888828195312781,0.5610498,0.92661744,0.9317139,0.112087406,0.14457679,0.030115463,-0.18335786
0.9175961503846015,0.74033564,0.982583,0.97270083,0.11817284,0.24837893,0.26636085,0.25999016
0.9123046092184368,0.6343219,0.9821129,0.9764958,0.072775245,0.16059716,0.35630065,0.22911385
0.6553260773043093,0.66934747,0.93054354,0.9310982,0.14409655,0.13715944,-0.029747939,-0.13972974
0.8497076548306193,0.6629337,0.9780144,0.9581831,0.15143363,0.15328322,0.30541646,0.4089384
0.7407212028848115,0.57615227,0.95331264,0.9440449,0.10027333,0.11049771,-0.75192016,-0.4134903
0.7915998703994815,0.63908285,0.93221265,0.9485535,0.13960192,0.13578583,-0.31180903,-0.5970982
0.8760210720842883,1.0429769,0.93092906,0.9640711,0.51945955,0.24552858,-0.40730697,-0.28285217
0.815243900975604,0.73674893,0.9672316,0.9680558,0.14739652,0.14782573,0.5552403,0.51318157
0.6038557594230377,0.916132,0.9304999,0.95964754,0.16603737,0.16231553,-0.43682438,-0.38743776
0.889374725498902,0.89658344,0.9796266,0.9583416,0.35721374,0.33840832,0.122249946,0.19030216
0.8168016032064128,0.67626494,0.972291,0.9609545,0.14884807,0.19374052,0.2717371,0.07770624
0.6652842931371725,0.6373636,0.96784633,0.94588995,0.091672696,0.087791055,0.24624585,0.46547627
0.9097716390865563,0.7472973,0.97693855,0.9756674,0.16143109,0.15985918,0.46179965,0.31645536
0.8934549338197353,0.75672734,0.97145665,0.96347475,0.15916817,0.24003682,-0.23010318,-0.35100558
0.7952946371785488,0.52714235,0.96615547,0.9415878,0.05589805,0.11754816,0.40739787,0.07497353
0.8881102084408335,0.7374485,0.9608173,0.97389585,0.13736497,0.14903614,0.18772419,-0.12168236
0.8936816867267469,0.9267579,0.99309915,0.9803133,0.17782556,0.22456749,0.26338673,0.3279865
0.9276910707642831,1.0170927,0.99139845,0.98747367,0.3808853,0.3070203,0.10736815,0.20474803
0.774873819495278,0.6328587,0.99425995,0.95053595,0.11585987,0.12095598,-0.14670582,0.24220729
0.7122206088824355,0.6102211,0.9520564,0.93856597,0.11519532,0.15695092,0.24136253,0.19159514
0.7874891339565357,0.5477721,0.9552019,0.95561296,0.08590176,0.13799286,0.65397406,0.58389735
0.8664788259153036,0.8026007,0.9862433,0.9731769,0.15343107,0.2219852,0.64781797,0.38789457
0.9217697670790682,0.9450312,0.9770845,0.98238736,0.13198939,0.19018063,-0.6531762,-0.09911614
0.7987773391093564,0.6752811,0.95609313,0.9812399,0.12052764,0.110685885,-1.6781871,-0.5718254
0.9022815931263723,0.7541039,0.9774035,0.9785046,0.118947655,0.15447967,-0.251511,0.24038206
0.7566723386893547,0.7566964,0.96746486,0.9454301,0.10892327,0.13600601,-0.33581394,0.19207172
0.7329987399949599,0.83419794,0.96918625,0.97048277,0.1957037,0.13388278,-0.35038206,-0.7255854
0.9411151884607538,1.0783097,0.98958534,0.9858022,0.23469004,0.21056013,-0.78212464,0.20524552
0.9124780819123276,0.6990687,0.99030614,0.9832382,0.07527452,0.15707105,0.564849,-0.15389365
0.95625694502778,0.8003843,0.99367785,0.98751545,0.17995323,0.19811018,0.042362187,0.02483928
0.7767364189456757,0.5869766,0.9660086,0.957159,0.10602347,0.12215025,-0.53516674,-0.36572844
0.8162385609542437,0.8107242,0.9499484,0.96929556,0.16255964,0.22789647,0.8643108,0.8171818
0.5677971511886047,0.74364436,0.87659603,0.93520975,0.1852099,0.12093827,-0.41150352,-0.27194452
0.9024756099024396,0.83983666,0.9919533,0.98651105,0.08415588,0.20458345,0.16947404,0.17562217
0.8848984195936783,0.9476437,0.9723976,0.9702481,0.23551498,0.15756056,0.3272878,0.31113496
0.9080627362509449,1.0403496,0.97893435,0.97384775,0.37436277,0.27951223,0.07267675,0.094791286
0.9173924375697502,0.9180544,0.98245364,0.97501475,0.3193185,0.28896394,0.47474876,0.11582741
0.9361243204972819,1.0173106,0.99216306,0.9917686,0.1908961,0.16835219,0.8236455,0.3575514
0.8566403225612903,0.63237864,0.96245414,0.9712418,0.09113276,0.13374208,-0.21070579,-0.25694612
0.6349576758307033,0.5562606,0.94537437,0.928523,0.060719,0.12074985,-0.097256176,0.12802735
0.8130350281401125,0.67839587,0.9803203,0.9579906,0.089666285,0.1958231,0.25172836,0.09356286
0.9111735326941306,1.1671872,0.9899906,0.9753627,0.34173018,0.3544444,-0.44498843,0.060358714
0.932117936471746,0.8641252,0.97191197,0.97459036,0.23616442,0.25298086,-0.46797925,-0.29284638
0.9329217476869908,0.79357314,0.952046,0.9808162,0.20741756,0.21506183,0.5257128,0.13795191
0.7975571742286968,0.7750049,0.9290259,0.9488549,0.1832699,0.29020324,-0.18686941,-0.516672
0.89800324001296,0.73161584,0.9686343,0.9754365,0.22226255,0.15547997,-0.4588632,-0.30194196
0.7530135720542882,0.61023545,0.96937,0.9360257,0.13212295,0.17333567,0.52159846,0.042826265
0.8787303949215796,0.8879831,0.9738728,0.96669817,0.28545973,0.2327022,0.38693878,0.3120474
0.8433063492253968,0.77162796,0.95338124,0.95786047,0.17377041,0.13857238,0.032484166,0.021908922
0.9170908043632174,0.7194986,0.9941586,0.98328817,0.07676212,0.14944896,0.58713907,-0.23274545
0.8531061644246577,0.68969625,0.983384,0.97187936,0.13034807,0.1916313,0.37499508,0.2005742
0.7326791547166189,0.7360965,0.92117673,0.9564552,0.20966399,0.16349219,-0.36463863,-0.31817493
0.6910606842427369,0.6123166,0.9423759,0.93422514,0.089824095,0.17138106,-0.013392436,-0.15518372
0.9422837051348206,0.8572303,0.96647596,0.9784238,0.29226074,0.27158827,-0.700989,-0.29124945
0.8798779835119339,0.5953783,0.969844,0.9692818,0.092694946,0.109557346,0.7419954,0.12183363
0.6308152592610371,0.8205506,0.9453529,0.92531484,0.14688103,0.12302416,0.72912616,0.2985489
0.9084527858111433,0.7604522,0.97968376,0.9735639,0.123129316,0.19318159,-0.65155065,-0.21502814
0.8929885639542557,0.8420041,0.9854408,0.9772275,0.12957883,0.21007277,-0.5528809,-0.1340458
0.693321109284437,0.94538593,0.90600646,0.92448723,0.3672561,0.16541213,-0.10221879,-0.45035967
0.7084596978387913,0.6983945,0.9719426,0.93740225,0.13324746,0.17440398,-0.09145495,0.20049378
0.908374833499334,0.74251896,0.9717391,0.9801934,0.20084226,0.17474373,-0.36913368,-0.028951336
0.8998453913815654,0.82645565,0.9717441,0.96942174,0.20124194,0.26020333,-0.6857155,-0.38871524
0.8189642038568155,1.284096,0.96049124,0.9562183,0.5395443,0.19963123,0.6148378,0.55667937
0.9378413833655335,0.8345861,0.96472865,0.9828139,0.25915018,0.23306598,-1.1696761,-0.33026907
0.9408598274393095,0.7273333,0.9843709,0.97934186,0.16471861,0.17634371,0.0148093,-0.094929695
0.8726583706334826,0.69724953,0.94828594,0.9621234,0.19783483,0.19393426,0.8129342,0.33005643
0.6842773931095724,0.72543585,0.96170855,0.95184445,0.1229806,0.15413706,0.2875897,-0.024362944
0.7418915435661741,0.55024225,0.9698667,0.9533946,0.065491036,0.12563385,-0.81433946,-0.58475906
0.8994505418021672,0.6972403,0.9691924,0.9614755,0.17632636,0.2682292,-0.27925834,0.3642122
0.8987332269329078,0.6194439,0.9794941,0.9758564,0.10874589,0.10188438,0.6589832,0.3776153
0.8013031092124369,1.0323845,0.9855374,0.9892624,0.1659338,0.22090708,0.7664484,0.519854
0.7749847959391837,0.81638247,0.9698591,0.9513502,0.19893917,0.26876596,0.30303872,0.34450594
0.9004691058764235,1.0179352,0.97911066,0.97992426,0.2707397,0.3421368,0.8615438,0.39672977
0.9443054732218927,0.9420351,0.97234523,0.98842776,0.31036553,0.26784322,-0.402322,0.016887657
0.7675762543050172,0.6769434,0.9545509,0.96216697,0.10433118,0.12677978,0.49334702,0.4922635
0.8995967503870015,0.925988,0.9845001,0.9830967,0.15924968,0.1985862,0.08318018,0.33863083
0.8936925347701389,0.89260453,0.97781783,0.97920156,0.2978069,0.1949394,-0.17368984,-0.50423723
0.8588667634670538,0.6248252,0.98368376,0.9742013,0.06581737,0.13430767,-0.8116877,-0.48659974
0.8842090408361633,0.9747861,0.9889405,0.97400224,0.17402957,0.18826872,-0.045972247,0.29679024
0.7997995511982048,0.6081578,0.9583346,0.9358107,0.12283777,0.2097783,-0.051171146,0.12401133
0.5665571142284569,0.65798205,0.9596626,0.93311423,0.10174707,0.11779154,0.19712709,0.19373661
0.7884947379789519,0.67836124,0.95065874,0.9523576,0.21471669,0.14197893,-1.1637782,-0.6827157
0.8814037176148704,0.7493723,0.97524816,0.97445315,0.12824741,0.19060913,-0.03284987,0.23447634
0.7023021372085487,0.8229207,0.9450292,0.9525951,0.21422563,0.1562849,-0.34231585,-0.03875479
0.5767500510002039,0.8861059,0.95458555,0.93044287,0.18381408,0.13684987,-0.71280533,-0.74277186
0.6803329293317173,0.718481,0.938695,0.940915,0.16430216,0.15449819,0.26069677,0.44622362
0.8727949791799168,0.75054723,0.99283653,0.97192717,0.1595638,0.14278638,0.22764894,-0.1567839
0.9046585626342504,0.79217845,0.9827175,0.97644323,0.18412703,0.20513761,-0.7135024,-0.26453817
0.7949006516026064,0.5987745,0.96961147,0.9420997,0.08514765,0.1322303,-0.8820674,-0.12859522
0.8774557018228074,0.9238169,0.96206546,0.9643106,0.28516763,0.29739273,0.13806547,0.1665936
0.8197869271477085,0.7436096,0.9565864,0.9663738,0.16520795,0.12033027,-0.27049458,0.19648887
0.7905573062292249,0.7613973,0.94935447,0.95081043,0.13394383,0.13451637,0.03562211,0.29096627
0.9097773031092123,0.60172117,0.9619443,0.9736104,0.116477594,0.1475789,-0.48969874,-0.15605791
0.6862918651674607,0.77989316,0.9451394,0.963672,0.17490023,0.1459854,-0.20841163,-0.44090027
0.7510361561446246,0.9352641,0.9414797,0.9593876,0.24031377,0.17914811,-0.35617712,-0.5091472
0.8722377929511718,0.8152036,0.9673788,0.96880656,0.16245794,0.19608381,-0.060547054,-0.036769595
0.8758453913815655,0.731302,0.9754689,0.96650326,0.17169009,0.21212564,0.14197955,0.3508495
0.9517485749942999,1.2528249,0.994157,0.98675907,0.17883633,0.4233246,0.10242545,0.10937042
0.7227167148668595,0.8189588,0.93557656,0.94787216,0.21509619,0.24590485,0.5925305,0.47425193
0.7575205020820083,1.1468542,0.93646806,0.9486398,0.61488205,0.40531212,0.6178424,0.26479852
0.906432553730215,0.9152399,0.97622085,0.9668829,0.25471464,0.28195265,-0.275897,-0.2915359
0.8836146064584257,1.0177506,0.9600916,0.9661839,0.4635285,0.2058654,0.05552185,0.32654607
0.6976969027876111,0.5886561,0.95398915,0.9249529,0.12353636,0.12523621,-0.34473014,-0.6628835
0.9404831219324876,0.70672536,0.9761344,0.9854499,0.14716531,0.14040913,-0.3060003,0.19164924
0.9188707474829899,0.9999117,0.9825193,0.98186624,0.36107233,0.16243224,1.3923799,0.4055995
0.8935930783723134,0.7535381,0.97894675,0.97295934,0.21473514,0.18092313,0.22454254,0.3329029
0.8454710618842475,0.8847385,0.9699016,0.97744924,0.31500363,0.2095327,-0.010814562,0.124493815
0.7800548642194568,0.6346545,0.946955,0.9436192,0.1620287,0.16734251,-0.11722428,0.12237446
0.7578215592862372,0.73184025,0.9577898,0.94956917,0.16554627,0.17704009,-0.9214897,-0.98269665
0.7115955503822015,0.6931845,0.95712495,0.9440265,0.10410519,0.13546301,0.22152124,0.37588486
0.8029835959343837,0.69332016,0.9930677,0.9742891,0.09407563,0.16239893,0.73658717,0.12638019
0.8477295669182676,0.61112255,0.9436441,0.9600834,0.13315032,0.14655842,1.2011427,0.90666354
0.7762397129588519,0.6876362,0.97443,0.9523478,0.15362799,0.18252544,-0.046539873,-0.1679972
0.8281093924375696,0.8420336,0.9412289,0.9472894,0.32958934,0.33055115,0.4763839,0.38149017
0.9210099240396961,0.74771625,0.9894061,0.9632512,0.14415587,0.34416535,-0.09575199,0.17431153
0.9092944211776846,0.7390951,0.9880452,0.9803063,0.120343864,0.14395772,0.5756395,0.68622917
0.6295529502118009,0.7839461,0.9463122,0.9402484,0.14186466,0.14643323,-0.15008801,-0.24316007
0.9417137508550034,0.75832033,0.9704206,0.981191,0.16733134,0.16992854,0.05755884,-0.27343982
0.7707706670826683,0.72785336,0.95923936,0.94863015,0.101826504,0.18129484,0.61936796,0.24251162
0.9242726890907563,1.0444435,0.974606,0.9824707,0.26094398,0.29349685,-1.34924,-0.20028974
0.9017840231360926,0.834789,0.9870802,0.985842,0.22638507,0.22300489,-0.8285926,-0.23523891
0.8173020532082129,1.1116663,0.9352095,0.96632093,0.53018475,0.21423078,0.09093366,0.04526023
0.6304497857991431,0.7188967,0.9359131,0.9520865,0.21575084,0.11242682,0.12593462,-0.06372944
0.8202794091176365,0.6854306,0.96663547,0.95682657,0.1322581,0.104964785,0.008464032,-0.05337069
0.8394780459121836,0.68254954,0.97359633,0.95264643,0.16822214,0.1295806,0.106751926,0.20545664
0.8708117072468289,0.86324483,0.9680664,0.9799417,0.19438505,0.14956239,0.26451546,0.048542187
0.9083853935415742,1.0821443,0.96155995,0.97775054,0.32250986,0.20318796,0.30493638,0.07841902
0.8508445873783493,0.6272803,0.9695465,0.9610254,0.09498618,0.17034145,0.46732458,0.5178961
0.6142334009336037,0.5586096,0.9196543,0.93344367,0.10494497,0.103923336,0.6066435,0.32448918
0.7764231696926787,0.6079023,0.921786,0.93124604,0.10059703,0.20707123,0.20216182,0.14480186
0.7921345925383702,0.66597205,0.9621505,0.95903385,0.07352195,0.15746205,0.8448804,0.48146814
0.7571475405901623,0.4855123,0.9594513,0.94569576,0.058724247,0.13355301,-0.024834238,-0.14484815
0.9454833019332078,0.8973446,0.98293173,0.98937607,0.19093627,0.18073966,0.069874525,-0.14674893
0.8050303241212964,0.90009,0.9599359,0.9743244,0.14298768,0.18884706,0.76583797,0.36022457
0.6857377509510038,0.7978397,0.9440662,0.9319334,0.17222016,0.23518004,0.9308246,0.43125913
0.7940155280621123,0.7350029,0.9738434,0.9446752,0.14642572,0.1907052,-0.76244795,0.15766092
0.7532352369409477,0.66886353,0.9540436,0.94032973,0.12825839,0.13248861,0.110174656,-0.25740185
0.950555578222313,0.92864794,0.98808414,0.9815856,0.46765363,0.33952153,-0.4116308,-0.17135432
0.7686382105528422,0.5891365,0.94888747,0.95538706,0.07732086,0.11578506,-0.00476043,0.0018840207
0.8602403369613478,0.8774172,0.9383163,0.9575381,0.2511333,0.26217481,0.3710983,0.0035114444
0.936680834723339,0.7915739,0.9849799,0.9846866,0.12198938,0.18945411,-0.17705792,0.26873335
0.7381487765951064,0.6319875,0.9125219,0.94391376,0.14081246,0.13507725,-0.5643389,-0.2838511
0.8559326077304309,0.92604387,0.9607316,0.96614546,0.16063571,0.1967873,0.2680796,0.15506107
0.7557751191004763,0.61252433,0.98978394,0.9448637,0.06936614,0.11882274,-0.3727491,0.28206056
0.8691993807975231,0.641067,0.94640785,0.96467704,0.0935269,0.12928,-0.79160666,-0.268272
0.9094976539906159,0.93932974,0.9734097,0.97220427,0.4373168,0.41558078,0.03552519,-0.2745575
0.904820035280141,0.88296133,0.975907,0.96888554,0.32855397,0.29654554,-0.20492466,0.11813434
0.8251174444697779,0.63942736,0.97386104,0.9579727,0.06609372,0.17840104,-0.04069212,0.0040528537
0.7329765639062555,0.69824773,0.9406412,0.9458852,0.18363242,0.15141147,-0.06348239,-0.34748566
0.727373405493622,0.59257793,0.97820103,0.9632673,0.045838993,0.11686607,0.7551599,0.89921767
0.890125256501026,0.93939155,0.9601436,0.9645814,0.33921435,0.29246545,0.1691011,-0.44627577
0.7598387193548773,0.8293771,0.94200873,0.9573169,0.18741928,0.17924815,0.2866501,0.18471096
0.9534965499861999,1.1091115,0.97074896,0.9837208,0.29857144,0.20741324,0.1878013,0.17805804
0.7946483625934504,0.5382841,0.9636726,0.95130765,0.07262545,0.11953945,-0.08545997,-0.2187563
0.9451617966471867,0.6773727,0.96991855,0.97751683,0.18179604,0.18755619,0.37088725,-0.02443553
0.9326536186144745,1.1843039,0.9866129,0.98642385,0.32789236,0.36840013,-0.3720799,-0.18050605
0.8518915675662702,0.7112644,0.98639387,0.9606011,0.11129394,0.18911375,0.3551349,0.0036091325
0.7744736898947596,0.61284614,0.97169626,0.94409055,0.09182909,0.108147755,0.39022785,0.1745905
0.7118925755703023,0.92719984,0.9872222,0.97925663,0.14866686,0.19517833,0.098201215,0.25984645
0.7783392413569654,0.7224288,0.94560194,0.96547,0.10032594,0.22702879,1.1442043,0.48828363
0.8619334957339828,0.5820609,0.9600582,0.9581624,0.101641126,0.17645411,-0.06280678,-0.00663583
0.7865670502682011,0.79216415,0.95233107,0.9507568,0.20231862,0.19608569,-0.5459987,-0.18673047
0.8917566870267479,0.5949678,0.9725729,0.9674148,0.11159544,0.11752236,-0.6660915,-0.14385648
0.7425293701174804,0.6683398,0.9400495,0.93894243,0.12245057,0.114200614,-0.30618405,-0.12992759
0.8575858303433214,0.6719053,0.98310816,0.9747074,0.11913646,0.13352326,0.45518875,0.42781055
0.7711596606386426,0.53475565,0.9417284,0.93574846,0.08691782,0.12748705,-0.62141216,-0.31007463
0.739320557282229,0.5527913,0.9706447,0.9329939,0.057256903,0.1316286,-0.19798267,-0.1663874
0.8695518942075767,0.942056,0.9664161,0.96255004,0.28910518,0.3403417,-0.537776,0.18342142
0.9038907515630061,0.92315066,0.9854158,0.96892524,0.23843542,0.2780854,-0.15786901,0.10366367
0.7637692630770523,0.62911695,0.8925158,0.9333887,0.19224282,0.15244941,-0.024079433,-0.14401194
0.7417796071184284,1.0451816,0.9310818,0.96054554,0.48952127,0.20712584,0.88417184,0.7746454
0.9356232944931779,0.9706299,0.9925857,0.98578227,0.13838749,0.267064,-0.47102022,-0.5566665
0.7230105720422881,0.6107514,0.971628,0.95354766,0.056418106,0.14484626,-0.21507935,0.05884529
0.764377713510854,0.85279375,0.9104299,0.9555717,0.26076528,0.21066758,-0.6451546,-0.24707167
0.9160560162240649,1.3332741,0.9688783,0.97289455,0.70894897,0.77245474,-0.7119961,-0.013436343
0.8464593858375433,0.64696085,0.97174376,0.94979876,0.08560979,0.16443881,-0.46955988,-0.0632328
0.7652319249276998,0.6068055,0.97107744,0.95100373,0.08140154,0.13670322,0.22657774,0.036649283
0.9304524258097032,0.7995477,0.98832023,0.9877269,0.0876425,0.1316525,0.76592684,0.2606097
0.8405958743834975,0.57184994,0.96397185,0.9429375,0.09143624,0.14557962,0.0011546531,0.4898099
0.8424086496345985,0.6378803,0.9582869,0.9492939,0.15285073,0.14980336,-0.19556902,-0.2569193
0.9140911763647054,1.597897,0.97257125,0.9797236,0.7420271,0.8309723,0.10632199,0.07972574
0.608438721754887,0.5964393,0.91419435,0.92382956,0.1307833,0.1045274,0.31151828,0.19638762
0.876883059532238,0.8278223,0.9783637,0.9880435,0.23088205,0.17085838,0.43221933,0.13680686
0.5094640538562153,0.6962598,0.9396647,0.9411243,0.10303476,0.11267745,-0.44763947,-0.50522715
0.9010480841923367,0.96929055,0.96141404,0.9721003,0.35205436,0.37421536,-1.0112224,-0.2484321
0.6020533522134088,0.70892614,0.96257836,0.94776434,0.13857625,0.14184135,0.60432875,0.30550647
0.8657582470329881,0.6233727,0.96773124,0.967027,0.105152495,0.08698524,0.4746681,0.038682427
0.7599140796563185,0.72146076,0.94418836,0.96186125,0.15932512,0.12353327,0.23161297,0.30462685
0.8264326497305989,0.712075,0.9541215,0.96042913,0.1252479,0.10702937,0.5546273,0.37376797
0.8434246216984868,1.119222,0.9559939,0.9661831,0.48897383,0.2888553,-0.08379976,-0.29306412
0.8558076152304609,0.67685395,0.9685585,0.95840406,0.10303874,0.21710227,-0.25910622,-0.25421068
0.7985870663482654,0.73743606,0.9567904,0.9464599,0.15903561,0.19720875,-0.11410063,-0.22601588
0.8636054384217536,0.89507204,0.97734016,0.96723855,0.28409308,0.24232209,-0.65122634,-0.25875556
0.720196992787971,0.719204,0.9686872,0.9583294,0.13615862,0.120931596,0.3211878,0.6375514
0.8693080532322129,0.76124394,0.9760421,0.98010707,0.08918348,0.15510471,-0.8232567,-0.2220531
0.8935720542882171,0.56483823,0.9605172,0.96621776,0.11987446,0.12515979,0.18553348,-0.14786948
0.932129744518978,0.905804,0.99246264,0.98211515,0.32929277,0.24694665,-0.34865016,0.15503663
0.694625946503786,0.7073879,0.9539789,0.93432647,0.14283483,0.11752816,-0.5907566,-0.20216289
0.9130504362017449,0.8726508,0.9673253,0.9871487,0.2841655,0.08632099,0.071428105,0.3161037
0.8853274453097812,1.1202829,0.98659855,0.986721,0.3039388,0.20150538,0.1769083,0.30246586
0.9091705806823226,1.0669525,0.9442866,0.97046477,0.41825095,0.2113422,0.38207075,0.24523011
0.9288827235308942,0.6994545,0.9923334,0.98431647,0.12583733,0.14407966,-0.30546927,0.17170952
0.6174623738494954,0.87921107,0.9485484,0.9464272,0.13467576,0.14355884,0.850941,0.36096844
0.7685493141972567,0.5316093,0.9324548,0.9536985,0.085634306,0.11638011,-0.17096739,-0.4115049
0.627628334513338,0.84998703,0.94973046,0.9400074,0.16045082,0.13216552,-0.5480717,-0.39337093
0.8727884511538045,0.61152035,0.9630105,0.95960253,0.13121109,0.13450463,0.746403,0.45823818
0.8429137076548305,1.0397264,0.98775005,0.9903123,0.12997791,0.17450088,0.25597236,-0.10488552
0.885809655238621,0.6471235,0.95108545,0.96470344,0.11443378,0.12590446,-0.199636,-0.19797868
0.9038393913575654,0.660479,0.979488,0.96934456,0.14845286,0.15729438,-0.25673786,-0.005344093
0.8663471133884535,0.7778446,0.98801446,0.97494644,0.10407064,0.16773337,0.6750659,0.26449728
0.8541619766479067,0.8087847,0.9764829,0.967772,0.1684565,0.11052454,0.046519395,0.24232334
0.7332866451465806,0.6357574,0.92738765,0.95148283,0.09383059,0.12517576,0.10650172,0.015103118
0.7465121380485522,0.7041007,0.94228584,0.94914705,0.081981294,0.18834575,0.5199708,0.36617512
0.8647196188784755,0.67679095,0.9642975,0.95813787,0.19717826,0.13550217,-0.2571837,0.2519982
0.8293566294265176,0.77079713,0.95429254,0.9666166,0.18502621,0.115131736,-0.15899684,0.0461059
0.80524968499874,1.1102804,0.87846524,0.93777055,0.9423927,0.4811668,0.68891245,0.54815406
0.8918989595958383,0.62062263,0.99127656,0.98025596,0.0783872,0.12070587,0.373839,-0.4318349
0.7961044004176016,0.64412415,0.94648486,0.9663355,0.09119275,0.12591484,-0.15380287,-0.10340084
0.8842832491329964,0.93403673,0.9435507,0.9498798,0.47376055,0.36226302,-0.44609648,-0.35971108
0.9482084648338595,0.6251,0.9895894,0.98172903,0.07895496,0.100940265,-0.022294192,-0.14237218
0.8911238524954099,0.93405616,0.99381006,0.98906434,0.14633319,0.15627912,0.62810504,0.4800253
0.70437785751143,0.73475134,0.92139107,0.9440687,0.16317266,0.17934333,-0.17593561,-0.1283516
0.9312416449665797,0.7960651,0.9824881,0.98149174,0.14008582,0.21072635,0.2392549,-0.10060317
0.8489590438361754,0.8875418,0.98631424,0.96850914,0.2814409,0.3512483,0.7045941,0.30967507
0.9389580598322393,1.121439,0.9781919,0.9689213,0.68112826,0.6264977,-0.82925034,-0.21354614
0.8463876735506941,0.80311656,0.9704202,0.95693773,0.13845636,0.26164418,0.80246437,0.11552245
0.9610846123384492,0.7318739,0.9861388,0.9824086,0.16294444,0.22920479,-0.12843606,0.07309688
0.8286362425449703,0.65947884,0.95268214,0.9673205,0.079109885,0.15529388,0.8882489,0.6155621
0.5939615758463033,0.64558333,0.9399819,0.9288713,0.11601624,0.12583522,-0.0529613,-0.16067259
0.8423601694406777,0.7135494,0.9731687,0.9675574,0.1316775,0.15825611,-0.44003382,-0.28897378
0.9157981591926367,0.91729635,0.9908374,0.97495794,0.2756125,0.3175328,-0.69910854,0.0131264655
0.866808683234733,0.8278683,0.97459525,0.97540116,0.22677976,0.21030524,-0.43722963,-0.07119875
0.8231427165708664,0.60750914,0.96754265,0.9628802,0.09484659,0.12877369,-0.79327685,-0.3755554
0.8850861963447854,1.1719105,0.9693574,0.9673161,0.38647363,0.28266707,-0.7242796,-0.20013878
0.9027546830187319,0.9432796,0.97480154,0.9708407,0.21759866,0.16848597,-0.49665406,0.03562663
0.6355520142080568,0.8536791,0.94584686,0.9386888,0.15778135,0.16574678,-0.2492644,0.028959787
0.8363686894747577,0.6019188,0.9637598,0.96502227,0.0884905,0.112009935,0.2689287,-0.31386048
0.8901274645098578,1.1715553,0.96130615,0.97529894,0.34665236,0.64309347,-0.5087341,-0.14297122
0.9403497773991095,0.65495586,0.9844817,0.9871065,0.07389068,0.12313376,-0.0031182496,0.21173488
0.8669864759459036,0.8551934,0.9932152,0.97169954,0.14473808,0.25475085,-0.15774025,0.31966394
0.7243709934839738,0.7214834,0.9393796,0.961784,0.1123428,0.10807924,-0.8204034,-0.5201261
0.8874695978783916,0.5849376,0.9794527,0.96383595,0.09372055,0.16561984,-0.9597966,-0.56447494
0.9036427825711302,1.4838892,0.9940308,0.9743283,0.42083824,0.94088894,0.34310374,0.06907916
0.828121200484802,0.57254726,0.9517166,0.96182483,0.10829951,0.14711018,0.027041031,-0.13717684
0.8879285757143028,0.64624053,0.95842147,0.9738771,0.08226529,0.15069675,0.5199803,0.15179197
0.9108457873831496,0.9225321,0.98501605,0.9697645,0.24150065,0.44301462,-1.1391962,-0.16176124
0.8716120624482497,0.7815267,0.9689155,0.96496576,0.24306002,0.2242748,-0.11053249,-0.16165136
0.9035122220488881,0.7756232,0.97481376,0.98497343,0.13396801,0.10625801,0.55451703,0.28562686
0.6654223416893668,0.5402103,0.9375373,0.9465469,0.057007007,0.13928707,-0.71733266,-0.39682674
0.7265896583586334,0.55718154,0.93791395,0.9489168,0.093169056,0.11836867,0.6134538,0.41821542
0.7850565802263209,0.7372747,0.9539777,0.97547543,0.09576116,0.0925324,-0.30349404,-0.13149112
0.8911990207960833,0.8371662,0.9683073,0.9802884,0.22927932,0.22055404,0.11682697,-0.18079895
0.890188424753699,0.86181897,0.94327503,0.9721833,0.30446154,0.17980406,-0.122545,-0.15365398
0.8340464401857607,0.63216996,0.9813117,0.9718941,0.079901524,0.09867557,0.37768447,0.25107098
0.8355092940371762,0.5883324,0.9564311,0.9650385,0.09163245,0.10315435,-0.5334064,-0.36346743
0.8069054996219985,0.6377024,0.973303,0.96550316,0.09807777,0.12596627,0.14539883,0.32355282
0.6964050256201024,0.60169125,0.93640834,0.9522073,0.0928297,0.11269553,0.42309597,0.21658821
0.5605422101688405,0.74514085,0.8859874,0.93238604,0.22815952,0.117935434,-0.19730094,-0.22136174
0.80762406249625,0.78193927,0.9678986,0.9718437,0.16815476,0.10643333,0.21971913,0.045047008
0.8044968499873999,0.62983036,0.954604,0.96611613,0.1580499,0.16875806,0.7349315,0.38100493
0.8023344413377653,0.8227735,0.9498129,0.95649,0.21608046,0.15825023,-0.0368811,-0.3393019
0.5730970443881775,0.5886574,0.8648532,0.94465876,0.12347825,0.09024876,0.87110513,0.5611
0.7992581090324362,0.83409226,0.9565508,0.9701448,0.22345534,0.13395105,-0.569041,-0.46786064
0.7669945879783518,0.7799933,0.91356164,0.9630281,0.27083415,0.11876819,-0.69533974,-0.5806291
0.7611465325861303,0.8612447,0.9253621,0.9496513,0.30176154,0.21910532,-0.60447943,-0.36525705
0.9181265525062099,0.8806708,0.97374105,0.9732691,0.33896965,0.3502687,-0.73260427,0.07671212
0.5498333673334693,0.6109988,0.94439334,0.94797796,0.093316264,0.081881106,-0.3379478,0.086203545
0.8964077136308545,0.74294543,0.9733765,0.9724696,0.10436915,0.11737421,-0.29440227,0.07275344
0.8628817875271501,0.5536788,0.94906837,0.9630241,0.15393512,0.15498336,0.49208447,0.37747836
0.8390496921987687,0.93224007,0.9622234,0.9669936,0.3819293,0.16162843,-1.196625,-0.48657545
0.8579105036420145,0.8533959,0.9862433,0.969786,0.15343107,0.20325294,0.64781797,0.46949714
0.8972195888783554,1.0287145,0.94391596,0.9593972,0.62179357,0.38594788,0.8884053,0.28425738
0.8997811671246683,0.8274165,0.9346748,0.96002287,0.3405765,0.37070596,-0.1979788,0.091102086
0.7623806175224701,0.8448699,0.9692654,0.97075796,0.13330558,0.18272154,-0.3578235,-0.23109367
0.8645389461557846,0.74232954,0.972087,0.9581425,0.2035682,0.21725358,0.024764007,0.13207585
0.8732695090780362,0.9338765,0.9658343,0.9847041,0.19362229,0.16739888,-0.2367158,0.14631829
0.7366457945831784,0.5456278,0.9552803,0.94482297,0.0567124,0.093457736,0.16967231,0.5299269
0.830747578990316,0.7294296,0.970221,0.9583904,0.10349822,0.150883,-0.54630774,-0.098641075
0.8645884823539294,0.76528704,0.95388645,0.96756333,0.17409827,0.22969633,0.4285425,0.22309595
0.8857343909375638,0.7605029,0.970302,0.96896684,0.11061572,0.20816973,0.26960406,0.28918704
0.7184121536486145,0.7801778,0.9388034,0.9432269,0.1702846,0.13077307,-0.2273713,-0.1735908
0.8816018624074496,0.7248909,0.96814144,0.96538764,0.09848211,0.12765886,0.7637779,0.3423694
0.8969569318277272,0.9822543,0.99449295,0.98971045,0.18987258,0.24813774,0.35900176,0.26073873
0.897383173532694,0.7159373,0.96433914,0.96969765,0.16932063,0.16324458,0.62655306,0.15554991
0.9562316969267876,0.63836414,0.9889745,0.9858108,0.121455394,0.22108564,0.7986338,0.12439373
0.8692433489733958,2.1336286,0.9930217,0.990801,0.07588386,0.28459784,-0.1864699,0.41154775
0.8739522638090551,0.97555864,0.98285115,0.98558676,0.2942314,0.13660526,0.10414054,0.39868867
0.8946981387925551,1.3607943,0.9820073,0.98168415,0.40497887,0.2222858,-0.041067187,0.16807613
0.7477015828063313,0.55176294,0.9418488,0.9330332,0.06564527,0.080041446,0.058288194,0.0139824115
0.8898475273901094,1.326802,0.9845745,0.9667813,0.5880123,0.54380137,0.34113273,-0.27228394
0.9022791931167723,0.8599222,0.91738296,0.9460137,0.41962856,0.42821467,0.4585488,0.33558828
0.8937723110892443,0.736047,0.9873087,0.97867155,0.12159447,0.17953168,0.53009707,-0.0009083503
0.7649544838179352,1.012912,0.9205951,0.95764154,0.3884671,0.25215745,1.5641444,0.837416
0.9142300889203557,0.6766694,0.96562755,0.970264,0.14589407,0.17317528,0.3271118,-0.1362176
0.8480526082104328,0.5562289,0.9777449,0.9787969,0.091661766,0.10502507,-0.23903234,0.14146146
0.9567749630998523,0.69489855,0.99301606,0.9842593,0.1203738,0.14229855,0.7207089,0.32302162
0.8154671978687915,0.73623985,0.9828515,0.9641696,0.10474504,0.16080466,0.39962795,0.34847853
0.6468099792399169,0.5673587,0.911381,0.94167995,0.08767661,0.10082232,-0.51983887,-0.18724322
0.7887061308245232,0.8208877,0.93549705,0.9613571,0.20798002,0.21359444,0.136592,0.03849658
0.9519919359677439,0.874235,0.9879991,0.9829122,0.21511555,0.27371445,-0.9547089,-0.11974621
0.8497857031428125,0.5761496,0.9772771,0.958211,0.07438846,0.12479244,-0.35315353,-0.33995163
0.8434628298513194,1.0418013,0.9739249,0.95929676,0.47063318,0.19952536,-0.07306791,0.1840521
0.9239851679406716,1.0938216,0.98729414,0.9807211,0.40953076,0.22718652,0.37489393,0.27954
0.8913871815487261,0.66219145,0.9919052,0.9735197,0.12211911,0.15637563,0.90532076,0.045851238
0.9237040788163153,0.6968013,0.9876943,0.9821319,0.09827779,0.16529225,-0.90602934,-0.32360715
0.6137090468361873,0.5808428,0.94241834,0.9525434,0.088977896,0.09333722,-0.9186616,-0.618282
0.8390792603170414,1.0269917,0.9735326,0.975014,0.18691806,0.23677339,0.18867135,0.30040058
0.9090632522530091,0.8531608,0.9708956,0.9797833,0.18970823,0.2194141,0.39559007,0.24877006
0.7527034908139631,0.5293662,0.93945754,0.93893635,0.07440109,0.17404686,0.6589757,0.01150786
0.8820348241392966,0.66863614,0.97470325,0.9597432,0.15923354,0.20500763,-0.15248413,-0.0488571
0.6642541130164521,0.6858461,0.95758903,0.94473,0.13325286,0.14749521,-0.46391895,-0.35872534
0.9268582674330696,0.90120274,0.9843888,0.98161393,0.24271467,0.25850594,0.20367527,-0.071703084
0.8016761667046668,1.060698,0.97104096,0.9571564,0.44711697,0.5286731,-0.6129392,-0.61464244
0.8224995139980559,0.64795005,0.97014207,0.9743975,0.09336865,0.1160731,-0.104662836,-0.25686872
0.9172470929883719,0.8329692,0.99439144,0.9756735,0.22381045,0.35241026,-0.15279141,0.16730714
0.804599829709715,0.677774,0.94856113,0.95554656,0.15675141,0.12789881,-0.5456842,-0.33590463
0.8616597986391946,0.80466866,0.9492429,0.9667995,0.2028043,0.18194914,-0.5964217,-0.30655518
0.8355727502910012,0.9500459,0.9685314,0.95880234,0.4122168,0.2524348,-0.0114893,-0.2846438
0.9561543206172823,0.7660357,0.9873784,0.9887497,0.14379404,0.114243105,0.23928237,-0.16006583
0.9208395233580933,0.78321767,0.97154975,0.9760226,0.17263423,0.21841368,-0.18630317,0.10886838
0.7918511034044137,0.922255,0.93101484,0.9630164,0.3076422,0.12671308,-0.9090723,-0.33683962
0.9046435865743463,0.858699,0.97820765,0.9856934,0.22307298,0.15847404,-0.20295498,-0.2880801
0.8251359725438902,0.69874394,0.9871328,0.95946527,0.15341033,0.17045313,0.12261558,-0.021355083
0.8856073824295296,0.8123216,0.9699673,0.96763384,0.2178106,0.16636379,0.32388547,0.29501495
0.9252457489829958,0.69606626,0.97344494,0.97285146,0.17535973,0.15694173,0.49164695,-0.11285912
0.8882152328609313,0.68418396,0.98700047,0.9828363,0.106554665,0.11829438,0.6783286,0.59237903
0.865433669734679,0.60559684,0.98274475,0.97372085,0.10050284,0.12469285,0.7376527,-0.28238565
0.9424543938175752,0.86965287,0.990586,0.9866641,0.1492196,0.14273094,-0.15085448,-0.0044184597
0.8977834951339804,0.7487641,0.9814814,0.98165196,0.11289791,0.08159058,0.3723755,0.16108863
0.7897150948603794,0.73188996,0.95911664,0.97116923,0.10840926,0.09483813,0.44392726,0.09328386
0.4969885159540638,0.47924343,0.9151819,0.9412131,0.045104943,0.11209246,-1.1038164,-0.7917033
0.8380564722258889,0.7921698,0.9759932,0.9543347,0.28884864,0.22265734,-0.1548894,-0.07985575
0.8573013812055247,0.92993504,0.97531724,0.97075135,0.22501883,0.19111878,-0.7076204,-0.16697624
0.7913624614498458,0.58969444,0.9532185,0.963908,0.09629699,0.14942849,-0.14703856,-0.27225947
0.8799537278149112,1.1993204,0.97893435,0.9697775,0.37436277,0.31598082,0.07267675,0.17457506
0.7992634850539402,0.66614133,0.9800264,0.95343107,0.070627235,0.118169256,0.6007756,0.702675
0.906502058008232,0.9797165,0.97971237,0.97237027,0.3682971,0.3965016,-0.45148736,-0.032918237
0.7566535226140905,0.6629657,0.9457357,0.9488172,0.12404513,0.13896482,0.4041494,0.3499608
0.8714743018972075,0.94481295,0.9888081,0.97045696,0.16859883,0.17501676,0.19333278,0.09614511
0.9426413065652262,1.0549499,0.99441105,0.98874664,0.19091304,0.19690372,-0.41046444,0.14976308
0.8916637586550347,1.0672216,0.98711324,0.9883822,0.15988153,0.13835903,-0.50056124,-0.48755428
0.8714076776307104,1.356025,0.9672818,0.9468341,0.77501017,1.0277022,-0.6417544,0.06455038
0.848378721514886,0.7125484,0.91554445,0.9514086,0.31750697,0.17480183,0.084187746,0.18262427
0.7752029088116352,0.6571291,0.9406297,0.94766694,0.11871025,0.19866225,-0.056593306,0.032232612
0.841693350773403,0.8985764,0.9621583,0.9599637,0.27204707,0.25407124,-0.3875138,-0.31489632
0.8767972351889408,0.68570876,0.98433805,0.9760017,0.11272269,0.12255275,0.24586336,0.26868686
0.8712893091572366,0.5667739,0.97069925,0.95760745,0.079803415,0.12444353,0.10056611,0.18879947
0.7381616406465625,0.7245336,0.95087236,0.9532039,0.11696916,0.11896175,-0.20816119,0.02239417
0.7205376981507926,0.7101595,0.9929744,0.96878594,0.08253435,0.12944242,0.21496703,-0.4953644
0.9497625190500764,0.68161714,0.9884739,0.9840215,0.15333845,0.15890141,0.28090072,-0.050619718
0.7078823515294062,0.7194246,0.92307055,0.9534332,0.16837183,0.1489687,-0.059368614,0.15901917
0.81412607250429,0.95762056,0.96717024,0.9572577,0.30548403,0.32295564,0.103788465,-0.29808164
0.9043134412537649,0.6713032,0.9832199,0.9826965,0.13550866,0.13115358,0.2695935,-0.14490509
0.9235991503966016,0.6872552,0.9763402,0.9773554,0.10741497,0.19491331,0.50051874,0.022277642
0.6120717602870412,0.63491195,0.9209197,0.9342566,0.082924135,0.1579318,-0.09709845,-0.26069373
0.8428520754083016,0.5941875,0.9790104,0.97108597,0.08339598,0.12678352,0.7739471,0.5934285
0.8774430297721191,0.75380456,0.9754689,0.9697222,0.17169009,0.16572173,0.14197955,0.24996679
0.7227502190008759,0.91185206,0.9495639,0.9633578,0.29067674,0.20663093,0.026874948,-0.18124092
0.8163054732218927,0.58595854,0.94428504,0.9582253,0.106176555,0.10954383,0.54632604,0.1350047
0.9473027012108048,1.2517004,0.99348485,0.9797314,0.2269232,0.53756815,-0.8761132,-0.027014742
0.8425666662666651,0.8692956,0.98494023,0.975175,0.13127254,0.11811042,-0.9050957,0.04684557
0.7497152868611474,0.8848249,0.9230994,0.94443065,0.3064092,0.32359645,-0.49724513,-0.0072127134
0.8901878487513949,0.7837091,0.97141606,0.95803803,0.28011224,0.21898499,0.4547051,0.1682105
0.7810507722030888,0.5984569,0.9402266,0.9543032,0.12079561,0.1280738,0.25671747,0.22108085
0.7814052056208225,0.87269557,0.92773706,0.95853704,0.33389783,0.1502941,0.5976321,0.21647736
0.8905855783423132,0.5571995,0.96484435,0.96664965,0.11384484,0.1385244,0.3310013,0.028615197
0.8791702686810746,0.9446522,0.99260706,0.97519463,0.16224752,0.20439534,0.26821518,-0.16928278
0.8811435565742262,0.7589498,0.9834093,0.97961855,0.12347509,0.18229036,0.5075524,0.41553444
0.8619537518150072,0.9304896,0.9761203,0.9847762,0.16667582,0.16330856,0.2330505,0.027640445
0.8243372493489974,1.1340075,0.96811754,0.9623428,0.38112864,0.28138041,0.57867414,0.122853674
0.835691118764475,0.6017776,0.9739498,0.9637544,0.07152596,0.13124762,-0.15086137,-0.093225546
0.780126288505154,0.7477162,0.9617724,0.95500046,0.13037042,0.21583693,0.210469,-0.08052846
0.8807553310213241,0.7598316,0.97284883,0.96546656,0.20297952,0.13935238,-0.07349168,0.10083429
0.8898369673478694,0.75070494,0.9780259,0.96998966,0.22989577,0.19880421,-0.3071656,0.21760173
0.7121414085656342,0.59376216,0.95000297,0.95157117,0.09065481,0.115350194,0.5148931,0.34757444
0.6642388489553958,0.5613019,0.96088606,0.9455224,0.06444518,0.086711936,0.85464746,0.47157285
0.7719685598742394,0.68212396,0.9683002,0.964819,0.062006436,0.12702844,-0.4299776,-0.23309855
0.7703697694790779,0.91099393,0.9407745,0.9693229,0.34627417,0.17430264,0.1397817,0.07870623
0.9155091020364082,0.9459936,0.9685811,0.9752458,0.17708847,0.3008183,0.6235108,0.1449551
0.7292308209232837,0.7253731,0.95033264,0.963739,0.1737288,0.13060975,-0.8973365,-0.8252033
0.7964334897339589,0.75185055,0.9520424,0.95767814,0.10115974,0.15863335,-0.2153867,-0.0064718183
0.8700246960987843,0.9928466,0.9708767,0.9667289,0.3507251,0.3798145,0.03313863,0.52846473
0.8383912255649021,0.955401,0.95584804,0.9719257,0.26670533,0.26472968,0.8192434,0.7119663
0.5071839487357949,0.9238968,0.91446406,0.95443106,0.1768837,0.16577038,0.45269468,0.22010654
0.7293630134520538,0.69359714,0.9716052,0.9572023,0.112250075,0.12350459,-0.45670098,-0.08965836
0.9511553886215546,0.8495359,0.9881222,0.97662824,0.21150474,0.26755494,0.3437253,0.14651485
0.6052628370513482,0.5761652,0.9418219,0.9561196,0.08864096,0.07519724,0.2951269,0.16868754
0.7606190104760419,1.0929837,0.9608894,0.97343814,0.31013504,0.15691969,-0.37811,-0.5891502
0.6993598214392858,0.5116574,0.9293289,0.952179,0.060055654,0.09766805,0.66187996,0.6048615
0.8749130356521426,0.8334032,0.97588223,0.9684512,0.20419993,0.25456315,-0.47573,0.015685972
0.6368323713294852,0.49465033,0.91248846,0.9480084,0.103498615,0.0762907,0.48286226,0.3815972
0.7120365761463046,0.7795613,0.9485278,0.95815295,0.20423515,0.11930059,0.28000876,-0.11465371
0.92836873747495,0.7800829,0.9708459,0.9824871,0.11762751,0.15544155,-0.15336542,-0.10857785
0.7977631910527642,1.024962,0.9736249,0.9732335,0.5080854,0.46125785,-0.47604582,-0.101059735
0.8459989679958718,0.7350423,0.961585,0.9540569,0.21250463,0.19856392,-0.01904585,0.0019703377
0.8287452989811959,0.8889338,0.9418313,0.96049124,0.25707418,0.15170752,-0.22419727,0.03736945
0.8403646094584377,0.676107,0.9383122,0.9649351,0.14482494,0.14379625,-0.37600818,-0.16053803
0.8661276565106258,0.71162874,0.9711162,0.96951663,0.21267962,0.2271252,0.46703008,-0.25505596
0.7844269137076548,0.99190974,0.9676869,0.97557867,0.30097502,0.1583484,0.736703,0.37733284
0.8270281401125604,0.6439701,0.9831646,0.97173023,0.14701785,0.12482429,-0.103154644,0.4208735
0.7494823899295596,0.7085339,0.9445249,0.9556108,0.14542581,0.07426465,-0.28915748,0.15266903
0.7880204000816003,0.53018737,0.9621722,0.9642818,0.0609508,0.10166307,-0.17127346,-0.3135255
0.8279516638066551,0.79511917,0.9320681,0.95737803,0.3061541,0.16396686,-0.8695951,-0.52255654
0.739876399505598,0.69771504,0.942758,0.97061604,0.10243397,0.100199856,0.52228814,0.3401746
0.8752928131712527,0.76422524,0.9680044,0.97288185,0.10926306,0.15856197,0.12030828,0.036179345
0.8838247512990052,0.63333195,0.9803155,0.9695023,0.13781977,0.13117719,0.521408,0.43630198
0.6943957375829503,0.7548966,0.9879538,0.951762,0.13058501,0.123369746,0.16428755,-0.7111144
0.6314317737270949,0.5782894,0.920697,0.94413704,0.11113508,0.08212665,-0.4566237,-0.32717666
0.7249259717038868,0.81389856,0.9122832,0.95946926,0.1544384,0.09432792,0.91496557,0.6517674
0.761188868755475,0.7083522,0.9583522,0.9769155,0.15690485,0.09466244,0.70345354,0.4629963
0.7967129468517873,0.49189743,0.9540295,0.9540999,0.056271754,0.08382436,-0.0005194497,-0.05303016
0.8270912123648493,0.61390364,0.99438673,0.9651453,0.07511446,0.11549062,0.17664921,0.09608507
0.8997936471745887,0.7417217,0.9725493,0.97408915,0.15871762,0.15727437,0.51789737,0.21784256
0.8527792831171325,1.2891651,0.98863316,0.98863894,0.22428678,0.12963346,-0.3495529,-0.42971852
0.8342497689990761,0.97508544,0.9610556,0.96446234,0.30918965,0.21793492,0.020117844,0.058334235
0.9197324469297876,0.6555562,0.9795493,0.9802298,0.11228242,0.11724747,-0.4172594,-0.03422952
0.807998943995776,0.75342584,0.9372964,0.95733654,0.23049624,0.22583789,0.24264584,0.086095035
0.9468975795903182,0.77787983,0.9875259,0.98477846,0.109738626,0.1397082,0.41335416,0.25319412
0.8974248376993508,0.6925652,0.98257893,0.9716667,0.1515926,0.1592014,0.81922793,0.48120713
0.9103093372373487,1.1456869,0.9891227,0.97533715,0.37531883,0.3697883,-0.23194093,0.095282584
0.8457679910719643,0.70733196,0.95592904,0.96283513,0.1877539,0.20117399,0.18741047,0.014792349
0.9330614282457129,0.7000043,0.98782456,0.9774032,0.08022381,0.142414,-0.013001602,-0.10485325
0.9238054552218208,0.8564791,0.98957056,0.97686386,0.21754348,0.25122768,0.89901006,0.20381375
0.7761114564458258,0.7161442,0.99139,0.9604164,0.08270066,0.09083762,-0.22200482,-0.14537123
0.895312349249397,1.0333276,0.99449706,0.9699626,0.31137308,0.41425124,0.8214958,0.44627583
0.878379033516134,0.7773537,0.9811686,0.96339935,0.1294254,0.24875765,0.4000043,0.274496
0.9221460885843543,0.7293103,0.9785049,0.9805642,0.1157525,0.116954245,-0.44467908,-0.42376006
0.8159805119220477,0.73472714,0.9713158,0.96572256,0.16091603,0.14073002,-0.03740217,0.27977356
0.9021923127692509,0.95233464,0.97857517,0.98296624,0.2402774,0.20242949,0.2066642,-0.08654195
0.8552168288673154,1.0194321,0.992665,0.9852627,0.07805688,0.22290719,-0.009519536,-0.18411939
0.907194124776499,1.261534,0.9903966,0.97929364,0.36410743,0.2891412,-0.017879533,-0.48633647
0.8197996951987807,0.7112724,0.9773337,0.95675504,0.06533464,0.19722176,-0.77341455,-0.47681785
0.9394725258901034,0.83218527,0.98435146,0.9781135,0.16167314,0.2641765,-0.20924158,-0.0131347645
0.9397200148800594,0.89344954,0.9857185,0.98625994,0.19455184,0.25885543,-0.43311146,0.3673939
0.8737952071808287,0.97459626,0.9639232,0.9725628,0.27800417,0.3061888,0.00071136275,-0.31458068
0.9381778647114588,1.2765442,0.98541045,0.98403835,0.55167735,0.48379698,0.78018486,0.032133706
0.8030936123744495,0.7241093,0.97323316,0.95439905,0.21295503,0.118605435,0.2520761,0.19030344
0.8673389893559574,0.6340649,0.95905995,0.9606254,0.17098653,0.13729851,0.29767632,-0.14968805
0.7822022968091872,0.74700844,0.95160097,0.94662863,0.24264959,0.24888921,-0.20591515,0.091536485
0.772124560498242,0.607267,0.9349823,0.9634794,0.111271515,0.09402071,0.38342017,0.23406264
0.8242376009504039,0.7655739,0.94285816,0.96448994,0.18700989,0.13141197,-0.49103135,-0.32532513
0.5751380125520502,0.5699572,0.891922,0.95354426,0.097956546,0.073333174,0.39502513,0.38958323
0.864941379765519,0.7712008,0.9762711,0.9670746,0.13998257,0.20629227,-0.17585279,-0.02630805
0.8879460477841912,1.0549372,0.9924829,0.9855545,0.35035434,0.2554434,0.63529104,-0.47725514
0.6729279397117587,0.5314008,0.9569112,0.9479425,0.044936575,0.10218767,-0.15927202,-0.12840566
0.9261230964923859,0.8941831,0.9788344,0.9838397,0.20296356,0.15707095,-0.2476933,-0.105632715
0.927957350100377,0.8772814,0.99089104,0.9748735,0.18976207,0.19083154,-0.4443617,-0.28446063
0.888620354481418,0.68879306,0.967764,0.9550639,0.25405478,0.28061998,0.54572743,0.46838027
0.6959213756855027,0.5331766,0.9521206,0.945728,0.08896659,0.10092907,-0.08372747,-0.23849623
0.8187134508538033,0.69246054,0.97438186,0.966275,0.12231343,0.10472919,0.06632578,0.023116995
0.8769540038160152,0.56435144,0.9738573,0.96985745,0.065528505,0.09862137,0.02766529,-0.061641764
0.9436611186444746,1.0356027,0.97882384,0.978013,0.45246744,0.21853213,-0.74626625,0.10585862
0.7659441517766071,0.8587951,0.93756855,0.9645316,0.25626135,0.13220069,0.14359275,0.3495704
0.7752759651038603,0.8685259,0.9391426,0.95289797,0.22409327,0.2530219,-0.43193254,0.025719011
0.8913866055464221,0.8516994,0.94862145,0.9624685,0.26190594,0.31669948,0.6413315,0.052426804
0.8902078168312673,1.0861292,0.96877575,0.97080463,0.63850415,0.36833394,-1.0176281,0.11684342
0.7459331597326389,0.84295315,0.9464087,0.97065383,0.28351134,0.12231049,-0.5167783,0.054919574
0.8900510482041928,0.7099557,0.9912052,0.9738855,0.08843769,0.15283549,-0.02489617,0.3895573
0.7431742046968188,0.60358447,0.96113527,0.95671463,0.0900332,0.07993503,-0.38520393,-0.025443975
0.9154633098532394,0.62722194,0.9822883,0.97908115,0.08474331,0.09372408,0.16897012,-0.22498952
0.8108277873111492,0.91245955,0.95188636,0.9589279,0.21814874,0.33290994,-0.08364794,-0.0719998
0.7600363841455365,0.63045883,0.95129037,0.94886285,0.12577966,0.13140516,0.36198458,-0.18873101
0.8026941547766191,0.80360746,0.9543562,0.95748806,0.16251116,0.3063158,1.4517487,0.67624235
0.7755594542378169,0.6284603,0.9408497,0.95969987,0.14020091,0.101853564,-0.010269256,-0.21420524
0.8431408445633782,0.5114863,0.9491792,0.9625066,0.06278323,0.09485733,0.03893154,0.07391872
0.8595235020940084,0.9162303,0.97051734,0.9619202,0.44422498,0.3064599,0.50204474,0.14149891
0.9040271681086722,0.8337842,0.97195077,0.9810959,0.1351243,0.103566654,-0.27348456,-0.43644288
0.8638068472273889,0.6987489,0.97314715,0.95973104,0.22409442,0.20965213,0.52883947,0.07640024
0.8948737234948939,0.8355639,0.9782155,0.9745993,0.2012858,0.19139685,0.04212738,0.040237606
0.885995031980128,0.61424696,0.96518016,0.97834086,0.101859614,0.10276072,-0.8638018,-0.44049272
0.9429509078036311,0.66934067,0.9634242,0.9732695,0.14637884,0.23151109,0.9383421,0.24578807
0.9116351985407941,0.6423107,0.9658861,0.96861225,0.2000023,0.20306735,0.0358754,-0.10854214
0.9286024984099936,0.8891322,0.96194994,0.9739577,0.24211974,0.3332909,0.11478767,-0.119675525
0.8716505586022344,0.67974925,0.9556808,0.9589219,0.1521379,0.19903685,0.06719994,0.09016205
0.7824123456493826,0.5619699,0.94075876,0.95945555,0.09527892,0.09893852,-0.13192195,-0.40589327
0.9253472213888855,0.6148954,0.9745555,0.97310275,0.13315727,0.14633009,-0.21362019,-0.5094037
0.855437725750903,0.74562764,0.97107536,0.9759517,0.1757566,0.1574139,-0.598738,-0.14832936
0.8417582470329882,0.881871,0.9720733,0.97286147,0.18160057,0.16488959,-1.0968486,-0.49742886
0.8619886959547837,0.6131949,0.9526425,0.9620777,0.09716737,0.10837039,0.051489335,0.37684628
0.6186118824475297,0.7431359,0.9401226,0.9506363,0.13892624,0.09257296,-0.4600156,-0.7237059
0.9246616826467305,1.0623786,0.97461015,0.9745821,0.43032476,0.37709585,0.23991217,-0.12153951
0.8620183600734402,0.82288146,0.97709644,0.9624286,0.21506758,0.19004749,1.0299262,0.3889037
0.6889745958983836,0.8421242,0.96403885,0.9541847,0.17491703,0.12096499,-0.6498871,-0.0039533423
0.8774265177060707,0.6634386,0.96155906,0.9677977,0.16126017,0.19509968,-0.40226316,-0.45136738
0.9188387793551174,0.9116707,0.9631176,0.9800284,0.29639632,0.32479385,0.060120918,-0.075841025
0.8082553610214441,1.0161808,0.9544869,0.95700103,0.27935714,0.12934794,0.65688944,0.012016511
0.8868788115152462,0.71958804,0.9890008,0.98342705,0.08489376,0.21155027,-0.22911085,-0.3467382
0.9290273961095844,0.51390314,0.98163176,0.9803924,0.08828612,0.12304977,-0.5218721,-0.025169382
0.8911023484093935,0.8021211,0.96820533,0.97304344,0.14786793,0.1581289,-0.15380427,-0.14294223
0.8872088608354431,0.7933015,0.9628275,0.9766054,0.19963725,0.16663514,-0.46029398,-0.20638746
0.9073049092196368,0.83657646,0.9851037,0.9711032,0.18685545,0.31148568,-0.02703183,0.09602247
0.9164890739562956,0.9131771,0.96839005,0.9764905,0.2510588,0.21098045,1.1261797,0.20137712
0.744064416257665,0.59503406,0.9430661,0.9549578,0.10595024,0.11143935,0.5223542,0.55137515
0.8945503942015768,0.6521648,0.9944319,0.97257537,0.11023161,0.1857102,-0.4859744,0.11164466
0.8187590510362043,0.5487489,0.9887358,0.9676545,0.07587423,0.09263049,0.20318936,-0.34608313
0.9181538166152664,0.90199137,0.9935796,0.98582816,0.17578489,0.26660585,-1.0514822,-0.12182168
0.6197917271669087,0.60629946,0.9465463,0.956222,0.0790664,0.10973749,0.6362816,0.31826413
0.8169138276553106,0.7093866,0.9470873,0.9636273,0.17664675,0.14623557,-0.6161428,-0.26883683
0.7263513854055417,0.9813488,0.98263097,0.98891747,0.13803807,0.12194767,-0.86755425,-0.56530774
0.8307387469549877,0.75407505,0.973108,0.9734949,0.14598538,0.10850804,0.93751854,0.45716962
0.8556419185676741,1.1931891,0.9598836,0.95491827,0.56168205,0.71833354,-0.5285093,-0.15729816
0.7919602558410233,0.6617026,0.97770375,0.95887566,0.11716164,0.1848081,-0.47146493,-0.018178226
0.7173635414541658,0.74826,0.9532554,0.96009517,0.09978484,0.14789121,-0.028883483,0.27709168
0.8200434401737607,0.97141963,0.9301607,0.9481525,0.4805609,0.46302792,-0.50437987,-0.22202931
0.6543147132588529,0.68373287,0.9298733,0.95122,0.09351944,0.12151471,0.0012568476,-0.02456628
0.711378781515126,0.64170283,0.92837906,0.94207907,0.16216077,0.14406481,-0.3306646,-0.18007363
0.8206558266233064,0.7310728,0.9613809,0.96106255,0.15279792,0.111656986,0.84764004,0.0057692323
0.8637578870315481,0.6276022,0.95226365,0.9706276,0.097092025,0.12358815,-0.23257984,-0.0032815184
0.9148971955887822,0.8708057,0.99399,0.9815252,0.11476567,0.17633198,0.39444363,-0.10803024
0.8277767511070044,0.7669835,0.9742579,0.97308975,0.12967508,0.13447973,0.2280524,0.43537915
0.6840613922455689,0.7766496,0.91820264,0.959262,0.17056261,0.13806307,0.15386246,0.058921143
0.7937655430621723,0.7184117,0.9207925,0.95741946,0.19283734,0.09317379,-0.029252838,0.0046831807
0.6250278761115045,0.6554832,0.97548324,0.95564395,0.057325445,0.10435848,0.4214914,0.38600087
0.9307370669482679,0.85291505,0.9624052,0.9771905,0.25167498,0.26514494,-0.25820765,0.27199215
0.9426100104400417,0.87592393,0.994659,0.9764908,0.14869726,0.3162865,-0.9130192,-0.056383144
0.8209287557150229,0.6885225,0.94642293,0.9587093,0.105973855,0.15220325,-0.12091195,-0.04296211
0.9095179100716403,0.7020474,0.97917444,0.96190494,0.14972295,0.2590011,-0.6705539,-0.15053336
0.7634949899799599,0.9047143,0.95313764,0.9619002,0.2665733,0.17349316,0.40136623,0.2949306
0.9404933939735758,0.7323251,0.98471504,0.97911054,0.09488052,0.16127484,-0.9092713,-0.23024924
0.7977751911007644,0.82543993,0.98610854,0.9746975,0.14334705,0.25029916,0.043488525,0.26026246
0.8979637838551353,0.8917438,0.9592316,0.9651716,0.31308004,0.3352353,0.29102734,-0.027367933
0.9169751239004955,0.548224,0.9714204,0.9823813,0.09545814,0.08327605,-0.34691453,0.1159681
0.8683510254041015,0.7083793,0.98467904,0.96248096,0.13598615,0.17398061,0.011894678,-0.10891587
0.8974222456889828,1.0926696,0.9723668,0.9746048,0.44732532,0.35133764,0.66920596,0.08228626
0.8376965667862671,0.6945542,0.9617161,0.974241,0.13674387,0.12833197,0.86706907,0.44145727
0.9633318853275413,0.8993165,0.9873505,0.9820189,0.20445354,0.35050735,-0.10761837,0.048722245
0.7893782295129179,0.8361225,0.98378146,0.96931684,0.20664193,0.11675342,0.36434895,0.525811
0.6476520946083785,0.6248707,0.95208424,0.9494242,0.09678244,0.075101756,0.65931594,0.25632337
0.8986365545462183,0.6930393,0.9677727,0.96133184,0.22242768,0.1696231,0.15002573,-0.23780411
0.8794304297217189,1.2964935,0.94863904,0.9723813,0.7667882,0.40710837,0.6298093,0.28717494
0.7801840807363228,0.5660981,0.9420999,0.9588752,0.05880376,0.118839696,0.5875081,0.24641323
0.8039977439909759,0.69675785,0.97324234,0.9709381,0.13224031,0.12318941,0.12478584,-0.3574253
0.9322157608630434,1.0103197,0.9652308,0.9684045,0.35880798,0.531615,0.4093999,0.17462163
0.8736248064992259,0.69690794,0.95293576,0.96946806,0.12930818,0.15638563,-0.9569641,-0.62489617
0.774440857763431,0.7473503,0.9553526,0.96233404,0.15804926,0.15762421,-0.11629292,-0.087414004
0.6697760551042204,0.64131796,0.97192216,0.9539775,0.111173004,0.12508532,-0.17359684,0.30971906
0.895638270553082,0.7610609,0.9839505,0.9753384,0.12873058,0.15922879,-0.14749728,-0.027882574
0.8671414205656822,0.666104,0.98150575,0.9739596,0.10173875,0.1334727,0.40741494,0.09517154
0.8998334873339494,0.82292104,0.9784738,0.9657422,0.23708387,0.2872743,-0.30865353,0.09213483
0.8917152148608594,0.8248964,0.9483233,0.9536326,0.43503246,0.42073646,0.043841273,-0.09614054
0.671933471733887,0.5866279,0.9162533,0.9485269,0.08949641,0.089298494,-0.7748401,-0.4352939
0.8578697994791978,0.9201942,0.9784379,0.97653306,0.18483107,0.32671222,0.9622529,0.46133968
0.8969251557006228,1.3411492,0.97413087,0.9681712,0.5145679,0.85502976,-1.3149941,-0.15258442
0.8358998235992945,0.8311975,0.95351183,0.9651428,0.23943841,0.16993165,-0.1319453,0.025678882
0.8113242052968211,0.60740423,0.94471776,0.97591704,0.104584344,0.08376612,1.1453135,0.7710161
0.8696382945531782,0.82726985,0.96792513,0.9598487,0.23116106,0.21457258,0.34023723,0.3399061
0.7596373105492422,0.90914106,0.95491004,0.9742066,0.16981655,0.19457462,-0.54374886,-0.1980696
0.8689503558014231,0.56519717,0.963799,0.970137,0.08314815,0.15011849,-0.78848964,-0.2522866
0.6775206940827763,0.69917125,0.9240854,0.9416364,0.17454033,0.097457804,0.9654156,0.3512058
0.8080442561770247,1.100123,0.9363131,0.95925194,0.5673118,0.46983993,-0.54682064,-0.19558573
0.9197156468625874,0.7480269,0.97876203,0.9799944,0.13470806,0.23250881,-0.15330872,-0.33494005
0.8895202620810483,0.79675335,0.9862433,0.9719704,0.15343107,0.1895618,0.64781797,0.5221437
0.7552024768099072,0.67703617,0.9620493,0.9581287,0.13923752,0.1360332,0.67658144,0.7524224
0.8232505250020999,0.8157006,0.95529383,0.9555673,0.32087559,0.22160563,-0.22257926,-0.37368417
0.6080254401017604,0.66453964,0.94558936,0.9579813,0.08890936,0.101411305,0.17212822,0.044378344
0.936442561770247,0.68335897,0.98034334,0.984912,0.07740369,0.11032336,0.3911635,0.13404195
0.5798316633266533,0.662432,0.9019611,0.95877284,0.10257758,0.11177436,0.446906,0.34574676
0.8787782031128124,0.9690085,0.9647088,0.96952844,0.11900419,0.34711373,0.28951368,0.0979176
0.8647241308965234,0.79261005,0.96762717,0.9716366,0.21323985,0.21979752,-0.07553618,0.2206617
0.8979459973346934,0.6028177,0.9697413,0.9743245,0.09371263,0.10578127,-0.58398914,-0.40950972
0.8203360493441973,0.65080214,0.96422553,0.9723185,0.11089792,0.105398744,-0.38117555,-0.45348418
0.7333462613850454,0.5764461,0.9855954,0.9555536,0.0727511,0.08064551,0.7676241,0.9208904
0.8197972951891807,0.5738883,0.9774399,0.9602606,0.084213786,0.18075041,-0.17504594,-0.06084501
0.885691286765147,0.65927273,0.94767845,0.9595801,0.13636723,0.21731773,-0.5284135,-0.16649176
0.9529979239916958,1.3189557,0.9866826,0.97717214,0.19899057,0.778134,-0.034187224,-0.06582784
0.8883897615590463,1.119932,0.97893435,0.97464406,0.37436277,0.24694555,0.07267675,0.09144375
0.813003924015696,0.87136304,0.98623717,0.99010026,0.06697161,0.122802034,1.2796319,0.67296356
0.8168396193584773,0.7275193,0.94742364,0.9657423,0.13340493,0.18692793,0.30870897,0.021058934
0.7419678638714554,0.75227284,0.9602437,0.95926833,0.1332821,0.16750553,-0.028475674,0.3027869
0.8692590930363719,0.86048526,0.9941364,0.9740683,0.1441695,0.20195208,-0.24453317,0.21594971
0.6989667958671835,0.84638536,0.9194202,0.9496229,0.20710294,0.118267514,0.12576112,-0.14727049
0.8703319933279733,1.1153282,0.9848778,0.973595,0.29305652,0.26590762,-0.58844817,-0.10983878
0.8558427513710054,0.89950484,0.95703703,0.968872,0.29098704,0.18497041,-0.4204084,-0.224446
0.9261419125676502,0.8831628,0.96628416,0.97020864,0.2612079,0.32760152,0.1160534,-0.17106774
0.9230790203160812,0.5270855,0.9833906,0.97007394,0.05678447,0.119620614,0.12409158,0.47330537
0.8768047232188929,0.6262176,0.9896001,0.9695296,0.04343512,0.1456381,-0.22050323,0.037427634
0.801815655262621,0.71032757,0.9786913,0.9659287,0.17906913,0.17909715,0.9029756,0.6268166
0.9154095496381984,0.8658739,0.96131027,0.9781619,0.28039247,0.19778433,0.4312972,-0.20576991
0.8230315481261924,0.9271128,0.9709358,0.9671973,0.20419002,0.29997548,-0.09294592,0.30347243
0.8151223644894579,0.69991297,0.96635,0.9574843,0.13789357,0.13930848,-0.42319182,-0.4574161
0.7738921195684783,0.77843755,0.96280605,0.97245294,0.09422874,0.13472648,-0.2722988,-0.44773433
0.6710413401653605,0.5644073,0.9523751,0.9511321,0.07437236,0.089416206,0.7757994,0.6192739
0.7146947307789231,0.6238907,0.9575155,0.9570455,0.08950573,0.09427872,0.5394097,0.46803632
0.8609251077004307,0.8149558,0.95564044,0.9563094,0.22607279,0.37684596,0.22451527,-0.06900386
0.8075852783411133,0.7560561,0.93858594,0.9517698,0.2395148,0.16905867,-0.0515582,-0.30366957
0.9042994251977008,0.81898,0.9786927,0.9628412,0.1947623,0.28731915,0.16446891,0.122385964
0.9691413485653941,1.2142823,0.98777014,0.9853024,0.15621129,0.36887187,0.019320289,-0.41062334
0.6985006180024721,0.745396,0.96363837,0.95372844,0.16020828,0.0913962,0.09314741,-0.21275748
0.7910844443377774,0.65483665,0.94614017,0.95455307,0.1202637,0.114149205,-0.036442008,0.08622018
0.9167652670610683,0.69329673,0.9823026,0.9737949,0.13190283,0.17911848,1.4065986,0.44346008
0.7880032160128639,0.6296955,0.95797896,0.9624422,0.09340034,0.10670032,-1.0897131,-0.7019592
0.9219046476185905,0.8698912,0.9815554,0.98049897,0.17816389,0.20107977,-0.2067035,0.036562305
0.9086107064428256,0.7316566,0.9745105,0.9774548,0.12519228,0.11886478,0.43251225,-0.36382604
0.8632990051960209,0.8823631,0.96459424,0.962846,0.24720705,0.26056042,0.58965445,0.13740504
0.7052942771771086,0.6675649,0.95528996,0.9517464,0.088630244,0.12142651,-0.17996003,-0.31837192
0.9195524462097847,0.86209583,0.9931899,0.98732716,0.086341016,0.16928236,0.5454548,0.5197989
0.936439201756807,0.75108814,0.9886216,0.9674224,0.20474043,0.34165743,0.4769532,0.016355252
0.6354469897879591,0.49285203,0.9453832,0.94846696,0.035959784,0.10722609,1.0794467,0.8622605
0.6658295753183012,0.46920055,0.92912287,0.9412651,0.051285736,0.113133945,0.3095171,0.38736582
0.8628046992187969,0.91908497,0.9862433,0.97176623,0.15343107,0.16870143,0.64781797,0.48036295
0.9026519626078503,0.47950315,0.9681934,0.9644715,0.069696926,0.14506146,0.18366678,-0.11495654
0.7911165084660339,0.6360262,0.9578141,0.9696639,0.1169662,0.093988106,0.30301467,0.7977293
0.8286022584090336,0.797941,0.956844,0.9624474,0.18261798,0.17298706,-0.44439247,-0.5422703
0.7800307681230725,0.5603693,0.9491407,0.94447637,0.097048655,0.13269657,-0.6831296,-0.6158724
0.610690986763947,0.7843362,0.92019,0.9521766,0.1365767,0.14512974,0.24955922,0.33299342
0.884010128040512,1.093379,0.9862252,0.9763034,0.18039496,0.30560338,0.4341477,0.40874866
0.8164007056028224,0.6129725,0.9727163,0.9538378,0.10746077,0.17765343,-0.45906562,-0.44227272
0.8601643046572185,0.7549342,0.90935993,0.9631679,0.3775391,0.2181309,0.6109548,0.22185484
0.7804706418825675,0.67907107,0.9632066,0.956525,0.15732197,0.11824039,-0.4528938,-0.45851693
0.8122716330865323,0.5280505,0.9565804,0.95119673,0.072753705,0.08967333,0.08201091,0.28397155
0.8569564518258074,1.2240605,0.9215767,0.94861096,1.0343643,0.50004673,-0.24600205,0.34155896
0.7341334645338581,0.65202093,0.9670604,0.95680666,0.06395759,0.111926734,0.11147512,-0.23484224
0.6668847155388622,0.7288007,0.9338897,0.9525554,0.1715523,0.16943106,0.37184736,0.54659253
0.8875755823023291,0.946094,0.991974,0.9706772,0.19084582,0.4225219,0.722041,0.39618367
0.914504074016296,1.1228113,0.97031915,0.96910185,0.42793643,0.38376358,-0.24234663,0.16603321
0.9022038328153313,0.94444144,0.9667429,0.9680214,0.34928274,0.32268223,0.41867557,0.058102876
0.9347432589730358,0.7919359,0.9828496,0.9681497,0.1870474,0.36096168,-0.3878058,-0.14891294
0.8765157620630482,0.671717,0.99203986,0.9599519,0.14273146,0.13096304,-0.18647774,-0.2283497
0.8742614810459242,0.81975204,0.9383948,0.96321785,0.24972387,0.15393761,-0.16300629,0.03950744
0.9097153828615314,0.7747732,0.97891235,0.9825285,0.12055546,0.09786404,-0.32129553,-0.06272366
0.8300507122028488,0.7374307,0.9723882,0.96893793,0.12685727,0.20150419,0.2413612,0.5017013
0.8810039720158881,0.6149672,0.962523,0.9587171,0.092135385,0.1842764,-0.13578643,0.013956415
0.8696783267133068,0.61254215,0.97353053,0.95690024,0.12133176,0.14279728,-1.1857282,-1.0014223
0.7251352525410101,0.54645425,0.9730648,0.9496429,0.047145993,0.12666981,-0.18738104,0.025590055
0.6083229452917811,0.60335565,0.9082111,0.94566435,0.10482829,0.14927259,0.58180463,0.7003317
0.9425988743954976,0.7124123,0.99132323,0.9888837,0.12017235,0.21363701,-0.43455306,0.025049798
0.8927926271705086,0.7785559,0.97007567,0.9765433,0.18428458,0.18259107,1.0850805,0.37382343
0.8545817863271453,0.5062527,0.9692504,0.959857,0.06992275,0.09084737,-0.44685638,0.16850123
0.8666694826779308,0.6449502,0.97442144,0.9655095,0.07933212,0.1412909,-0.07643274,-0.015371621
0.9265679622718491,0.65976554,0.98189986,0.978216,0.12940376,0.14257364,-0.7889884,-0.21272612
0.8117672470689882,0.805275,0.97418916,0.96296024,0.21566255,0.21592546,0.17279957,-0.18072088
0.7405355381421526,0.58783793,0.9721638,0.94637275,0.09466304,0.12259209,0.19259654,0.21987095
0.5259507758031031,0.7336439,0.9452933,0.94241947,0.12316755,0.089998126,0.058518656,0.07946841
0.8945901383605533,0.6600719,0.9545857,0.9612346,0.18717484,0.24383256,-0.2388133,0.17708607
0.8870696602786411,0.6370046,0.9670829,0.96309733,0.12399808,0.18074754,0.19834444,0.20804399
0.6584077856311424,0.70223653,0.94591707,0.9581088,0.18046844,0.109221645,-0.05221283,-0.5267317
0.8243975375901504,0.58466357,0.94457144,0.9542341,0.07244137,0.08335675,-0.75342125,-0.5474917
0.9494110616442467,0.80738753,0.97243,0.9727508,0.3056204,0.32122225,0.080253616,-0.10565824
0.9447046428185712,0.69663894,0.9887523,0.9695815,0.13048829,0.20032708,0.2513992,-0.5518514
0.6793906855627423,0.84432995,0.94562596,0.9739476,0.18296611,0.13250971,-1.7078049,-1.0184888
0.8784845379381517,0.873111,0.9594993,0.96033025,0.30609024,0.41511416,0.21364644,0.06344622
0.8877435829743319,0.9266416,0.9420576,0.9605072,0.33037964,0.49831098,-0.24397746,-0.055321388
0.9259021036084143,0.6798816,0.97475797,0.9716891,0.15886793,0.22184403,0.5911311,0.028934335
0.9317406549626198,0.8349815,0.97659564,0.97941536,0.19708656,0.24464451,0.21605892,0.11376505
0.7546208104832419,0.8268955,0.93141484,0.95399296,0.26769635,0.16593799,0.28545278,0.47201335
0.9323851055404221,0.9721201,0.9840231,0.97824043,0.24839407,0.4468003,-0.7305106,-0.034351777
0.8995497101988408,0.78325224,0.985997,0.9828597,0.18846108,0.15989044,0.03653377,-0.04749078
0.8340299281197124,0.58663553,0.9800639,0.95761025,0.099898145,0.17777629,0.670934,-0.29317963
0.8195217740870964,0.7226365,0.9829858,0.9591646,0.14888217,0.18006824,0.49331102,0.22249717
0.944323137292549,0.7215949,0.9874545,0.9776652,0.08778707,0.15515977,-0.7036439,-0.57524514
0.7417153828615315,0.7646182,0.95053995,0.9466548,0.24034092,0.3197461,-0.43177393,0.07396299
0.7559061596246384,0.71235263,0.9487083,0.9521612,0.1335547,0.13540137,0.9713696,0.7441762
0.9375800703202812,1.1444302,0.9946477,0.98451793,0.4336097,0.31452668,0.014170021,0.11435848
0.8806130584522337,0.823221,0.96459776,0.96759564,0.17727816,0.25502187,-0.22626314,0.07663223
0.8761853287413149,0.6457231,0.97566515,0.97680825,0.103932455,0.12189664,0.5811656,0.4232415
0.9175085020340081,1.1015688,0.99186456,0.975499,0.26112288,0.46483338,0.15297294,-0.43790007
0.8104214176856708,0.8125009,0.97079724,0.972657,0.10456018,0.13050766,0.46844724,0.17720614
0.8357740630962522,0.8790596,0.9455261,0.96507615,0.28738523,0.16008238,-0.24520357,-0.2279059
0.8956187824751298,1.1045244,0.97893435,0.97196186,0.37436277,0.28997904,0.07267675,0.16309442
0.8169902439609757,0.706071,0.96683395,0.96320355,0.18585467,0.16436385,-0.6763242,-0.45453215
0.7343966015864063,0.6847762,0.9908956,0.9731267,0.10136666,0.13453583,-0.59101194,-0.663657
0.7837279349117396,0.51418823,0.9176049,0.94083035,0.121963754,0.1103205,-0.23403734,-0.0062422524
0.8602449449797799,0.78135335,0.94591033,0.95020723,0.14677003,0.36732644,0.88928956,0.059091173
0.7224173856695426,0.73573864,0.93444604,0.9593253,0.1264134,0.11850736,-0.5909467,-0.44009507
0.740257137028548,0.8990258,0.94878876,0.9592826,0.1383417,0.15553275,-0.3316862,0.041967835
0.866184104736419,0.806026,0.9523431,0.9531052,0.35063285,0.46224183,-0.25533664,-0.15079156
0.8558594554378217,0.69558364,0.9712236,0.96244097,0.11137947,0.1937182,-0.27327895,0.15412521
0.9087901311605247,0.6239353,0.9846824,0.96516955,0.10359648,0.17823347,-0.003064163,0.067879654
0.8775403741614967,0.565302,0.9828547,0.96203774,0.07595483,0.18066695,-0.5412509,-0.25147188
0.6141999927999711,0.56990516,0.9322755,0.9348219,0.07395279,0.12334706,-0.12535521,0.08877656
0.8252899571598287,0.6445829,0.9768131,0.9569783,0.08883748,0.15529378,0.006534076,0.1200279
0.9054732218928874,0.818569,0.96791327,0.9746232,0.25887877,0.1644647,0.9552899,0.18245022
0.9082093288373152,0.7693182,0.9762836,0.96638465,0.1556873,0.20074202,0.085314505,-0.336465
0.9292279409117635,0.7933477,0.98255986,0.97759056,0.16009694,0.19604908,-1.2403933,-0.52059895
0.9017419749678997,0.6193705,0.97427726,0.96638614,0.078560315,0.1616511,0.25524262,0.46464077
0.7650787083148332,0.66096294,0.9632527,0.9529856,0.1117102,0.12087919,-0.13073115,0.37119392
0.9608627554510217,0.7952668,0.99391127,0.9838905,0.11026099,0.2329665,-0.539691,-0.010668564
0.8368640514562058,0.6856545,0.9635849,0.96710026,0.11747281,0.19801553,-0.42372093,-0.42293102
0.7026900747602991,0.68411064,0.9448314,0.964058,0.09558574,0.11252953,0.6903683,0.4617427
0.7541841047364188,0.69200003,0.9455881,0.96492785,0.107741065,0.14851233,-1.1909082,-0.7907377
0.8358150552602209,0.8127904,0.9881555,0.95386773,0.17482881,0.22766893,0.73131406,-0.19818516
0.8485675542702171,0.95816636,0.96350276,0.9542277,0.25138462,0.20629328,0.39644793,0.60768074
0.8466237384949539,0.70664096,0.97831744,0.9604607,0.13992736,0.20724171,0.07113363,0.5397842
0.8976401665606661,0.807866,0.9913115,0.9826457,0.07550034,0.18426093,0.45941105,-0.22107156
0.870127128508514,0.7546234,0.99221075,0.9653449,0.15064576,0.21017863,0.17997031,0.34731275
0.8709522518090071,0.8652685,0.9811719,0.969048,0.30280936,0.36254865,0.38773304,0.54599494
0.9195872943491773,0.6378713,0.9866509,0.97180545,0.12909214,0.13434571,-0.011736934,0.058502052
0.8315766383065532,0.5421501,0.96864116,0.95998734,0.061407745,0.11482845,-0.17296968,0.13629735
0.6684016176064704,0.6516801,0.9509672,0.9538323,0.08756222,0.10494373,-0.68001527,-0.31041187
0.793001668006672,0.74947685,0.9536571,0.9606039,0.19963644,0.15836918,0.015552942,-0.057679117
0.8584039456157825,0.5795533,0.9577689,0.96136296,0.09479891,0.11279886,0.0001983,0.12291898
0.7353054372217488,0.7962076,0.93694353,0.9401725,0.19979405,0.20283625,0.1772877,0.22979292
0.9139842319369277,1.0157619,0.9681049,0.9757973,0.2040616,0.14412668,-0.6781316,-0.17449105
0.8174591098364392,0.85636353,0.96430355,0.9471153,0.18121393,0.39314148,0.19890463,0.09815998
0.9357926391705567,0.9106221,0.9740175,0.97178143,0.30124122,0.34520587,1.0729182,0.14742222
0.8431313405253621,0.84522265,0.9754689,0.96536064,0.17169009,0.22655486,0.14197955,0.3050508
0.8208251713006852,0.68595773,0.93576,0.9553061,0.20068496,0.14346918,0.27715474,0.3296578
0.751939711758847,0.8370692,0.93152773,0.95062727,0.2026091,0.20742533,-0.09521093,0.08291355
0.8851481165924663,0.7897089,0.9806655,0.9784119,0.1641054,0.12179923,-0.3578654,-0.27327466
0.5845038100152401,0.5946859,0.9189177,0.94184303,0.10520611,0.14302236,-0.812064,-0.7330822
0.9610490921963688,1.0327537,0.98880285,0.9864931,0.15140018,0.3529882,-0.31444347,-0.06789834
0.86462928251713,0.7684529,0.9802232,0.9634081,0.1291099,0.15446465,-0.028881837,0.15385206
0.8312364129456518,0.70059067,0.9443404,0.9599297,0.19732091,0.15997255,0.52632576,0.30578545
0.9171366925467701,0.9162353,0.9786812,0.9834048,0.20560099,0.33077133,-0.56932664,-0.41831636
0.8542339769359077,0.93755955,0.959591,0.96600616,0.27451518,0.2332247,-0.45657972,-0.355571
0.7865984423937695,0.96871424,0.97368526,0.9727229,0.15149367,0.22864616,0.18726864,-0.12990573
0.6478949755799024,0.5727294,0.9080492,0.9360571,0.123542786,0.09767996,0.27978036,0.21623026
0.8145585542342169,0.90256435,0.9880194,0.9711753,0.18929516,0.23217455,0.46724367,0.42298988
0.7996607346429385,0.70475715,0.970206,0.9586912,0.11594283,0.1313424,0.16263866,0.24320973
0.9175893343573372,0.918241,0.9813874,0.9794516,0.17817493,0.261044,0.19999939,0.45513746
0.7132816051264206,0.7130008,0.9316207,0.94606805,0.15637651,0.116319254,0.83864564,0.9384667
0.8529252997011989,0.89776105,0.96707296,0.95892316,0.20714109,0.28298432,0.26745775,0.39229998
0.8266100584402338,0.757004,0.97886395,0.9668427,0.13591063,0.17331155,0.6306144,0.76389146
0.8394065256261024,0.6713252,0.97765845,0.9765991,0.13094404,0.13468687,0.23028512,0.12752195
0.8978413833655334,0.55274045,0.9657205,0.96139115,0.08247369,0.13638596,0.11038391,-0.016805401
0.6597917271669086,0.602334,0.9367273,0.9434838,0.071399644,0.13814591,0.3706671,0.49969736
0.6570147240588963,0.79123646,0.9215589,0.95158213,0.18632321,0.13869369,0.21897954,0.41553086
0.7226604586418345,0.65543824,0.9455159,0.95669985,0.11292551,0.11629847,0.6142369,0.55062896
0.8910905403621615,1.2381341,0.9471875,0.9504628,0.6809018,0.48759615,-0.13532391,-0.0033382527
0.8920953763815055,0.68166155,0.9947407,0.97511405,0.11369118,0.15023261,-0.77378595,0.11859787
0.8634191976767907,0.77174616,0.9821288,0.98224014,0.075504296,0.14522476,0.8439644,0.5038499
0.8428572594290377,0.73397046,0.96048695,0.9625163,0.16520329,0.12640725,0.22159936,-0.12094403
0.9051209964839859,0.77363473,0.9823055,0.9715202,0.1619228,0.17269342,-0.8321542,-0.010967288
0.7932606770427081,0.63088137,0.9560967,0.9535889,0.07369803,0.10861986,0.2269086,0.020533714
0.9068709874839498,1.0737095,0.9699857,0.9614291,0.6581908,0.60137516,0.109719895,-0.10000211
0.968685634742539,1.1396731,0.9908758,0.9875518,0.1280905,0.29434443,-0.5049231,-0.41982478
0.9387721070884282,1.037237,0.9827512,0.9728873,0.37233597,0.30703908,1.0189027,0.10406554
0.8509560438241752,1.0615859,0.95847225,0.98009175,0.18950129,0.22929133,-0.20080204,-0.31155849
0.8789796119184476,0.56197464,0.9863527,0.97148037,0.07231924,0.116585255,-0.08448091,-0.67154914
0.8347066348265393,0.80499405,0.96545833,0.96634614,0.12495606,0.17082475,0.4424477,0.03129844
0.8379136236544946,0.7548432,0.9474237,0.95891666,0.2138067,0.20114225,-0.102517225,-0.06961854
0.8077060468241872,0.7584239,0.9566574,0.9661221,0.15336174,0.16228315,1.1231889,0.7622005
0.9410505802023208,0.97669685,0.97460496,0.9801338,0.32254708,0.30316108,-0.080574244,-0.11296642
0.9213630134520537,1.0369512,0.9863021,0.9747731,0.381394,0.4324804,0.13262215,0.21319972
0.7827355789423158,0.62133265,0.9309938,0.9422743,0.10715184,0.16713545,0.16765347,-0.03946243
0.7818333673334693,0.6573343,0.947458,0.9519279,0.1154098,0.12360967,0.3699967,0.13395102
0.8084918099672397,0.8896319,0.9739321,0.959358,0.22770083,0.26140052,0.0068526394,-0.39575145
0.900258001032004,0.83922654,0.9825913,0.9665277,0.2314421,0.36560318,0.02953264,0.018468715
0.7332080208320834,0.67084926,0.9339364,0.95031464,0.10981631,0.13519645,0.5304904,0.3459363
0.5772025968103872,0.5739932,0.9323958,0.9453277,0.07894527,0.11224514,0.012067143,-0.051601123
0.6171627566510266,0.5276499,0.9046579,0.9431598,0.076672494,0.111234896,-0.29389068,-0.112118125
0.8278019992079969,0.664785,0.98246926,0.95439345,0.1388476,0.12996045,-0.60707563,-0.25983804
0.649504614018456,0.5446482,0.9099454,0.948033,0.06932649,0.099092305,-0.032523017,0.13314329
0.8703541694166775,0.6933199,0.974233,0.9725815,0.090513565,0.1489286,-0.26127726,-0.1409639
0.944751203004812,0.7927483,0.9760593,0.9874573,0.18350978,0.17623545,-0.05206742,-0.16343635
0.8146636746546987,0.6710341,0.97202015,0.9560651,0.17241101,0.124579675,-0.10184504,-0.2158202
0.9373801015204061,1.5865405,0.98368055,0.9864092,0.3975871,0.42806557,-0.5131206,-0.047126696
0.8472387169548679,0.5902411,0.98956,0.96423686,0.071058095,0.1394643,-0.031535357,-0.011726258
0.7396522386089545,0.6056726,0.9477254,0.94904083,0.0957955,0.11669123,-0.29125968,-0.22560656
0.7499220716882868,0.66815305,0.9601493,0.96013707,0.101318024,0.11330582,-0.27190968,-0.51110727
0.8953938535754141,0.8256551,0.9631601,0.96124166,0.2617297,0.2636651,0.24012274,-0.19780482
0.9185108420433682,0.7748283,0.99072737,0.9794704,0.10630211,0.18333614,-0.67746234,-0.0019635798
0.8678738074952299,0.7384282,0.9600029,0.96252483,0.15461172,0.22385235,-0.9205769,-0.5568783
0.9355986223944895,0.760839,0.9917299,0.9828737,0.09257078,0.22774532,-0.6814678,0.4521773
0.9462369049476198,0.71083474,0.9924142,0.979371,0.17620431,0.24378648,-0.6294859,-0.34879646
0.7947422509690037,0.74358654,0.9751929,0.9739262,0.11235092,0.1255333,-0.48724183,-0.563226
0.8988910515642061,0.7566131,0.9807994,0.9678604,0.120923236,0.15998906,0.34393498,0.26765954
0.9109477397909591,1.1210176,0.9944371,0.9759117,0.25793308,0.28006148,-0.37649602,0.24313016
0.9475943503774016,0.7337447,0.97945565,0.9789987,0.14196374,0.20222948,-0.9529135,-0.64633536
0.6652239088956355,0.6653376,0.9402559,0.953331,0.113424905,0.14388645,0.43660662,0.45378098
0.9011596366385464,0.8839742,0.9787588,0.98437095,0.27938974,0.12811789,0.27855915,-0.051115617
0.8269013236052943,0.86397654,0.97072715,0.947477,0.22719666,0.45272228,1.0227976,0.092267826
0.8615213660854644,0.790949,0.970687,0.9600048,0.21640067,0.3322967,0.45841438,0.36593553
0.8764808179232717,0.7257429,0.96650827,0.95047456,0.14583589,0.18908781,0.2628512,0.31784803
0.8938156072624291,0.5545832,0.9702456,0.9636534,0.09399207,0.14608216,-0.33477435,-0.2474702
0.8424579938319753,0.5575802,0.9756219,0.958439,0.07001225,0.12228463,0.03322308,-0.16318233
0.6796437425749703,0.59251976,0.94263715,0.9598947,0.07758931,0.09584262,-1.0311778,-0.8052897
0.8891221484885939,0.9862739,0.9854365,0.9744351,0.20557237,0.3556767,-0.1925963,0.1871505
0.9068366193464774,0.8780504,0.9901643,0.97181374,0.208746,0.22600287,-0.5563048,0.09956763
0.8050534602138407,1.1895597,0.9462828,0.96466804,0.41389033,0.1433675,0.29306847,0.29622987
0.8858653354613418,1.1365069,0.9603597,0.976873,0.39026916,0.28287622,0.23494233,0.016329976
0.8276046224184896,0.775395,0.97676617,0.9557979,0.10204465,0.32464504,0.8548651,0.69637847
0.8925973623894495,0.83135295,0.98122966,0.9505407,0.27974987,0.54671997,0.34950396,0.12696727
0.7517997431989728,0.7901916,0.9466374,0.9577404,0.12513612,0.17071684,-0.21199967,0.050038457
0.7610065640262561,1.1669385,0.94968045,0.9436878,0.6315889,0.312685,-0.88987833,-0.19003382
0.7726027384109536,0.8901624,0.96021366,0.95280796,0.24992658,0.23212893,-0.22834314,0.33614838
0.8508666674666698,0.7328543,0.9484837,0.96910465,0.11394227,0.14315878,-0.32338646,-0.01580939
0.7627553070212281,0.6106365,0.9483113,0.9490236,0.08588523,0.1326767,-0.19318745,-0.012937306
0.6349970359881438,0.6464153,0.9347127,0.94573504,0.14496773,0.09035523,-0.25149035,-0.35986277
0.617186276745107,0.6532863,0.9562397,0.9487114,0.08652428,0.07893544,0.8352133,0.3741128
0.7449377317509269,0.6941629,0.98852706,0.97092897,0.057339057,0.10579844,-0.37908813,0.64364517
0.7420454321817287,0.52538234,0.9433658,0.9415098,0.076950066,0.10943825,0.1912541,-0.08060417
0.8378683114732459,0.7099106,0.9568659,0.9521872,0.06697211,0.29259133,-0.34150797,-0.18084197
0.8989029556118223,0.6923668,0.9516269,0.9756551,0.11651986,0.15596224,-0.7911283,-0.29964167
0.8646478105912422,0.88542587,0.9743938,0.96378857,0.25359467,0.23629734,0.4069075,-0.109666124
0.8011805167220668,0.7465883,0.97311205,0.9616486,0.12681973,0.21636961,-0.65372545,-0.4634728
0.6937265189060756,0.67244434,0.9256283,0.95285714,0.095247604,0.098938696,0.03266099,0.20081684
0.7593331813327253,0.614566,0.96992075,0.9467189,0.09216792,0.1247142,0.53881097,0.3690519
0.7168983235932944,0.6944549,0.973413,0.9518877,0.09463508,0.15556724,0.86740255,0.1338867
0.8138538154152616,0.980195,0.93452215,0.96124357,0.42736888,0.2031352,0.5256162,-0.15252799
0.9356858867435469,0.89798605,0.9849799,0.9780561,0.17475435,0.38294703,0.62834775,0.541376
0.798935259741039,0.80011505,0.9483447,0.9561659,0.19021633,0.17889929,0.4931035,0.064449124
0.9557901911607645,1.2791966,0.98024243,0.97747016,0.17408046,0.5822836,-0.0036993055,-0.17370325
0.9218515594062375,0.8337155,0.97724694,0.9727667,0.121172465,0.19587322,0.4235668,-0.069415726
0.7606787227148908,0.7179508,0.9731075,0.9606968,0.1016744,0.16979116,0.04630287,-0.50512207
0.9234534218136873,0.8472657,0.97911525,0.97487944,0.22971608,0.36413962,0.4346885,0.10455869
0.7440850563402253,0.8514702,0.94249094,0.9475154,0.22616513,0.20180428,0.674672,0.40600222
0.8990916923667694,1.127586,0.9884955,0.9901256,0.2581166,0.2352093,-0.3111326,-0.431294
0.7335737822951292,0.7965495,0.9499203,0.96184576,0.15681116,0.18541798,-0.6256752,-0.59570867
0.8244825939303757,0.67970866,0.9586428,0.9606734,0.14218916,0.16242774,0.5813518,0.49665657
0.8292484369937478,1.1468171,0.9902457,0.98775506,0.24059615,0.18705721,-0.58952403,-0.47931373
0.8044639218556875,0.71960807,0.9841436,0.9484151,0.13827685,0.16325967,0.15487003,-0.014306417
0.8374004056016224,0.773934,0.95880085,0.95086616,0.23628303,0.15125902,-0.20547564,-0.5499308
0.7919921279685118,0.65475893,0.96045434,0.9517686,0.18004651,0.15897283,-0.21290231,0.061722964
0.8360132960531842,0.7347989,0.95997775,0.95333177,0.1268184,0.10821476,-0.30619958,-0.18161781
0.846631514526058,0.69519657,0.9830623,0.96037966,0.105255984,0.15505901,-0.060034312,-0.31595883
0.8466582026328106,0.62469256,0.98653466,0.967778,0.085035935,0.12959728,-0.08497608,0.063482985
0.8816802947211789,0.9800925,0.9644867,0.97975177,0.24777506,0.26340377,1.3017592,0.22652674
0.8404196176784706,0.8004245,0.9799021,0.96668106,0.15340032,0.21616352,0.17724364,-0.5003968
0.9283638414553657,0.565985,0.97227705,0.9728375,0.11825854,0.17053676,0.24877314,0.00011495996
0.6668855795423182,0.6528403,0.9372776,0.94330955,0.12949204,0.1133683,-0.6800454,-0.36225381
0.9057597830391321,0.85271484,0.9881362,0.9843029,0.14161971,0.15170617,-0.17854619,-0.41609412
0.8148298513194052,0.678554,0.9581593,0.95069623,0.16004425,0.100543305,-0.16260755,-0.038100876
0.7750496921987687,0.70171237,0.9648915,0.9605424,0.19645897,0.19298667,-0.4904018,-0.24219309
0.7028587474349897,0.59010416,0.97161984,0.9477195,0.09412458,0.14298667,0.35770893,-0.29145166
0.8417292549170197,0.90317047,0.97123617,0.9596146,0.15629415,0.15582816,-0.111928456,-0.6826799
0.8505394021576086,0.7142003,0.9432635,0.9553693,0.18214498,0.26450765,0.12251827,0.14995073
0.9307067308269232,0.97512656,0.9758711,0.968112,0.28518805,0.5805654,-0.16258156,0.052136052
0.8557745910983644,1.1117718,0.95655805,0.948973,0.21876514,0.77472746,-0.10303605,0.09842406
0.6754550538202152,0.7463253,0.9564595,0.9443233,0.15158284,0.123010576,-0.5991755,-0.15449792
0.8117213588854354,0.845751,0.96195954,0.95929664,0.16578533,0.167395,0.089217745,0.16113959
0.7144107616430466,0.866739,0.9453902,0.95151836,0.2583163,0.28215116,1.0237887,0.84493154
0.7480063840255361,0.7238923,0.9288317,0.9449698,0.19498816,0.16098197,0.35531184,0.15989338
0.8060244080976324,0.72253776,0.96974456,0.9548082,0.15312,0.12857744,-0.64506596,-0.5617775
0.9027019788079153,0.800867,0.95927554,0.96920466,0.2884521,0.26789603,0.21624036,0.31123096
0.6644277777111108,0.7734927,0.9194037,0.95725214,0.2105288,0.13622878,-0.48236367,-0.05775416
0.8247327709310838,0.79082346,0.958484,0.9692874,0.14648099,0.111185,-0.5951394,-0.19930972
0.8937247908991635,0.8429616,0.98728704,0.98189884,0.1261466,0.14144915,-0.614903,-0.34397164
0.777750951003804,0.6918734,0.9522445,0.96240336,0.1169879,0.14500703,-0.40693733,-0.22588307
0.866747626990508,0.7524642,0.9651251,0.9729409,0.09770772,0.12798524,-0.5608731,-0.40123853
0.6501589526358106,0.5319274,0.9438462,0.93720734,0.059704125,0.09602567,0.15305169,0.108843416
0.8029537398149592,0.47329316,0.94880366,0.9536388,0.08320859,0.08789498,-0.78288114,-0.60208553
0.7352376609506438,0.7060486,0.95695513,0.9566692,0.11500235,0.124928035,0.2396113,0.1250048
0.8527738110952444,0.9246711,0.9862433,0.97016823,0.15343107,0.29951605,0.64781797,0.5712387
0.9002331369325478,0.5371433,0.9889883,0.9704465,0.057330705,0.118113406,-0.6352386,-0.17772615
0.591248796995188,0.6670286,0.92872727,0.94098,0.113335535,0.14642514,0.2108148,0.083940715
0.8944602498409991,0.8274265,0.9755091,0.9733024,0.2600401,0.26534784,-0.5447252,-0.43522108
0.8279375517502069,0.90984553,0.9172409,0.9597037,0.3653035,0.32068706,-0.030112546,0.06622761
0.8061428725714902,0.7150034,0.9842863,0.9637926,0.159846,0.20477302,-0.62502325,-0.94275653
0.8372390289561158,0.9091491,0.9795164,0.96581525,0.29906842,0.23410822,0.3854817,-0.35454127
0.86637965751863,1.0055438,0.98854107,0.9688202,0.2032248,0.31031302,0.58597714,0.4731346
0.9422302329209317,1.2777858,0.9712106,0.98073393,0.43885309,0.50766677,-0.08872875,-0.124499835
0.7569046596186384,1.0219232,0.97273266,0.94929475,0.2535176,0.44598582,0.6965199,0.19426185
0.9392412609650438,0.8175782,0.9913945,0.97568494,0.1168058,0.30299842,0.34332255,0.22409882
0.8700678002712011,0.65960056,0.9633472,0.94820744,0.12609296,0.3016974,0.04888839,-0.07548634
0.8619242796971188,0.65941036,0.9373215,0.9601061,0.14952728,0.1805442,-0.042207073,0.027128894
0.8940155760623042,0.8689769,0.96443033,0.969168,0.32342625,0.21043582,-0.11180208,-0.13093075
0.7960026400105601,0.65297043,0.9455606,0.9472988,0.1299457,0.10423526,0.39850393,0.37375832
0.8061985527942112,0.6433616,0.9602424,0.9615832,0.10638264,0.18006141,-0.21727787,-0.25461483
0.7649194436777746,0.53687006,0.93619055,0.94465166,0.07997444,0.11365996,0.1295325,-0.09685463
0.9156585746342986,0.9314457,0.97893435,0.96640277,0.37436277,0.51205593,0.07267675,0.16613501
0.8865966663866656,0.80755675,0.9897005,0.98179924,0.21191871,0.1803951,-0.18854788,-0.29581225
0.6654715898863596,0.59140486,0.9465595,0.9522533,0.08443038,0.09984439,-0.3558275,-0.34240755
0.9268904275617103,0.9256198,0.98871106,0.9893151,0.19870436,0.21734262,0.10577801,0.10350695
0.8730105960423842,0.5648374,0.95899177,0.9536261,0.11626828,0.11818476,-0.3034328,-0.6412016
0.6897682310729242,0.795966,0.9128104,0.95018667,0.15920807,0.14120634,-0.2016354,0.1727457
0.868260209040836,0.7897397,0.9754689,0.9599173,0.17169009,0.27458593,0.14197955,0.23929664
0.8084224976899906,0.83065,0.91346455,0.95292646,0.16913284,0.22143608,0.634969,0.47144514
0.8121057444229777,0.708458,0.94182426,0.9562339,0.14942029,0.13702753,-0.17337169,-0.11644709
0.9668960915843664,0.9915486,0.99407554,0.9884467,0.16741772,0.22813171,0.42390612,0.1735733
0.9081312805251222,0.5898342,0.9542974,0.96652347,0.13082609,0.15813425,0.15738061,0.0724726
0.5895404701618806,0.5469609,0.9046579,0.936274,0.076672494,0.12114447,-0.29389068,-0.03789922
0.8127927231708926,0.74165905,0.9753329,0.9414708,0.23382558,0.3075859,0.050111134,-0.2589692
0.6936870627482511,0.6206061,0.9463019,0.9507997,0.08207809,0.11773873,1.1403898,0.7168898
0.8994729098916394,0.74626625,0.95936054,0.9711908,0.21826507,0.17021376,-0.49098173,-0.2600926
0.9072193728774914,0.80560964,0.9719548,0.9673969,0.09745302,0.31179553,-0.031406913,-0.40195596
0.7234819339277356,0.5239086,0.9635635,0.94935733,0.064270034,0.15375267,1.2364436,0.61451334
0.8932890451561807,0.7215196,0.95176125,0.95765793,0.27417955,0.2901942,0.4890768,0.19498122
0.5950733562934252,0.50645596,0.9225183,0.9405802,0.064168,0.11395673,0.4268808,0.38659835
0.8642218568874276,0.8843984,0.970687,0.96459746,0.21640067,0.2512633,0.45841438,0.40490565
0.7560950883803534,0.8645273,0.9899067,0.9758787,0.09190976,0.18134652,-0.38923964,-0.4066976
0.8780499441997768,0.8295317,0.9762381,0.98255867,0.18413761,0.11718576,-0.024635136,0.32470345
0.9297071748286991,0.5859441,0.9937416,0.9885251,0.07299564,0.1397795,-1.0013535,-0.38458368
0.8667223788895155,1.0568433,0.9661666,0.9687833,0.307939,0.26601338,-0.69719845,-0.530672
0.8729763239052956,0.80234057,0.97735196,0.96897894,0.1640593,0.18443717,-0.1966186,-0.5695182
0.9338401833607334,1.1074471,0.984819,0.9785501,0.27621606,0.27407652,0.47476637,-0.16019104
0.9049892839571358,0.82786536,0.9875803,0.98450834,0.09515084,0.18253587,-0.4587751,-0.5632343
0.8432683330733322,0.8432725,0.9144185,0.9569444,0.23545109,0.30550772,-0.16715485,0.052942324
0.8622444409777638,0.7803779,0.9375517,0.96488655,0.27356777,0.20747423,-0.1693866,-0.23588389
0.885754551018204,0.8365675,0.96687865,0.9670579,0.3217017,0.2267857,-0.29894564,-0.1939026
0.8575972543890175,0.6070235,0.9560585,0.96572906,0.1402553,0.14286695,-0.084211156,-0.37325954
0.8403213132852532,0.9518074,0.9249044,0.9568599,0.4766051,0.22177717,-0.31803763,-0.18590209
0.9071779007116026,0.91632736,0.96292484,0.969439,0.32404625,0.3926022,-0.64797866,-0.35150582
0.8424262177048708,0.8194495,0.9711801,0.96837056,0.15685025,0.1540748,0.10724247,0.06409743
0.885056628226513,0.93368703,0.9699974,0.97210574,0.29957256,0.20160177,0.71037745,-0.062047668
0.8384527618110472,0.68735826,0.97676617,0.97009194,0.10204465,0.14479628,0.8548651,0.7245131
0.7250826443305773,0.5664252,0.969249,0.9539168,0.12056889,0.12837848,-0.061532985,0.062013254
0.9395616142464569,0.680839,0.9908855,0.98341453,0.117546916,0.17163208,0.048230592,0.28351864
0.8640781443125772,0.74582905,0.98148817,0.97066885,0.120092645,0.18293035,0.058723096,0.45671156
0.7137281989127956,0.7090951,0.9323663,0.94319254,0.20279904,0.24785231,-0.45870474,-0.64902383
0.8978395593582374,0.86352074,0.99036294,0.9792672,0.18246856,0.19572052,-0.005220028,0.4835673
0.8772685010740042,0.7073026,0.9671729,0.9623253,0.1842167,0.2548919,0.04906974,-0.11132316
0.8255737342949373,0.76097256,0.93070376,0.9496599,0.23547469,0.26123068,0.88252205,0.74443316
0.7862116568466273,0.7107631,0.97202754,0.9618972,0.07824292,0.13390024,-0.5295993,-0.03728231
0.7226927147708591,0.68234307,0.9712615,0.94258463,0.13478407,0.11126687,-0.3101524,-0.50193477
0.9137786951147803,0.9207086,0.9844124,0.96861506,0.19108139,0.20212431,-0.41260743,0.13996233
0.8825583142332569,1.0353414,0.9736384,0.9657124,0.24167153,0.17396842,-0.26414528,0.016913095
0.886950139800559,1.1360443,0.9789484,0.9682598,0.35022256,0.60427034,-0.10270901,0.188712
0.8519201756807027,0.9338877,0.96739393,0.9611079,0.18488413,0.17090271,0.84794265,0.35202712
0.8203049452197807,0.78475624,0.93756557,0.9642106,0.20217101,0.17994116,0.65551496,0.19112027
0.9009182916731665,0.92364836,0.9727896,0.96837974,0.3384874,0.26311457,-1.0255387,-0.07556215
0.8868236112944452,0.610245,0.9652796,0.96968925,0.07845647,0.122702174,0.59629166,0.39277467
0.8989088116352466,0.7896293,0.97167283,0.97049385,0.18986787,0.23822065,0.33681026,-0.15595272
0.7786435625742503,0.5777982,0.965723,0.9489538,0.10283173,0.12452856,0.5244227,0.16614854
0.9565719222876892,0.71571827,0.99009776,0.9881054,0.14495413,0.19445819,-0.50471884,0.07451928
0.8901286165144661,0.9153425,0.9780124,0.9845583,0.14002228,0.23132703,0.447028,0.3260435
0.8095554942219768,0.7208337,0.93118924,0.94847226,0.13296984,0.1326037,0.501124,0.63780767
0.8001006084024336,0.6333113,0.9531353,0.9641215,0.062133938,0.11933009,0.89661765,0.8107091
0.8585715622862491,0.6418551,0.9773077,0.9580823,0.09921947,0.13098069,0.29698184,-0.26985258
0.8512632450529801,1.1285925,0.968168,0.9684439,0.51372313,0.23590922,-0.33018973,0.024657816
0.8455307741230964,0.73186725,0.96128994,0.9553052,0.14278033,0.2384817,0.34025022,-0.099102214
0.941195252781011,0.7322902,0.9947111,0.9709535,0.15271068,0.3091621,0.08750197,0.50488865
0.6943431293725174,0.7286831,0.9502048,0.9525882,0.12560004,0.11286484,0.34967774,0.5768322
0.8923064812259248,1.0243601,0.9745461,0.96424747,0.2587406,0.40824828,-0.9554284,-0.03239918
0.8522145128580514,1.2237071,0.9675348,0.9801705,0.53315806,0.31493855,0.8178339,0.09315374
0.9313328453313812,0.8746591,0.9831901,0.9824963,0.2231464,0.3158228,0.35082403,-0.07659236
0.9051506606026423,0.79350287,0.9872112,0.9797737,0.10889629,0.24565391,-0.5485195,-0.1802888
0.9305395941583766,0.69146764,0.9825178,0.9764185,0.0925733,0.12643336,-0.050316483,0.061458133
0.741564278257113,0.84954035,0.9458059,0.9390542,0.3073579,0.16272238,0.25851476,0.32383022
0.9368245472981892,1.3329935,0.9821932,0.98461735,0.2551056,0.16913132,0.18877356,0.029658059
0.7855572222288888,0.80501,0.93660676,0.93780667,0.17864394,0.38780165,-0.3302527,-0.261592
0.8929139716558866,0.5369608,0.9663369,0.9665052,0.10053065,0.17409946,-0.60135186,-0.60723025
0.9357129588518354,0.5874095,0.98913825,0.9845937,0.08468246,0.13570294,-0.25867587,-0.42214414
0.8667729710918843,0.82066476,0.9817416,0.96367496,0.1823024,0.15275706,0.53543377,0.3927704
0.8085330901323605,0.6464275,0.9551591,0.9662101,0.13412577,0.16400042,0.67675465,0.23464487
0.9310276601106404,2.232653,0.99430466,0.9880075,0.29921234,0.583815,-0.004504187,-0.38687053
0.8047092028368112,0.69908655,0.9313428,0.96170664,0.19463195,0.121182285,0.35741818,0.2993098
0.8936127584510336,1.0113021,0.940189,0.9678688,0.42125493,0.39630568,0.6084218,0.5987345
0.7888347713390854,1.0694342,0.9574186,0.9617655,0.31585065,0.14872429,-0.4237036,-0.18073684
0.7309172596690386,0.68425655,0.9555631,0.96157503,0.07902379,0.20520836,1.1882482,0.6956549
0.8868302353209413,0.63333833,0.9831974,0.9652463,0.0787055,0.16746157,-0.51705617,0.24387094
0.6288583874335497,0.68651587,0.9807463,0.9448861,0.06078255,0.15667358,-0.058156796,0.54299444
0.9035824943299773,1.2625486,0.97009104,0.9695328,0.3358971,0.85154337,-0.42242885,0.06448033
0.9087369469477877,0.92473626,0.97193205,0.982999,0.20640418,0.15803093,-0.926168,-0.30306485
0.8008121632486529,0.88513494,0.95728815,0.95036185,0.3353117,0.3157604,-0.24669702,-0.13512057
0.8747121068484274,0.79111713,0.95421964,0.9654213,0.19238202,0.2560641,-0.2477683,-0.056110434
0.8748472753891016,1.2586961,0.95128363,0.9572415,0.86496466,0.8388547,0.27505493,-0.027028913
0.9596479665918665,0.88502187,0.98565066,0.98225063,0.18646578,0.38397843,-0.0054924116,0.28212813
0.9201704966819866,0.631295,0.9913451,0.9748698,0.11990102,0.2182104,0.36081976,0.4844561
0.9295152700610803,0.86217004,0.99204975,0.97727525,0.19724745,0.15383142,0.29736638,0.24460164
0.8891617966471866,1.0568653,0.9562678,0.9597896,0.5526939,0.55077493,0.50392985,-0.096182525
0.6952950691802767,0.81105757,0.8917138,0.94105077,0.27920622,0.27575368,-0.79463625,-0.22508739
0.8352328129312517,0.9591049,0.94713104,0.98023784,0.35499278,0.18121713,0.61893284,0.30854306
0.8836645266581066,0.48222104,0.9741535,0.97164446,0.06879545,0.08870273,-1.0137483,-0.8088268
0.5548868275473101,0.61489844,0.93935907,0.93849146,0.08657758,0.10047831,0.29038832,0.033912826
0.8978412873651495,0.7316338,0.97298783,0.9701575,0.1574267,0.16371506,-0.31992236,-0.025553728
0.517119508478034,0.6869993,0.9394446,0.9385819,0.103353426,0.11174433,-1.7518034,-1.2432823
0.8322461449845799,0.74869126,0.9629669,0.95734894,0.20507066,0.22758447,-0.4574321,0.11197757
0.9348297553190212,0.7018703,0.9666393,0.9760618,0.15480569,0.20143051,0.84172136,0.29745907
0.7933840375361502,0.7450184,0.9731824,0.95048845,0.13844144,0.18800849,-0.21055886,0.16575386
0.840244320977284,0.85579205,0.97918266,0.9753965,0.08219863,0.1503775,-0.08332493,0.2144153
0.8012445489781959,0.5763442,0.95799017,0.9535125,0.06579149,0.09791825,-0.11323822,0.2419439
0.8574014136056544,0.9755053,0.9645035,0.9676999,0.1877101,0.22085334,-0.18612237,0.016058797
0.8911063804255216,0.7048292,0.99125636,0.97447026,0.09840186,0.13407543,-1.1894152,-0.372123
0.8726718106872428,0.60308415,0.94484925,0.96379316,0.09635321,0.15199241,-0.6145387,-0.3906665
0.8890201960807843,0.82874477,0.9674763,0.97614884,0.24306282,0.3109499,0.9611576,0.47643268
0.9045778263113051,0.823552,0.9608452,0.9710806,0.2446708,0.28244957,-0.23378699,-0.2828539
0.9187289549158197,1.2935885,0.97579366,0.9701561,0.4901693,0.2929487,-0.16695216,0.16407539
0.8597237588950355,0.83084804,0.94870925,0.9445253,0.27319238,0.53484625,0.102481894,-0.24623384
0.9168531074124295,0.83148086,0.98199075,0.9716185,0.22654068,0.2803782,0.80062824,0.07632264
0.9115451501806007,0.6466329,0.9870521,0.9758334,0.10026688,0.15631163,-0.47280636,-0.48163307
0.8108994995979983,0.6008415,0.93217885,0.9423512,0.099767976,0.12650362,-0.42258486,-0.2926791
0.8975817983271933,1.1178315,0.98745245,0.9694709,0.29134345,0.33751997,0.22044238,0.24981785
0.890445033780135,0.92400753,0.9687447,0.96979,0.31713253,0.32242477,-1.3759849,-0.1863818
0.8807473629894518,1.3701767,0.9892704,0.9738157,0.68039113,0.39328906,-0.8117635,-0.5168855
0.7702705050820202,0.74887925,0.9221364,0.94636637,0.21095003,0.17614542,-0.17485088,-0.40628076
0.7036607346429385,0.7205605,0.9613916,0.9485798,0.11506329,0.09342058,1.3460634,0.66325015
0.9480171360685441,0.7289559,0.98229444,0.9790885,0.18876779,0.24554397,0.7742007,-0.031801492
0.9046544346177385,0.60735434,0.980889,0.96430534,0.05325545,0.17585553,0.16305536,0.09014268
0.8430385081540326,0.70943314,0.96147734,0.97090745,0.11337099,0.100582756,0.2356612,-0.028171843
0.8499806799227196,0.8281269,0.95279527,0.9697393,0.21606544,0.16492087,-0.60961914,0.05988197
0.9266108744434979,0.5624757,0.97785586,0.9726923,0.08845425,0.15371287,-0.024144048,-0.17450428
0.8697868071472286,0.8453528,0.97215325,0.9808373,0.16292794,0.18950455,-0.68594277,-0.28455895
0.9030897243588974,0.9569875,0.99311876,0.97496843,0.22561486,0.36831787,-0.32946613,-0.30117404
0.8870202200808803,1.0240021,0.9611145,0.98061,0.33717614,0.29208124,0.49113017,0.32356715
0.9325528182112728,1.2698909,0.98451066,0.9839097,0.29602358,0.33221146,-1.1187251,-0.40236598
0.7089058116232464,0.75622267,0.963361,0.94875324,0.13418277,0.14415446,1.0398763,0.540557
0.854505754023016,0.96373093,0.99439144,0.98732036,0.2495747,0.2291238,0.16312502,-0.37204874
0.8274185736742946,0.7550949,0.9468261,0.9506099,0.17910643,0.26327893,0.49564192,0.51061517
0.6519747998991996,0.80402607,0.91885227,0.9456871,0.17988452,0.17482938,0.08082453,0.04512508
0.9205419221676886,0.84194976,0.9704742,0.9796262,0.2769615,0.13302556,0.46296522,0.07062138
0.8851797007188028,0.7952493,0.9806586,0.9603053,0.12920126,0.17365183,0.61483043,0.1576015
0.8119028956115825,0.5624055,0.95679337,0.953748,0.069430605,0.12735865,0.51851416,0.19388591
0.8900136080544323,0.8447605,0.97795403,0.968118,0.13106738,0.30151722,0.35123083,0.1810358
0.9012853971415885,1.0522356,0.9871046,0.98907256,0.20411672,0.1406496,1.0342388,0.15480109
0.758623546494186,1.429458,0.9948425,0.9912481,0.08654503,0.2615283,-0.061912972,-0.06946392
0.8142181368725475,0.85127157,0.9560117,0.945515,0.18199638,0.13283217,0.6518394,0.67831314
0.8788075792303169,0.6554896,0.98983157,0.9756938,0.05731968,0.13447934,-1.4185961,-0.7403641
0.9479153756615026,1.0062922,0.99446446,0.98787075,0.28582644,0.27597547,-0.15498565,-0.13879244
0.8622077688310753,0.7938912,0.96962583,0.9683144,0.14545338,0.20653693,0.49035653,0.5580602
0.9098944235776941,1.4296101,0.98146546,0.98169976,0.16944209,0.4132137,-0.3417565,-0.07979394
0.7207222108888436,0.7681985,0.9531494,0.94164985,0.103212915,0.14709269,-0.16597052,0.44673458
0.8460772083088332,0.6198263,0.98591816,0.9513631,0.11495175,0.21655983,0.16315842,-0.16531557
0.917251029004116,1.5207151,0.989342,0.9903814,0.22150195,0.27957776,0.4745366,-0.116306454
0.875384301537206,1.2899443,0.94860035,0.96394414,0.5647061,0.22002192,-0.45600647,-0.23442344
0.778438697754791,0.60030144,0.9402993,0.95055544,0.09021927,0.13216093,0.31538108,-0.056981593
0.7084114096456386,0.54966635,0.9409194,0.94386405,0.10315604,0.1276608,-0.24228697,-0.34158823
0.7473193092772371,0.6973172,0.9316939,0.9519338,0.14090805,0.14113735,0.1551287,0.33008462
0.9432619490477963,1.2759323,0.954211,0.97732425,0.53578836,0.28152376,-0.30744603,0.07654566
0.777999591998368,0.9543041,0.95705116,0.96500975,0.29766175,0.22620474,0.05258187,-0.12973931
0.8350166200664803,0.73611176,0.9556978,0.9637172,0.22775891,0.12963304,-0.32110453,-0.09998293
0.7790951483805935,0.6915137,0.94422525,0.9511872,0.17955592,0.17043427,0.20100637,0.24935395
0.8831090684362737,0.80843633,0.9691524,0.9663175,0.23458216,0.21392871,1.27574,0.48244908
0.9072981891927568,1.0221123,0.9843631,0.9772753,0.26794285,0.1999723,-1.2455617,-0.32072434
0.8114915339661359,0.6759856,0.9634476,0.9545727,0.142314,0.13143714,0.23190357,0.23696311
0.9079184476737907,0.6879448,0.97488755,0.970331,0.1662308,0.16251634,0.07665399,-0.1898764
0.834132936531746,0.84556764,0.98394877,0.97332233,0.15575024,0.19954045,-0.2987886,0.28165948
0.6024310177240709,0.5693718,0.94141686,0.9379313,0.08974861,0.09351077,0.21476449,-0.021553349
0.7153523334093336,0.94632745,0.9416539,0.95564795,0.3026598,0.15893373,1.0951787,0.21059959
0.8725566102264408,0.72649306,0.96849364,0.95793635,0.1539545,0.24977596,-0.42707324,0.27905148
0.8301482485929943,0.5053578,0.96115285,0.9548824,0.08462066,0.09274227,-0.71955967,-0.29750264
0.9097196068784276,0.59193236,0.9879022,0.9706438,0.11852941,0.1394648,0.019630544,-0.25598434
0.9095835743342973,0.7267611,0.988027,0.9699782,0.21994336,0.2511837,-0.16113687,-0.54725516
0.8443279853119411,0.7960089,0.9494944,0.9563363,0.21363354,0.23623647,0.064951845,0.05885807
0.9014389017556069,0.6217531,0.97734034,0.96916884,0.1270544,0.17833441,0.47461113,0.26204744
0.7399335197340788,0.55203706,0.96499395,0.94305545,0.066806905,0.12766993,-0.063724734,0.40915945
0.8353465733862934,0.7054381,0.94662106,0.96223724,0.13311513,0.14273246,0.19172083,0.077969454
0.7869629558518234,0.8233446,0.96795464,0.96830267,0.20460469,0.16436681,-0.058593642,0.4372723
0.8441486565946263,0.6086875,0.96649593,0.9458688,0.08616749,0.22548316,-0.2732932,-0.018511182
0.7744028416113664,0.92900836,0.9567043,0.96070474,0.22461848,0.19181965,0.5849227,0.33933488
0.9276408625634502,0.7754645,0.98901653,0.9882187,0.12362046,0.0998521,0.26723817,0.24797276
0.9191715166860669,0.73090696,0.9920346,0.96543777,0.20385306,0.33905056,0.38427797,-0.10712856
0.8794183336733346,0.87549543,0.9475752,0.96079093,0.3554837,0.32727054,0.2488981,0.16572319
0.7175078300313201,0.6608438,0.9031659,0.95171183,0.17333181,0.10022885,-0.8457028,-0.7144996
0.8911367165468663,1.1616861,0.9779151,0.96639687,0.6171194,0.38774964,0.07873918,-0.09504437
0.854318073272293,0.76849174,0.9583881,0.9768557,0.15361762,0.117245935,0.49799004,0.3298544
0.795497005988024,0.85615003,0.94474864,0.9620638,0.27077568,0.111773014,0.05952803,0.045925714
0.8851363085452342,0.98434645,0.9658812,0.9711744,0.47938237,0.3190675,-0.48603746,-0.32977387
0.9147972811442595,0.99134755,0.96294874,0.981001,0.19258264,0.26503733,0.6064234,0.08442551
0.770315049260197,0.7298025,0.98340803,0.9441889,0.08716647,0.14379777,0.06302717,-0.043952357
0.9028954195816784,0.95608014,0.9573368,0.96715,0.3396122,0.37354738,-0.20302506,0.0014826041
0.7136691586766347,0.82491213,0.9143255,0.95245934,0.2150461,0.19936644,-0.3056978,-0.5225762
0.7928486433945735,0.6359539,0.9693563,0.9638881,0.12966694,0.11863699,0.39348543,0.38674852
0.8548099792399169,0.60727096,0.987479,0.9621379,0.10019211,0.11518659,-0.5657681,-0.037462406
0.9348044112176447,0.85462165,0.97941434,0.9801488,0.22884656,0.22170843,-0.3832942,-0.15729392
0.8947934671738687,0.93811387,0.9716987,0.96610427,0.2757365,0.34371775,-0.25207055,-0.021506716
0.7832597410389641,0.79694074,0.9511818,0.9600583,0.20104377,0.18452872,-0.59792686,-0.15338306
0.6933614294457178,0.8180373,0.976816,0.9621443,0.12699652,0.115984365,-0.6524957,-0.7269456
0.7404668018672074,0.70409256,0.965523,0.94194955,0.127911,0.12810642,0.22204068,0.23692043
0.9507444109776438,0.69193786,0.9871987,0.97612834,0.1848459,0.28440782,-0.017586362,0.024820887
0.9541374485497941,1.1759611,0.98948145,0.98513025,0.302036,0.32832667,0.40756845,0.27773938
0.881136164544658,0.80728793,0.95893484,0.97085017,0.14944564,0.19939454,0.057742782,0.15500037
0.7912152928611714,0.7426873,0.9917461,0.9634159,0.11774578,0.13988264,0.29815003,-0.10140357
0.9436070704282817,0.99482095,0.9926745,0.98536736,0.22416124,0.36963472,0.33937484,-0.041390628
0.8250706922827691,0.7552866,0.937644,0.95870775,0.17219245,0.1373154,-0.00016460879,-0.008637776
0.9154488137952551,0.57666945,0.9818578,0.97602415,0.08511928,0.14954273,-1.0887465,-0.076851614
0.7525573782295129,0.6839389,0.9548047,0.9511085,0.12845623,0.121518746,0.2574509,-0.081302226
0.5744830979323916,0.7133113,0.91443235,0.94289964,0.13807322,0.13177173,0.1287555,0.20744523
0.78662196248785,0.75936866,0.9553919,0.9513919,0.22778481,0.17349927,0.48742837,0.31395173
0.8847311869247476,1.0468107,0.985176,0.9696093,0.36283347,0.3609399,-1.0691028,-0.07744091
0.7500345841383365,0.84298813,0.958398,0.9611589,0.17752117,0.12684463,-0.22172274,-0.52075046
0.7966751227004909,0.87808824,0.94872624,0.97018707,0.12077816,0.14611365,0.63593256,0.50480306
0.9357459829839319,1.0232551,0.9855689,0.9880715,0.12773669,0.22263218,0.32582265,0.2578973
0.8085694742778972,0.67395234,0.9364867,0.96300966,0.11286742,0.103827246,-0.10756975,-0.27049398
0.8767722750891004,1.0272986,0.9737548,0.968189,0.20384896,0.40878677,0.7923995,-0.061182722
0.73713213252853,0.42070952,0.9521418,0.93574804,0.069559395,0.12510757,-0.3550402,-0.3006901
0.8001940167760669,0.95382047,0.94490564,0.95516044,0.24304281,0.14708054,0.7704972,0.6555248
0.9673686054744218,0.94334674,0.9925251,0.9902921,0.17617893,0.21053194,-0.17105435,0.10121436
0.9286392665570661,0.8388897,0.983555,0.98214763,0.14461337,0.24080138,0.08098529,0.02834804
0.816995427981712,1.0588548,0.9776131,0.97520584,0.17179957,0.13353999,-0.7886487,-0.6658034
0.7599153276613106,0.58748376,0.9204489,0.95837307,0.093193114,0.10249813,0.03972795,0.120159484
0.549438229752919,0.66457725,0.9363284,0.9506588,0.07262986,0.13517502,0.5517381,0.5402594
0.7044874899499598,0.7482621,0.97416925,0.9615446,0.05959515,0.108367115,0.82893103,0.8729884
0.8635274861099445,0.9099623,0.95733094,0.9576806,0.37193984,0.20836711,-0.07549266,0.084211916
0.8349134196536787,1.0655001,0.97712815,0.9616742,0.23637725,0.16161823,-0.41353276,0.08782159
0.8585234660938642,1.0941281,0.96919435,0.9590923,0.3712922,0.41015616,0.53673023,0.29994306
0.8618627434509738,0.6154488,0.9515965,0.96478885,0.10866146,0.164563,-0.007743871,0.040444702
0.8910358201432805,0.89694256,0.9814374,0.9772013,0.3158654,0.26453033,0.652047,0.23971094
0.8238549434197736,0.88153225,0.93693066,0.95211273,0.40380028,0.22758411,0.5085244,0.26997054
0.7679089916359666,0.6066641,0.9660379,0.95101285,0.14315848,0.1441572,-0.33589688,-0.59579635
0.8567978591914368,0.99755746,0.98562396,0.9659211,0.27145374,0.30123168,0.34268716,0.43378177
0.7601960327841311,0.6501524,0.9696075,0.96186584,0.06909545,0.12838896,-0.13940257,0.2686109
0.8539535598142393,0.8834454,0.94549274,0.95628035,0.30746126,0.23945282,-0.05950644,-0.34700572
0.8552496609986441,0.76547575,0.9661453,0.968021,0.0929038,0.19254376,-0.71270007,-0.32333744
0.859068652274609,0.6086638,0.985818,0.9669386,0.061036237,0.16348566,0.45102584,-0.2924172
0.9060463441853767,0.53175116,0.9518041,0.9699837,0.092739284,0.12591,0.026415167,0.24335222
0.8752919491677966,0.70697165,0.9493737,0.9662551,0.21318379,0.2321891,-0.7994387,-0.11640392
0.7827875151500605,0.7141372,0.97290903,0.9684712,0.09988074,0.14160764,0.6824264,0.4683298
0.913506054024216,0.7910726,0.96844167,0.97106206,0.18754768,0.26635414,-0.8549879,-0.35559013
0.8557177588710355,0.715256,0.9639926,0.9707502,0.13357201,0.17649269,0.39344773,0.115721256
0.9542612890451562,0.85719526,0.99362516,0.9859492,0.18191378,0.21123755,-0.09542986,-0.0022871266
0.9266661706646825,0.8441111,0.96135545,0.9694084,0.3430134,0.4030468,0.11151111,0.2801415
0.9461440725762903,1.0738105,0.97380906,0.9728297,0.50747305,0.46183336,-0.002014269,-0.05173022
0.8597165588662354,0.9246269,0.9793271,0.9773325,0.15374257,0.22139424,-0.6445725,0.44088963
0.8215251101004405,0.84030503,0.95668566,0.96866566,0.167887,0.14826225,-0.4789408,-0.29542542
0.6127248508994035,0.7740744,0.95142835,0.94835037,0.0911331,0.10798704,-0.025735268,0.31106114
0.924503858015432,0.8309508,0.979377,0.97596204,0.29283988,0.23073083,-0.20785898,-0.005293469
0.7799237276949107,0.6042963,0.97822684,0.9517241,0.10351626,0.14279716,-0.16547634,-0.44461408
0.6540320881283525,0.71892667,0.93192124,0.94351304,0.18678018,0.09922741,0.25042906,0.394117
0.9043288973155892,1.0204291,0.98493326,0.9807939,0.23737122,0.25577468,-0.99626535,-0.121006936
0.8864147456589826,0.9401244,0.9463524,0.96657574,0.33225146,0.18398066,0.24618275,0.08663892
0.887750591002364,0.9591064,0.96433485,0.966461,0.33612317,0.29606345,0.20071903,0.14718346
0.701941847767391,0.6774586,0.9337628,0.946932,0.10460848,0.1687242,0.46804866,0.020812465
0.7892221328885314,0.593805,0.98275006,0.97752255,0.0700895,0.11596907,-0.21922466,-0.6076072
0.892557522230089,0.70961106,0.96312386,0.97214246,0.1251213,0.1334633,0.09822344,-0.29197592
0.9083783855135421,0.7935173,0.9689017,0.97421753,0.19352996,0.15918495,-0.18400767,-0.32998627
0.7704297697190787,0.64405984,0.96109676,0.9458593,0.11580401,0.18511203,-0.0461499,0.005798699
0.8192632450529801,1.0645627,0.9788698,0.98586005,0.08834248,0.13405442,-0.7383083,-0.25804517
0.8084590738362953,0.9257591,0.9639091,0.97159916,0.12909645,0.14454435,-0.91533446,-0.77681327
0.9108598994395977,1.0568445,0.97224635,0.9648896,0.458187,0.36483356,0.07791184,-0.15129063
0.7959023196092784,0.8004888,0.9449254,0.95894766,0.16546491,0.20114118,0.0061789076,-0.10510392
0.9294037176148704,0.70575905,0.9616034,0.97555417,0.1471503,0.1726262,-0.049373083,0.04333309
0.8062872571490286,0.6703589,0.98333,0.97414285,0.13969915,0.109154165,-0.7416471,0.34008458
0.8280216480865923,0.8174778,0.94907486,0.9587222,0.19134878,0.15536952,-0.15141171,-0.3315506
0.9080200160800643,1.9203662,0.9922464,0.9928113,0.14536414,0.20565827,0.010818821,-0.056232978
0.9248337153348613,0.70104253,0.9784047,0.97277653,0.14903496,0.2223566,-0.17969131,-0.18686803
0.9113358693434774,0.7534868,0.9849784,0.9792996,0.1858107,0.18343139,0.4630659,0.33315665
0.8367229308917236,0.70928353,0.96566325,0.96866816,0.18221919,0.1722882,-0.30960786,-0.49806166
0.9527376669506677,1.1724024,0.9904275,0.9815944,0.48878336,0.5544623,-0.2750722,-0.13945325
0.8402626570506283,0.6708322,0.9931678,0.96523625,0.07715571,0.11810659,0.3409208,-0.3671548
0.7821890487561951,0.8557862,0.91738814,0.9544043,0.27677637,0.16936694,0.48075375,0.24567701
0.6194177096708386,0.75527793,0.95583385,0.94317216,0.14312266,0.08358661,0.61151654,-0.02466709
0.6663360733442933,0.8187537,0.9767002,0.980402,0.15727335,0.12561697,0.5005395,0.39715564
0.644565394261577,0.8037729,0.93368834,0.94249636,0.2765817,0.111850284,-0.20723967,-0.04517226
0.7662874491497966,0.7271122,0.9060386,0.9390122,0.20103955,0.13676101,0.18443994,-0.03654803
0.825117924471698,0.6429208,0.9642391,0.9705429,0.10592705,0.14027943,0.5224328,0.54177666
0.8259143436573746,0.84531075,0.9670997,0.9589601,0.21871194,0.29563373,1.1707588,0.5872492
0.9151682046728186,0.60322076,0.98891413,0.9733553,0.11773786,0.13804413,0.29698524,-0.27129567
0.8934459097836391,0.6716294,0.98714364,0.9795206,0.122232944,0.12863226,0.06942827,0.07795885
0.7672422689690758,0.6227437,0.9568561,0.9545872,0.086252406,0.11068872,-0.09385281,-0.026258182
0.8226796107184429,0.8013008,0.90671265,0.94496495,0.3070298,0.217391,-0.9653679,-0.5188356
0.8909762039048156,0.9322974,0.98912054,0.97166777,0.22594377,0.29102623,-0.3788197,0.14439005
0.8360881763527053,0.6621714,0.96482736,0.9613409,0.14638996,0.14300984,0.5020628,0.37207
0.7332296209184836,0.6380936,0.9557386,0.9424865,0.08482263,0.09275864,-0.3101401,-0.12955604
0.8608410113640454,0.6777971,0.9680475,0.9636562,0.19532123,0.13473271,-0.09371824,-0.043278586
0.9040150720602882,0.7166032,0.9862433,0.967803,0.15343107,0.27408326,0.64781797,0.40532282
0.7546038184152737,0.73193586,0.9543025,0.96000296,0.15556704,0.12159631,0.21999162,0.1649333
0.8882352969411876,0.73363894,0.9812942,0.9728611,0.12224713,0.13383372,-0.39763924,-0.21943153
0.8163060492241969,0.66905695,0.97911495,0.966159,0.10015234,0.13909458,-0.13064146,-0.22811073
0.7775717182868732,0.8455047,0.9610269,0.947475,0.25762168,0.21037416,0.41122973,-0.05805661
0.8759372637490549,1.0306641,0.98491555,0.97899634,0.31485847,0.17246665,-0.47460866,0.22136243
0.9320442081768326,0.857655,0.99269724,0.98176205,0.12314247,0.15976942,0.09709731,-0.15868296
0.8011751407005627,0.7883315,0.961453,0.9512707,0.2095849,0.16711625,-0.1713934,0.41119498
0.6837898071592287,0.73797566,0.9702283,0.95241815,0.11097048,0.120516114,0.6759352,0.10890844
0.853944823779295,0.6262942,0.96644247,0.97150517,0.10795492,0.12009425,-0.47008196,-0.44771877
0.8994503498013992,0.5887612,0.9652069,0.97358525,0.099863596,0.15210333,0.43966082,0.039146096
0.8000033600134401,0.66231173,0.97982574,0.9593283,0.058206562,0.1044076,-1.1027815,-0.6278732
0.8723026892107568,0.8780198,0.9530234,0.96379817,0.23339319,0.23423164,0.83188653,0.3390292
0.8786964107856431,0.60287106,0.97913706,0.9731273,0.09053006,0.13225928,-0.111565866,-0.28281564
0.9470867003468014,0.9758422,0.990784,0.98137164,0.17861871,0.39235574,0.00031483723,-0.022805968
0.836826323305293,0.8040304,0.9826949,0.9755956,0.14121777,0.11901983,-0.42332888,-0.5596593
0.8743579614318457,0.69868195,0.9604491,0.9652953,0.15683259,0.1605594,-0.23708002,0.07337118
0.8663830175320699,1.0187547,0.94330025,0.967625,0.43824223,0.42372757,-0.047908857,-0.5526397
0.9446300505202019,0.96609473,0.9885237,0.98138195,0.27441487,0.30586886,-0.17806903,-0.33967456
0.49574358297433185,0.5594708,0.96774703,0.93336445,0.09144434,0.09457195,0.6468464,0.3297243
0.7668388753555014,1.2739545,0.9146542,0.9590435,0.7830326,0.34597525,0.13499793,0.16176951
0.8472952611810447,0.5670852,0.98263496,0.9509738,0.048545267,0.13637187,-0.123172015,0.057380978
0.9307416749666997,0.86470896,0.9846539,0.9844302,0.2313489,0.1886013,0.90745854,0.12945125
0.7988950355801422,0.61219925,0.9775461,0.9516183,0.11731058,0.13153432,-0.19439736,-0.12507018
0.9084251377005506,0.7596167,0.9923702,0.9730941,0.14849493,0.20168976,-0.6274841,0.13576311
0.9030595802383209,1.1103537,0.97893435,0.9726159,0.37436277,0.38031796,0.07267675,0.1545554
0.8163881295525182,0.889303,0.95272833,0.9636392,0.2018884,0.13926838,-0.019845331,0.13074665
0.893123444493778,0.6378316,0.9894487,0.9735706,0.12476095,0.111047,-0.1427739,-0.2254484
0.873691046764187,0.7196326,0.9781201,0.9712837,0.12629975,0.19336219,0.47574607,0.35506234
0.8180461521846086,0.758302,0.9903213,0.98337936,0.086032875,0.13463193,-1.0621306,-0.7736359
0.8975274621098485,0.79799145,0.95627105,0.9645893,0.24924609,0.20834672,-0.06307785,-0.11409181
0.9097051108204433,0.64945316,0.98152184,0.9682739,0.10476782,0.17510854,0.12896524,-0.36245516
0.7753622694490777,0.5973365,0.96960366,0.9438608,0.16336407,0.12557651,-0.57759273,0.045584887
0.9238136152544609,0.83482754,0.98212165,0.9845351,0.26111764,0.17809771,-0.06420511,0.12815377
0.766562394249577,0.8610664,0.9425535,0.9568798,0.30343303,0.17659828,-0.5037971,-0.3029441
0.896138720554882,0.7816973,0.9748335,0.98433316,0.18956071,0.20243484,-0.74420553,0.03949969
0.8687433789735158,0.61823124,0.9583899,0.9616177,0.13037214,0.19595362,-0.019527448,-0.21419166
0.902817563270253,0.69537723,0.9699295,0.9626172,0.12842458,0.17555463,-0.22079489,-0.24902245
0.7994175656702627,0.9767055,0.9693837,0.9572711,0.26465806,0.2822268,-0.5850653,0.51462734
0.8372985491941968,0.75949377,0.9550151,0.9721084,0.1513845,0.12787561,0.61993796,0.61397684
0.7841411205644822,0.8246025,0.9461707,0.9691877,0.13834947,0.14820328,-0.081676036,-0.0007833772
0.8068707474829898,0.8634786,0.9770184,0.95207524,0.18906341,0.18400611,1.1277276,-0.08809127
0.8593377413509653,0.78217953,0.9715187,0.97468644,0.12667322,0.13933952,0.5008878,0.3766858
0.8930230280921123,0.6928151,0.98526055,0.98156303,0.11125579,0.1327859,0.3314724,0.28811866
0.9262165048660195,0.8245136,0.9646771,0.97543246,0.22724009,0.17522249,-0.7125029,0.029225897
0.7837335029340118,0.6796933,0.96831113,0.9659073,0.10043033,0.14724495,0.661149,0.08297164
0.9421725366901468,0.58927107,0.9782228,0.9726742,0.078694426,0.14924449,-0.10802209,-0.30165458
0.9180448561794248,0.8966685,0.97568005,0.9795478,0.19039258,0.2330769,0.2551948,0.1909163
0.8374201816807267,0.6623019,0.966466,0.9698478,0.12605117,0.14813073,1.0549169,0.71623296
0.9146118824475296,0.69875646,0.95917714,0.9703787,0.19849488,0.21151555,-0.3456577,-0.23512419
0.8878835515342062,1.3889484,0.9304199,0.9565723,0.74834794,0.393834,0.030568553,0.26093888
0.9083375853503414,0.66625285,0.9713901,0.97640043,0.095397644,0.1699922,-0.20334052,-0.12562697
0.8676371665486662,0.69041437,0.96198654,0.95996594,0.17162398,0.18094902,0.045512468,-0.52018994
0.8261440725762902,1.1641304,0.92615545,0.96845365,0.47974938,0.2225193,-0.8967919,-0.57486176
0.6871418525674102,0.6418382,0.9816888,0.9664362,0.09623642,0.08680442,0.3114528,1.1161678
0.8926660026640106,0.76444215,0.96238184,0.9698794,0.19367808,0.17848799,-0.2334347,0.2308836
0.869820311281245,0.749652,0.97178686,0.96019256,0.13627848,0.12787852,-0.8361091,-0.6995995
0.7792039168156673,0.75151366,0.9817392,0.9651112,0.111533545,0.18247035,0.10205761,0.4417427
0.7609479077916311,0.7064793,0.9479634,0.95560664,0.17163643,0.121497415,-0.356656,-0.29510978
0.9031151644606576,0.7476229,0.9615273,0.98010445,0.11801038,0.10836475,-0.7739622,-0.4109596
0.930258793035172,0.805666,0.9908995,0.99141145,0.13127208,0.15897892,0.03631026,0.04524357
0.9337464869859481,0.8406322,0.99098504,0.9871855,0.1448247,0.16359226,-0.23983379,0.1330612
0.8797190068760276,0.82778496,0.95274466,0.98328596,0.23313981,0.12780717,0.69961303,0.029242631
0.9232187968751874,0.8019812,0.98604316,0.982324,0.11436947,0.09557961,0.27788725,0.2334004
0.946308329233317,0.8056984,0.9827038,0.9858596,0.19684651,0.2217246,0.11514756,0.03365672
0.9016309985239942,0.8251552,0.9353591,0.97615844,0.21650138,0.22250135,-0.4128378,-0.2459867
0.6629615638462554,0.7214055,0.95465726,0.9381441,0.15692623,0.104167484,0.39184114,0.5082537
0.7270298201192804,0.946582,0.926309,0.94629705,0.23522161,0.22244236,-0.17656834,-0.5345885
0.5148660914643658,0.58107597,0.95771235,0.93722695,0.058673378,0.095225394,-0.67357075,-0.030823506
0.6531005004020015,0.67768914,0.9554817,0.9330448,0.08648026,0.064307526,-0.16833933,0.22313192
0.7907888591554365,0.8358562,0.9354447,0.9541694,0.19942035,0.17359602,-0.5233522,-0.52400887
0.8716702386809546,0.7758702,0.9614714,0.95328885,0.28735405,0.3297409,1.0157465,0.08264888
0.889444901779607,0.9281533,0.98830694,0.976698,0.24113674,0.3230547,-0.038465567,0.14054069
0.9093991575966303,0.7983653,0.96032524,0.97922647,0.18294047,0.1730384,0.7061622,-0.016692983
0.8912438529754119,0.6500708,0.985223,0.9748908,0.08160414,0.13284047,-0.2946205,-0.04597664
0.8778328873315492,0.6228085,0.99426955,0.97626346,0.101975285,0.12794578,0.2507489,0.2156819
0.888743426973708,0.6154839,0.95955724,0.9794154,0.13766271,0.11913914,0.64584374,-0.048406992
0.5820903603614415,0.6243228,0.9234321,0.93492734,0.14794487,0.09129584,-0.23385863,-0.11569925
0.9122091848367393,0.65256214,0.9841887,0.9741383,0.1336839,0.21154298,0.24046819,0.1822341
0.8599934239736958,0.9789072,0.9343078,0.9603002,0.39605626,0.2313774,0.2655667,0.33670247
0.6685802743210972,0.5398009,0.9239503,0.9401377,0.096987076,0.13211149,-0.7506875,-0.5299772
0.9346242184968738,0.66497755,0.99471027,0.9885038,0.08501238,0.11261141,-0.28534633,-0.17152442
0.7057604550418202,0.7163731,0.9801925,0.94067264,0.14685288,0.16529334,0.036551747,-0.3944408
0.9282192648770594,1.2637978,0.95906776,0.9761619,0.8918064,0.776371,-0.28765714,-0.124644384
0.8853357013428054,0.9647563,0.9898675,0.96842575,0.20224431,0.5414214,0.5196441,0.34182438
0.889258661034644,0.9589075,0.9696807,0.9732881,0.30130005,0.19256169,-0.722757,0.17918998
0.8668775155100621,0.7742199,0.977576,0.9888138,0.13853475,0.11283886,0.7381157,0.25630847
0.9144179616718466,0.7168777,0.99260765,0.9789996,0.17926036,0.17124487,0.35327268,0.04057655
0.6359693278773115,0.5478225,0.963391,0.92676485,0.051712047,0.11850682,-0.11884567,-0.18681724
0.9489950919803679,1.109646,0.97710013,0.98472744,0.3460344,0.4701863,-0.6782092,-0.02013002
0.841569510278041,0.8025391,0.9616508,0.9693759,0.19939557,0.2517553,0.04563504,-0.025859104
0.8144336577346308,0.8371371,0.96917343,0.97476727,0.21342205,0.11491095,-0.19520877,-0.0049724216
0.8980971283885135,0.7106588,0.97903395,0.95841986,0.20709217,0.24176899,0.037142906,0.26555073
0.9285692822771291,0.67656004,0.9621825,0.9685496,0.17392325,0.20403361,-0.25751853,-0.18547983
0.8210797643190574,0.8701752,0.95153356,0.948854,0.21466832,0.26002765,-0.11499499,-0.28516808
0.822253561014244,1.0156251,0.97896224,0.9619885,0.29435584,0.44067273,0.09862453,0.32358503
0.9395881103524414,0.75312275,0.9867352,0.98238856,0.12424365,0.10952947,0.11941924,-0.48535106
0.8977767751071004,0.9871979,0.9854735,0.9703067,0.33441228,0.53638905,-0.8126091,-0.05764225
0.7612145968583873,0.6963012,0.9525473,0.9408719,0.14114344,0.13769022,-0.32809,0.023432933
0.7577584870339481,0.8055402,0.9174994,0.9434927,0.25071925,0.26153886,-0.06782226,-0.07136451
0.7356467185868744,0.8120278,0.8995497,0.93807197,0.23410964,0.22217527,-0.07080531,0.026811594
0.8478900795603183,1.2280787,0.90465117,0.947721,0.9577382,0.48517132,-0.46474314,-0.2840949
0.936121920487682,0.79230374,0.98759454,0.97713983,0.2043509,0.27018547,-0.033141397,-0.3227278
0.908438673754695,0.89592296,0.9922811,0.98469734,0.076075874,0.18001984,-0.5193904,-0.056344174
0.8892689330757322,0.76301247,0.9583911,0.97246796,0.2048867,0.14669861,0.11044899,0.20245594
0.7977368869475477,0.7857154,0.9170647,0.95004404,0.24072427,0.28355074,0.7333979,0.5034376
0.7372803571214284,0.8449093,0.9487044,0.9516573,0.20243523,0.106580034,-0.8333838,-0.765697
0.8349314677258708,0.68989307,0.9490046,0.9457307,0.16318937,0.14160773,0.49445945,0.14061858
0.9489108996435985,0.72276443,0.98915696,0.9760776,0.20845993,0.24564004,0.25252235,0.16224012
0.9230286201144805,0.9276795,0.9901071,0.983476,0.20233746,0.16357906,0.66413623,0.3913122
0.8383776895107581,0.71230507,0.96326005,0.9627911,0.1316361,0.11681929,-0.040634412,-0.29591775
0.7607189468757874,0.70504165,0.9714942,0.97697926,0.1333856,0.1140207,0.72426695,0.4558818
0.7996622706490826,0.7265032,0.94032085,0.93726796,0.21100566,0.17952928,0.35527775,0.49033612
0.8029132276529106,0.62950003,0.9529514,0.9563992,0.114369296,0.1579741,0.21293955,0.02064766
0.8502854811419244,0.56980985,0.97408926,0.9561282,0.088249564,0.13031161,0.02755037,-0.21606584
0.8225208260833042,0.6515172,0.96006304,0.9569988,0.12798828,0.14804922,-0.012793708,0.008308969
0.6085353941415765,0.53549826,0.9626478,0.92781633,0.08341743,0.08395169,0.37072375,0.13175873
0.8843378733514934,0.64726794,0.98444283,0.9757494,0.07569131,0.13037315,0.4883291,0.15655072
0.8165809943239772,0.99842954,0.95778763,0.9663516,0.31735003,0.20764308,0.81238633,0.124660894
0.8998381913527653,0.9006544,0.9862433,0.9709401,0.15343107,0.19041279,0.64781797,0.39156935
0.5261071604286416,0.6125841,0.9369438,0.9394982,0.07055011,0.1112432,0.7596338,0.544191
0.9312104448417793,0.8546638,0.9777127,0.9808664,0.28222647,0.14235175,-0.13988587,-0.10119788
0.6251497965991863,0.82074916,0.95615757,0.9588597,0.13542345,0.08724511,-0.364896,-0.15507905
0.9064792099168396,1.0663016,0.97893435,0.9679253,0.37436277,0.4816246,0.07267675,0.15703882
0.8971191724766898,0.9811772,0.9543244,0.96488947,0.29701072,0.55644035,-0.81912357,-0.110310934
0.6088251233004932,0.81550235,0.9491197,0.93531185,0.14265205,0.06909071,-0.31010208,0.0039277202
0.9380506642026569,0.74568707,0.99150544,0.9781382,0.11323911,0.22599705,0.09172836,0.13204084
0.7994702698810795,0.6659665,0.9508221,0.9510554,0.1417167,0.13028006,-0.061841916,0.021220949
0.7521399685598742,0.87202984,0.911391,0.94326663,0.32894817,0.27481264,0.38423643,0.22016189
0.8458347113388452,0.7844045,0.9754689,0.9662744,0.17169009,0.2032092,0.14197955,0.26852772
0.9079239196956788,0.5154769,0.9770608,0.9727092,0.060298473,0.080031455,-0.16481033,-0.13033271
0.8681585446341785,0.8355436,0.96663064,0.979588,0.23607673,0.13862537,0.3243568,0.5327713
0.9232365569462275,0.7141841,0.9885271,0.9742061,0.113783576,0.20374773,0.0741068,-0.1755485
0.8170447721790887,0.6268693,0.958185,0.9530009,0.08043745,0.156051,-0.07456854,-0.3687427
0.9204007056028223,0.9080175,0.97398263,0.9815108,0.220499,0.18344752,-0.2705425,0.087830104
0.8160318721274885,0.63207537,0.98634034,0.96154946,0.10900984,0.100516304,-0.32705048,-0.5883942
0.9630696122784489,1.5192317,0.98288107,0.9854907,0.3402744,0.5980187,-0.19150852,0.018071
0.903443101772407,0.8134392,0.98944175,0.984734,0.09612692,0.14800571,0.3263625,-0.076103434
0.8985780903123611,0.9062201,0.96569216,0.97047484,0.21506163,0.27399528,-0.7619175,-0.10755274
0.9148897075588303,0.7153827,0.98848647,0.9829667,0.10411226,0.14161369,0.12179972,0.0778058
0.6347491629966519,0.73978615,0.9083416,0.94478995,0.16562308,0.08689681,-0.35350832,-0.20168631
0.705308869235477,0.7246029,0.96977067,0.9394941,0.12264843,0.11301842,-0.074886575,0.38822728
0.8010163560654243,0.5236322,0.94063663,0.9599081,0.08119877,0.0948718,0.25613147,0.19248705
0.8549257557030228,0.7610756,0.93390244,0.972908,0.20072684,0.1091059,0.86072016,0.36773947
0.630564698258793,0.54825205,0.9046579,0.9391613,0.076672494,0.13120712,-0.29389068,-0.04257
0.8803262093048372,0.83290374,0.97235256,0.9768816,0.1646976,0.1594891,0.0780546,-0.1893348
0.708685490741963,1.013846,0.95594263,0.96168303,0.1618606,0.09356816,0.18703644,0.055745635
0.8412045168180673,0.5874067,0.9776453,0.9469568,0.054618247,0.20452298,0.48101813,0.17561722
0.9146000744002976,0.838874,0.98374254,0.97808325,0.14886536,0.1380138,-0.48432067,-0.14945072
0.9206964827859311,0.8065419,0.9892366,0.9720943,0.18377626,0.18663435,0.13462871,0.2693711
0.69962382249529,0.7559485,0.93474436,0.9345519,0.19005547,0.15050757,-0.5136865,-0.13548318
0.8523039852159409,0.7885442,0.9592033,0.9570595,0.19082628,0.28089038,0.10674734,0.26108953
0.7456457345829383,0.69049466,0.92507213,0.9553417,0.14328937,0.07438059,-0.3541075,-0.64822185
0.7540354961419845,0.8127084,0.9661323,0.9439827,0.15948774,0.18549402,0.21536218,0.12957005
0.8674644618578473,0.80016774,0.94758373,0.9752197,0.14006135,0.13913392,-0.12169084,-0.014798494
0.902130200520802,0.7193832,0.9930269,0.9853074,0.12786274,0.1414739,0.6186498,0.20345895
0.7201050244200976,0.93955183,0.9417537,0.9546458,0.20938273,0.1304913,0.73535603,0.436264
0.872696002784011,0.7803376,0.955391,0.95167166,0.23816137,0.23511125,-0.0077601587,0.09098498
0.6440448801795207,0.6846454,0.9228533,0.94836843,0.13601467,0.118989006,-0.08485876,0.114784166
0.8551171804687218,0.9392699,0.93127865,0.9382722,0.4384291,0.3589307,0.7819411,0.2464366
0.9319136476545906,1.1536258,0.99169075,0.9797562,0.31669247,0.48807395,-0.025504878,0.0738904
0.8983295453181812,0.9752409,0.9761829,0.9782003,0.30885664,0.20732087,-0.031706322,-0.36829823
0.8296552866211464,0.9892086,0.970687,0.9644076,0.21640067,0.39769465,0.45841438,0.31140217
0.8536080544322178,0.7192827,0.97242355,0.966504,0.110890016,0.14757209,-0.4355293,-0.04206171
0.8860333361333445,0.7306971,0.96046686,0.9631413,0.13578065,0.32406086,0.11617956,-0.06937513
0.9015376861507445,0.8267516,0.9596637,0.96259475,0.21651068,0.36553955,0.33354723,0.1304321
0.7829549398197592,0.77184194,0.93584603,0.96387863,0.16974185,0.14802982,-0.12449616,0.30632874
0.6747070188280753,1.0277778,0.9027402,0.94943213,0.4654518,0.11393692,0.54806334,0.26407966
0.958310873243493,0.82542604,0.98314214,0.9870569,0.2448207,0.20445164,-0.34673604,-0.0037529208
0.8875743342973371,0.840587,0.9863938,0.9701138,0.13775752,0.22583331,-0.12333096,-0.18572855
0.8022592730370921,0.7313906,0.9241084,0.9372165,0.2676856,0.18307424,0.4532248,0.142989
0.9413954135816544,0.6392377,0.97992617,0.9737631,0.10457636,0.1936399,0.14717203,0.24809697
0.8039769119076476,0.64483094,0.9673963,0.94938993,0.13778152,0.17181028,-0.155873,-0.36314273
0.7507010188040752,0.7641579,0.9537937,0.96665883,0.14575629,0.097304404,0.37155265,0.16674526
0.8539213996855987,0.65268004,0.97676617,0.96582586,0.10204465,0.13019468,0.8548651,0.65223587
0.9334536858147433,0.7479166,0.9832505,0.98493195,0.12565507,0.09897347,0.65418494,0.14820866
0.7828232272929091,0.6843409,0.99011755,0.9612174,0.10514818,0.12063125,-0.7180178,0.24175368
0.9060342481369925,0.94094384,0.9941102,0.9806707,0.19782685,0.21178941,-0.16788955,0.23798425
0.8496814467257869,0.62116975,0.98006946,0.9483811,0.11363523,0.22920966,0.5507513,-0.32917818
0.8108009072036289,0.70020205,0.9658253,0.95706934,0.108308345,0.15939005,-0.18683207,-0.15056251
0.8424812259249036,0.7311481,0.98319906,0.96462137,0.12987773,0.17966406,-0.44303375,-0.01982881
0.9203431053724214,0.6765715,0.9850691,0.971319,0.1991635,0.24060981,0.33270222,-0.010973817
0.50337263749055,0.5513506,0.92403895,0.9388117,0.08085955,0.093248986,-0.27089334,0.056868564
0.9028492433969736,0.94156975,0.99193937,0.98188823,0.18538986,0.30831593,0.6945193,-0.03353519
0.8142575930303722,0.74078834,0.96992224,0.9651009,0.12912656,0.17016402,-0.5225722,-0.24062163
0.79437197748791,0.8472192,0.99070317,0.9911978,0.14118126,0.1045084,1.2344161,0.41335988
0.7158256153024611,0.58876365,0.930008,0.9486587,0.09973332,0.111860044,-0.494596,-0.4281689
0.9475590222360889,0.69297695,0.99259,0.9878176,0.12140132,0.15257542,0.017551456,0.21701646
0.9397579350317399,0.6445543,0.9759661,0.98104256,0.14808631,0.16067412,-0.5787341,-0.31709155
0.9325504182016727,0.91284204,0.96717197,0.9776818,0.23117813,0.23224682,0.42195046,0.034086075
0.7302371929487717,0.7574698,0.9683429,0.95971453,0.1732366,0.12724586,-0.6750791,-0.53734034
0.7288953955815822,0.68466043,0.94438034,0.9496301,0.12510674,0.16505913,-0.06638177,-0.068196826
0.9007630590522361,0.99986243,0.9789484,0.9662564,0.35022256,0.6243718,-0.10270901,0.119379096
0.5738990315961264,0.58471215,0.8890212,0.926823,0.14908674,0.0913514,0.45538396,0.47847408
0.7465555302221208,0.576656,0.940027,0.9553072,0.0781719,0.07321445,0.2570784,0.23218274
0.8889194916779666,0.99759966,0.95872426,0.9661559,0.41257778,0.315261,-0.4978768,-0.47408292
0.7718958875835503,0.57319903,0.9660947,0.9548208,0.07365343,0.09493567,0.05470532,0.3141668
0.8327038748154992,0.75404245,0.9483727,0.952567,0.197145,0.15260033,-0.062225997,-0.112845756
0.7289606758427033,0.6607365,0.9446537,0.93501836,0.11656024,0.13053334,0.08084225,0.47082314
0.7487451069804278,0.56084037,0.9718635,0.94423807,0.077760175,0.10435662,0.23337315,0.5533985
0.7348554834219336,0.60637075,0.94713086,0.9495348,0.089453675,0.10991089,0.24533828,0.17392197
0.681246372985492,0.6802562,0.95575875,0.9332599,0.16981472,0.2520147,0.46808144,0.60817254
0.7680658562634249,0.76467,0.9802852,0.94619805,0.10525275,0.11645729,-0.6275215,-0.16168799
0.8492250609002435,0.860159,0.9460732,0.9738267,0.2511143,0.1293736,-0.53550094,-0.49923423
0.7819167916671667,0.69390744,0.96818,0.9617422,0.1803059,0.14786494,0.31918538,0.23140433
0.8479586238344953,0.7256422,0.94646597,0.94680166,0.18481761,0.28987318,-0.038479954,-0.082190156
0.90862520250081,0.7753852,0.9803227,0.9796742,0.09151076,0.15019383,1.0384142,0.47211248
0.9216519746078984,1.933307,0.98763275,0.99095047,0.18553524,0.3726114,0.35369027,0.18339968
0.8357429589718358,1.204854,0.97530186,0.97961897,0.34497005,0.25479287,0.5334345,0.43200248
0.6072987171948687,0.87287706,0.9484553,0.94121504,0.18979995,0.116248935,-0.12321529,-0.0935286
0.6020386641546566,0.6326152,0.97008616,0.933853,0.08246384,0.13780174,-0.22627291,-0.31270453
0.6830046200184801,0.5742886,0.91722655,0.9450634,0.09474658,0.12248143,0.30311936,0.11240832
0.6720204480817923,0.9867301,0.9318986,0.947642,0.28215367,0.28545958,-0.39600033,-0.43802363
0.9271686366745465,0.85970205,0.98235613,0.97991717,0.23929147,0.28358668,0.8971125,-0.0649595
0.8687089148356594,0.8552335,0.9774118,0.97029096,0.18446814,0.17209937,0.1986571,0.12041914
0.8452073488293954,0.5455997,0.96310824,0.96144104,0.073324606,0.09217837,-0.34359106,-0.19247702
0.8787528590114361,0.63528085,0.9831549,0.9643134,0.12891053,0.18497097,-0.6374988,0.23961312
0.8740393361573445,1.017899,0.9444379,0.9536575,0.5101688,0.30215168,-0.051010747,-0.44107988
0.7396417745670982,0.80627674,0.9542155,0.95299983,0.21120366,0.18797067,0.045492064,0.4803555
0.7378314953259814,0.68358403,0.96460795,0.95497626,0.10545236,0.12763642,-0.9350004,-0.34787464
0.8085730262921053,0.9339944,0.9926679,0.94329864,0.30518422,0.59630203,-0.60412836,-0.62182647
0.8911936447745792,1.1291447,0.98963255,0.9744567,0.3320485,0.46566555,0.2756005,0.18718599
0.9105129540518163,0.7422441,0.98952913,0.97617155,0.16807811,0.16368261,-0.3157185,0.0065136
0.8766428665714663,0.7172933,0.96046156,0.9466388,0.1925583,0.2437155,0.049411442,0.43761456
0.8263037212148848,0.80192065,0.97734416,0.9702515,0.1645887,0.12120648,0.35373652,-0.36142972
0.8304887619550477,1.099703,0.9808032,0.9589085,0.24993579,0.2012783,0.24904238,0.21078685
0.9530417961671845,0.7142125,0.9772984,0.9834434,0.16606037,0.17173047,-0.8112694,-0.08186838
0.8321451525806103,0.9153853,0.96298635,0.9632305,0.2524652,0.16609506,-0.31381324,-0.4899825
0.8450703562814251,0.7973535,0.9848921,0.9590986,0.21444282,0.1659028,0.7413938,0.39240748
0.8806029784119137,1.0460038,0.9517516,0.963085,0.46931353,0.3160276,0.2825101,-0.08389332
0.8949015636062545,0.86121273,0.9851104,0.9820204,0.103567876,0.15715943,-0.6742314,-0.19998933
0.8963725774903101,0.75441694,0.98560363,0.98336357,0.15697493,0.1328309,-0.15325736,0.13950624
0.8513383173532694,0.891592,0.9875813,0.96876055,0.14402609,0.18954936,-0.4101931,0.079599574
0.8088600674402697,0.5436198,0.992039,0.95106304,0.090713404,0.09706115,0.24001728,0.3607217
0.76337575750303,0.6277634,0.9843021,0.9576064,0.08724338,0.14196558,0.43103155,0.14687397
0.8718371833487333,0.67585444,0.98732525,0.96478015,0.15088537,0.192965,-0.1160016,-0.05636269
0.8172620210480841,0.8294262,0.93529993,0.95060164,0.2963313,0.32301947,0.24318974,0.19233295
0.7708260593042372,0.5545155,0.92350453,0.95694953,0.111864716,0.09523856,-0.10237502,-0.25026342
0.9083396013584054,0.7984536,0.9686354,0.9755056,0.19767962,0.20950101,0.42404848,0.1261737
0.8808865635462542,1.2580714,0.9590012,0.97860175,0.4824069,0.14837445,1.58557,0.19867721
0.9211330925323701,0.6046037,0.9624295,0.9779121,0.17900887,0.11203771,0.15835285,0.31041476
0.7484504818019272,0.65884256,0.9713664,0.95554316,0.115178786,0.16087358,0.31588367,0.026886845
0.8924056496225984,0.9093791,0.96180284,0.9700955,0.1776868,0.2862221,-0.20904265,-0.040324233
0.7216163584654338,0.6245678,0.96665645,0.95072085,0.08800841,0.09655712,0.25187624,-0.19635023
0.6841518246072984,0.67911094,0.96437895,0.9536697,0.07783272,0.11867693,-0.26644665,-0.2757598
0.9169780039120157,0.5930068,0.9517043,0.96896654,0.13776782,0.13953902,-0.32793364,-0.3842223
0.7415869343477374,0.57589555,0.946759,0.943377,0.083820805,0.11524444,-0.3349417,-0.23690102
0.9065037860151439,0.7106692,0.9657514,0.97588754,0.15217443,0.13565543,-0.004522415,0.09854618
0.8214281497125988,0.75772643,0.9635689,0.96769303,0.1147826,0.20945668,-0.1798738,-0.111136235
0.7030890523562093,0.7061017,0.9217175,0.937666,0.15511952,0.22712627,-0.30788058,-0.11558682
0.9024182016728066,0.6187392,0.9765096,0.98002607,0.122013636,0.12736234,-0.15738666,0.20324965
0.6984476257905031,0.48325738,0.94708824,0.9435326,0.0538402,0.09570644,-0.28994638,-0.055075247
0.8855353821415286,0.50987995,0.9696006,0.96568406,0.061029367,0.14584106,0.5615824,0.1600881
0.6035787023148091,0.59901494,0.9461728,0.93905646,0.074000396,0.13227671,0.565505,0.21751377
0.8726179544718178,0.7105401,0.96240234,0.96689826,0.16260667,0.16328624,0.19674236,-0.14961976
0.8872249888999555,1.2434385,0.99437225,0.97360015,0.27339143,0.71890265,0.39233777,0.34505072
0.8734359737438949,0.6070465,0.9851812,0.9664576,0.10505188,0.10441735,0.43327752,-0.2150046
0.5753465253861015,0.6486346,0.94451874,0.93268365,0.07049127,0.0673861,-0.024179349,-0.34044546
0.8701109044436177,0.6468059,0.976777,0.9653654,0.09123036,0.10793436,-0.27302396,-0.34196022
0.8569308197232788,1.0168263,0.9233159,0.9662439,0.20192522,0.3007347,0.7391314,0.6516044
0.6834152136608546,0.6092316,0.9628422,0.9442543,0.08521439,0.13152602,0.37684122,0.03922534
0.7635559502238009,0.6029308,0.93559784,0.9550557,0.06621794,0.14935343,0.29399115,0.20875996
0.6938902955611822,0.5059346,0.9562112,0.9489649,0.0739812,0.09540814,-0.53775597,-0.26989958
0.9726404665618662,0.81649655,0.9843766,0.98540604,0.22727734,0.29420337,0.8459512,0.008798958
0.9418534314137256,0.9654789,0.9815527,0.9780136,0.25279498,0.34548578,0.42732882,0.13159432
0.5929006756027024,0.61691177,0.96575916,0.95124656,0.06214858,0.101168245,-0.19738558,-0.14664298
0.8748980595922383,1.264824,0.97225547,0.9743232,0.45032907,0.2504696,-0.65239453,-0.21780284
0.8485337621350485,0.78788614,0.9387967,0.96077824,0.20356733,0.16910098,0.099408746,0.26476783
0.853752343009372,0.961023,0.94675654,0.97123337,0.16062284,0.24085757,-0.07905119,0.033735316
0.9136389185556741,0.73158497,0.98933583,0.9730032,0.14862901,0.18960378,0.40224323,0.40867293
0.6870934683738734,0.75587654,0.9812265,0.95442706,0.08970722,0.1736943,0.46750337,0.39481282
0.9421117684470739,0.97335905,0.9838865,0.97620964,0.33132276,0.52600586,-0.11105724,0.0066684657
0.7608762915051659,0.8603884,0.9669466,0.9624259,0.15480982,0.12236043,-0.057519663,0.37216273
0.7128651554606218,0.808599,0.9675054,0.9597609,0.13155816,0.20603152,0.32555574,0.20849921
0.7749115476461905,0.8449798,0.9571224,0.95368826,0.17448032,0.20905055,-0.027818292,0.20980482
0.9136273025092099,1.0290252,0.9696209,0.96367466,0.5513386,0.6257581,0.071359426,-0.109965846
0.7957214548858195,0.5482582,0.9544009,0.95300466,0.088531405,0.10564811,-0.020838812,-0.37619802
0.90299861999448,1.1209419,0.9570805,0.9778676,0.51361656,0.23893565,0.17113395,-0.041964743
0.8952775011100044,0.6472244,0.98353267,0.9664904,0.12310442,0.18023166,0.31307283,0.3351337
0.687059292237169,0.5267069,0.93926597,0.9487199,0.046640985,0.11976345,0.85726106,0.6111921
0.7131547886191545,0.8001805,0.9281347,0.9554007,0.21185984,0.12510215,-0.042577736,-0.025931306
0.834813483253933,0.870119,0.9815621,0.97273785,0.082029805,0.17469548,0.39024323,0.6966841
0.9032335329341317,0.89809775,0.94483125,0.9704366,0.3470306,0.26513153,0.03381666,-0.09792681
0.8131205644822579,0.9967525,0.9911396,0.98252225,0.09757954,0.207002,0.22955477,-0.525215
0.9128772515090059,0.85707337,0.9798835,0.973153,0.26109377,0.3774284,-0.35146192,-0.25617388
0.906620426481706,0.96708363,0.9941264,0.988559,0.11835625,0.15634501,0.6344704,0.4727254
0.7707733550934204,0.6513127,0.9605565,0.95301557,0.14450672,0.14406496,-0.2435654,0.058332518
0.8783669374677499,0.5970738,0.9833997,0.9673364,0.101214476,0.15030897,0.9012216,0.46586305
0.9311696446785788,0.700737,0.975447,0.97317266,0.17604212,0.22050574,0.06724381,0.12489901
0.943445597782391,0.80737394,0.9734619,0.9750596,0.3046228,0.2709715,0.6113455,0.2714038
0.8940227760911044,0.8808416,0.96211547,0.97106457,0.18932895,0.29992956,-0.57366437,-0.2291049
0.8674979659918639,0.71944416,0.97894084,0.9606884,0.18235776,0.14374629,-0.03743064,0.23479041
0.9389870519482078,0.8083722,0.99408275,0.9722058,0.10421312,0.27658108,-0.111735895,0.30390283
0.894886875547502,0.85918593,0.97144276,0.9746806,0.15585852,0.27879062,-0.6815801,-0.52161676
0.9296701186804747,0.87298286,0.9746434,0.97707534,0.22586195,0.28211334,0.03855675,-0.026206626
0.7739576878307513,0.63121617,0.9383234,0.9526065,0.12788798,0.14693013,-0.13934574,-0.02938418
0.8467448909795638,0.6008496,0.97289455,0.95953447,0.10698532,0.13848117,-0.7698877,0.012220224
0.8848398593594374,1.1887914,0.9870524,0.9733128,0.265203,0.4987029,-0.8754703,-0.013950105
0.8266601706406825,0.98754454,0.9257649,0.95125365,0.55703896,0.4578736,0.2932182,0.12889557
0.7242748970995883,0.91211647,0.94357157,0.96533483,0.19839089,0.13100812,-0.81122047,-0.40811375
0.8516935187740751,0.86589026,0.9756665,0.96261966,0.12840566,0.25018236,-1.0062101,-0.0029942847
0.8681389605558423,0.8990919,0.9862433,0.9729577,0.15343107,0.22937004,0.64781797,0.40963215
0.8959021756087024,0.749839,0.9850441,0.98065394,0.12085916,0.14861754,0.5315453,0.3471899
0.9314210696842786,0.98642874,0.9637569,0.96314216,0.44737643,0.45637456,-0.6087946,-0.13151827
0.9083103212412849,0.95217264,0.9778114,0.98565215,0.2504518,0.19628644,-0.28585672,-0.11708495
0.8284223536894146,0.8045582,0.9668414,0.96615165,0.19580571,0.1487695,-0.66061026,-0.78999674
0.9197640310561244,0.5940953,0.9696818,0.96752256,0.08125578,0.1455044,-0.053576004,0.12829693
0.8414777339109357,0.6739533,0.96898365,0.9664024,0.12857531,0.16458063,1.0071756,0.5986824
0.8855772383089532,1.0035355,0.97893435,0.96944714,0.37436277,0.43762046,0.07267675,0.2048502
0.6408379873519494,0.5886808,0.94383335,0.94376916,0.08131827,0.0857653,-0.47567526,-0.49439663
0.8819174156696626,1.0533777,0.93374366,0.9670288,0.47275308,0.32516447,0.9979475,0.53375745
0.8937131748526994,0.88425857,0.9925559,0.96515226,0.16526987,0.28993523,0.0030862014,-0.2181703
0.9431240924963699,0.9148286,0.97522384,0.97471696,0.3103092,0.403407,-1.5769069,-0.603953
0.7827278989115956,0.5995993,0.94836795,0.9579803,0.121478654,0.11560862,0.08394681,-0.19107746
0.7687680030720123,0.6461199,0.9584104,0.9523692,0.1595918,0.15699244,-0.7529688,0.0819442
0.9230457081828326,0.82320225,0.9738253,0.97879976,0.24579507,0.23262204,0.14399636,0.22937539
0.8983984735938945,0.8223199,0.96676576,0.97642934,0.1828692,0.17238325,-0.68661803,-0.47389686
0.890194376777507,0.8799892,0.9506773,0.9693957,0.23978394,0.20018555,-0.031369638,0.106353365
0.8612925971703888,0.5041468,0.9725317,0.95522124,0.06592172,0.13005286,-0.667019,-0.36331764
0.8976746306985228,0.67390376,0.9875137,0.96777356,0.09759439,0.2060481,-0.22180663,0.10477643
0.7257312229248917,0.6179022,0.9384744,0.9577842,0.08360757,0.10086739,0.6591313,0.18034577
0.9083007212028849,0.6564458,0.9869112,0.9758346,0.080734685,0.15874757,0.02163714,-0.18378828
0.8747678830715323,0.7220153,0.9700018,0.9630053,0.118390225,0.12983397,0.18632261,-0.074343294
0.8995044940179759,0.8879799,0.98630327,0.97356033,0.113438584,0.2958138,0.046839774,0.18806617
0.6270423481693926,0.5060684,0.92165625,0.94280416,0.08376963,0.12422615,0.0706003,0.12099459
0.8512555650222601,0.7419674,0.9411828,0.95924294,0.21136916,0.210653,-0.038481753,-0.29199067
0.8347014508058032,0.6380875,0.96814984,0.95029676,0.17560263,0.17295043,-0.39364213,-0.62210375
0.8823463453853815,0.81028754,0.9743617,0.9812625,0.10539078,0.16512202,-1.509912,-0.5671129
0.7869528758115031,0.6147452,0.9939902,0.95532316,0.10077792,0.16169532,0.3541248,0.31632793
0.903819903279613,1.199072,0.95977426,0.97524565,0.78486025,0.2827278,0.5206173,0.031644665
0.8558984315937264,0.87843746,0.9402457,0.97100776,0.19562869,0.17057787,-0.25203782,0.038238555
0.8964760659042635,0.8003657,0.9746134,0.9722332,0.21392007,0.1687522,0.26293713,-0.052504092
0.8832587330349321,0.7041219,0.9610599,0.96034837,0.17283602,0.1791363,0.067705326,-0.05550776
0.8754738698954796,0.6326524,0.9899071,0.96757877,0.087255806,0.18713553,-0.4571018,0.20778812
0.6708644114576457,0.6180449,0.9283068,0.94364536,0.112728305,0.10671259,-0.31386453,-0.14495252
0.9420478321913287,0.76041144,0.98171175,0.976404,0.19244877,0.15869626,-0.35506463,-0.13996705
0.6064816579266317,0.80419624,0.9510577,0.9661353,0.0980305,0.12893444,1.3209311,0.7132255
0.8375539102156409,0.7168233,0.9668386,0.962948,0.1680935,0.2312891,-0.13894922,0.21698053
0.8459957999831998,0.6551358,0.98574376,0.9653505,0.1331461,0.1663071,0.19680546,0.5328738
0.6059082476329906,0.573363,0.96378756,0.9520767,0.056147326,0.09589028,-0.27436277,-0.10153397
0.9152898591263934,0.90846777,0.9760788,0.9762022,0.25352308,0.24235219,-0.9238192,-0.034921702
0.7837645110580442,0.7596953,0.92595935,0.9672533,0.16756988,0.10561149,0.7724314,0.41601077
0.552440257761031,0.77004117,0.9326765,0.95591116,0.088942304,0.109627,0.720292,0.22781552
0.7093935895743583,0.5567188,0.9625444,0.94688374,0.0689751,0.14124532,-0.19416243,-0.21983501
0.8554929259717038,0.68650806,0.970847,0.960806,0.14588876,0.20552479,-0.12171776,-0.101492025
0.8402139848559393,0.75339746,0.964391,0.9577222,0.17995606,0.1670929,-0.19116803,-0.54251343
0.8348907635630543,0.7727277,0.9607904,0.9590711,0.18066803,0.1925063,0.17529002,-0.21991669
0.8047864831459326,0.6534132,0.97603506,0.9530215,0.0952221,0.23612508,-0.52007717,-0.5593477
0.9112827811311245,0.64371103,0.99090356,0.97579104,0.06847268,0.13870741,0.23954894,0.37385857
0.8431743486973946,0.74830896,0.9846579,0.97133416,0.14310868,0.2000518,0.13156626,-0.2711244
0.9081810087240348,0.9242583,0.98591065,0.9730497,0.20520721,0.37173623,-0.3594043,0.07122294
0.920746978987916,0.8643994,0.9830386,0.966336,0.20902544,0.19518925,-0.045594007,-0.059142802
0.8415916863667453,0.88997877,0.9784768,0.96699506,0.18969473,0.41863397,-0.18273759,-0.2352666
0.9456692546770188,0.893528,0.9891925,0.9698469,0.21338631,0.3872321,-0.10425955,0.06442736
0.8792814371257486,0.5843658,0.96546376,0.9626883,0.12090086,0.16713572,-1.2516394,-0.50424993
0.7077083988335953,0.66803795,0.9532848,0.9531468,0.13949078,0.10194263,-0.8387496,-0.3689774
0.8314073896295586,0.6849365,0.9706937,0.9580153,0.09614439,0.24437109,0.119590804,-0.14517039
0.8791522206088823,0.80591935,0.9516638,0.94827825,0.31419703,0.33174482,-0.35022148,0.009213731
0.906810891243565,0.8530388,0.9765521,0.98310345,0.22955494,0.20003055,-0.34587577,0.072438315
0.8936148704594818,0.6005696,0.99069494,0.9613959,0.14577799,0.21133818,0.4983758,0.2473534
0.8867550670202681,0.7466292,0.9754689,0.96345496,0.17169009,0.17933732,0.14197955,0.3132859
0.556750579002316,0.5377266,0.9046579,0.94631386,0.076672494,0.11123447,-0.29389068,-0.0837396
0.8924620018480073,0.9120165,0.9624173,0.970734,0.2671241,0.21976982,0.18235502,-0.25202358
0.8649309157236629,0.57790613,0.9813333,0.95968485,0.09895573,0.12824312,0.4007539,0.16661213
0.7030519962079849,0.67831314,0.9714422,0.954549,0.12751701,0.10346704,0.31125018,0.020763882
0.8726784347137387,0.67844266,0.9568366,0.96487844,0.17737958,0.12228225,0.19840117,0.33028615
0.8365395701582806,0.6615095,0.95875293,0.9619692,0.13292135,0.10799445,0.2747339,-0.074142046
0.9297267589070355,0.75944006,0.9836772,0.9783939,0.12093753,0.13393801,0.27408677,0.117922395
0.5742854331417325,0.67748433,0.92654216,0.94439465,0.10253477,0.13038443,-0.8284033,-0.67842627
0.8333592694370776,0.90096533,0.9512403,0.9688744,0.19110824,0.20923448,1.101517,0.49469888
0.8821626966507866,0.7676739,0.97471505,0.97211003,0.15526377,0.16334338,-0.21587236,-0.33520997
0.8336176064704258,0.70826685,0.95668674,0.9707113,0.15185523,0.11771159,-0.07897737,0.41382006
0.7592060768243073,0.63515335,0.93258417,0.95443755,0.10582472,0.11172003,-0.39898145,-0.23902297
0.9063548894195576,0.9997786,0.9893992,0.9851572,0.21277203,0.18701118,-0.645942,-0.03403855
0.7297994311977247,0.48932356,0.9264112,0.9552723,0.05788682,0.0798747,0.3415641,0.3041221
0.8892500210000839,1.0265241,0.9729421,0.9687347,0.5166058,0.35084286,-0.03767831,-0.039386924
0.8849757959031835,0.63111293,0.97165865,0.97078776,0.1026791,0.14163446,0.6355021,0.3881302
0.7279829119316477,0.54251105,0.93735343,0.9457392,0.097008444,0.13657749,0.7025005,0.6816511
0.732817203268813,0.6823867,0.9933609,0.97103405,0.10568352,0.11106229,0.49973202,-0.12265328
0.7762964491857967,0.8717584,0.9376118,0.9618155,0.28022385,0.1175066,0.016314108,0.26921454
0.8922222888891557,0.7400396,0.99233246,0.9661065,0.15088923,0.125843,-0.15242936,0.51372534
0.30802654410617647,0.7518237,0.9335483,0.9491473,0.10739761,0.09035219,0.0282435,-0.18484241
0.8715492781971128,1.0941652,0.98900914,0.97372735,0.28656834,0.4218086,0.5509254,0.32028097
0.8626971787887152,0.8326679,0.974269,0.9674757,0.16142727,0.206668,0.84449387,0.86983925
0.8883045132180529,1.1105974,0.97049856,0.97456086,0.2698337,0.37714115,0.16847128,0.42462406
0.9152259009036035,1.1075591,0.9941313,0.97886246,0.1521971,0.42488608,0.7295383,-0.3044028
0.9119168636674545,0.80116296,0.9565437,0.9746207,0.2435019,0.29043722,-0.91858405,-0.25486204
0.7968807555230222,1.0744644,0.9635239,0.96034545,0.3222913,0.36034042,-0.7284296,0.44828993
0.7842067848271392,0.63035303,0.9574452,0.9598584,0.09461421,0.14229974,-0.041739427,-0.15161514
0.8343740894963579,0.6298005,0.9375257,0.962206,0.11865178,0.10866733,0.47988418,0.21655476
0.7776261505046019,0.84672767,0.93290406,0.95050824,0.24787521,0.14647557,0.08698347,-0.034159478
0.9059070476281905,0.98018724,0.9871501,0.9662345,0.22517839,0.43747512,0.26142257,-0.3399261
0.7849136356545426,0.99014187,0.95190233,0.95431536,0.3427888,0.24702697,-0.24816398,0.16171932
0.685818583274333,0.4871093,0.95854425,0.9478503,0.059644002,0.12983106,0.31787807,0.5621764
0.9046791067164268,0.8411499,0.98590577,0.96405447,0.24007836,0.33650005,0.912159,0.032834046
0.8388984915939662,0.9692863,0.9674199,0.9702728,0.3017249,0.24891303,0.45777652,0.36500686
0.9468578354313418,1.1037582,0.9832014,0.9824964,0.14367436,0.3697645,0.11422354,-0.020159394
0.6583887453563114,0.7663207,0.9498641,0.9600898,0.15269245,0.21219134,-1.025464,-0.95854646
0.9249720518882074,0.79626626,0.96330476,0.9732534,0.17415932,0.22216064,0.25747955,0.3135389
0.8585942183768733,0.7296789,0.97007567,0.9640799,0.17810227,0.14593546,0.16989991,-0.45453012
0.9379719438877755,0.8209258,0.9726533,0.9652384,0.31603986,0.37039697,0.109818615,-0.10659741
0.7489572678290712,0.6720953,0.9616336,0.95573723,0.107608445,0.14506938,-0.8453658,-0.6682169
0.8545150660602643,1.0119958,0.9723171,0.9690629,0.31062472,0.1501981,-0.5052045,-0.1602438
0.7015922143688575,0.65695333,0.9639165,0.95318866,0.08491079,0.13744958,0.44152287,0.61657447
0.8718439033756136,0.86960024,0.9676854,0.9682147,0.20194975,0.21188428,0.17318663,0.3284897
0.7151161724646898,0.7008224,0.9806058,0.95949733,0.10958667,0.1460521,0.19893618,-0.35334587
0.8518337477790012,0.9029706,0.96075964,0.95315516,0.33673176,0.19330744,-0.08161351,0.013036536
0.681372709490838,0.63905156,0.92639804,0.95053834,0.12048965,0.11156366,-0.01133313,-0.0793357
0.8700591602366409,0.8031364,0.94698733,0.96184033,0.3070634,0.30573347,-0.42371857,-0.27348134
0.8884008976035903,0.77430314,0.970687,0.9615953,0.21640067,0.24804838,0.45841438,0.39443275
0.8967301789207156,0.9896503,0.9856949,0.9747532,0.2983646,0.2647566,0.38943052,-0.16636893
0.8480756483025932,1.0892656,0.977087,0.9622887,0.37163484,0.20386955,-0.9042849,-0.51635927
0.8631659486637946,0.77633625,0.9709835,0.9601758,0.14886983,0.110916585,-0.21872507,0.17227982
0.8788452113808454,0.9604002,0.95688564,0.96151704,0.18946601,0.39531037,0.36571673,0.064378865
0.8455594782379129,1.1123725,0.96456236,0.9657266,0.37023976,0.2933785,0.5430877,0.7639464
0.9229090996363986,0.7084982,0.9786096,0.9665187,0.15785037,0.21155493,-0.026882652,0.2454847
0.8544807939231757,0.6679587,0.986158,0.9680724,0.12752295,0.2340707,0.48463324,0.53638005
0.860380209520838,0.61706454,0.97676617,0.9698494,0.10204465,0.13277201,0.8548651,0.63542885
0.8820482641930567,0.8050272,0.9454345,0.9677472,0.25082722,0.20797712,0.15922777,-0.17664266
0.7952873411493646,0.793102,0.9669616,0.9663323,0.16932707,0.18010618,0.50995773,-0.064447016
0.7386649706598826,0.7672282,0.94222844,0.9620938,0.10975927,0.13798015,-0.25466096,0.0078100674
0.882059112236449,0.61170834,0.97106135,0.9714722,0.080727465,0.13477516,0.08137345,0.24853568
0.7847267229068916,0.77215016,0.95310163,0.9566352,0.16725014,0.14629579,0.089174785,-0.10900204
0.9387482029928119,0.72766787,0.9854626,0.9830085,0.10597657,0.15932423,0.34532398,0.20939085
0.9007238908955636,1.3419412,0.99011,0.98431003,0.2053515,0.52717876,0.1564091,0.24565801
0.8403806415225661,0.6065811,0.97673994,0.9589565,0.08769203,0.13340323,-0.30014056,-0.08434928
0.8984637538550154,0.85869604,0.970261,0.9623956,0.3406344,0.33241627,-0.07340589,-0.16492863
0.4964106896427586,0.60902476,0.8859688,0.94273996,0.07720125,0.10040263,-0.3425962,-0.24548775
0.8812388849555397,0.8064063,0.95099956,0.9578422,0.21564004,0.16040646,0.29862246,0.18942393
0.9234534218136873,0.9589234,0.9715565,0.9820283,0.16485716,0.20378368,0.39605153,-0.07704288
0.7355473581894327,0.77039313,0.9106636,0.9521862,0.20246957,0.14553466,0.028027864,0.11761043
0.8459667118668475,0.60990673,0.9814156,0.9661734,0.06590806,0.13678995,-0.60372216,0.060372874
0.7043510734042937,0.7850661,0.9370384,0.9602532,0.19013639,0.15833226,1.0903959,0.8029737
0.8444064176256705,0.72958785,0.9580611,0.95375174,0.08433056,0.20835844,0.63762826,0.35012263
0.873201348805395,0.84710234,0.9420233,0.9528384,0.44598123,0.37660214,0.100911155,-0.075707436
0.6409242916971667,0.65480727,0.95742714,0.9538181,0.13615043,0.14159796,0.08799144,0.03844026
0.8667051948207792,0.74895734,0.9747993,0.9700799,0.11717465,0.12566864,0.5306693,0.3171163
0.8278956955827823,0.56825924,0.98136497,0.9655944,0.050447714,0.1550811,-0.4321504,-0.35421968
0.7410874443497772,0.47164097,0.9290715,0.946802,0.04551753,0.113826476,-0.42351234,-0.36080065
0.9088373633494533,0.7965155,0.9627307,0.97307295,0.15947059,0.2436337,-0.7894662,-0.27348167
0.901685526742107,0.9187139,0.9789484,0.97237307,0.35022256,0.3265263,-0.10270901,0.11840432
0.8407785631142525,0.62004745,0.95365816,0.9636317,0.13616149,0.1501944,0.36451617,0.24914269
0.8739772239088955,0.8846114,0.94640535,0.962269,0.3427869,0.2486294,-0.2362979,-0.22556601
0.7435911343645374,0.72756356,0.9260634,0.95365363,0.13424842,0.2256553,-0.69246393,-0.40496406
0.7865610022440088,0.8127134,0.96390045,0.95193946,0.13820139,0.14006545,1.2527275,0.6846065
0.7302852891411564,0.7567431,0.9513216,0.95649874,0.12953,0.13041501,-0.07677243,-0.109113805
0.8955531182124726,1.0102252,0.9429777,0.9781705,0.37624985,0.2672429,-0.9765509,-0.36287156
0.7192847011388046,0.6613524,0.9456555,0.94553995,0.11651881,0.08915512,-0.43632174,-0.13731383
0.966193944775779,1.0702716,0.992095,0.9827277,0.29916027,0.52211064,-0.9147628,-0.17919883
0.7307915951663806,0.72917104,0.9127201,0.95750856,0.15407212,0.16919209,-0.21143982,-0.23062399
0.8109735158940636,0.6480372,0.97701216,0.972174,0.063682914,0.13725829,-1.2032638,-0.8503054
0.7232189888759555,0.737554,0.9493634,0.9474873,0.16990632,0.13250566,-0.013907035,0.5787377
0.7976156384625539,0.6887392,0.9540626,0.95853937,0.14379972,0.1601522,-0.52182186,-0.07389195
0.8185176100704403,0.7174335,0.9447093,0.9588211,0.17090075,0.18385713,0.35275188,0.13185754
0.935502046008184,0.66924554,0.98156905,0.9778699,0.08572006,0.15019618,-0.7871585,-0.16846824
0.6656581186324745,0.78793263,0.93702155,0.9557529,0.15681535,0.17526767,0.37870574,0.51194656
0.6050687242748971,0.78902376,0.94596297,0.95277697,0.16614263,0.1463399,-0.47690317,-0.35757306
0.7970156360625443,0.7231051,0.96236867,0.9563517,0.11038093,0.16028057,-0.026526108,0.08178784
0.8645573782295128,0.8972363,0.99052054,0.97099817,0.1914068,0.26314923,-0.6675141,-0.014341303
0.8410794283177132,1.1722517,0.95454645,0.9691609,0.5025889,0.24694373,-0.46845567,-0.17437778
0.8617689510758042,0.55050385,0.97578937,0.9662316,0.089215614,0.10467819,0.110623516,0.15336558
0.6895539582158329,1.1781113,0.96422076,0.9481622,0.30385062,0.27809536,0.34466618,0.39011422
0.9536064704258815,0.91066945,0.98405284,0.97282654,0.28904718,0.41546646,-0.8046436,-0.058283
0.7577122148488593,0.5815479,0.9372547,0.95675844,0.12843806,0.09244671,0.37035844,0.4356995
0.9451108204432815,0.7492031,0.98992604,0.9798638,0.108893625,0.24056323,-0.45046833,-0.026247036
0.7164488497953991,0.88210714,0.9571712,0.9582718,0.16459528,0.18446852,-0.086173505,0.3776352
0.5997148788595155,0.64989483,0.9571345,0.9492195,0.10861229,0.1000692,0.067114756,-0.013374143
0.6747859311437245,0.76023793,0.9399931,0.9425067,0.14133699,0.11635087,-0.0029902055,0.06668971
0.6606059064236256,0.6651171,0.97751516,0.9497606,0.1064716,0.07986834,-0.061822794,0.52415043
0.886246840987364,0.88485485,0.97951555,0.9738202,0.1908104,0.32767418,0.66138905,0.7284893
0.7971245964983859,0.94563544,0.98571366,0.967643,0.31794348,0.31754044,0.12947765,-0.19543138
0.8420131280525122,0.859109,0.9503313,0.9691588,0.21330127,0.14282688,-0.5723865,-0.37604845
0.7121735686942748,0.70423335,0.94343007,0.9587197,0.16625604,0.08345607,-0.3829367,-0.13196008
0.869815223260893,0.6360441,0.9652687,0.9621247,0.12176929,0.13856597,0.63058394,0.39664394
0.9348377233508933,0.7248288,0.97219235,0.9694062,0.15620072,0.2649854,-0.4089746,-0.03047775
0.8699176556706226,0.64611435,0.96494836,0.968966,0.13593102,0.14427914,-0.124719486,-0.12767524
0.6704622658490633,0.70302784,0.97680914,0.9506913,0.10003295,0.096019305,0.45003122,0.38013723
0.814998715994864,0.6921138,0.97808754,0.9641609,0.13509293,0.10974954,-0.059472285,-0.05667757
0.9318376153504615,1.0719285,0.98904234,0.9895374,0.20656982,0.14495656,-0.6200239,0.047475427
0.8274409417637669,0.75405204,0.9851799,0.95777863,0.19401361,0.14265758,0.40405145,0.04306262
0.8525236340945364,0.76080334,0.99183714,0.9629593,0.21197398,0.1717242,0.29668248,-0.46335515
0.763378061512246,0.81581825,0.9361496,0.9600679,0.24572103,0.19084889,-0.6396551,-0.4784634
0.8445077940311762,0.6958723,0.96344954,0.962147,0.07794336,0.1451878,-0.28221932,-0.1724979
0.940940083760335,0.961103,0.98632294,0.9671176,0.38935512,0.5221614,0.16736065,-0.016716834
0.7636867027468109,0.6878469,0.9467334,0.95011765,0.109005705,0.17126924,-0.30609885,0.025782583
0.9667813711254845,0.72339034,0.99130654,0.9857108,0.10782849,0.28734002,-0.033041526,0.43700907
0.8167611870447482,0.6629767,0.96072346,0.96360946,0.09958793,0.14175598,0.58418816,0.15264848
0.9613984375937502,1.0428572,0.99060035,0.9863771,0.2932606,0.37982866,0.5983964,0.17043528
0.8861148404593617,0.79931706,0.9640427,0.964488,0.2848728,0.1671694,-0.27539834,0.17283903
0.8348695474781899,0.7705857,0.99034405,0.9674417,0.17800331,0.16874707,-0.5362997,-0.082846574
0.896001632006528,0.99204326,0.9936415,0.98067266,0.13367282,0.11914164,-1.3508878,-0.41850662
0.9625708902835611,0.8061507,0.9931981,0.98538774,0.14540002,0.22692707,0.37613773,-0.36705527
0.9167125628502513,0.84102595,0.9887917,0.98233706,0.18899132,0.23509969,-0.05571856,-0.0900211
0.9484084336337345,0.7455368,0.97795576,0.9756761,0.19632022,0.23151603,0.18843506,0.16559681
0.8543064572258289,0.52280194,0.9504951,0.9553837,0.0844611,0.09446675,-0.23824142,0.0753615
0.6009949479797919,0.79192626,0.9318787,0.9515889,0.12949945,0.121240504,0.10819621,0.06614398
0.7169634118536473,0.65429664,0.97463757,0.96652067,0.13343449,0.09243471,-0.3599227,-0.5585762
0.8718973755895022,0.8185647,0.9810315,0.974298,0.16038969,0.17783897,0.45427537,0.36484048
0.855747518990076,0.83740014,0.9862433,0.9769655,0.15343107,0.1824288,0.64781797,0.42962044
0.782999771999088,0.5562413,0.9444343,0.9516076,0.11814312,0.13139406,-0.6035704,-0.24749555
0.9351437725750902,1.0607282,0.9946888,0.97579753,0.26304746,0.26595995,-0.5169983,0.19719954
0.8459814959259836,0.80553526,0.9884536,0.97333425,0.12579961,0.09102002,0.41471592,0.21553388
0.8114090696362785,0.6620011,0.9608061,0.96040803,0.13526925,0.10812965,0.38571665,0.40464076
0.9094640538562154,0.5890464,0.9659679,0.96919924,0.1098701,0.15704872,-0.100976944,0.032370463
0.8979100236400945,0.66792995,0.97484094,0.96587116,0.1315506,0.1565542,-0.030472826,0.04924748
0.7692355249420998,0.7378166,0.92053294,0.95272404,0.12812899,0.13982965,-0.3218732,0.19768867
0.7525520022080088,0.7236699,0.9744927,0.9563708,0.09459287,0.18669422,-0.9880005,-0.5622606
0.9148905715622863,0.88181406,0.98434603,0.9667303,0.20199205,0.25215715,-0.46055493,0.18230043
0.9327616190464763,1.0109721,0.97419614,0.9785622,0.20997712,0.3861933,0.35599488,-0.38925874
0.8611686606746426,0.8676873,0.9775754,0.9789082,0.21438119,0.14877352,-0.15839237,-0.013535059
0.7327144828579314,0.77582395,0.93233055,0.9568339,0.20638667,0.11931733,-0.13453878,-0.17401418
0.8396714866859467,0.69119424,0.9645621,0.9663892,0.13119103,0.12152999,-0.55852205,-0.52567995
0.7902955131820526,0.7033611,0.9340882,0.9564222,0.18828522,0.20895594,-0.61046946,-0.5656341
0.9089890439561757,0.76585716,0.95583457,0.96868277,0.26317614,0.22502898,-0.05394357,0.08106317
0.9081358885435541,0.7187538,0.9803178,0.9702891,0.101929225,0.17054096,-0.084689766,-0.4441991
0.8557120948483794,0.94835943,0.9947815,0.969414,0.2460404,0.28434733,0.43733373,0.485618
0.730810891243565,0.7163545,0.9668112,0.95806164,0.10828078,0.1337922,0.074182935,-0.22876579
0.8114982539930159,0.67607325,0.97349167,0.96572196,0.16351932,0.12442681,0.2934837,0.5864055
0.8103138012552049,0.6213228,0.9570572,0.9503218,0.085214004,0.13907413,-0.7500429,-0.35593727
0.5032927651710606,0.68876135,0.9500998,0.95777935,0.063485794,0.0910939,-0.38277826,-0.39349753
0.7835964143856575,0.6317191,0.97800756,0.9595385,0.058273923,0.09449344,0.066552624,0.25699323
0.7090128520514083,0.7150871,0.9714954,0.9530069,0.11933893,0.11822265,-0.053501777,-0.65317166
0.9436083184332738,0.9697588,0.99052155,0.97948384,0.19680166,0.41066992,-0.75633216,-0.4020665
0.8655299581198324,0.771425,0.99343705,0.9835182,0.08135493,0.13100654,0.17648654,0.12614033
0.9211598987474329,0.8715168,0.9926572,0.9852661,0.22843872,0.21849465,0.09984539,0.03831213
0.9115612782451129,0.84838426,0.9825959,0.98485565,0.12282591,0.18212257,0.64321524,0.54669434
0.9252776211104844,1.2095346,0.9825977,0.98514324,0.3642913,0.36906385,-0.14168377,-0.093435585
0.8300979443917775,0.7762983,0.9753489,0.96106803,0.10775813,0.12336546,-0.18259047,0.15361
0.9435190380761523,1.0514187,0.97896975,0.97860247,0.3373874,0.39465386,0.13226162,0.17746729
0.923119916479666,0.77686334,0.9947137,0.96973294,0.11996369,0.25857627,-0.34824866,-0.098978594
0.7657273829095316,1.1913853,0.9666218,0.97265494,0.5746602,0.33506453,-1.2362641,-0.44075313
0.8785314821259285,0.7230608,0.9315424,0.97205186,0.22551216,0.1384355,0.40061903,0.15162103
0.7557275029100116,0.5804096,0.95240104,0.9547847,0.105997585,0.16336836,0.36654207,0.14086847
0.7034085416341664,1.0977359,0.9638554,0.9611197,0.31472445,0.11795226,-1.0854751,-0.85016054
0.8130319561278244,0.9982571,0.9647176,0.96844965,0.3535597,0.2535249,-0.7651312,-0.59948504
0.9512310369241476,1.0508312,0.98635876,0.97250193,0.25117272,0.33916363,-0.81095815,-0.05388173
0.8512875331501326,0.70611095,0.9733895,0.96482503,0.134922,0.15517747,0.6769474,0.45911324
0.7758048312193249,0.6631574,0.95673794,0.95400906,0.11867235,0.11185002,1.1517845,0.6636729
0.7919029436117744,0.88937557,0.97855264,0.9581642,0.17261979,0.17744455,-0.6271237,-0.49742287
0.8873963495853983,0.7739013,0.97412235,0.97039455,0.1511239,0.13622442,0.0072908937,0.1612777
0.832692930771723,0.80023134,0.96298075,0.971516,0.19905943,0.21045442,0.13236792,0.15057072
0.7395919503678015,0.7112105,0.941937,0.9524297,0.13092811,0.15580925,-0.41073847,-0.36140364
0.917749942999772,0.97098917,0.94505465,0.96218973,0.48043588,0.2620788,0.3263536,-0.11119916
0.7710915003660014,0.8542726,0.98534566,0.97190154,0.12392568,0.12791209,0.045948613,0.2929289
0.7681440005760023,0.57257986,0.9607316,0.9556487,0.05966898,0.09833966,-0.89389926,-0.39687914
0.5068080112320449,0.7083246,0.9730316,0.9536859,0.065643765,0.09204289,-0.26754063,0.28014535
0.8198605594422378,0.9772795,0.99157,0.97499496,0.27992758,0.12740202,-0.025590152,0.021905843
0.9231998847995391,1.1106932,0.9794046,0.9789499,0.36893567,0.2777566,-0.40670663,-0.26143467
0.8747273709094836,0.7347987,0.9868309,0.9707652,0.13707605,0.19293672,0.0041503035,-0.14243703
0.8055531422125689,0.7089028,0.96875054,0.9614185,0.20116414,0.14646934,0.5317138,0.14938062
0.8849219396877587,0.71571463,0.9884954,0.9676358,0.09996522,0.110303625,-0.54392135,0.24078876
0.9135388861555445,0.7250613,0.9734691,0.97010565,0.12848997,0.1995142,-0.08304709,-0.44948563
0.7108852435409742,0.7422294,0.94844204,0.95186764,0.22677875,0.118706,-0.5242302,-0.10933657
0.8055126300505202,0.71224475,0.96181864,0.9667107,0.12447197,0.18075085,0.2819062,-0.068870865
0.8211460045840182,0.60674363,0.92206633,0.94994307,0.17637536,0.14720921,-0.25355816,-0.33929712
0.9254509018036071,0.9332869,0.98343116,0.97078884,0.31892744,0.46866482,-0.48107967,0.09055347
0.8485151380605521,0.9145397,0.9484997,0.96251565,0.35998455,0.262659,-0.11260141,0.27369666
0.906818475273901,0.9790181,0.99374497,0.97465205,0.23732917,0.26134425,-0.3650212,0.34980416
0.9213053172212688,1.0941107,0.9941517,0.97706306,0.26513374,0.2554417,0.033962816,0.34363028
0.8572797811191244,0.7020634,0.9662522,0.9650888,0.1101581,0.16383818,-0.13599092,-0.1172862
0.7263406333625334,0.75748557,0.92641205,0.9636561,0.16737033,0.116309814,0.039328232,0.49764732
0.9267322189288757,1.2694391,0.9748427,0.9706341,0.5461851,0.36588508,0.007927588,-0.14315614
0.6500409681638727,0.67207396,0.9112841,0.9463222,0.14417559,0.07648654,0.4934204,0.08447492
0.9311892287569151,1.1346899,0.9892376,0.98576456,0.15165523,0.29409188,-0.07200994,0.3256495
0.8536613346453386,0.5169537,0.9770131,0.9625083,0.074495815,0.11232883,0.6016965,0.47758186
0.4817712070848283,0.575645,0.9467947,0.9432085,0.08068504,0.10410967,-0.3897002,-0.12274056
0.6555548462193849,0.80917907,0.9373483,0.951977,0.18638493,0.19412312,-0.5392994,-0.35084438
0.6662288409153637,0.64597255,0.9528432,0.9462345,0.14222431,0.14798163,0.12882036,0.22493364
0.8546888267553071,0.59841305,0.9679546,0.97062755,0.07968467,0.13165027,-0.27669656,-0.1760204
0.9061577046308184,0.9716566,0.979971,0.97575176,0.16910988,0.23135544,0.49482575,0.25347003
0.9441058884235537,0.7598843,0.98952025,0.98561734,0.13572384,0.21765378,0.21427125,0.24515477
0.8918753435013739,0.598163,0.9887658,0.980595,0.10986229,0.10388189,-0.31269675,0.2591985
0.8852987411949647,0.61743444,0.976744,0.96076566,0.08962237,0.1787913,-0.0734654,0.26807195
0.8385977223908895,0.7239444,0.954049,0.95983976,0.17689434,0.15855223,0.12840524,-0.025032591
0.9100086640346561,0.52151555,0.9728376,0.9707973,0.07682922,0.12362173,0.60348177,0.3962019
0.7653189012756051,1.1047397,0.9537204,0.9546612,0.44252077,0.14813623,0.98232144,0.4976961
0.9250604682418728,0.62515277,0.98086363,0.9825655,0.09170563,0.14351656,0.7926561,0.16553602
0.7601606086424345,0.63638866,0.93745923,0.9640359,0.082163945,0.17588505,-0.6360166,-0.5946817
0.9054363577454309,0.9859943,0.9665087,0.971971,0.3031533,0.35912263,0.09516215,0.11710337
0.8521088164352658,1.1481873,0.9615366,0.96741295,0.5727186,0.427974,0.040314905,0.39353955
0.8953575654302617,0.7490743,0.97267926,0.9742967,0.25033745,0.18195298,-0.1722017,0.28975987
0.9584399937599749,0.61458653,0.98901963,0.98593307,0.11575418,0.14348096,-0.2085955,-0.10804512
0.9292495409981639,0.836748,0.96514994,0.9620572,0.26726526,0.32196957,-0.7249868,-0.1310464
0.8979309517238069,0.6402247,0.97135437,0.95881355,0.13770838,0.22198763,-0.41567737,-0.3261245
0.9458515594062376,0.7373771,0.98718375,0.97780097,0.164636,0.23169097,0.5391962,-0.18668973
0.9570263881055524,1.5585823,0.9906078,0.98825896,0.2266485,0.43472573,-0.12336038,0.23134843
0.7430200280801122,0.88230443,0.96728456,0.96563745,0.2226898,0.155293,0.36930388,0.03625911
0.858874923499694,0.76600915,0.9763283,0.9762773,0.1319128,0.11232238,0.17630814,0.30615106
0.9141834327337309,0.9138338,0.95412374,0.973696,0.33402598,0.21812318,0.19018011,0.011725623
0.8554714218856876,0.7656288,0.9888295,0.975134,0.17342472,0.115150094,-0.34084404,-0.10519303
0.8744250657002628,0.57812536,0.98664415,0.95868474,0.12533799,0.1523886,-0.37023297,0.3595987
0.8311616286465144,0.6968069,0.97095144,0.9570071,0.117708564,0.13065724,-0.39028245,-0.23102117
0.7785309541238165,0.74555,0.9277961,0.9489274,0.16176015,0.23552845,0.15182742,0.16452348
0.8407176028704114,0.674452,0.9696428,0.9544931,0.14517422,0.1892936,0.44611487,0.19407679
0.9162436969747879,1.01859,0.97893435,0.96952546,0.37436277,0.39511487,0.07267675,0.13399376
0.8551644126576506,0.681378,0.9424094,0.9690514,0.15839854,0.14902434,0.21904269,0.20943126
0.9082482089928359,0.71149886,0.9804545,0.96468866,0.12442435,0.23356897,0.6825247,-0.14238301
0.7250503882015528,0.6342119,0.9350913,0.9597751,0.08841977,0.07836148,-0.2401307,0.20263514
0.8713388453553813,0.89781,0.9754689,0.96217996,0.17169009,0.3812809,0.14197955,0.20999146
0.9122198408793635,1.1229289,0.9765438,0.9732165,0.40716818,0.43248263,-0.30094153,-0.17279337
0.8981690326761307,0.90205914,0.98360837,0.9861841,0.12622732,0.12118757,-0.2265149,-0.20041074
0.9414526298105191,0.7449348,0.96498644,0.9742354,0.16421896,0.21921879,-0.33713248,-0.11685975
0.7949504758019033,0.8071845,0.92792076,0.94812036,0.16301115,0.10197631,0.11606276,-0.026830439
0.7847486109944439,0.66060805,0.96140176,0.9538803,0.13432717,0.13274363,0.11395826,-0.20825832
0.8150279001116004,0.60345066,0.9362317,0.95567536,0.11422591,0.12546955,0.2882168,0.32986733
0.8882127368509475,0.82410973,0.9502242,0.9776634,0.17500822,0.1455293,-0.5887397,-0.10541643
0.6922701930807723,0.5809809,0.93039095,0.95171744,0.08232197,0.11934288,-0.5089348,-0.6286365
0.9113688934755738,1.2504789,0.98940253,0.9748227,0.36090437,0.33007136,0.032681797,0.23420595
0.6854867099468397,0.8266614,0.9356939,0.951314,0.22129522,0.11644237,0.29993707,0.26293683
0.8913252613010452,0.6229556,0.9508631,0.95984465,0.13295342,0.18651043,-0.6763276,-0.52097917
0.9272934371737488,1.1359233,0.9930358,0.9763237,0.36841267,0.33589673,-0.8676539,0.0742198
0.8140967923871695,0.5660628,0.9634568,0.96174103,0.09226976,0.1479843,0.49282217,0.45025882
0.887503582014328,0.68930393,0.9842922,0.9669889,0.15240562,0.1729247,-0.5756799,0.07217659
0.7618615434461739,0.77132076,0.9657223,0.9554335,0.25655186,0.13714433,-0.19022244,0.029917276
0.6130444361777446,0.6913461,0.9384695,0.9534173,0.10607515,0.09635442,0.4616795,0.39351913
0.8866393865575461,0.77866524,0.98487836,0.96787715,0.21761888,0.19022942,0.24808349,-0.6068934
0.8274772299089196,0.66586876,0.95324326,0.95929503,0.09053765,0.12362268,-0.27680543,-0.22745112
0.969619238476954,0.98758805,0.9945883,0.984576,0.15910521,0.31534076,-0.051820915,-0.029019846
0.841187524750099,0.7295104,0.9687459,0.9595111,0.15769441,0.16425373,-0.44942078,-0.18994613
0.7289725798903195,0.84329635,0.9177737,0.95855874,0.23982489,0.15379289,-0.11622892,0.054857824
0.892754419017676,0.88794863,0.9215121,0.9390131,0.40898374,0.7713588,0.080258906,-0.04605447
0.54112325249301,0.57795495,0.94367856,0.9456049,0.093806945,0.081106864,-0.24623899,-0.27913094
0.7871981567926272,0.800635,0.9803851,0.96262014,0.1391877,0.17559391,-0.62682295,-0.7405054
0.7654141336565345,0.6530644,0.94302046,0.95651615,0.15120718,0.108437635,0.02198514,-0.0141159
0.8515171660686642,0.81438434,0.9667658,0.96352947,0.22577198,0.25544396,-0.18445012,-0.17844807
0.7245961143844575,0.73180544,0.9276566,0.9507341,0.15779778,0.09831121,0.82202345,0.44784215
0.8971592046368185,1.0532037,0.9618183,0.95431983,0.4101538,0.5954993,0.1727558,-0.2574142
0.7903179772719091,0.82634795,0.92010707,0.9440879,0.31111318,0.29490992,0.054353174,0.28407043
0.8329933159732639,0.9394677,0.95037323,0.9689977,0.30675638,0.20809114,-0.48298797,-0.28056297
0.8293375253501013,0.97556454,0.9756294,0.964318,0.21610706,0.15380327,-0.3273218,0.078508474
0.8852299089196356,0.54550177,0.9754998,0.9685938,0.090325624,0.16923574,0.65973955,0.7478507
0.7911527006108023,1.021814,0.9476782,0.95808583,0.3953687,0.36696622,0.09099047,-0.2709022
0.8331097644390577,0.66131896,0.94215095,0.9527868,0.1856351,0.19760795,0.16399601,0.15831484
0.7969160836643346,0.8135379,0.94474024,0.9531945,0.20854388,0.28273112,0.36552486,0.35724616
0.85899981999928,0.6339897,0.98292,0.95964223,0.15026347,0.16673954,-0.2620258,0.09483753
0.7933626294505178,0.6719148,0.94449353,0.9590632,0.086658865,0.16805144,0.50034297,0.5715293
0.7410151560606243,0.57534015,0.9509112,0.9534695,0.11761525,0.101204075,-0.26529142,-0.3998116
0.8867732110928442,0.6000625,0.98215705,0.9648239,0.12313507,0.15504241,0.10788759,-0.15058826
0.8264312097248387,0.62452036,0.97275823,0.95657855,0.10032341,0.10570203,-0.3125273,-0.022417646
0.9678346873387492,0.82112455,0.98976344,0.9896411,0.15379219,0.19994026,0.75551355,0.10843048
0.7995448621794486,0.9667245,0.9526086,0.9721956,0.27195513,0.19057463,1.1029407,0.51497513
0.5697187908751634,0.7039286,0.92895293,0.9632391,0.088032104,0.122556694,-0.72932667,-0.67633885
0.8291202764811059,0.8845144,0.9369922,0.96311957,0.2424186,0.25345644,-0.35734305,0.10737854
0.8991329725318902,0.74372345,0.9854291,0.96402085,0.17274542,0.1725271,0.17891863,-0.025236791
0.6895329341317364,0.6204278,0.9149835,0.9468943,0.10368939,0.09214455,0.49500057,0.5620357
0.8717521270085079,0.69144356,0.9657813,0.9699291,0.15085647,0.17300959,0.035093233,0.18128628
0.7817368869475477,0.6218323,0.98387486,0.9667,0.06329489,0.1241923,0.5217406,0.08186612
0.7025756423025692,0.75042516,0.9516243,0.95246893,0.13284595,0.13541336,0.8487834,0.2174928
0.8167918111672446,0.8772025,0.9634094,0.96063936,0.23952,0.2489314,0.2031147,0.3357898
0.8053121812487251,1.1198502,0.96846056,0.9726512,0.60951364,0.25411078,0.24663518,0.49475724
0.9097467749870999,0.97706676,0.95523626,0.961911,0.25467736,0.57871014,0.68641496,-0.1008778
0.874817707270829,1.074179,0.9907288,0.98073953,0.21838437,0.16640696,0.71633375,0.469428
0.7669290197160789,0.6132599,0.93073845,0.9532194,0.08204031,0.16121061,-0.83860993,-0.55280554
0.8384249216996867,0.74835366,0.9501306,0.9605672,0.13599402,0.24478048,0.23650397,0.17012508
0.6904468577874311,0.66960603,0.94557774,0.94972754,0.13125874,0.08640348,0.34426105,0.52386814
0.9349530198120792,0.9904862,0.99427634,0.97294796,0.2811758,0.5865839,-0.42970818,-0.16250704
0.9455096060384243,0.63894993,0.9940104,0.9826999,0.07298908,0.16022164,-0.40741694,-0.37421882
0.848067008268033,0.6047616,0.9351294,0.95388293,0.10718051,0.23500292,0.75353783,0.34242412
0.6358248472993892,0.8833801,0.92163074,0.94586587,0.2790386,0.150593,0.19650248,-0.18422963
0.6311060444241777,0.68892807,0.934345,0.9441748,0.113558084,0.14659399,-0.011896995,0.14046131
0.566435769743079,0.86933285,0.9675976,0.96251243,0.124978215,0.16956154,0.7849045,0.42678067
0.7733985815943264,0.9287333,0.9434289,0.95783037,0.3036706,0.22682185,-0.07968484,-0.34999526
0.8793951015804063,0.93902326,0.9785073,0.9786882,0.27750468,0.19097853,-0.8527589,-0.2156472
0.9107436429745719,1.4147073,0.986642,0.9793011,0.6295192,0.3333233,0.08536499,-0.27262396
0.9465028260113041,0.7837676,0.9804733,0.98080415,0.17607757,0.23026545,0.46622157,0.012629079
0.8797764151056605,0.95612764,0.98496443,0.9837691,0.25022614,0.32035196,0.31742594,0.33726266
0.94736855747423,0.6281121,0.99108326,0.9796777,0.110750295,0.16061032,1.2635003,0.16574037
0.7632977091908367,0.566557,0.9171677,0.95065546,0.11330341,0.11564175,0.78359073,0.5377921
0.8289965319861278,0.7292862,0.98336977,0.966017,0.12105347,0.14100331,-0.060259752,-0.005272915
0.791823071292285,0.54274094,0.9173844,0.9372461,0.14577721,0.15342101,-0.325537,-0.20386648
0.917880599522398,0.896499,0.9428854,0.9748074,0.30729765,0.25298637,-0.84652466,-0.2707234
0.7507047628190513,0.7881352,0.9796256,0.95570207,0.17852251,0.14846262,-0.060729023,-0.1762029
0.7854627578510313,0.54209214,0.9676319,0.9525915,0.08963474,0.11342505,0.17430183,-0.12504293
0.6662099288397153,0.71447355,0.90865225,0.94299835,0.15300582,0.14694947,0.43178207,0.2515248
0.886316921267685,0.9173483,0.96300614,0.9741658,0.2615475,0.21903785,0.4552426,-0.05899443
0.8165260821043283,0.6175079,0.96314013,0.96002144,0.105950765,0.14238179,0.17258547,0.26877427
0.8810297961191844,0.6549888,0.93489224,0.9570532,0.17799921,0.15190895,-0.027908526,0.17285523
0.6854688538754155,0.6528494,0.94412374,0.9601036,0.11551893,0.09882062,-0.8325872,-0.60040843
0.82538595754383,0.7020801,0.9576217,0.9576675,0.12873426,0.1327031,0.10286352,-0.29977193
0.9183423613694455,1.0886084,0.97337604,0.9800197,0.45848164,0.43773666,-0.4043407,0.12858158
0.9533270133080533,0.64775074,0.9898757,0.98507226,0.082462914,0.17893763,-0.37061945,-0.021340322
0.9127944991779966,0.9849436,0.9445048,0.96367013,0.33634302,0.24609606,0.011385213,-0.0069625876
0.871386365545462,0.66337526,0.96536237,0.9606922,0.1594004,0.22369002,0.08349498,0.031614836
0.8928198912795651,0.97922355,0.985025,0.9836507,0.23646702,0.15614954,0.9433401,-0.21564691
0.8797782391129565,0.7417489,0.97998726,0.9775136,0.1124,0.14662148,-0.61952394,0.13098112
0.8070063000252001,0.72416466,0.97301656,0.9656749,0.11361038,0.08443171,0.9368779,1.1459421
0.9152899331597326,0.99734026,0.9790936,0.9892693,0.22215174,0.16622931,-0.032134946,0.2653661
0.9130843243372972,0.83316714,0.96392363,0.96929324,0.17355514,0.37029114,-0.8576052,-0.2206063
0.8969100836403345,0.72474813,0.9883115,0.9737431,0.100906804,0.19547603,0.24744529,-0.08263712
0.9245095220380881,0.77875656,0.98233104,0.9735165,0.1850894,0.33829823,0.5681595,0.30160713
0.8584796899187597,0.7783008,0.9862433,0.97507083,0.15343107,0.20442107,0.64781797,0.40332752
0.8899467917871671,0.77511704,0.9834215,0.9633346,0.18333977,0.25164974,0.6598413,-0.090332754
0.8047906111624447,0.8331536,0.9600626,0.97110134,0.11818924,0.12864181,-0.37364075,-0.0087779425
0.8251442285769143,0.5506488,0.9708501,0.9631159,0.07966291,0.11579588,0.60395986,0.19692323
0.8625097860391442,0.78040576,0.98181593,0.97343904,0.23886116,0.21520127,-0.8349677,-0.42539102
0.6775156060624242,0.6499687,0.9589844,0.93764985,0.09146251,0.113361545,-0.2421094,0.16477907
0.9084259057036228,0.98386836,0.9930193,0.97792536,0.25629154,0.27263063,-0.8218933,0.11452536
0.9204257617030469,0.59079033,0.9866114,0.9736459,0.09496656,0.16215388,-0.062333804,0.40260676
0.8853087252349008,0.6004963,0.95949745,0.9467506,0.15762882,0.30157954,-0.27389136,-0.09535183
0.9100962163848655,0.8609139,0.9898219,0.97983646,0.22212867,0.21346833,-0.76698893,0.0013445738
0.8906869547478189,0.6748715,0.9925328,0.9882686,0.07771814,0.14269908,-0.6339485,-0.19065282
0.8204753459013835,0.67137176,0.97724265,0.9596372,0.13549303,0.16896525,0.35985273,0.112008765
0.8749138036552145,0.6697632,0.9854244,0.96151286,0.08094328,0.2262115,-0.27823737,0.2486478
0.9079290077160308,0.8794035,0.9873134,0.97963107,0.1661233,0.13828614,-0.48669973,0.30659264
0.8632913251653006,0.7087828,0.9659604,0.9560636,0.17000535,0.19778301,-0.8002551,-0.23350929
0.8988014832059329,1.0901023,0.97808063,0.96839553,0.41303748,0.45916396,0.83203036,0.32009113
0.9183678974715898,0.9900025,0.9904908,0.98342496,0.19517176,0.3375672,0.79676735,0.44491744
0.8702203448813796,0.90636593,0.9699135,0.98099923,0.1573631,0.13291916,-1.1160247,-0.44639236
0.9014180696722787,0.9885164,0.97903466,0.97141296,0.25496557,0.20622757,-0.1561326,-0.13787492
0.8146392905571623,0.7428714,0.95419157,0.97204757,0.14532125,0.1340166,-0.09448455,-0.12051713
0.9578998955995823,0.80932736,0.9808177,0.98126745,0.2458936,0.3952206,-0.5623764,-0.1984061
0.8411124524498098,0.77418405,0.9829534,0.97076875,0.14372735,0.1151733,0.11230758,-0.352433
0.8387959631838526,0.7518078,0.93984985,0.9549533,0.16424981,0.13402504,-0.023463178,-0.12509264
0.8797696950787802,0.7528719,0.99325544,0.9796592,0.12723076,0.14247142,-0.2366202,-0.35623324
0.8380548402193608,0.73616314,0.96247697,0.957013,0.11782416,0.24768582,-0.52597946,-0.02570897
0.8094165816663266,0.69884664,0.98925227,0.9563506,0.09684748,0.15746051,-0.14567122,0.10683013
0.8777960231840928,0.7138485,0.9646104,0.97404283,0.16118187,0.17847893,-0.721012,-0.17343274
0.8128604034416137,0.62809986,0.9690301,0.9563996,0.120374665,0.17210373,0.54724485,-0.08245206
0.8117284629138516,0.83209723,0.9821887,0.97104484,0.18239176,0.15557374,-0.18686603,-0.604554
0.8836444625778502,0.7591749,0.9552362,0.97722656,0.18524376,0.13533774,-0.3145582,-0.02121674
0.9331220044880179,0.6867982,0.9924889,0.9806059,0.09889516,0.199029,0.181613,0.04161563
0.9215151740606962,1.3371204,0.9708078,0.96901584,0.52426183,0.6756352,-0.5415602,0.004097289
0.9144985059940238,0.98359734,0.9744816,0.98881143,0.21578628,0.19152887,-0.4767525,-0.34633943
0.748125616502466,0.55711955,0.94150907,0.9485706,0.07678893,0.11706877,0.28154683,0.48774475
0.8086604826419305,0.5500903,0.9564543,0.9627158,0.066836886,0.07608365,0.3977023,-0.123807855
0.8948278353113411,0.8364986,0.98398703,0.98335266,0.07372156,0.16481614,0.5380493,0.35385525
0.9205400021600084,0.8471006,0.9887803,0.9893609,0.16884147,0.14230789,0.4934846,-0.12128138
0.8081183684734738,0.64045006,0.95531064,0.9475733,0.11352757,0.18432485,-0.9382861,-0.101137675
0.8739844239376957,0.8286149,0.96552867,0.97478646,0.15457165,0.22164921,-0.048292812,0.13783388
0.7800934563738254,0.59275246,0.94654125,0.94884753,0.14659722,0.16240028,0.051076297,-0.13722417
0.8038150552602209,0.87705964,0.9767943,0.9619476,0.21986105,0.27078822,0.19223887,0.32068062
0.7680072000288001,0.7510837,0.9668025,0.9660609,0.0821547,0.120505944,0.66195816,0.055390034
0.7206019224076896,0.6245934,0.9380101,0.9438095,0.13767698,0.13111725,-0.65119183,-0.6781258
0.8890146280585122,0.7319211,0.9944159,0.97930914,0.112132974,0.21573046,0.6959228,0.6110872
0.6037614870459481,0.7732212,0.9485733,0.94704425,0.12214706,0.12960957,0.20459117,0.013104255
0.6906118824475297,0.5828884,0.9308276,0.932426,0.08607994,0.11331426,-0.543062,-0.3995054
0.9211749486997947,0.7434899,0.978552,0.98163795,0.16178411,0.13866541,0.4509433,0.43134812
0.8982688730754923,0.8675679,0.9671501,0.97019976,0.24049565,0.25291285,-0.4081912,-0.32550165
0.821432661730647,0.9875433,0.9548404,0.9599351,0.29265878,0.4689411,0.64842993,0.4621191
0.6863291133164533,0.76149505,0.92100453,0.95549196,0.13477829,0.12479172,0.041008648,0.07971811
0.8650211560846243,0.67103505,0.95769453,0.95320034,0.1928512,0.24416336,-0.13813555,0.002280167
0.903811263245053,0.72192407,0.97120875,0.9677287,0.13075979,0.13892661,-0.7204917,-0.61805767
0.874066120264481,0.62839425,0.95334005,0.94778645,0.152798,0.23480457,0.6040814,0.20751749
0.9639028956115824,0.76425236,0.99136794,0.98998046,0.10168424,0.15035154,-0.3152432,-0.21987692
0.8804655058620233,1.3699367,0.98007625,0.981851,0.35408372,0.49163058,-0.0151165435,0.02215057
0.9014302617210469,1.1287816,0.9911662,0.978512,0.39175525,0.44578135,-0.790018,-0.023804907
0.8487799071196285,0.6347848,0.9589801,0.9580256,0.10847583,0.18773666,-0.35791963,0.25930497
0.9229201396805587,0.9594432,0.97893435,0.9724809,0.37436277,0.4198978,0.07267675,0.18651104
0.9635108300433202,0.98192406,0.99377763,0.9898507,0.19131471,0.23097366,0.6936472,-0.12869494
0.7337243108972435,0.5655769,0.9478387,0.94442415,0.0843973,0.12505424,-0.44668162,-0.50069284
0.8454289177156709,0.6890521,0.9923862,0.96816665,0.086257525,0.12106653,-0.23638394,-0.044385463
0.8370280201120804,0.95183647,0.96967995,0.9709889,0.18338282,0.25965577,0.9403884,0.13507529
0.6402448969795879,0.78169143,0.95523745,0.95392305,0.11945313,0.12860483,-0.7732101,-0.43911624
0.8853634454537818,0.7353948,0.95702,0.95919365,0.18896635,0.26026747,-0.52268165,-0.1755996
0.8875871983487933,0.85012877,0.9401493,0.94574857,0.2786372,0.4798648,0.35230342,0.16620935
0.8192650690602761,0.8767072,0.9603307,0.96653324,0.31149492,0.14632621,-0.0033741887,0.00076873496
0.8430299641198564,1.0770067,0.9949102,0.97814476,0.14369375,0.15538493,0.33610895,0.3886916
0.8456156384625537,0.97916347,0.96110016,0.9608394,0.26259592,0.15480359,-0.0882475,-0.4701501
0.9292287089148356,1.0260934,0.9852791,0.98186225,0.3256021,0.21437392,0.106732056,-0.5246052
0.8987036588146353,0.79175186,0.9904386,0.96947587,0.14602283,0.13854098,-0.34940508,0.3059874
0.8959602558410233,0.713928,0.97672826,0.97389406,0.095837325,0.13969877,0.72299427,0.14993909
0.6826505706022823,0.7586693,0.9495179,0.9414341,0.1495257,0.1490836,0.21484873,0.020698529
0.9357791991167964,0.75810295,0.98886245,0.9766718,0.16060603,0.23232521,0.29215634,0.18928283
0.682247176988708,0.7408225,0.94058216,0.96264327,0.1224746,0.15591331,-0.45663366,-0.57264936
0.8013046452185808,0.7292819,0.9439827,0.95721257,0.15751119,0.16016193,0.19611,0.29704303
0.8884976659906639,0.7198074,0.98960775,0.9788757,0.09804588,0.09371568,-0.35298347,-0.027408883
0.5262613370453482,0.6262171,0.89848876,0.93248457,0.118048795,0.12626012,0.6684727,0.56729203
0.875502958011832,1.0669658,0.97931653,0.97662777,0.34647363,0.30052888,0.6768036,0.31860065
0.9136551426205706,0.71902806,0.9607328,0.97398514,0.17765982,0.21634278,-0.22374009,-0.03600873
0.819127500510002,0.5983508,0.960491,0.9681455,0.11666798,0.10152848,0.43054345,0.33991703
0.7608402913611654,0.66261125,0.96173096,0.96529984,0.08515208,0.10777641,0.45455173,0.5933971
0.9020744242976971,0.7510952,0.96461165,0.957553,0.2361204,0.23730367,0.2934624,0.030267479
0.7366992667970671,0.7293978,0.94287527,0.9512995,0.13659059,0.2075847,-0.2424498,-0.17691092
0.7267106188424753,0.6314813,0.9596346,0.9524003,0.09124975,0.13297825,0.21201824,0.18351768
0.9611533486133943,0.8249317,0.99022335,0.9875586,0.25043684,0.18206254,-0.014439435,0.16468792
0.9511599966399866,0.7466692,0.9888647,0.98187613,0.08990943,0.20474254,0.44330296,0.2760158
0.7802251689006755,0.93338335,0.9583264,0.9529481,0.36976588,0.19764037,0.5745125,0.29757774
0.8453491413965657,0.6481596,0.972862,0.96337456,0.12935802,0.1464657,-0.7428667,-0.46878988
0.8503465373861494,0.8755637,0.96073717,0.95589244,0.2553366,0.25651258,-0.3683138,-0.0019293028
0.9179850479401916,0.72086596,0.99245,0.98135114,0.090886764,0.22377409,-0.7763568,0.22177531
0.8693258133032532,1.1221492,0.9391644,0.9486805,0.7298953,0.70100754,-0.405112,-0.09612838
0.9016273505094021,0.8683905,0.98613113,0.97687685,0.19455463,0.25844812,-0.22698998,-0.24668342
0.8165061140244559,1.2271976,0.9377826,0.9684102,0.5819594,0.36229652,0.46905616,0.13696559
0.8308065232260927,1.0678128,0.9442589,0.9717965,0.42059836,0.1384705,-0.43808058,-0.24652497
0.8543705854823418,0.9872252,0.9878141,0.98611575,0.18399648,0.14954385,0.96412754,-0.3205575
0.9054524858099432,0.632003,0.97985953,0.9746783,0.0708441,0.12849829,-0.29937434,-0.09347975
0.9153918855675423,0.80653346,0.98680776,0.97257006,0.18688218,0.22680198,0.1505847,0.3410249
0.9241454885819542,0.4804705,0.9711063,0.96602166,0.07986206,0.0908471,-0.37385905,-0.2150912
0.8095493501974006,1.0973077,0.9774653,0.966659,0.39530194,0.25060013,-0.3054248,-0.5930668
0.9508637394549578,1.1426295,0.97395635,0.9808674,0.261366,0.3230536,0.029310836,0.040749002
0.7894643418573675,0.81166863,0.9260159,0.9418124,0.27359352,0.12634443,-0.2437572,-0.058965273
0.8424324577298309,1.4028481,0.93768036,0.94159085,1.1902022,0.80545133,0.57531035,0.09176635
0.8195322381289525,0.8059575,0.93498075,0.9497991,0.2913848,0.19539958,0.45138437,-0.074832916
0.9033478693914775,0.9094078,0.9859563,0.98771626,0.11680646,0.1777053,-0.16979472,-0.3016226
0.8665368101472405,1.0670257,0.9915062,0.98242587,0.2662887,0.16180596,0.63739383,0.5141924
0.7748652754611017,0.7767341,0.94923383,0.96942556,0.16905549,0.12327968,0.61217165,0.43017453
0.9039172476689906,0.69554305,0.98236835,0.9818057,0.11936118,0.15978919,-0.45327404,0.060807075
0.7526568346273385,0.7403589,0.9423299,0.9563874,0.19844866,0.15595978,-0.16816097,-0.16669084
0.5668870675482701,0.73467875,0.967564,0.96364105,0.061654128,0.1002588,-1.1409372,-0.8918333
0.8692336529346117,0.7952037,0.96007776,0.9619638,0.16163331,0.19713195,0.25906393,0.31510285
0.8800551042204169,0.9986977,0.94775975,0.9810584,0.35765007,0.19300221,-0.035293557,0.12353271
0.8965666902667611,0.662179,0.9764884,0.97653925,0.11513952,0.12768944,0.07599554,-0.033355042
0.7984654338617354,0.77974707,0.8997731,0.9414256,0.3096629,0.2589838,0.2652244,0.05053199
0.8872121248484993,0.79702616,0.9625094,0.97291714,0.19337295,0.22421147,0.39705583,0.26549247
0.8797990711962848,0.77608246,0.9923517,0.97693497,0.1414243,0.23417589,0.75762534,0.43454397
0.8308384913539654,0.59659636,0.9478895,0.95304847,0.14767745,0.18510862,0.8011305,0.5061617
0.9644086256345025,0.76832527,0.98653024,0.98839283,0.17514154,0.19698805,0.69373167,0.11839322
0.7269211476845907,0.5109925,0.9392333,0.94137686,0.08516318,0.13196674,-0.57440597,-0.068979494
0.9130393001572007,0.93572193,0.9848728,0.97602385,0.18178934,0.3838339,0.14675394,0.22092816
0.7453241332965331,0.6575476,0.9424448,0.93902177,0.17346323,0.17615816,-0.35291255,0.11202874
0.8313987495949983,0.9200681,0.95408756,0.96044695,0.38810274,0.23656374,-0.059788574,-0.078423955
0.9070560762243048,0.7135657,0.9776948,0.9725002,0.14849675,0.15284364,0.7407549,-0.023922479
0.8381794487177948,0.82361704,0.9754689,0.97138137,0.17169009,0.14926238,0.14197955,0.24935682
0.8890895083580336,0.8366104,0.9764264,0.9733509,0.18668054,0.15272823,0.12431162,0.104357824
0.8535471901887607,0.6997121,0.96187556,0.9714814,0.17184997,0.1796649,-0.7775666,-0.24890538
0.9023849855399421,2.621559,0.9893452,0.984269,0.18279813,0.9658964,-0.22849539,-0.20463334
0.9260029040116159,1.0302727,0.96001005,0.98439085,0.40081027,0.28982577,-0.30563462,0.00039449122
0.9128078432313729,0.68059516,0.9947527,0.97807795,0.119145855,0.20897101,0.29919228,0.43257713
0.8853674774699098,0.7467587,0.96814597,0.9651668,0.16443211,0.21538015,-0.58821976,0.2934861
0.8634203496813987,0.62412596,0.96747494,0.95962125,0.11680689,0.15183304,-0.579386,-0.48588443
0.634379945519782,0.56544715,0.93737596,0.9316675,0.068148874,0.1722993,-0.42184818,-0.16162534
0.9508045072180287,0.82295585,0.9811755,0.98805,0.120237924,0.10899676,-0.23520257,-0.09882577
0.8399151356605425,0.6259712,0.96915686,0.9596618,0.13195278,0.145848,-0.14826646,-0.35094392
0.8863544574178297,0.6276419,0.9774098,0.9756071,0.07837978,0.1402768,-0.14147305,0.045063764
0.7712970371881488,0.6613001,0.9797152,0.9546876,0.06243072,0.1963537,0.2875828,-0.09562309
0.7652249168996675,0.77964586,0.9789993,0.96608955,0.14065847,0.10822777,0.8950706,0.78783756
0.8495259261037045,0.80254763,0.98890483,0.97710073,0.14334951,0.14146315,-1.7292538,-0.536797
0.8467437389749559,0.8040701,0.96921766,0.964603,0.20767535,0.12644435,-0.19880319,-0.07047091
0.6153990375961504,0.71077543,0.92795616,0.93785757,0.15121073,0.14246577,-0.53586406,-0.20927885
0.747186636746547,0.6562985,0.95492536,0.9424299,0.12596883,0.15927543,1.094156,0.5149094
0.9540734162936652,1.3034943,0.9946406,0.9839642,0.35172564,0.65627843,0.3530888,-0.03757666
0.7879626078504313,0.7052499,0.9592756,0.9647453,0.11172647,0.13574848,-0.32784045,0.10416505
0.8168521954087815,0.97654456,0.9836539,0.9868826,0.12688681,0.11455304,-0.6690536,-0.27176577
0.8244872019488078,0.74554586,0.9628638,0.95193964,0.17128596,0.1895768,0.2998738,0.14704503
0.8113267973071893,0.9707027,0.9793877,0.98744255,0.17535537,0.21969573,0.7936903,0.23484823
0.6122029928119712,0.6783679,0.9338966,0.92933315,0.12744188,0.108734466,-0.32363474,-0.09638619
0.609062340249361,0.55256665,0.9265992,0.9266943,0.09862972,0.08577394,0.15330426,-0.048782963
0.8915188940755762,0.78574497,0.96464795,0.9632526,0.25154868,0.23870601,0.26105884,-0.16798444
0.9160354721418885,0.73384845,0.9938262,0.97428507,0.1378147,0.13588853,0.44142514,0.33496
0.6839339997359989,0.5154634,0.9694763,0.939047,0.048006717,0.11992663,0.37412181,0.22245866
0.8212937491749966,0.6282708,0.9660941,0.96659464,0.09867286,0.1262369,-0.31645852,-0.3393646
0.8828271153084611,0.7666848,0.9741011,0.97089505,0.15014394,0.20995903,0.48785773,0.0040790634
0.7956029904119617,0.99715245,0.96231884,0.9455632,0.24365315,0.21689919,-0.47332317,-0.6091247
0.8996915027660111,0.88689035,0.98357344,0.97494453,0.21935977,0.2706347,0.59592247,0.4379356
0.8119744158976636,0.9551568,0.9694099,0.95373183,0.2053118,0.20386872,0.26783124,0.118350536
0.5809639878559514,0.53908324,0.9507498,0.94183576,0.068222776,0.09191625,-0.6421113,-0.3384526
0.9188577874311495,0.9024908,0.96481395,0.9743616,0.22012319,0.1823812,0.20592596,0.3545081
0.9135972543890175,0.9060336,0.98730177,0.973493,0.2576841,0.38387355,-0.2976249,0.15174073
0.749937143748575,0.82663745,0.9627837,0.9566759,0.15184623,0.1129406,-0.6119541,-0.105847076
0.8918307033228132,0.869701,0.9880376,0.9790359,0.16937691,0.15900044,0.78548855,-0.19133443
0.9178740714962859,0.7874895,0.9798549,0.9790706,0.13153417,0.19649766,-0.41404223,-0.100541845
0.847255517022068,0.5034749,0.9712367,0.9548106,0.091652595,0.13931437,-0.21896367,0.29687154
0.8839208476833907,0.7170229,0.9857565,0.96643794,0.11054211,0.12999162,-0.54817545,-0.09013568
0.7873288133152532,0.7245876,0.9615184,0.96856534,0.13398466,0.11916817,-0.3799572,-0.1627801
0.8106900267601069,0.56304735,0.9355455,0.952975,0.08519326,0.146529,0.063017085,0.16254905
0.8336189504758018,0.74043643,0.945741,0.96478117,0.23112838,0.14205332,1.0257169,0.5472899
0.8548080592322368,0.7588566,0.96260774,0.9648059,0.18473993,0.17090242,0.58658326,0.21759315
0.8167953631814526,0.57876235,0.97808385,0.96909416,0.0781544,0.11708498,0.13480116,0.41959903
0.7707888111552447,0.5133785,0.94011104,0.94918585,0.081039906,0.10028509,0.598088,0.36589545
0.8611415885663544,0.7835561,0.94927484,0.9667195,0.30813715,0.15365428,0.79021615,0.17432176
0.7808506114024456,0.72268814,0.9834184,0.97417706,0.06314643,0.11473455,1.0727853,0.12334276
0.8551572126288506,0.85928094,0.9614116,0.96500784,0.25741544,0.15628007,-0.24891259,-0.29172188
0.796437425749703,0.6959827,0.95839345,0.9548129,0.17107071,0.12726308,0.4387959,0.32219136
0.6174655418621674,0.64083797,0.935271,0.9507408,0.09976835,0.10444753,0.7272695,0.62230676
0.9429970839883359,0.68283653,0.97088885,0.9822469,0.13232155,0.15744404,0.6086443,-0.10458797
0.8621098484393938,0.76493984,0.9761505,0.9679951,0.20707819,0.13989988,0.216294,-0.49931622
0.8462700730802923,0.71186453,0.98145616,0.9649503,0.12560561,0.15848856,-0.0021539654,-0.0029669988
0.9226108264433058,0.7271826,0.98996043,0.97410834,0.2614368,0.24100333,0.48715934,0.29565108
0.9535109500438002,0.89913046,0.97130793,0.9832802,0.33322838,0.22164378,0.5505567,0.038456455
0.8961488005952024,0.9120347,0.9646281,0.9789321,0.2690834,0.24476011,-0.010200066,-0.044145957
0.8299053676214704,0.820444,0.9440313,0.96295464,0.25914952,0.17646098,0.2878175,0.37353817
0.8515945423781696,0.8496501,0.9466797,0.97460073,0.2428163,0.19217466,-0.2634948,-0.047087774
0.8881794247176986,0.5956403,0.97936547,0.96741045,0.07420576,0.09933861,0.16493423,0.23567882
0.8404543698174793,0.88453597,0.98973054,0.98640484,0.12232731,0.15570343,0.3753277,0.40417072
0.8172660530642122,1.139075,0.9762505,0.98173666,0.26656047,0.28101236,-0.9361506,-0.45339364
0.8578441673766694,0.81581557,0.9689245,0.9723235,0.208788,0.12910885,-0.5091184,0.057428684
0.9382537050148199,0.73631364,0.98139745,0.9838184,0.18895486,0.12340909,0.2633143,-0.266472
0.9148729074916297,0.7428922,0.97434247,0.9797197,0.12399638,0.11248568,-0.055054568,-0.057195
0.9414354457417828,0.9379529,0.9884207,0.9845263,0.24571843,0.22521202,-0.13405599,0.08428186
0.8960253441013762,0.9017377,0.99076444,0.9766121,0.18451299,0.36857837,0.1873709,0.21770301
0.8357516950067799,0.78655076,0.9630829,0.96329814,0.13859312,0.15397681,0.625462,0.36951566
0.7203570254281016,0.83913714,0.9629,0.96749663,0.13606614,0.12779601,0.358608,0.09487884
0.5968830595322381,0.5125651,0.9252909,0.94027597,0.08089219,0.090794906,0.6994278,0.33097923
0.8130850443401774,0.7559398,0.9643826,0.97418964,0.11939129,0.123007074,-0.29207563,0.050262608
0.9366091224364896,0.8138517,0.98360956,0.9833184,0.27065217,0.22504881,-0.19660568,-0.13665397
0.9137729350917402,0.4994947,0.9798885,0.96978194,0.07034165,0.12600009,0.49898243,-0.15442896
0.7323078252313009,0.7086303,0.97122043,0.967289,0.115711845,0.13219917,1.1016455,0.58339727
0.8829942519770079,0.6418095,0.9810264,0.9719339,0.11853236,0.14742588,0.5082722,0.20927812
0.8216970467881872,0.98636276,0.9759135,0.95921135,0.3127329,0.36417794,0.2203418,0.5747359
0.7578884715538861,0.6496751,0.9786859,0.9514833,0.101127826,0.15367225,-0.07211879,0.122321606
0.7177935271741087,0.7673816,0.96018463,0.95639724,0.13713811,0.15105951,0.23645787,-0.25400954
0.7618649994599977,0.60648006,0.9469142,0.96326643,0.059149127,0.19082935,-1.2434607,-0.69508785
0.8537972711890847,0.66149145,0.9441923,0.96320796,0.14605018,0.1263321,0.5331556,0.3930912
0.8762588650354601,0.9179815,0.9637051,0.9715611,0.3390601,0.15745124,0.44379035,0.38371405
0.9010169800679203,0.8972383,0.9686127,0.97617006,0.2290318,0.17700823,-1.0565543,-0.5709803
0.7608282913131652,0.56937265,0.948106,0.95549804,0.106997065,0.113345616,0.18021773,0.49719098
0.9483654254617019,0.93668705,0.99037284,0.9751146,0.31257218,0.27696326,-0.010841014,0.4355054
0.9348866835467342,0.74187714,0.9909704,0.98391116,0.06960277,0.1465856,0.5123118,0.0018447075
0.9084021936087743,0.869927,0.9708391,0.9764218,0.24294582,0.23293233,-0.23507406,-0.3563976
0.8628281233124931,0.8539017,0.9745741,0.96936506,0.18041699,0.2216261,-0.9456902,-0.08775306
0.77287086748347,0.66039735,0.93909127,0.9540634,0.12956084,0.1440532,-0.028791144,-0.29593295
0.9375852543410174,0.73485583,0.97525173,0.9756813,0.17841753,0.19524613,0.08882642,0.09031051
0.7601667526670106,0.9935613,0.9105217,0.95325667,0.33888978,0.18080217,0.37115383,0.33136147
0.8774123096492386,0.69547784,0.9726025,0.98184055,0.09964928,0.12641415,-0.46826988,-0.29777724
0.7524876819507278,0.73341435,0.9387031,0.9597485,0.14831418,0.09783086,-0.59408766,-0.5111527
0.7889625478501915,0.8270765,0.95718044,0.9704905,0.21184334,0.14765169,0.08359907,-0.20358509
0.7859592718370872,0.85996944,0.9692267,0.9588128,0.22666945,0.13627052,-0.6758196,-0.5130312
0.8012169968679874,0.9532598,0.9689522,0.9598195,0.3368615,0.21588057,0.019730425,-0.04626019
0.8146407305629222,0.8112506,0.943063,0.9580987,0.286149,0.16514127,-0.78406423,-0.52737385
0.7330261001044005,0.67391366,0.9591878,0.96214813,0.13226028,0.12598608,-0.7142049,-0.4440853
0.7650282121128483,0.66072977,0.9617514,0.9485963,0.08116422,0.10987758,0.08544943,-0.28254598
0.720874371497486,0.55006194,0.94677365,0.95138836,0.08203469,0.09507549,-0.17254528,0.12823789
0.6498542474169896,0.74416,0.9583052,0.94415486,0.1368391,0.12421711,-0.5326455,-0.66130567
0.9222272089088356,0.7549478,0.977515,0.9763534,0.18269941,0.14905223,0.17012502,-0.12141927
0.8827829551318205,0.94111353,0.9924342,0.971112,0.1282097,0.15991755,0.8450629,0.62248707
0.7320496801987206,0.78299975,0.9354549,0.95752746,0.2686144,0.21968564,-1.1113741,-0.7461367
0.8892745970983883,0.57542044,0.9737953,0.9683807,0.14306627,0.15491137,-0.18415827,0.05599582
0.8525140065163624,0.65056795,0.9350978,0.9623005,0.16213657,0.15452828,-0.58093244,-0.21681547
0.8753278533114132,0.73250794,0.9755169,0.9705973,0.24513528,0.10738391,0.22896925,0.28955343
0.5807091068364273,0.63352394,0.8948963,0.94160265,0.13223779,0.09547466,-0.6683225,-0.55207926
0.8392393889575558,0.783368,0.95611596,0.9640046,0.19787763,0.17037016,-0.887053,-0.7167232
0.7281046404185616,0.7410934,0.93477553,0.9551334,0.19429924,0.1291468,-1.1098037,-0.5559434
0.9566099384397537,0.736053,0.9890242,0.9858016,0.09238374,0.13117927,0.95752394,0.29675135
0.9159248796995186,1.0192847,0.9500931,0.9627758,0.37638697,0.4363469,-0.23014536,0.18705054
0.8937512870051479,0.8177626,0.9453922,0.9633267,0.30286446,0.19078243,-0.16795531,-0.21441008
0.7715360781443126,0.6891348,0.9606656,0.9566235,0.18937801,0.0975532,0.7545389,0.5883989
0.8078637754551018,0.89631516,0.9882685,0.9656461,0.196991,0.18882678,-0.047441635,-0.031343814
0.8441147684590737,0.6668865,0.97571,0.9598591,0.08266182,0.14801928,0.62648624,0.19330494
0.7097237348949396,1.225632,0.9875171,0.9915403,0.23974256,0.1698806,-0.6573676,-0.6080818
0.8618578474313897,0.7810698,0.974622,0.9786154,0.13478658,0.21346693,-0.90523344,-0.30440924
0.8284131376525505,1.1815231,0.9590202,0.96158427,0.2637927,0.76128113,-1.1398118,-0.31566182
0.8917550550202199,0.8108138,0.9765041,0.9653661,0.2528414,0.3012515,-1.0122036,-0.12820183
0.5806618746474985,0.60968643,0.91777337,0.9474793,0.11745895,0.09066413,0.521538,0.31375563
0.6334754299017196,0.59422106,0.92919004,0.9568932,0.056876164,0.10375948,0.85365236,0.59671634
0.9536461894722665,0.6581172,0.99043614,0.98618186,0.17090309,0.18544452,-0.032594737,-0.2993658
0.8800798723194893,0.69891715,0.95051575,0.9680342,0.12086247,0.14968976,-0.47267953,-0.009780546
0.936681218724875,0.72346914,0.99047476,0.9763556,0.1861073,0.16323666,0.26744226,0.11291659
0.8939510638042552,0.64065677,0.98169273,0.97247183,0.09308095,0.14851868,-0.44133502,-0.30454358
0.7839077436309745,0.8252046,0.9492259,0.9632879,0.132609,0.15945767,-0.74684113,-0.79882884
0.8440834723338893,0.9419473,0.93514377,0.9597499,0.33966452,0.14360501,-0.111187406,-0.31301415
0.7664783939135756,0.9349047,0.95997405,0.96099967,0.28714645,0.14746849,-0.058872256,0.028804827
0.8605951543806175,0.85928875,0.95019126,0.96248186,0.29472288,0.30977798,0.20396443,0.10163251
0.8097113988455953,1.1245155,0.931025,0.95100373,0.5780122,0.21441527,-0.83614177,-0.15035102
0.8824369697478789,0.8776596,0.98086065,0.95516616,0.29608694,0.5747255,-0.25643125,-0.22982939
0.933856189837308,0.8500441,0.99259865,0.9868163,0.074897304,0.14869463,-0.44623107,-0.46485135
0.8178657674630697,0.7968,0.97355074,0.9612709,0.2258799,0.13616456,-0.010579492,0.41432512
0.8772252049008197,1.1209027,0.96333575,0.9596607,0.37491888,0.35977718,-0.0046770577,0.46323738
0.7018083112332449,0.7250234,0.95081836,0.95734113,0.07708637,0.1246363,0.5401554,0.13304904
0.844628178512714,0.8800058,0.9561937,0.95544463,0.36134696,0.25485477,-0.3235183,0.08850059
0.8560927363709453,1.1273266,0.9562938,0.95687383,0.40971446,0.30377382,0.26680312,-0.78832376
0.677942135768543,0.68885416,0.9345613,0.95044744,0.14625439,0.12842488,-0.055775236,0.07139195
0.7392448129792519,0.6253453,0.92986065,0.9569725,0.1251386,0.10468663,-0.40895852,-0.39786136
0.6842267049068197,0.5990912,0.93601596,0.9598655,0.11525359,0.12055598,0.009813699,-0.17332
0.8473605414421657,0.9638684,0.95482135,0.97017515,0.28520685,0.21798004,0.3218571,0.25891858
0.85838013752055,0.91905975,0.95118296,0.9700416,0.25341302,0.29109102,0.36866084,0.33337602
0.9321200484801938,0.9623767,0.99214023,0.98875517,0.18854484,0.25610524,0.34381613,0.13578275
0.7775114300457202,0.7078499,0.9460904,0.95917654,0.15039766,0.1532662,-0.4779813,-0.35499048
0.5535962943851775,0.6684292,0.9180887,0.9461817,0.11133494,0.0831372,-0.38826072,-0.23709252
0.9386380905523621,0.8608611,0.9756397,0.9803164,0.25976035,0.2069019,0.13425943,0.15716584
0.9180582002328008,0.8630444,0.97326833,0.9738709,0.14713699,0.32682177,-0.1347817,-0.047016215
0.9282583370333481,0.7213495,0.9725997,0.969718,0.11841838,0.1903754,0.4458535,-0.1825758
0.9260681842727371,0.62328166,0.9780348,0.97752416,0.10234456,0.15205024,0.375884,-0.2623443
0.8729075876303505,0.7800717,0.9636549,0.972321,0.20712006,0.1665015,-0.6948143,0.06764193
0.9073996615986463,1.0036517,0.9705031,0.9751087,0.37710232,0.36280054,0.47034663,0.060215965
0.8298315433261734,0.7813133,0.9541069,0.9641334,0.18788919,0.12751348,0.20069279,-0.12790118
0.9080012000047998,0.7627983,0.9727432,0.9756474,0.22099976,0.13749029,0.97241217,0.42417336
0.8984751779007115,0.8646404,0.96282846,0.96755415,0.304622,0.30821478,0.11699617,-0.09049486
0.782003576014304,0.596891,0.93962103,0.9606938,0.11477234,0.1137682,0.14220728,-0.0072118673
0.7168646274585099,0.86584204,0.9376974,0.9508934,0.14334485,0.16506162,-0.13934185,0.14633952
0.9318282073128292,0.8629165,0.9660631,0.9775643,0.2380024,0.26693445,-0.7760473,-0.20371184
0.5849151716606866,0.77551794,0.92157346,0.9464817,0.16825277,0.0884818,0.04644287,0.01979055
0.8532310609242436,0.6751583,0.92441237,0.95411587,0.15571938,0.14639042,0.5936017,0.0042805113
0.7582235128940517,0.89949805,0.9201607,0.94429386,0.33033523,0.29102314,-0.12179241,-0.16330622
0.8243237132948531,0.7571642,0.94967765,0.9609709,0.16834673,0.115437426,0.50976753,0.4690396
0.9182335929343717,0.6961464,0.9747906,0.97489345,0.14954494,0.17238577,0.8201844,0.27795678
0.8954065256261023,0.91161597,0.97131634,0.9677078,0.276923,0.24837373,-0.71390784,-0.41493648
0.8892238128952514,0.571918,0.9661119,0.9694402,0.07232947,0.12145033,0.23074542,0.109176435
0.8444828339313357,0.67218626,0.9375957,0.96131533,0.18858019,0.218356,0.3179834,0.51971155
0.9159796959187837,0.72871995,0.96618253,0.96412575,0.22688736,0.19234984,0.015277902,-0.20451109
0.8631018204072817,0.7138379,0.958458,0.9697123,0.16501744,0.20233303,0.6362218,0.47435838
0.9112883491533967,1.1454959,0.9784814,0.9727653,0.42911756,0.27416286,0.529256,-0.45011583
0.4885791703166813,0.7344353,0.91402084,0.9444874,0.14091195,0.15942103,0.45015353,0.26211512
0.759571550286201,0.63298905,0.9824272,0.9568111,0.0968889,0.12786943,-0.701587,0.43726757
0.7477323989295956,0.79865074,0.98655593,0.9724272,0.12390122,0.14915821,-0.3152496,-0.5937669
0.8788440593762374,0.6861525,0.9855076,0.96982515,0.10433181,0.12927984,-0.12417102,0.21388407
0.8929067716270864,0.9674627,0.95562106,0.97900677,0.3500064,0.17343274,0.095707476,0.19793674
0.9063482653930615,0.8916846,0.9895275,0.9846487,0.21545208,0.20427246,0.10830266,0.10526599
0.8985293221172884,0.65416366,0.9761096,0.9772017,0.086860515,0.137758,0.5800301,0.39956835
0.735247452989812,0.5564965,0.9259229,0.94845504,0.06936746,0.089311026,-0.3181051,0.030924864
0.940443185772743,0.81223994,0.98536694,0.9856458,0.1775012,0.18581189,-0.48507115,-0.09999237
0.9209682598730394,0.946722,0.9696777,0.9767896,0.20608541,0.1806219,0.19967364,-0.11663474
0.8275370381481525,0.66934353,0.95274645,0.95905274,0.15738818,0.1801973,-0.12554717,-0.098820634
0.9286749786999148,0.73408103,0.9822902,0.9745219,0.10386184,0.20420454,-0.015170204,0.07839459
0.9233528134112536,0.7986848,0.9884134,0.9851456,0.16507874,0.113707095,-0.1586263,-0.08361681
0.8881608966435866,0.78106916,0.97471094,0.9843826,0.1444046,0.10824955,-0.02930103,-0.014503394
0.5825019140076559,0.6105027,0.955422,0.945068,0.096431576,0.09053046,-0.7040732,-0.29408264
0.7097535910143641,0.87012744,0.94320476,0.94606656,0.16396505,0.16095224,0.07119823,0.16848457
0.6998925275701102,0.68887883,0.9691237,0.9714467,0.08346727,0.1320178,1.343323,0.9286023
0.8162213768855076,0.63396233,0.9460507,0.9507614,0.14565752,0.11634641,-0.33153468,-0.11851388
0.8837351829407316,0.49346495,0.9637188,0.9624092,0.06088617,0.1071095,-0.030112695,-0.25363815
0.7039085116340466,0.5154873,0.9508935,0.94776815,0.0768907,0.12919033,-0.98742545,-0.6232831
0.8899540878163512,0.684957,0.9688801,0.96469545,0.16458042,0.16422178,-0.24571273,-0.20731615
0.8355184140736563,0.5836165,0.948098,0.9632157,0.1070063,0.11629346,0.7628226,0.25208852
0.8641027204108817,0.6245079,0.96887136,0.964414,0.1224873,0.12477549,0.30798835,0.21634294
0.7963874095496382,0.5824781,0.947541,0.95091885,0.07751978,0.20026302,-0.24502161,0.02388249
0.9585649862599448,0.85519236,0.98253095,0.9802553,0.29419506,0.328079,0.06461119,0.031423535
0.9334427417709671,0.8027395,0.9747356,0.98438686,0.19020136,0.17306599,0.23217447,0.10621969
0.7591534686138744,0.925967,0.93829715,0.96438295,0.33505774,0.20052631,-0.8742577,-0.33791572
0.9613648374593498,0.9493693,0.9925817,0.9873673,0.19604765,0.26837832,-0.11431072,-0.12328477
0.7266157704630819,0.9437437,0.94226575,0.9567873,0.3906965,0.22431321,0.7702955,-0.012834229
0.6884337297349188,0.58134985,0.9654213,0.9434751,0.054484494,0.10117257,-0.64578444,-0.38483357
0.9152189888759553,0.96171397,0.97942287,0.977298,0.20814547,0.40961158,-0.22857435,0.3285685
0.892433585734343,0.91759527,0.99061126,0.9839773,0.23335904,0.1865891,-0.39682314,0.25367022
0.8512787971151885,0.80414134,0.99205774,0.9855016,0.10504289,0.1579989,0.6484556,0.55869335
0.8628508754035015,1.0008318,0.97146475,0.9620806,0.32524598,0.30792993,0.05693593,-0.03599574
0.8639005436021744,0.7158094,0.9753771,0.97553277,0.12212766,0.10471034,0.19858901,0.27980983
0.9421443125772501,0.66134757,0.9914986,0.98521304,0.13615426,0.14217187,-0.18976827,-0.15895016
0.9086168504674017,0.98617786,0.9886673,0.96600324,0.20463417,0.58423525,-0.16732346,0.24923135
0.8647507230028919,0.6730074,0.95203733,0.9631972,0.20401855,0.15711054,0.044710934,-0.14028472
0.7197023028092112,0.56726545,0.9570414,0.95208853,0.091793604,0.12351076,0.4582486,0.6392066
0.9101674486697946,0.7865504,0.9804507,0.9733955,0.267724,0.122981556,-1.2047179,-0.10013593
0.6600489121956488,0.73505145,0.9461674,0.94847935,0.14047077,0.12623258,-0.33416757,0.19533263
0.8458101352405409,0.56457615,0.9707781,0.9647039,0.07134114,0.12905943,0.2568409,0.33397412
0.9387011628046511,0.66226995,0.97959316,0.97563154,0.15407258,0.20916836,0.18910185,-0.01865281
0.9117893751575006,0.8492922,0.98090893,0.97918606,0.26176098,0.30691823,0.5655464,0.117208764
0.933756759027036,0.6596197,0.97926337,0.9756086,0.12631986,0.1976532,0.22329372,-0.1189264
0.7804326257305029,0.59998477,0.9338259,0.9594346,0.12789474,0.119725324,-0.21204431,0.16538252
0.7512266209064836,0.55190766,0.96071196,0.9609451,0.12520339,0.14093103,-1.1680249,-0.97554386
0.7805320821283285,0.76691383,0.946954,0.95820814,0.1926982,0.19782422,-0.36308122,-0.4343138
0.793431941727767,0.75968575,0.95621914,0.95448935,0.09706445,0.09964604,-1.3118684,-0.57231444
0.8732394609578439,0.8797873,0.9770847,0.9732843,0.17255086,0.12127807,-0.26263392,0.1828322
0.909320245280981,1.0804995,0.9839704,0.98714334,0.19844978,0.26904327,-0.6044742,0.21722472
0.8492611570446282,0.94730914,0.93068266,0.9622809,0.3626442,0.32876816,-0.65857726,-0.0012975734
0.8507990831963328,0.7562814,0.9683529,0.9640695,0.15337595,0.13806471,0.3096358,0.22348155
0.7799913119652478,0.6165774,0.94627076,0.9480418,0.07021967,0.10215912,0.46974698,0.37072563
0.9174532058128233,0.809262,0.9757694,0.9813952,0.18146375,0.16983351,0.47905722,0.36977625
0.6415394621578486,0.60460913,0.94609195,0.94600296,0.09695478,0.11572681,-0.5738482,-0.21062174
0.5787632750531002,0.7537417,0.95210886,0.9431978,0.12579037,0.17012987,-0.23036845,-0.44070932
0.9246191544766179,0.75735897,0.98314494,0.97839284,0.09478601,0.14802842,-0.33729997,-0.2346195
0.714062664250657,0.5745988,0.94726765,0.96041787,0.07763897,0.0950299,0.37795994,0.04826821
0.9459127116508464,0.7702296,0.98607415,0.9845788,0.20396139,0.19312827,-0.6838496,-0.2736846
0.9452748850995404,1.1163689,0.9580692,0.97622013,0.59074205,0.580765,-0.33068562,0.23930465
0.945376741506966,0.9260623,0.9878034,0.9801668,0.24686626,0.22700429,0.21544318,-0.22378117
0.815942015768063,0.739803,0.97384226,0.9667063,0.16327517,0.14534983,0.11050348,-0.17497893
0.8253866295465181,0.78153235,0.9609375,0.97113407,0.18019052,0.21571244,-0.7398309,-0.39459732
0.9268080592322369,0.4938442,0.9617386,0.9751822,0.05870335,0.12060621,-0.14426836,0.06518316
0.8452354769419078,1.0281928,0.9582575,0.9753482,0.35751012,0.18996249,0.5653881,0.6054381
0.6235413101652406,0.56162494,0.8991809,0.94498104,0.058516115,0.14617413,0.36238956,0.38197127
0.9416000864003455,0.61160827,0.98296887,0.97901696,0.09563129,0.17041557,0.10913181,-0.17140897
0.9042724490897963,0.78826356,0.99079686,0.98210794,0.11376808,0.23088416,0.7523288,0.41257298
0.5494261337045347,0.8595051,0.93597114,0.9425888,0.19596678,0.12711295,-0.29683295,-0.27802703
0.5958584474337897,0.87850064,0.89599526,0.9467588,0.30192265,0.14758292,0.68743736,0.43055493
0.930061704246817,0.74424106,0.97935706,0.9818689,0.16433181,0.16009301,0.23491414,0.15805094
0.936940323761295,1.0246936,0.984179,0.9764097,0.27312374,0.21789373,0.0119686555,0.25684997
0.7156006864027455,0.52252126,0.94355506,0.9505045,0.073118106,0.10395675,1.152173,0.6122355
0.696186048744195,0.60384345,0.94002473,0.9477332,0.09518758,0.08437726,-0.47341597,-0.2343466
0.7689512678050712,1.09052,0.9161854,0.95474446,0.44319502,0.19129945,1.0676429,0.71655214
0.8674947019788078,0.9781173,0.97660214,0.9824231,0.10426762,0.16543394,-0.8035813,-0.51073134
0.8760324001296005,0.7248019,0.9794406,0.9791324,0.10867835,0.1198971,0.26214415,0.31347716
0.7829762519050076,0.7948548,0.950048,0.94959724,0.1632512,0.109230466,-0.36609292,-0.31980053
0.6951764127056508,0.74031615,0.9721541,0.9651321,0.11191627,0.13309173,0.24188492,0.64079624
0.8384181056724226,0.8234031,0.9857903,0.96936333,0.1026675,0.17188889,-0.45326596,-0.76607436
0.8058998955995823,0.67675924,0.9403833,0.9532626,0.19728775,0.15124133,-0.27545467,-0.09770974
0.8522635690542762,0.5465461,0.97727627,0.9549563,0.087480746,0.118313484,0.8167768,0.4962056
0.9194609578438312,0.9064567,0.9933526,0.9786067,0.18651724,0.32826588,0.025704525,-0.2158118
0.6632196128784514,0.61668915,0.925188,0.9459576,0.1114994,0.101339765,-0.7926332,-0.8635607
0.881504806019224,0.71383786,0.94367635,0.95386016,0.26629257,0.24629846,-0.24117562,-0.21625882
0.8230552602210408,0.5346824,0.98776585,0.9595857,0.080394834,0.10223029,0.14088121,0.046997678
0.9425484741938968,0.65383244,0.9822158,0.98180026,0.05771101,0.13804139,0.57375425,0.43352595
0.610933099732399,0.88317853,0.9404613,0.96576774,0.17685188,0.15100068,-1.0769508,-0.97386366
0.845001332005328,1.141357,0.97822917,0.9647952,0.4837997,0.22588955,0.22157265,0.04897883
0.9072522050088201,0.84807724,0.976028,0.9750771,0.21932487,0.22840153,-0.42813888,0.10131502
0.8492016368065471,0.79774636,0.96922153,0.9704496,0.17865936,0.17434846,-0.48334396,-0.23591414
0.7369688358753435,0.6196778,0.9647505,0.96286714,0.07191099,0.10523708,0.436548,0.50269425
0.8998325273301092,1.0267761,0.9849325,0.9750694,0.2393179,0.22239873,-0.23881935,-0.039473627
0.6999809439237757,0.6287338,0.9633398,0.93893427,0.12362397,0.17170389,0.076275624,0.16730237
0.8461299125196501,0.7831989,0.9703151,0.95975417,0.14660728,0.25670022,-1.3531139,-0.4654009
0.7962244008976036,0.80944306,0.95172215,0.9470147,0.2346183,0.2436539,-0.6506859,-0.36168307
0.8724921939687759,0.8103858,0.9807442,0.9760373,0.16146374,0.23185198,0.4683694,0.36442703
0.7492322129288517,0.5608484,0.94240946,0.93633646,0.10720525,0.11998977,-0.48953706,-0.15623777
0.8597871191484765,0.8240447,0.9923616,0.9677199,0.1676943,0.29362777,-0.4168462,-0.8725292
0.6572874611498445,0.8568993,0.9027064,0.9420987,0.20125836,0.12646294,0.16528136,0.032465883
0.5813957015828063,0.5497818,0.95319855,0.9405346,0.05275008,0.110104814,-0.4374136,-0.5856065
0.8756938067752271,0.7700196,0.9862433,0.96950877,0.15343107,0.21766554,0.64781797,0.56003374
0.8834108936435745,1.0188737,0.97893435,0.9753213,0.37436277,0.30302706,0.07267675,0.18108656
0.8394782379129516,0.6869932,0.96071094,0.9487652,0.16292277,0.20823237,0.36225063,0.12341244
0.9370493801975207,0.79170334,0.98609775,0.98480695,0.12548266,0.12208245,-0.17619695,0.11212982
0.8296885027540108,0.66269565,0.97518766,0.96621984,0.09800358,0.16522717,-0.38932827,0.049323093
0.7297702470809883,0.6884204,0.95736176,0.96141493,0.10667886,0.16398682,-0.89650166,-0.6876376
0.8657026628106512,0.66818655,0.9673948,0.96372074,0.0878299,0.19349287,-0.03447551,0.25311863
0.9677373429493719,0.7580279,0.977303,0.9783313,0.24038331,0.4080787,-0.7491925,-0.018771486
0.8209954759819039,0.6860434,0.94553894,0.96124125,0.10804965,0.103971615,0.03338225,0.009510764
0.8818933195732781,0.7998159,0.9441643,0.94340545,0.3944912,0.42357436,-0.07140615,-0.08168019
0.899874863499454,0.93208945,0.9819876,0.9763647,0.25324807,0.20038956,-0.046672076,-0.20423837
0.8165549782199129,0.7371516,0.92466545,0.95973724,0.18918827,0.1758882,-0.5657519,-0.38046408
0.8843064812259248,0.91832924,0.96056634,0.97065544,0.22308184,0.24099672,-0.21962984,0.25935224
0.8950371161484645,0.8318911,0.99293536,0.97702646,0.15745361,0.17674676,0.7605153,-0.3050849
0.8714937899751598,0.7936562,0.9923863,0.98741996,0.11293722,0.10993916,-0.30554077,-0.16079327
0.8985242340969364,0.85342664,0.9687326,0.96539557,0.22662683,0.23313567,0.123757884,-0.021090368
0.9462842331369324,0.925597,0.9939387,0.97894,0.1563966,0.33336326,-1.1402117,-0.41903445
0.8923347053388213,0.7567218,0.984461,0.9808299,0.106855065,0.14367545,-0.37750214,0.11944572
0.7216627266509066,0.59337246,0.92259896,0.95881355,0.076959915,0.120879,0.06788899,0.14808433
0.6538718634874539,0.67709184,0.9328313,0.9457364,0.11912231,0.12836793,0.21110713,0.23957436
0.840120480481922,0.8380704,0.9654824,0.96973145,0.19959985,0.18655923,-0.32216236,-0.45638794
0.8611727886911547,0.7578783,0.9516223,0.9669162,0.18327127,0.21082132,0.057736766,-0.25992158
0.9084932979731918,1.001583,0.9909255,0.9732649,0.3507579,0.50933504,0.70827186,0.009277732
0.8432588290353161,0.8061883,0.9754689,0.9639916,0.17169009,0.2681272,0.14197955,0.2609182
0.941681014724059,0.8534751,0.9948318,0.9740229,0.2817744,0.30691355,0.83627874,0.061417118
0.929938919755679,0.9441736,0.9945364,0.9851316,0.18797258,0.122768365,0.63476425,-0.49509025
0.6064226176904707,0.5496315,0.9046579,0.94182664,0.076672494,0.12282785,-0.29389068,-0.08745618
0.9096002784011136,0.8520994,0.9897352,0.974805,0.24244247,0.27913195,-0.6619544,0.0950517
0.8776066144264577,1.0863962,0.9444088,0.9598908,0.6219395,0.4449399,0.29653996,0.61286056
0.8959272317089269,0.9293367,0.9877351,0.98449033,0.12294381,0.21216765,-0.8878225,-0.4323384
0.7600451201804806,0.60714054,0.9600688,0.95585066,0.07258074,0.13252062,0.13550735,0.032701045
0.8538587114348457,0.8435303,0.98118544,0.96864015,0.16521864,0.19759053,-0.24360694,-0.33810678
0.6619957039828159,0.71074915,0.9604279,0.9496874,0.1097008,0.14498216,0.2790606,0.46384177
0.8173300853203412,0.8222691,0.9845656,0.9514975,0.2152754,0.15092963,0.5150161,-0.012016272
0.9198485113940456,1.0853721,0.9797784,0.96984375,0.51623195,0.26709944,-0.42398092,0.5192599
0.7339656558626234,0.69660103,0.9749971,0.95527893,0.08749869,0.13184927,-0.015106378,-0.23805557
0.8921038244152977,0.9771343,0.97250247,0.976675,0.17896292,0.33551267,-0.132502,-0.17789613
0.8329945639782559,0.74052745,0.95146513,0.96259767,0.20090057,0.19774388,0.35786295,0.1735034
0.8233961575846303,0.5543187,0.93930095,0.94454104,0.08328088,0.15994035,-0.44524023,-0.23836753
0.8335298621194485,0.7691671,0.9511013,0.95136344,0.20627825,0.17033291,-0.3298206,-0.40616563
0.8138636074544299,0.8052456,0.96573937,0.95927656,0.17065166,0.15513869,-0.64509416,-0.2970313
0.9394171336685346,0.9641495,0.9853404,0.9736458,0.328457,0.41425577,0.14783649,0.015431832
0.8978898635594541,0.97986686,0.97616225,0.96781206,0.28773975,0.31742933,0.46950105,-0.062193345
0.8388177552710211,0.82609135,0.944992,0.9591286,0.18789008,0.12200656,0.7912811,0.52833986
0.7637626390505562,0.6176363,0.91858023,0.9376501,0.11340458,0.09002994,-0.20373559,-0.4709137
0.8252853491413965,0.85335994,0.94032276,0.96601814,0.16234021,0.16603898,0.62527746,0.45998883
0.8997248148992596,1.160609,0.9947327,0.97238934,0.14441012,0.18484877,0.8403865,0.66555595
0.814945051780207,0.8246854,0.95219797,0.966698,0.13029246,0.14844719,-0.66048723,-0.24761201
0.8251807087228349,0.68585527,0.97713125,0.96956766,0.051440645,0.1279601,0.4125985,0.31026515
0.8595691982767931,0.7392301,0.96007204,0.9627895,0.18288678,0.14588952,0.06691048,0.049728945
0.9370441961767847,1.031112,0.97377235,0.9642922,0.3274842,0.5574657,0.10836965,0.057373334
0.9205785943143772,0.7190273,0.9758735,0.97701836,0.11320526,0.13823944,-0.03892008,-0.22125736
0.5799203676814707,0.58261055,0.9305132,0.9394564,0.07741338,0.08852009,-0.21886499,-0.19083364
0.943325981303925,0.85410357,0.98191166,0.9754834,0.3228856,0.46589753,-0.9511221,-0.6106647
0.7738356713426853,0.64066774,0.9509352,0.96059746,0.0943704,0.13261774,0.28157365,0.17745529
0.36958659834639335,0.5933676,0.9440555,0.9324994,0.052581586,0.10570558,0.6588002,0.6220546
0.7731457165828663,1.1151954,0.9739453,0.97324836,0.312984,0.20970286,0.65836906,0.336637
0.5657488869955479,0.8875,0.9250338,0.9465584,0.27481568,0.13653746,-0.62424475,-0.36393702
0.8315225900903603,0.77697766,0.9911085,0.9788022,0.13654217,0.11025416,-0.14182392,0.25699225
0.7074434377737511,0.9473675,0.9266739,0.94651103,0.296946,0.11846795,0.07408263,-0.08478575
0.7025047940191761,0.83044153,0.9674957,0.9448422,0.16567212,0.3247298,0.23473562,0.33647895
0.7322724010896043,0.65697145,0.9552207,0.947727,0.14597419,0.11790738,-0.43138012,-0.7118179
0.8498132552530211,0.6872299,0.98027176,0.9630806,0.09665476,0.27706534,-0.22492541,-0.49753237
0.903305821223285,0.8144542,0.9626447,0.9705987,0.20355089,0.18594505,0.64619553,0.03637073
0.9044146256585027,0.73189193,0.96390057,0.96528083,0.10631932,0.22986151,-0.06279262,-0.14437193
0.7861343765375062,0.78637195,0.95208204,0.9657499,0.15013865,0.16599512,-0.4590763,-0.42916197
0.9476529106116425,0.72741735,0.9727628,0.984829,0.15488371,0.14407276,0.07877019,-0.20071925
0.9311824127296509,0.6668727,0.9837847,0.98011,0.10493105,0.1794725,1.0811164,0.6649633
0.8688369793479173,1.0616447,0.9693575,0.95841074,0.3998992,0.48752362,0.38002035,0.3162414
0.9198397753591013,0.879875,0.98686063,0.9834429,0.112754345,0.1714766,0.3364995,0.18993609
0.790068856275425,1.1328676,0.97355586,0.9615497,0.5458677,0.21410646,-0.5471137,0.29979882
0.8872269089076356,0.9076075,0.9886958,0.97224045,0.22964884,0.18149939,-0.3675143,-0.22561412
0.7224625058500234,0.78919554,0.96960866,0.96488357,0.18881238,0.13826203,0.76825917,0.7962243
0.8772238608954435,0.67552704,0.9785949,0.96296895,0.14773929,0.17886235,0.5996548,0.5800696
0.9000983523934095,9.483352,0.9843162,0.9776074,0.3193856,9.363022,-0.0492246,0.023487858
0.8094250297001188,0.73185307,0.9662764,0.96751887,0.17397226,0.18318664,-0.6071952,-0.8728282
0.8925214260857042,0.8178529,0.9885662,0.9691631,0.1881621,0.26977992,0.40426105,-0.27462
0.8738846795387181,0.9343293,0.9671066,0.97693086,0.26006585,0.35220307,1.1168317,0.48713392
0.8488364513458053,0.8231039,0.9390462,0.95317155,0.19015488,0.1841131,-0.69909745,-0.36995003
0.9030251161004644,0.8941188,0.9882832,0.96905756,0.16957861,0.21346785,0.21874933,0.36470783
0.8297030948123791,0.8162105,0.95329434,0.96299464,0.24473327,0.1911019,-0.40178403,-0.32083303
0.7661828087312349,0.54301786,0.9445741,0.9487566,0.06972176,0.1430235,0.6563904,0.4314398
0.8650310441241763,0.85916954,0.9658797,0.9594223,0.21551917,0.18890163,-0.6786278,-0.70009613
0.9101413365653462,0.7460795,0.98210776,0.97863275,0.123679325,0.15863234,0.3036436,0.38916555
0.8119867999471998,0.5833925,0.96074706,0.94623286,0.11010223,0.1967121,0.49843523,-0.0065331343
0.7650237960951843,0.818447,0.94189525,0.9577939,0.2514557,0.19675441,-0.59305507,-0.6496181
0.7297219588878355,0.77412534,0.9582882,0.95541555,0.13961641,0.13443808,-0.53369427,0.13912474
0.8872381409525637,1.0143698,0.9872647,0.971053,0.23879375,0.26999128,0.1473237,0.046942577
0.8688244992979971,0.907679,0.9792776,0.98188776,0.1632353,0.1900013,0.47839236,0.34532836
0.893823191292765,0.8492643,0.9793642,0.9650915,0.22579631,0.38525254,-0.07534532,0.07939594
0.8857138468553873,0.79757077,0.95854264,0.9630956,0.23680225,0.25725606,0.13579302,0.17999771
0.8290444361777446,0.8657762,0.9701097,0.95949125,0.15313306,0.2588282,1.2657439,0.7924803
0.8905489061956248,0.99294955,0.9570436,0.9522128,0.51207566,0.5611529,0.4798878,0.2938871
0.8367778431113724,0.8224254,0.95803547,0.9711552,0.15652357,0.22037773,0.06869762,0.30730245
0.9431706526826107,0.8937186,0.9725207,0.9851197,0.2587636,0.2478404,0.19465788,-0.10962579
0.8441508646034583,0.854004,0.9885305,0.9847113,0.15460728,0.27548113,-0.7016162,-0.12546948
0.858504266017064,0.86627895,0.9683645,0.96830904,0.2128147,0.17095669,0.97919023,0.19713093
0.9192121248484995,0.9527307,0.9914854,0.9878239,0.08486679,0.11057467,1.0733534,0.2897209
0.7085424501698007,0.68944484,0.90811706,0.9512222,0.1582502,0.17989466,0.19937804,0.11736989
0.9247670910683644,0.67610097,0.9588298,0.97100705,0.21015956,0.27370542,-0.6313838,-0.24031411
0.8698022632090527,0.6450674,0.98147017,0.96547747,0.101428844,0.17096484,0.3208311,-0.21658307
0.8129052356209424,0.5576078,0.9658445,0.94751966,0.09728963,0.1638761,0.3175636,-0.18270704
0.777753447013788,0.875127,0.94574696,0.9516152,0.27435806,0.17708631,0.4564665,0.14106135
0.8455162780651121,0.7636113,0.9490926,0.9433502,0.28348598,0.27142397,0.30293462,0.36211044
0.7582675770703082,0.8464516,0.96885854,0.9620319,0.20864321,0.12513869,-0.97646636,-0.90525943
0.924318961275845,1.0713906,0.960721,0.9678127,0.36945096,0.28953084,0.24377427,0.31032115
0.8707606350425401,0.91539097,0.9824663,0.9749225,0.2353397,0.16476488,0.38800433,-0.17315009
0.7043041292165169,0.72210664,0.95514,0.94857293,0.086006336,0.20671171,-0.29817763,0.09247641
0.9283208332833333,1.3469877,0.97550327,0.98125404,0.37932098,0.609689,0.46424958,0.008059465
0.8494620858483434,0.751607,0.9911717,0.97123164,0.09144149,0.21851622,-0.42482916,-0.13339275
0.773309397237589,0.7056266,0.93806183,0.9514909,0.22568797,0.21164906,-0.20978819,-0.16516076
0.8555547502190008,0.757179,0.9760946,0.95885634,0.14617367,0.14906614,-0.37505996,-0.36141214
0.9061186324745298,0.7627706,0.98193616,0.9672679,0.16776869,0.1821883,0.05710481,-0.2980982
0.8988374833499333,0.78154385,0.9659103,0.96962446,0.13140559,0.2558978,0.5595816,0.15579538
0.9378501194004775,0.96380585,0.96658593,0.9834656,0.2983023,0.23750535,-0.36072817,0.14021938
0.5431564446257784,0.576992,0.9510454,0.9385137,0.11210483,0.121207505,-0.8821191,-0.6855098
0.9245114420457682,0.68430305,0.98305976,0.97750187,0.14612097,0.1130071,-0.54531795,-0.6350096
0.9482987051948207,0.8651158,0.9934483,0.98498124,0.14653939,0.2661725,0.850011,0.49526173
0.5865452581810326,0.69790053,0.9393957,0.9550336,0.089602076,0.11786913,0.7944137,0.90354925
0.8344573218292873,0.95415616,0.95672524,0.97126764,0.26081914,0.22387034,1.168693,0.66635686
0.8684607538430152,0.8201628,0.970687,0.96175164,0.21640067,0.2833556,0.45841438,0.49949336
0.8000936003744015,0.8136442,0.95838624,0.95391387,0.22650848,0.2307944,-0.32515,0.08954285
0.8771763407053628,0.58966833,0.9628843,0.97317207,0.088479325,0.1741628,-0.7546217,-0.67403644
0.911814911259645,0.706239,0.9619018,0.970091,0.18431398,0.18517931,0.3584513,-0.022142306
0.8420897363589455,0.7809823,0.9715921,0.9717254,0.15836583,0.14717124,0.53650624,0.5806145
0.788254833019332,0.8128664,0.9384489,0.9395379,0.25325748,0.23221901,0.027869094,-0.250858
0.8304590018360073,0.6692872,0.9556358,0.95691925,0.19134293,0.12971385,0.5281199,0.15299866
0.9215548222192889,0.64899445,0.9802697,0.9819677,0.102135725,0.124223,-0.12766658,-0.47099796
0.9630497401989607,0.71356,0.99064696,0.98952603,0.15985818,0.22346883,0.69505006,0.16631101
0.9221851607406428,0.88107973,0.9854297,0.97454447,0.2565306,0.27089685,0.1759344,-0.07576652
0.6503773535094141,0.5719652,0.9024843,0.9432502,0.0787696,0.120600395,-0.3271593,-0.25525063
0.8273250693002773,0.8320703,0.93189263,0.9611959,0.18115036,0.12380381,-0.12121195,-0.42285606
0.8150069720278881,0.92431545,0.9479895,0.96987677,0.30791557,0.24017991,0.745924,0.3179667
0.8789151956607826,1.1097738,0.9904954,0.9760037,0.31805265,0.38416177,-0.4337874,0.21217278
0.7504657218628875,0.5950879,0.94092035,0.94644773,0.10601998,0.10924294,0.041219875,-0.070668966
0.8353954375817503,0.7174801,0.97676617,0.9603963,0.10204465,0.14955258,0.8548651,0.5426526
0.8499543758175032,0.55591565,0.95289594,0.95788455,0.08363484,0.12952612,-0.5857731,-0.28831136
0.9281044484177937,0.7581326,0.98234904,0.9779423,0.10854451,0.1757048,0.04345958,0.03625164
0.9121978567914271,0.73661965,0.97308064,0.97537935,0.17640167,0.18677196,0.26079914,0.34018117
0.7905305221220884,0.69109434,0.9429167,0.95552933,0.15245552,0.13174729,-0.24605164,-0.12980783
0.8485347221388885,0.72977763,0.96487284,0.9626258,0.121116,0.18114589,0.1875395,-0.34319973
0.9247918591674367,1.1335971,0.9789782,0.9698361,0.45246708,0.4294119,-0.16254406,0.043674976
0.5453865335461342,0.5735498,0.9214977,0.93617415,0.08069768,0.11062891,-0.5620463,-0.28292483
0.8380331441325765,0.62472385,0.96094966,0.95450693,0.1338303,0.16370642,0.09240687,0.15733805
0.9059024396097582,0.89602786,0.9800708,0.97689176,0.28473726,0.18134236,0.150381,-0.054495014
0.9312982851931407,0.9335342,0.9789484,0.9680599,0.35022256,0.5174191,-0.10270901,0.24485262
0.8437371029484116,0.6047757,0.93417096,0.95166093,0.14732434,0.15302338,-0.6996955,-0.022812445
0.9007946431785726,0.70422673,0.9893086,0.970294,0.1151912,0.24939427,0.45882732,-0.17362143
0.9139720398881594,0.7659345,0.9854276,0.9780146,0.10985124,0.23177989,0.4686512,0.52473706
0.8428501554006216,0.6944201,0.9442936,0.95854044,0.1274498,0.19611989,0.7776429,0.60602
0.9429706838827355,0.9044924,0.9865145,0.9851603,0.25480744,0.16025507,-0.03931527,-0.016734019
0.8124324337297348,0.6549038,0.97951126,0.9705357,0.12817246,0.13915586,0.14085555,-0.09474152
0.9267341389365558,0.6720993,0.97515935,0.9692187,0.1087125,0.186458,-0.5409047,-0.38406453
0.9216110784443139,0.8649851,0.97950727,0.97231644,0.1969589,0.42521608,-0.74432683,-0.272274
0.9381076884307538,0.55171424,0.99469364,0.969842,0.077827156,0.17133912,0.00832058,-0.05931753
0.8408509474037896,0.7845973,0.97309804,0.9658964,0.18856868,0.16202687,0.08698377,0.04343941
0.954818379273517,1.0386393,0.9853515,0.9820436,0.36549625,0.31616965,-0.56751466,0.27463168
0.8936502946011783,0.90381235,0.99234605,0.98480594,0.10715637,0.16890363,-0.28754187,-0.60809624
0.812620210480842,0.7312443,0.94826394,0.95854646,0.124320515,0.12298442,0.4884439,0.4585556
0.8486190104760419,0.6680017,0.9769489,0.96199787,0.078682646,0.13899516,1.0535097,0.60903335
0.9078362713450852,0.74942034,0.9875813,0.97017497,0.14402609,0.19847777,-0.4101931,0.07695639
0.9024288577154307,0.92178583,0.99494505,0.98124295,0.10947198,0.18066087,-0.077571206,0.39285102
0.8437287509150037,0.64385915,0.95519495,0.9739976,0.08695998,0.11140586,-0.70836705,-0.6127562
0.8559044796179184,0.59012556,0.9588247,0.9554761,0.093843855,0.18071838,0.013686949,0.6308914
0.8839891999567997,0.8873922,0.99312025,0.973099,0.15571783,0.3633459,0.27658853,0.39994442
0.9079734558938235,0.8295632,0.99109787,0.96902126,0.1687766,0.20623176,-0.75151294,-0.06432825
0.924937971751887,0.95785284,0.9914307,0.976172,0.23362906,0.34622014,-0.72180694,0.0055256733
0.8435183180732724,0.94708836,0.9645673,0.96351683,0.22489242,0.32964155,0.2925692,0.15895963
0.8667076908307632,0.85023034,0.98368263,0.98081,0.12619476,0.1697063,0.24831872,0.33394226
0.8306354505418021,0.7608471,0.9594184,0.95171636,0.20850682,0.15168408,0.047874108,0.21701095
0.8986666026664106,0.8254619,0.97300017,0.9803306,0.16371703,0.14421538,0.28673005,0.3060506
0.8400323521294084,0.7796574,0.9560218,0.963795,0.19491515,0.11843937,-0.16880964,-0.3717881
0.9221006804027216,1.1496032,0.9767195,0.98163056,0.33268067,0.36084765,-0.12891233,0.26748547
0.8316457585830342,0.57951325,0.9704102,0.95344096,0.075542934,0.19232228,0.25757203,0.30231518
0.8184674018696074,0.7017605,0.9450647,0.9487912,0.18650994,0.20501152,-0.6586342,-0.4401871
0.6842806571226284,0.92676747,0.91574657,0.96122557,0.25154507,0.12099596,0.34748805,0.54937994
0.940695186780747,0.82208985,0.98494214,0.9816993,0.13444592,0.2275563,-0.038262375,0.21050163
0.9217202308809235,0.7269518,0.9657793,0.9687714,0.13190845,0.14405744,-0.07753068,-0.19191886
0.8828590834363337,0.81776434,0.973358,0.96824,0.2008011,0.18617804,0.6595426,-0.3164126
0.6260277201108805,0.44382614,0.91504836,0.9260964,0.061135285,0.11119418,-0.49439642,-0.39394608
0.863821439285757,0.7879661,0.98058933,0.9775755,0.12314916,0.16279152,0.2609152,-0.21935773
0.8457219108876436,0.6176772,0.96357226,0.961663,0.119309396,0.12051339,0.38038436,-0.12010736
0.8695021660086639,1.2410316,0.99126023,0.9886767,0.16415882,0.21992704,0.3967217,-0.1270787
0.7431242844971379,0.76879644,0.96482646,0.9542533,0.18389653,0.1344308,-0.7442866,-0.19768879
0.9046550106200424,0.64280295,0.97925407,0.9737286,0.12557143,0.18345648,-0.027542962,0.3177109
0.9133436213744854,0.6100661,0.98654646,0.975903,0.08278185,0.11613129,1.0270807,0.091428
0.865250693002772,0.795809,0.9407287,0.9533343,0.27868214,0.2504366,1.1630675,0.6367638
0.8748259633038532,0.752629,0.9665894,0.9528632,0.1857397,0.31067306,0.6128184,0.3074455
0.6913329413317653,0.8512011,0.944025,0.96594167,0.16409019,0.122331314,-0.46171215,-0.5345525
0.9552294529178116,0.8736467,0.98636407,0.98729193,0.15748632,0.15105669,0.08245766,0.113694556
0.88825238500954,0.93238676,0.9768274,0.9635294,0.22370622,0.35568166,-0.46930337,0.45730922
0.7278912315649262,0.6798289,0.9553721,0.9329024,0.10817167,0.19153535,-0.32557562,-0.051951237
0.8082261769047075,0.8583813,0.9569092,0.95293385,0.21990462,0.22925916,0.72167885,0.32769227
0.8311285085140341,0.7149778,0.93906957,0.9496015,0.15228625,0.2266919,0.43521792,0.030173954
0.7704295777183109,0.659578,0.94127923,0.9552905,0.11160526,0.13839568,0.04403655,0.4188655
0.6944490177960712,0.6986209,0.9610092,0.9461448,0.11531959,0.095893174,-0.019002043,-0.022952082
0.795945231780927,0.5947128,0.95093334,0.94966143,0.13960657,0.13715248,-0.32834038,-0.3252541
0.9141791127164508,0.6847188,0.9827376,0.96080476,0.11004446,0.28284475,-0.024727132,-0.3195884
0.5510786843147372,0.8132207,0.9031271,0.9289003,0.19797006,0.12900165,0.15536669,0.25134358
0.710434425737703,0.7871728,0.9651142,0.94400054,0.15413883,0.15919371,0.13077636,0.17108801
0.9282157128628515,1.0619975,0.9803516,0.982326,0.39463207,0.25073677,0.2955261,0.19941106
0.8123999855999424,0.6643313,0.9221286,0.95165896,0.14519766,0.13200872,-0.25324968,-0.32466444
0.6859658478633914,0.7448946,0.9450519,0.94754434,0.1594296,0.1378736,0.0015912212,-0.010767995
0.7748033552134208,0.698581,0.9709374,0.9614912,0.11504601,0.15403529,0.9258265,0.6036685
0.9024782979131916,1.2745982,0.96878827,0.9798278,0.6381275,0.43436795,-0.15174286,-0.01672211
0.8113156612626451,0.8124616,0.9892117,0.96917814,0.12333533,0.14506684,-0.6127777,-0.6928172
0.5373684854739419,0.6381079,0.9177109,0.93727314,0.11295666,0.09651592,-0.11625639,-0.050416667
0.8362059688238753,0.9146286,0.9371238,0.9470483,0.5173068,0.4108758,-0.13616084,-0.22891067
0.9324945459781837,1.2980872,0.99356496,0.97651017,0.31355676,0.26424116,-0.18089303,0.26062223
0.8094674618698475,0.930196,0.96956295,0.9545955,0.34716654,0.33115134,0.3623367,0.07034905
0.9167749630998523,0.9497902,0.9524478,0.9569552,0.4575327,0.38752326,-0.55103,-0.3770863
0.9015423901695606,0.7135127,0.9714246,0.9688435,0.18703918,0.21230061,-0.34351218,-0.18369031
0.8704402817611271,0.72631025,0.9736805,0.9658299,0.14910078,0.24297072,0.504531,0.46058455
0.9475244620978485,0.6974877,0.9790593,0.9802906,0.1460779,0.14408916,-0.13427746,-0.22287056
0.8915384781539125,1.1093214,0.94694984,0.96498734,0.5116144,0.3443353,0.03419179,0.16476418
0.5798843675374701,0.56132805,0.91908926,0.93657684,0.07890613,0.09602916,-0.22818579,0.16863154
0.9283158412633652,0.91308665,0.9797589,0.98669535,0.3022422,0.22911546,-0.63438433,-0.4513252
0.9192164448657795,0.7749898,0.9844129,0.9695377,0.1849941,0.33046982,-0.49042937,-0.21653241
0.8412453169812679,1.1351006,0.9910504,0.9900504,0.2163498,0.28035957,-0.9710921,-0.41766965
0.6191528446113783,0.5606387,0.923836,0.92782974,0.09158898,0.10192882,-0.5897504,-0.48120362
0.8360300961203845,1.0617257,0.9713883,0.9678967,0.22284654,0.24357432,0.38781318,0.22960764
0.8415886143544573,0.7595966,0.95146996,0.9531265,0.19194597,0.13583234,0.09968627,0.0989643
0.8698227112908451,0.8565021,0.9409636,0.9595785,0.31041166,0.22304858,0.038839675,0.026586443
0.911311389245557,0.96981585,0.99162376,0.9777623,0.25221434,0.29959378,-0.043076035,-0.13261378
0.942499993999976,0.8650926,0.9817487,0.9737997,0.23407759,0.43637338,-0.38656026,-0.0059814868
0.8732767091068364,0.63743776,0.97229147,0.9639185,0.08566447,0.11524226,0.3499358,0.043477073
0.711812415249661,0.75411636,0.9764736,0.96834797,0.10803574,0.13899937,0.26182932,0.45249942
0.8199980319921278,1.009016,0.97719216,0.97906095,0.2964378,0.17436063,0.2695002,0.061775737
0.44218160872643486,0.75066763,0.90755934,0.9305323,0.16016753,0.1693209,0.62568945,0.5768459
0.6976572546290185,0.719971,0.95523196,0.9481684,0.088140346,0.15201423,-0.04091038,-0.08133943
0.9209710438841755,1.0095046,0.9649815,0.96734697,0.4023322,0.3415591,-0.7230553,-0.053750347
0.7946814827259309,0.7772511,0.973047,0.93780774,0.16857551,0.33442697,-1.6974168,-0.48951256
0.9280298561194246,0.98219997,0.986501,0.9712102,0.16536579,0.401174,-0.87610424,-0.33377174
0.9388071472285888,0.7555742,0.9854595,0.9788551,0.13315648,0.15499201,-0.06737369,0.07662503
0.8885826263305052,0.6903926,0.9923944,0.96926963,0.107914954,0.1771744,1.0577756,0.3617638
0.8968016032064128,0.67092854,0.9862433,0.96834135,0.15343107,0.3167646,0.64781797,0.40011266
0.9115560942243769,0.9456604,0.9795948,0.98279095,0.096837394,0.2534587,-0.66429126,-0.35847384
0.9227941871767488,0.78356904,0.9671273,0.9755878,0.15981811,0.25185454,0.076422095,0.10553919
0.9168758595034379,0.8840727,0.9918902,0.98794013,0.23088555,0.15119168,0.051895645,-0.015658576
0.6542030648122593,0.51857895,0.9389824,0.9416429,0.0380325,0.10592005,-0.6412501,-0.32945287
0.8024506978027911,0.5718965,0.96293545,0.95420665,0.09207105,0.16414979,0.24514079,0.50090927
0.7843192012768051,0.7687911,0.9580868,0.9683157,0.16886993,0.1697033,0.91270155,0.46320033
0.8692783891135565,0.90802497,0.9828854,0.9682661,0.37878647,0.26628253,0.28079382,-0.12525958
0.8384182976731906,0.7608752,0.9627408,0.9342669,0.21085012,0.50782573,0.16470502,-0.093591794
0.7412994131976528,1.0070802,0.9555043,0.946687,0.19526286,0.1626856,-0.5830318,-0.0941019
0.8869196116784467,0.8647938,0.9822877,0.970106,0.209651,0.18733233,-0.6248625,-0.6130312
0.8128625154500617,0.743325,0.98104393,0.9581516,0.09558253,0.24807988,0.63854164,0.060174596
0.8394424297697191,0.8105154,0.95602584,0.9568743,0.19641887,0.27767107,-0.22795087,-0.5025884
0.8072295969183877,0.7827129,0.9543141,0.94553447,0.23905726,0.20973848,-0.38837466,-0.25835204
0.914443593774375,1.0779936,0.99208975,0.971607,0.2681321,0.40485805,-0.26144892,0.24929847
0.8785528902115607,0.6338918,0.9763343,0.9687947,0.123564206,0.14366135,0.26801234,0.37557423
0.7611818607274429,0.5425714,0.96840155,0.93695307,0.07787072,0.1050653,0.053543925,-0.14840971
0.9318503834015335,0.70514756,0.9680313,0.9750308,0.14931044,0.21884455,-0.0030673007,-9.141541e-05
0.9227364909459638,0.84940505,0.9545743,0.96144277,0.21193357,0.39773098,0.3082998,-0.04497637
0.8364856179424717,0.59714687,0.9698822,0.96841997,0.1423419,0.16219378,0.5152134,0.40537292
0.6159046716186865,0.6105288,0.97706646,0.9495855,0.05356698,0.08799721,0.6312281,0.2077029
0.8086000024000095,0.7910607,0.96695495,0.943178,0.13255344,0.25979033,-0.7776858,-0.016411224
0.9429221076884308,1.0386089,0.9939572,0.9848189,0.25208113,0.26703718,0.18793166,0.110697545
0.448185280741123,0.7001574,0.9316377,0.9268716,0.11274983,0.12224657,-0.09669806,-0.1898486
0.9184238656954627,0.9258037,0.97387755,0.97396076,0.23268959,0.3499613,-0.5143944,-0.15111381
0.7063066972267888,0.652632,0.9529252,0.9363196,0.10645053,0.15471289,0.044150393,0.038331475
0.8208187392749572,0.60523486,0.94854283,0.9423507,0.07762609,0.20258126,-0.9404238,-0.75557643
0.8104263137052548,0.82891375,0.9304644,0.9630759,0.18615705,0.12046389,-0.7908171,-0.5203484
0.8448423553694213,0.78807384,0.9774473,0.9536895,0.15502417,0.117916435,-0.81330395,-0.22469099
0.9003538094152376,0.8611696,0.9708748,0.98092926,0.20747575,0.14774333,-0.34348738,-0.09629443
0.8863652094608377,1.1655649,0.98802495,0.970735,0.28132096,0.48913386,-0.3254962,-0.40890843
0.8847667070668283,0.7574612,0.9814842,0.95191836,0.18769656,0.37458813,-0.14946295,-0.16266954
0.6909946359785438,0.61723393,0.96408087,0.9494655,0.049944833,0.1453827,0.021180883,-0.089160606
0.9100212400849603,1.0623692,0.97893435,0.97219634,0.37436277,0.31988496,0.07267675,0.22679926
0.720252097008388,0.53302205,0.9915467,0.94144434,0.066826716,0.11836924,0.71229285,-0.08600431
0.9262274489097957,0.62944365,0.9813878,0.9649622,0.14015797,0.1833187,0.5678795,0.17796122
0.8974319417277667,0.9327528,0.985917,0.9710635,0.2425531,0.29411387,0.47219658,0.25725207
0.7526157464629858,0.69563186,0.9476993,0.9487265,0.15125535,0.13539676,-0.055482984,-0.33879507
0.6984844899379598,0.81095123,0.9250266,0.9475616,0.17970906,0.11368782,-0.10633246,-0.040997095
0.9445518102072409,1.0291059,0.98202676,0.9797732,0.2732502,0.22255607,0.0030557215,0.26144448
0.8901450325801303,0.75404674,0.9787928,0.96897036,0.16203144,0.17671762,-0.074629426,-0.49752995
0.8004515858063431,0.7947959,0.9190846,0.9542022,0.3379131,0.16960132,-0.38251993,-0.32698557
0.627311629246517,0.69424593,0.9384229,0.9408199,0.119504265,0.16339163,0.17475073,0.18169776
0.8767870591482365,0.6680813,0.97086537,0.9435041,0.13929442,0.21258552,-0.12508279,0.07618091
0.9357645110580441,1.1000826,0.99363875,0.9773708,0.18730445,0.46699387,0.25767577,-0.4669014
0.9144160416641666,0.6917021,0.9641193,0.9668608,0.15549512,0.2336207,0.12512758,0.077377036
0.8959891519566079,0.91200256,0.96673924,0.97730684,0.37242502,0.26533425,0.034407143,0.19387224
0.8958929595718382,1.0001321,0.97446734,0.97768426,0.30704215,0.2630373,0.42072138,-0.15495224
0.8833944775779102,0.6183229,0.98879975,0.96733713,0.08223944,0.14570372,-0.68523556,-0.07219453
0.7811055884223536,0.570302,0.97201884,0.9542523,0.06316124,0.13836297,0.8051002,0.4663734
0.7570560522242089,0.5640842,0.96217436,0.94919044,0.09097539,0.107425615,0.2012547,-0.13239782
0.8933809175236701,1.1072189,0.9566957,0.95412844,0.57955587,0.6722115,0.23538974,0.20251332
0.7204725138900556,0.58938843,0.93833494,0.95134234,0.06071591,0.12418682,-0.41234073,-0.14954865
0.7425323461293846,0.4981312,0.96238655,0.939387,0.03579338,0.13705151,-0.014262015,0.23525527
0.8713733094932379,0.7166869,0.9884866,0.96595657,0.12983349,0.14365506,0.4122231,-0.035134304
0.9508478033912136,0.8980279,0.9768983,0.98303264,0.2415724,0.26032907,-0.13847363,-0.088542484
0.80875475501902,0.90032136,0.98780996,0.99192095,0.092774674,0.13009955,-0.36849216,-0.1769065
0.9129386917547668,0.63899124,0.98306215,0.96476215,0.12970856,0.26011845,-0.53097975,-0.38997006
0.6905794343177373,0.5816023,0.964502,0.936395,0.05833927,0.11979165,0.1803362,-0.28082588
0.9404036336145345,1.2887509,0.96914744,0.9725574,0.7467191,0.74936855,0.6729462,-0.11976074
0.6800260161040643,0.63622046,0.9220809,0.93299466,0.16433406,0.15601218,-0.34078878,-0.44411942
0.9119390397561591,0.5755386,0.956255,0.9607936,0.13543728,0.17175692,0.06300654,-0.083055265
0.8786822987291948,0.6672375,0.97642326,0.958002,0.13693082,0.23462673,-0.46356636,-0.23218696
0.7984007296029183,0.66581786,0.9796109,0.95358324,0.057603974,0.1029329,-0.040983535,-0.33383366
0.9224396577586311,1.1542614,0.95991087,0.96808803,0.6225271,0.3771956,0.33269233,-0.18224464
0.8818369673478693,0.9722889,0.9727343,0.968934,0.20929936,0.17555186,-0.13754332,0.45790538
0.7770146280585123,0.7295304,0.97573084,0.9721572,0.10454719,0.14792284,0.77136934,0.7602808
0.8103435613742456,0.6896121,0.9708352,0.95972407,0.14870055,0.15979144,-0.3399197,0.20199962
0.8149230676922709,0.88738126,0.9369589,0.9470027,0.25857183,0.3427586,-0.57612336,-0.15253843
0.7375721022884091,0.62066483,0.9445177,0.94802284,0.0733194,0.14465174,-0.47201562,-0.5033739
0.8455386461545845,0.74472463,0.95521086,0.9458952,0.19905299,0.20477425,0.07324347,-0.008404723
0.929441829767319,0.9382678,0.97126967,0.9852431,0.24130622,0.1634236,-0.47305292,-0.079234295
0.9297686150744603,0.54929304,0.9868736,0.98121005,0.05228794,0.104330115,0.7835157,0.1408904
0.7378133512534049,0.6110583,0.93491936,0.9558372,0.10748331,0.13200146,0.5552929,0.03484538
0.7569170436681747,0.8707816,0.96498966,0.9586055,0.21202575,0.2056463,0.22195823,0.3443558
0.4641077124308497,0.58734673,0.9364258,0.9373503,0.056531746,0.10995237,-0.054884717,0.18856864
0.6906948267793072,0.917808,0.9029595,0.93770134,0.28931558,0.21694979,0.21897624,0.003879921
0.8044552818211274,0.7376138,0.9609435,0.96436846,0.13122,0.12831315,-0.04932714,-0.21739379
0.9693619574478298,1.0069691,0.99219805,0.988014,0.16174299,0.21317735,0.11118427,-0.0025165558
0.8825866343465374,0.91728354,0.97217536,0.967305,0.40268207,0.24405573,-0.42036247,0.29222187
0.9405914103656414,1.0482203,0.98487186,0.9834772,0.25741598,0.36753064,-0.10845876,-0.0013154221
0.6815795903183612,0.6853806,0.96219134,0.9352167,0.12366656,0.138946,0.12053992,-0.0077929064
0.8478725114900458,0.7495362,0.9726541,0.956746,0.116298415,0.17322211,0.87189007,0.04247967
0.8992631490525961,0.69660765,0.96500397,0.96060216,0.129106,0.18446667,-0.7543852,-0.29911312
0.6762034728138913,0.5874171,0.9603234,0.9451944,0.047956005,0.10721445,-0.671291,-0.4186269
0.6907253549014196,0.5663024,0.97313935,0.9383317,0.07285597,0.11592789,0.2485241,-0.1754567
0.9520807363229453,0.79276615,0.9928426,0.99034745,0.11221888,0.12458696,-0.5483693,-0.47295594
0.8100051600206399,0.7531811,0.9363272,0.93873835,0.24972658,0.16916713,-0.5783195,-0.22155063
0.8137453349813398,0.7823263,0.9745907,0.9693262,0.17195939,0.13866438,-0.23949139,0.1521253
0.8255758463033851,0.65420663,0.95805174,0.9531075,0.099783085,0.12130373,-0.2648581,-0.5580148
0.8984070176280704,0.7767911,0.97850794,0.96756715,0.20366772,0.24057256,0.04054379,-0.2391139
0.85737683750735,0.75677705,0.9754689,0.96527743,0.17169009,0.2439002,0.14197955,0.32961488
0.936061440245761,1.1879112,0.9854915,0.98141426,0.23083171,0.33058226,-0.10530647,-0.10551856
0.8774335257341028,0.8345778,0.9498282,0.9518556,0.20926335,0.15831098,-0.58322555,-0.20693623
0.9439887679550718,0.74084,0.9725582,0.9821316,0.1382236,0.19926369,0.58552366,0.28026044
0.8767500990003959,0.8274065,0.9731653,0.96853375,0.13659297,0.22008869,-0.21893586,-0.37216708
0.785378469513878,0.66721654,0.9719495,0.95815617,0.09644335,0.13481899,0.59884185,0.17765623
0.9050237480949925,0.5859313,0.973891,0.96198577,0.07942091,0.14418262,-0.0024397834,-0.50805014
0.646939867759471,0.7917051,0.9474151,0.9478151,0.12838711,0.2302429,0.15114982,0.25134966
0.8059788079152317,0.64728063,0.9406517,0.94722694,0.14025243,0.12786625,0.42171907,0.7093572
0.8390336601346404,0.6548061,0.9534947,0.96549696,0.10719825,0.11405599,0.31158903,0.11957067
0.644871731486926,0.48350844,0.97139066,0.9237677,0.053344164,0.103738986,0.18712808,0.28766143
0.8344929379717518,0.69909656,0.9618217,0.96424276,0.07977713,0.20728171,0.35279572,0.54163796
0.7766514586058344,0.61288136,0.9867108,0.9628897,0.06854424,0.15727223,-0.20385347,0.70759845
0.6206888507554029,0.5050955,0.94853956,0.9440701,0.054990478,0.08476512,0.6927086,0.85857606
0.8418671114684458,0.62911004,0.97583807,0.9703533,0.09568055,0.12546384,0.02674388,0.35420546
0.7102817851271405,0.79791963,0.9585105,0.94350916,0.12764393,0.24567036,-0.042722736,-0.25841668
0.9178910635642542,0.69868344,0.9873784,0.96800965,0.12227211,0.20867558,0.41128778,0.37001497
0.9229368437473748,0.7229155,0.98122954,0.9824376,0.15399498,0.14665863,0.2278742,0.15312396
0.8538349993399974,0.8218129,0.9693261,0.951224,0.23669586,0.26069775,-0.4441151,0.06320566
0.9464608738434954,0.9194852,0.98611075,0.97733915,0.31668466,0.42437539,-0.24266863,0.4341711
0.7559018396073584,0.6970362,0.9334934,0.93719083,0.14017235,0.23003115,0.5597093,0.5422094
0.8207472189888759,0.842936,0.94882447,0.9522913,0.2039291,0.21416925,-0.3706509,-0.37202665
0.8090894123576495,0.77363825,0.9612585,0.96657616,0.10435046,0.09731248,0.05959439,0.31925932
0.9113699494797979,0.6482699,0.97128195,0.9747333,0.122712165,0.17090912,-0.45305443,0.124685064
0.7486847227388909,0.4688851,0.94118804,0.9445427,0.05165964,0.115751214,-0.35743096,-0.014270219
0.9030857883431533,1.0831068,0.9660957,0.9632553,0.50536567,0.5247743,-0.289051,0.06404897
0.799937887751551,0.72714835,0.9946419,0.97662175,0.12539144,0.11460557,0.3187455,0.23660032
0.8101509846039383,0.5893824,0.9468358,0.955667,0.119741954,0.1257552,0.32681856,0.13347755
0.9189435157740631,1.1416894,0.98331547,0.9745138,0.478654,0.3833604,-0.66292834,0.022373283
0.8283756015024059,0.77544194,0.9490222,0.9449874,0.33915845,0.20748822,-0.13169286,0.05118666
0.8316032304129216,0.8730166,0.9799655,0.96529436,0.25243297,0.20161918,-0.8188663,-0.11789131
0.9076300625202501,0.9504456,0.97353935,0.97615844,0.2503137,0.34816986,0.54451555,-0.049029462
0.680313537254149,0.8402431,0.9623555,0.9450428,0.16946971,0.16764347,-0.15741728,-0.48253754
0.8932329809319236,0.9758341,0.9587918,0.9600394,0.37575772,0.3805961,0.3799591,0.20951435
0.8286832827331309,0.6541295,0.9636388,0.95074236,0.1101845,0.27327576,-0.16608547,-0.20727476
0.7525957783831135,1.1605924,0.95795804,0.97021097,0.44312513,0.14306217,-0.8446541,-0.7786309
0.669320149280597,0.8533995,0.9559233,0.9356656,0.25609383,0.24593545,-0.8549635,-0.24037303
0.8711188124752498,0.7802574,0.9611291,0.9508029,0.22146837,0.35396045,0.85751843,0.2966153
0.632381601526406,0.5573181,0.9046579,0.9308073,0.076672494,0.15344982,-0.29389068,-0.036224287
0.8139757359029436,0.8774723,0.98107827,0.9584097,0.15023829,0.19985056,-0.5104935,-0.0922523
0.8957550070200281,0.88821423,0.95190555,0.9679234,0.30189738,0.18561605,-0.45013976,0.17940834
0.8949286357145427,1.2973231,0.9605387,0.9598366,0.44677868,0.7532834,0.5012339,0.21216519
0.8200924963699854,0.649914,0.9647952,0.9587481,0.102835625,0.113256186,-0.35570392,-0.11877037
0.9049522278089112,0.606734,0.99337584,0.9759634,0.087257005,0.15818791,-0.13713017,-0.2781929
0.88825190500762,0.75611746,0.981794,0.97653836,0.1183492,0.17348681,-0.19650513,-0.05427415
0.8827101868407473,0.70329285,0.9851731,0.9661518,0.13120042,0.20253131,-0.45757896,-0.3217189
0.8916771987087948,1.0809721,0.9589536,0.9714006,0.37110806,0.31751528,-0.44707257,-0.073913716
0.9243008172032688,1.028504,0.98060334,0.9796096,0.3841648,0.41335627,0.1985664,0.09180597
0.8596818067272268,0.96284735,0.9836884,0.9820413,0.18268904,0.12690946,1.2744086,0.5974794
0.7962946731786926,0.8103017,0.97897595,0.95874465,0.10376771,0.1417164,-0.20287271,0.35441813
0.8927087228348912,1.8865769,0.99364984,0.9887159,0.17001277,0.31531093,-0.720718,-0.62308866
0.8895471421885688,0.86036676,0.98653674,0.9755195,0.107096754,0.20590532,0.059351075,0.3175277
0.95175529502118,0.6841193,0.9733628,0.978608,0.14807704,0.16838102,-1.1953769,-0.016220318
0.8698001512006047,0.7166843,0.96225953,0.97544426,0.115215704,0.16330756,-0.18634081,0.18593289
0.8893940215760862,0.6626719,0.9676389,0.9755303,0.12695166,0.11853646,0.008112578,-0.24683133
0.890377161508646,1.0467225,0.9687983,0.96454954,0.28385517,0.2706407,-0.58635366,-0.5202657
0.8642069768279073,1.008072,0.95024943,0.97131985,0.36327887,0.23814033,-0.26010484,-0.053986255
0.6662653210612842,0.54119545,0.9219131,0.95206183,0.09479487,0.064859934,-0.17800438,-0.052231707
0.8914861579446318,1.4028815,0.9532725,0.9662111,0.769103,0.42497936,0.5699849,0.0041089826
0.5795411661646647,0.81242096,0.95011854,0.96350896,0.12174542,0.12500924,0.58309066,0.3109021
0.9003492013968055,0.73853385,0.9644933,0.9636175,0.15792993,0.21419927,-0.19183555,-0.08412444
0.7680214080856324,0.6924576,0.97312534,0.972302,0.12917718,0.13004267,-0.7132981,-0.68506277
0.9419237996951987,0.9075637,0.96962595,0.9746867,0.36800957,0.2872527,0.20510478,-0.021905713
0.7308608114432457,0.76743615,0.94740987,0.96060765,0.19500759,0.17523214,-0.37683135,-0.4765796
0.7947170988683954,1.1106148,0.9174875,0.9554068,0.63350433,0.337871,0.47908515,-0.039401352
0.8699646958587834,0.861181,0.9665804,0.973938,0.17246696,0.16426496,0.6974337,0.44667366
0.8019625358501433,0.89956063,0.97771776,0.94980985,0.289219,0.24621521,-0.1131924,-0.38066626
0.9082442729770916,0.9543277,0.98485625,0.9727379,0.3504686,0.36551332,-0.7188879,0.01629849
0.9192876992137018,0.84232056,0.9587604,0.9799058,0.22276558,0.20508923,-0.40845394,-0.3118847
0.8914532298129192,0.6198931,0.98257625,0.96966666,0.11203389,0.15526313,-0.18133573,0.35826683
0.855755487021948,0.7904294,0.99424964,0.9674715,0.2747251,0.23704185,-0.048691805,-0.52063364
0.7459742478969915,0.84954065,0.9078725,0.951993,0.37922943,0.17151393,0.115865394,-0.026637586
0.8861399925599702,0.86505234,0.95499915,0.96714693,0.34984857,0.35440323,-0.1872482,-0.1369397
0.9015836703346811,0.6251487,0.9754097,0.96606374,0.11407669,0.18596907,0.30092016,-0.2963538
0.7752319969279876,0.7230583,0.94068015,0.96182865,0.21263152,0.14831813,0.25307003,0.331467
0.9547007788031152,0.93147475,0.9935145,0.988842,0.15119374,0.14785953,-0.012959455,0.13588132
0.813748790995164,0.49504486,0.9589364,0.9620262,0.07486883,0.09284514,0.92498404,0.68555534
0.6499210636842547,0.91865915,0.9298332,0.9587088,0.32651874,0.124462366,-0.5201011,-0.30613026
0.8485976983907936,0.87363046,0.95197654,0.9714696,0.21537453,0.20580184,-0.12259302,0.049092814
0.8658618314473256,0.6076674,0.9473237,0.96071076,0.16428438,0.14939205,-0.3732825,-0.364778
0.9323418093672373,0.85141075,0.9949413,0.9874386,0.19059779,0.18501194,-0.49037957,-0.13624984
0.9260380401521605,0.7982933,0.9922621,0.9836923,0.14175689,0.17906068,0.8640647,0.45927852
0.9243788655154621,0.69675773,0.9843033,0.98041314,0.10564243,0.1327374,-0.514545,-0.11211217
0.8056450145800582,0.66877043,0.96383816,0.9608173,0.14188933,0.13947333,-0.53880525,-0.29028314
0.6966040344161375,0.69373614,0.95880586,0.9526715,0.1500192,0.13322516,-0.2747147,0.15674666
0.8055783903135612,0.8602606,0.9651793,0.97007185,0.18211333,0.18373014,-0.43603387,0.14303131
0.9298424393697574,0.87406194,0.97042084,0.9757781,0.20660703,0.26652333,-0.16545738,-0.20264089
0.8999292957171829,0.62898713,0.9642671,0.96097636,0.16066314,0.19278696,-0.5244511,-0.41686288
0.8784652418609674,0.5669001,0.97193265,0.96623516,0.093214706,0.11367521,0.24648099,-0.071255624
0.8744096096384384,0.6775638,0.9356421,0.9691752,0.09967254,0.15006885,0.67092156,0.45169324
0.9112872931491725,0.93927157,0.9700667,0.97763616,0.32417366,0.2392839,-0.14049098,-0.089751415
0.9313033732134929,0.78659886,0.9779444,0.9798948,0.18428865,0.25665474,0.4714979,0.008113305
0.9310347641390565,1.3385528,0.99098444,0.9720379,0.46793544,0.29737598,0.04205301,-0.17603114
0.8340052560210239,0.64991283,0.9639075,0.9662756,0.08963729,0.16003327,0.7529963,0.31993514
0.7988841875367502,1.196237,0.9874104,0.98583746,0.23993626,0.2772127,0.8007257,0.45591766
0.7839577598310393,0.55052435,0.9649902,0.96193314,0.081885345,0.12207227,0.066935204,-0.13838966
0.9542215448861794,1.0681005,0.98636574,0.98045343,0.28870666,0.3466578,-0.51049423,-0.14728962
0.6567118428473714,0.67290616,0.9444683,0.9564998,0.13141079,0.09107036,-1.1011325,-0.6550484
0.7641082404329617,0.85164577,0.9744078,0.9561225,0.3247829,0.2595168,0.6028201,-0.2596998
0.9610611882447528,1.0041381,0.9931988,0.9875261,0.2669705,0.25112015,0.7814705,0.3993263
0.7774313657254629,0.91078115,0.979486,0.9736758,0.1928518,0.24956831,-0.67930883,-0.38491017
0.8536161184644737,0.6318901,0.9663524,0.9683594,0.13057424,0.1092098,0.35019577,-0.018466217
0.8080480961923848,0.95035577,0.9633713,0.96983695,0.33043328,0.20479314,-0.6018258,-0.22497429
0.9483326893307573,1.2859972,0.98972625,0.9780279,0.36725584,0.6366006,0.49792057,0.0006572516
0.814745562982252,1.0300004,0.92812735,0.96823806,0.3988297,0.34521937,1.1262704,0.44172683
0.908569810279241,0.61456364,0.980281,0.9724008,0.1033651,0.14214423,-0.32407886,0.16028611
0.8530843723374893,1.1864649,0.9914982,0.984401,0.11748594,0.3024124,0.25675055,0.4340486
0.8240799683198733,1.114468,0.9742218,0.9644336,0.38755783,0.3147626,0.2700603,0.7326573
0.6979771279085116,0.6242707,0.9381207,0.95312756,0.086882554,0.094330356,0.45032182,0.2908584
0.9048821475285901,0.7423363,0.97451264,0.97124726,0.11324084,0.14289275,-0.5688434,-0.20387106
0.6851711566846267,0.6156688,0.9162852,0.9572587,0.0743836,0.1146495,0.88764584,0.6161229
0.6877398389593558,0.9245631,0.9746077,0.95467657,0.26555923,0.20567594,-0.0748089,0.13991877
0.7637288469153877,0.6273164,0.9287041,0.95729727,0.13427918,0.13362913,-0.7900446,-0.47021425
0.797624278497114,0.8569392,0.9771569,0.9658312,0.14338578,0.13887829,0.25694662,-0.3330279
0.8759574238296952,1.0578357,0.98143685,0.9715562,0.28367606,0.21922085,-0.26677305,0.22468889
0.8649719078876315,0.78894067,0.9762523,0.97026414,0.15738143,0.24292088,-0.5998039,-0.45066792
0.9015684062736249,1.0500165,0.957807,0.96557355,0.4222087,0.52042484,-0.96799713,-0.19529071
0.934070200280801,0.6511141,0.98799723,0.98013407,0.1490367,0.15365627,0.33684948,0.040431727
0.9113029412117648,0.61445636,0.9730243,0.9689323,0.113885835,0.1853729,0.35445726,0.043853793
0.7264844419377677,0.7255155,0.96228224,0.9579594,0.13181244,0.1771486,-0.31777978,-0.50372094
0.8335901503606014,1.0261807,0.91460305,0.95892817,0.38626024,0.4910574,0.37609053,0.5205795
0.7551419965679862,0.79850197,0.975697,0.9747878,0.108511716,0.14447464,-0.14291131,-0.2756517
0.9111123804495217,0.91179234,0.99047726,0.9810782,0.23094529,0.23511559,-0.49663737,-0.15083367
0.8950807963231854,0.6683397,0.9948787,0.9733663,0.12757419,0.1885545,-0.47923347,0.4191197
0.7867061548246191,0.5442044,0.93461543,0.95735663,0.07945568,0.13358991,0.33335558,0.18870658
0.8715354541418164,0.7639299,0.9702634,0.9754484,0.19914266,0.1291763,-0.475918,-0.14523889
0.8811105324421298,0.909424,0.9613937,0.9710657,0.2888114,0.19233137,-0.67956793,-0.318079
0.7991766047064188,0.631922,0.9676702,0.96539325,0.09725056,0.12654024,-0.6776907,-0.3839031
0.8004999699998799,0.8150452,0.9685405,0.96542865,0.11394711,0.21428692,-0.33323008,0.091417484
0.7644808179232716,0.73096406,0.9380126,0.9583248,0.16687688,0.11839901,0.38243836,0.076308854
0.9510498841995366,0.8376525,0.99320114,0.98166084,0.27546066,0.24926925,0.22306314,-0.003218034
0.9425855303421212,0.98239857,0.9828046,0.9751986,0.28019,0.33797002,0.51516587,-0.22302072
0.8849396037584148,1.1258235,0.9851459,0.97901165,0.3902217,0.3005643,-0.27800176,0.2607336
0.6812359089436357,0.6753212,0.9771024,0.9807957,0.15186986,0.12444867,-1.522625,-0.6625523
0.9058915915663662,1.3363206,0.9828386,0.9730343,0.6508882,0.48392788,1.1881425,0.2161656
0.7182892731570926,0.6725846,0.9377953,0.9621613,0.13282849,0.078500584,-0.45227623,-0.47887763
0.9192695330781321,1.6714948,0.9941079,0.98584783,0.20482728,0.43413714,0.2570624,-0.12705147
0.890007656030624,0.92986953,0.9729986,0.9665888,0.31076163,0.30636892,0.62145567,0.0868546
0.5389649718598873,0.8155656,0.9472403,0.9574693,0.1218026,0.13856824,0.07445259,-0.16302536
0.8000752643010571,1.2767742,0.9774847,0.9669125,0.35303915,0.20070063,-0.4164646,-0.37636575
0.9136639746558985,0.83647734,0.99327165,0.97091156,0.18051524,0.1834328,-0.38641584,-0.1320197
0.8315385261541046,0.96556455,0.95264655,0.96342695,0.43135402,0.21821855,0.36195174,0.14189167
0.42900507602030413,0.664884,0.912276,0.95781755,0.07112945,0.08133776,-0.0653681,0.015798943
0.9091470605882425,0.7951839,0.9651666,0.97427815,0.17773558,0.17663334,-0.29584953,-0.18452713
0.8539635438541753,0.64218444,0.95446515,0.963357,0.06790647,0.17703299,-0.2748664,-0.26328322
0.7382241368965475,0.72695917,0.96298563,0.959874,0.16764355,0.16113287,0.19637917,0.61839956
0.8317239988959955,0.7524018,0.96971625,0.9583388,0.1654071,0.23232074,-0.62892956,-0.21435004
0.7762704330817323,0.74445385,0.9436526,0.9578111,0.1506076,0.11242164,-0.2228406,-0.23689593
0.8764316657266629,0.6281073,0.96096116,0.971261,0.20200929,0.1485261,-0.5738152,-0.52568096
0.9104297217188868,0.6859748,0.97152543,0.96829593,0.21021524,0.25525472,0.098135255,-0.3465865
0.8237939831759327,0.60104173,0.95425636,0.9621479,0.11711287,0.102876715,-0.45784816,-0.30260321
0.8434675338701354,0.83597654,0.9826098,0.9760347,0.12557556,0.114865,-0.34705347,-0.16530335
0.851314989259957,0.64114517,0.95086455,0.965209,0.09658164,0.12603253,-0.7545046,-0.42202756
0.9084504818019272,0.77940565,0.99480873,0.9815457,0.096497215,0.1800178,-0.116016634,-0.22770524
0.9553443653774615,1.1281813,0.9802334,0.9861273,0.40374863,0.26853475,0.3331384,-0.3898341
0.9167927231708926,0.59752846,0.97952604,0.973424,0.11844142,0.17966759,-0.10481341,0.19759724
0.9338403753615014,1.063234,0.9891045,0.98229015,0.21217084,0.32188365,-0.8474392,-0.12118917
0.9170989643958576,0.71886957,0.9688419,0.9726081,0.13415943,0.26415285,-0.7710263,-0.10009543
0.8280753123012492,0.6600006,0.9767015,0.96706426,0.1346517,0.13671736,-0.22372538,0.44339132
0.8177910791643166,0.53019935,0.9703429,0.9575132,0.084356755,0.08711643,-0.5706938,-0.32167628
0.8779549998199992,0.81471014,0.97867656,0.9781504,0.23208272,0.13316703,-0.24147156,0.36078548
0.837821559286237,0.5961515,0.93860537,0.9597391,0.1371072,0.12062775,-0.33559138,-0.17640866
0.8162547850191401,0.67991143,0.96173567,0.9618756,0.1373716,0.15759297,-0.25503474,-0.03465864
0.8588959475837902,0.53385746,0.9631292,0.9582473,0.06957208,0.13799602,0.17391783,-0.24923004
0.6973814455257821,0.5769223,0.9053391,0.95219284,0.12268879,0.12967093,-0.58337843,-0.26867953
0.7442111048444193,0.61290556,0.9435787,0.9604042,0.17984872,0.1043668,0.49600884,0.31044087
0.8248782115128461,0.69718206,0.9102718,0.9640346,0.18301807,0.14140354,0.21655424,0.14273277
0.7041188484753939,0.73724973,0.95066285,0.95546174,0.1603562,0.112093054,0.36873206,0.18884856
0.9223425053700215,0.7557494,0.97828376,0.9817898,0.132853,0.16641386,-0.013270776,0.43737873
0.7829858519434076,0.6030449,0.975287,0.96174836,0.07743909,0.09660439,0.9696898,0.29012367
0.8657617990471963,0.94954854,0.96957386,0.9709256,0.26944774,0.20599855,-0.060300086,0.14004797
0.7673433573734294,0.7320138,0.94729555,0.95460653,0.16194779,0.14217827,0.1748017,0.26118842
0.8149443797775191,0.94691765,0.9775458,0.97653127,0.09248364,0.18955372,-0.55085063,-0.7037782
0.9130737642950569,0.7698179,0.9752141,0.96691364,0.12075887,0.19600315,-0.5863236,-0.3658933
0.8719591998367994,0.70954365,0.9879697,0.96348345,0.116469204,0.17521444,-0.37040082,0.10202303
0.9022195768783074,0.9435171,0.9858633,0.9783584,0.19243106,0.3506562,0.4553344,-0.38239932
0.8473312613250453,0.63352215,0.9897636,0.97249013,0.09824996,0.10714114,0.5693331,0.757453
0.670130296521186,0.7332254,0.9578472,0.9667583,0.19329768,0.09671867,-0.12817048,-0.6474029
0.887883263533054,0.9385034,0.95163614,0.96057636,0.48519388,0.34400478,0.06650408,-0.15969962
0.8332895731582927,0.7704523,0.98013383,0.9684091,0.116473645,0.104052946,-0.11350389,-0.28105733
0.6742106008424034,0.60558075,0.9410098,0.96403897,0.057493307,0.085347064,-0.031139998,-0.24406093
0.8521175524702098,0.7649686,0.9440071,0.9639234,0.3068192,0.25620463,-0.031351075,-0.4029578
0.8640624962499849,0.641963,0.9629086,0.964803,0.12331922,0.14445268,0.12783831,0.11172716
0.937311077244309,0.8842446,0.9891429,0.98125076,0.20997691,0.22712745,0.25353855,0.12345178
0.842430825723303,0.725338,0.93570477,0.96225834,0.15187499,0.22331007,0.65616125,0.21813102
0.930189288757155,0.8646148,0.96753913,0.97195995,0.22145051,0.3609107,0.7425562,-0.08268244
0.8968306913227653,0.6249347,0.9823152,0.97977847,0.109758824,0.10705628,-0.045186695,0.4203853
0.8815698942795771,0.956611,0.9782492,0.9698156,0.26944876,0.20835432,-0.24843188,0.04018586
0.8015135420541682,0.8243538,0.9563485,0.9644517,0.20195763,0.10885464,1.0124558,0.33977455
0.938817803271213,1.1258801,0.97515744,0.98648477,0.40986112,0.33562863,0.1000161,0.024350464
0.8627173388693555,0.8942684,0.98791087,0.98104084,0.11125761,0.21577246,0.7685999,0.5396147
0.7697244548978195,0.6897293,0.96326554,0.96362317,0.12503928,0.1162577,0.8895265,0.3708638
0.9319647198588794,0.62247574,0.9943331,0.9841788,0.07427109,0.11404101,0.47809866,-0.055941414
0.8662796251185004,0.91247547,0.9814773,0.9739141,0.2235151,0.22526719,1.0196329,0.1576887
0.7171575246300985,0.6847392,0.9520357,0.9603289,0.17266238,0.15281726,-0.51273084,-0.52531344
0.8957062388249553,1.1749264,0.9882995,0.9639277,0.5701829,0.35444495,-0.8372422,-0.16032912
0.9148809715238861,0.90397525,0.9756484,0.9764528,0.30401033,0.24190058,-0.057241134,-0.2320579
0.8777508070032279,0.7412701,0.9878688,0.96841717,0.1281584,0.19349013,-0.058380783,-0.34307244
0.8562014088056351,0.67726547,0.9887203,0.97264504,0.17589697,0.17456707,0.29497984,0.3524391
0.9276620786483144,1.0212542,0.9941194,0.9784695,0.26959655,0.24137984,0.10351798,0.4779081
0.7568986115944463,0.8187103,0.9483999,0.95869327,0.1805238,0.1305088,0.35770872,0.058501154
0.8655344701378805,0.77936596,0.947894,0.9702853,0.18681405,0.15607089,0.2602255,0.33448982
0.8156827187308747,0.8538908,0.9808066,0.9713261,0.18194062,0.2846377,0.2762585,0.73408693
0.8746971307885231,0.90580255,0.9538018,0.97325176,0.22556055,0.27489337,-0.9415089,-0.4079339
0.7298432073728295,1.0647634,0.9782716,0.96982104,0.18940848,0.12528084,-0.4847481,-0.4923753
0.8999000156000624,0.7436373,0.96458787,0.9702297,0.12401662,0.19688334,0.12447497,0.17408746
0.9198811515246061,1.1650715,0.9624804,0.9765161,0.58467525,0.414404,0.008863306,0.08778803
0.8493041652166609,0.9024771,0.9518554,0.95881957,0.32738763,0.38386944,0.18339524,0.049487635
0.7911320605282421,0.5812439,0.948792,0.9646819,0.054967806,0.09812131,0.33327886,0.32884553
0.9301596246384984,0.77247566,0.9947107,0.97645926,0.21143714,0.2124,0.4576361,0.27963448
0.8870990363961454,1.2353994,0.9643572,0.97150916,0.64116293,0.36740962,-0.0691713,0.29320198
0.8447273469093876,0.9172383,0.96621484,0.9809289,0.27592576,0.103349715,-0.8951659,-0.5899016
0.7477949911799646,0.9041702,0.96442497,0.96991277,0.23496927,0.13986033,-0.48398903,-0.4302737
0.682191784767139,0.6915732,0.9289719,0.9620398,0.14099327,0.0848629,0.98679984,0.78177947
0.8499684878739514,0.8543392,0.97583014,0.96937954,0.10989635,0.21945487,0.4372582,0.6346597
0.9257457189828758,1.2707145,0.98048186,0.9843823,0.4553596,0.47301552,0.07070579,0.17150739
0.8114584138336552,1.1405795,0.95853657,0.9681015,0.36401916,0.21244258,-1.091908,-0.40867618
0.9491125004500018,1.4036719,0.9786051,0.9821839,0.36422098,0.5759295,-1.0416725,-0.14198616
0.7891960207840831,0.8755776,0.98557913,0.973921,0.15561423,0.16172555,-1.0854672,-0.92616177
0.9134779259117037,0.78461623,0.9708835,0.963626,0.21105729,0.37505624,0.20140895,0.3135311
0.8705863943455773,0.7262449,0.9855149,0.97246516,0.11183896,0.1394546,0.059118774,-0.80154884
0.8270201720806882,0.6728341,0.9849996,0.9631028,0.15097117,0.12725085,-0.46335655,0.20099519
0.8307577550310201,0.6447873,0.9782569,0.96552444,0.08144718,0.08325881,0.22201627,0.45125654
0.7539360397441589,0.89456534,0.9675363,0.9582765,0.3135066,0.22169551,-0.7666422,-0.77117497
0.9332278929115716,0.9498191,0.97855777,0.9784534,0.23993482,0.27201045,-0.25586823,-0.047707584
0.9081479845919385,0.867521,0.9690613,0.9605761,0.342662,0.42536592,-0.6681714,-0.17712064
0.9289425317701269,0.8487342,0.9941645,0.9767453,0.20703474,0.33126992,-0.68192834,0.19268551
0.8213618134472538,0.87734634,0.9471448,0.96449804,0.22506754,0.20019233,0.81321055,0.51382935
0.946193128772515,0.68068576,0.9948561,0.98785186,0.07689605,0.13065709,0.32070497,0.22965008
0.8729575078300313,0.75500035,0.95520705,0.9719771,0.15764587,0.1314439,0.3587661,0.069088235
0.9418364393457572,0.5373175,0.98540455,0.97474045,0.11528813,0.12159445,0.69980794,0.3607068
0.8967547550190199,0.7752102,0.98096275,0.9671232,0.18341166,0.1771729,0.3850585,0.008369818
0.8338129672518689,0.8515885,0.97621644,0.9711359,0.12957346,0.14944005,0.40907803,0.31190845
0.8823436573746295,0.90239173,0.99081975,0.97544754,0.20115256,0.21466008,-0.039594933,-0.16993397
0.8799369277477109,1.0271722,0.93195474,0.9666512,0.50050414,0.2683795,-0.30844733,-0.15846449
0.867313741254965,0.7565988,0.9733259,0.9643915,0.24666493,0.15887907,-0.15656012,0.017712604
0.8850813963255854,1.1136696,0.9519933,0.97255975,0.5754522,0.23804453,-0.17490536,-0.34209225
0.662696794787179,0.8140966,0.9241092,0.9548784,0.15788929,0.24748631,-0.25077102,-0.12239609
0.8799014076056304,0.69746655,0.9804888,0.97673273,0.11556879,0.13913447,-0.29453483,-0.121499605
0.913005604022416,1.1659923,0.9819882,0.9775464,0.453081,0.39207435,-0.46592063,-0.028122945
0.8951409885639543,0.76772666,0.9945853,0.97278655,0.15740173,0.2609569,-0.78460115,0.09444265
0.7316174864699458,0.7388809,0.95551,0.9590025,0.14780094,0.121713184,-0.063650325,-0.43263608
0.8597359509438037,0.5963764,0.9886767,0.9657245,0.06831915,0.15782808,0.38825816,-0.23802017
0.8633915495661982,0.64207816,0.9873188,0.9793017,0.0623502,0.14039068,1.2711736,0.6308986
0.8603804975219902,0.79761696,0.96810216,0.9679206,0.20508552,0.15871735,0.59622043,0.42174995
0.8844728498913995,0.8313584,0.9720603,0.9711919,0.16084458,0.1657909,-0.16998975,0.21280035
0.8219139116556465,0.8216525,0.9592424,0.9620451,0.1867801,0.1730662,-0.5403222,0.17340802
0.8038868635474542,0.62458014,0.9657552,0.9583369,0.12994978,0.1508718,0.25295833,0.5347631
0.9133244212976851,1.0113852,0.9831555,0.9808454,0.225656,0.20784901,0.49928242,0.18659216
0.8838700634802539,0.85343677,0.9814783,0.97691214,0.13693991,0.20471989,0.2115002,-9.2556955e-05
0.8467455629822519,0.68871236,0.95192957,0.970205,0.14169724,0.15103692,-0.012922688,-0.17152177
0.8268604274417096,0.92865586,0.93085366,0.9613393,0.36867505,0.23249575,0.8462508,0.64566755
0.8858205992823971,1.0222582,0.9727399,0.97453326,0.37134534,0.31168753,0.23646422,0.4126952
0.7790373561494245,0.7454624,0.97336537,0.94448507,0.055477828,0.07469823,-1.3959556,-1.139264
0.8813478453913816,0.6649972,0.99172556,0.965994,0.13321823,0.19998376,-0.33589798,0.22399412
0.7994490537962151,0.66279507,0.9273942,0.947574,0.11871041,0.10008959,0.8439172,0.6355335
0.7782490969963879,0.67272234,0.99008286,0.96914995,0.08135119,0.15289757,-0.081086196,-0.52281874
0.6886491545966184,0.65158623,0.94999146,0.9390248,0.11831549,0.09947497,0.3315975,0.055996552
0.9295841023364093,1.1118491,0.9784655,0.9763365,0.513019,0.35600406,-0.28382424,0.17276333
0.9231510206040824,1.1412362,0.97760266,0.986623,0.17248432,0.14845002,-0.23463428,-0.20063883
0.8915879183516734,1.2072728,0.9406946,0.9586737,0.67289406,0.4695679,0.102905795,0.18357836
0.8361096804387216,0.74793273,0.9831334,0.9745957,0.14737426,0.1358925,-0.22160967,0.35909045
0.9260503282013127,1.305904,0.9806481,0.9673943,0.29088253,0.87873244,0.5446197,-0.14053434
0.9187751311005242,0.6887318,0.99339586,0.9838374,0.10270596,0.10848381,0.3467732,0.054365993
0.9120801603206411,0.7636647,0.9642002,0.9686286,0.19010875,0.27727175,-0.005685756,0.029288596
0.8907360109440438,1.2579008,0.989164,0.9765464,0.31280237,0.28125367,0.42550766,0.4666265
0.9331487885951544,0.8601781,0.9839825,0.9739845,0.2232779,0.41486838,1.0018451,0.10943576
0.8755385741542966,0.77062076,0.9897478,0.9791131,0.13693644,0.14793116,0.50173765,0.22301057
0.8048340993363974,0.67351043,0.9451837,0.9663692,0.15419054,0.09261333,-0.7964322,-0.31448475
0.6007392029568117,0.5728691,0.93285483,0.9376402,0.07849956,0.08591231,0.96268266,0.694105
0.8588065712262849,0.8793454,0.96200883,0.9717696,0.29800224,0.19874585,-0.18699712,-0.27412057
0.879131196524786,0.59141564,0.9558414,0.9620314,0.09879253,0.114675604,0.36858052,0.16647166
0.861502454009816,0.65094554,0.96159333,0.95990896,0.18339023,0.18595476,0.090678334,0.6431002
0.8681332005328021,0.71651524,0.9703018,0.9695854,0.12730296,0.11618933,-0.11790409,-0.22983377
0.6908586994347977,0.62262434,0.9802907,0.95547223,0.06297911,0.10644084,-0.03633026,0.26509202
0.810251401005604,0.71305513,0.9437011,0.95588213,0.12300984,0.25354365,-0.7924826,-0.5321096
0.8553922215688863,0.7016835,0.95240104,0.9585213,0.19124334,0.10876407,-0.11302271,-0.20626332
0.8929300037200149,0.97740316,0.9671339,0.97314984,0.39486215,0.26174003,-1.0075866,-0.23315886
0.8527670910683642,0.7917003,0.93781704,0.9729818,0.23234373,0.1505784,0.27262008,0.13840373
0.9102438649754597,0.90586215,0.9814828,0.9668699,0.18472278,0.22706887,-0.886331,-0.63827366
0.8485731222924892,0.7447759,0.9447251,0.9524912,0.1619898,0.34088644,-0.054634605,0.20782167
0.7485288181152724,0.65758353,0.91364044,0.96546274,0.14193232,0.11207172,-0.38307494,-0.24682808
0.9086627386509547,0.9832659,0.9721058,0.98397774,0.22868289,0.15985721,-0.122370854,0.019966314
0.8029119796479185,0.76952493,0.91918874,0.95674276,0.20058082,0.22400203,0.20008068,0.37545896
0.6356868947475789,0.7380274,0.9373198,0.94293016,0.14485814,0.115667745,-0.86509913,-0.8090165
0.9032760611042444,0.9218893,0.97333443,0.9819876,0.3365947,0.21167393,-0.31184572,0.35135776
0.7244112176448705,0.6488302,0.9581477,0.94986135,0.07484764,0.12237189,-0.33101702,-0.09595301
0.7520799683198732,0.7614152,0.9468525,0.9450308,0.17312443,0.12339607,0.41119787,0.14999948
0.8053533654134616,0.5544565,0.97162217,0.96224993,0.09604585,0.09683007,-0.4603321,-0.4456359
0.5470923643694574,0.58446646,0.93812466,0.9389097,0.073803514,0.07878336,-0.38621348,-0.29131296
0.8644617618470473,0.6190417,0.96236795,0.9673777,0.08142627,0.1413302,-0.39817426,-0.14315549
0.817188196752787,0.625912,0.9661944,0.95716894,0.07665818,0.15955263,1.1017811,0.57869685
0.7988058512234049,1.0635061,0.922346,0.9616587,0.5676442,0.22247362,-0.275181,-0.20750691
0.7962103848415394,0.7210316,0.9492452,0.95207465,0.1450936,0.19776466,0.30959618,0.24478532
0.8886212184848737,0.6181085,0.99413615,0.9760411,0.051630545,0.111567795,-0.66015244,-0.8623971
0.49167057468229874,0.6386009,0.9117145,0.9462483,0.10547024,0.10136672,0.66495544,0.39571643
0.77062100248401,0.6858872,0.9791786,0.95894015,0.10329467,0.1473231,0.4716939,0.35245606
0.9056560066240263,0.6225515,0.97290736,0.9734979,0.08395109,0.13482855,-0.67384034,-0.42644587
0.8252171888687555,0.821289,0.98169553,0.97934234,0.08330401,0.150373,-0.09828095,0.43893898
0.8912827331309324,1.1753883,0.9352372,0.96331096,0.4689585,0.567529,-0.8579084,-0.4066212
0.5450077160308642,0.57534075,0.943555,0.9272111,0.08925493,0.112864725,0.33469146,0.4172699
0.8272344449377798,0.5558529,0.9714363,0.956439,0.06656848,0.105053,-0.33335438,-0.53444356
0.6450295561182244,0.72604483,0.9310168,0.9419079,0.14692393,0.13089961,0.5453812,0.46950182
0.8596427345709382,0.6354961,0.97898304,0.97171795,0.13403344,0.08896676,0.67190766,-0.067530856
0.6237140148560594,0.6738018,0.9191773,0.9428496,0.13075459,0.09962014,-0.2805508,-0.10688706
0.8701719606878427,0.70121455,0.9571928,0.965875,0.13891712,0.114599235,0.4915079,0.005042077
0.9034199656798626,0.9426861,0.9913818,0.9895854,0.18280818,0.17969178,0.022147255,0.022396054
0.8264348577394308,0.9027381,0.95142186,0.9667025,0.256002,0.1463566,-1.0078167,-0.33298758
0.8324817299269197,0.7194039,0.9802191,0.96789354,0.1089202,0.12546533,0.1992569,-0.0032117607
0.9002952491809967,0.8487395,0.99298936,0.9815771,0.09654336,0.10536898,-1.3853639,-0.0349511
0.9347105228420912,0.56785536,0.97403955,0.9782519,0.12531117,0.106416404,0.63841915,0.107664846
0.7616016704066816,0.55879354,0.97203916,0.9462658,0.05694577,0.075538956,0.059671275,-0.29894507
0.9221144084576339,0.8768951,0.98257303,0.9754213,0.1611185,0.235093,-0.43157437,-0.4263613
0.8869075156300624,0.7201325,0.9749242,0.96885765,0.08141854,0.1281265,-0.14902587,-0.004792935
0.9225845223380893,0.7207639,0.9844536,0.9818747,0.16395201,0.1566633,-0.76558095,-0.27524042
0.8450158280633123,0.91297704,0.9828827,0.95823646,0.2548435,0.35297126,-0.104973026,-0.43883243
0.8486690266761068,0.79472685,0.9446348,0.970224,0.24011207,0.12779126,0.27794585,0.3635041
0.7339450157800631,0.5616591,0.9577725,0.9464007,0.08954842,0.11741953,-0.054859158,0.15564921
0.675998415993664,0.67535067,0.9397853,0.9394002,0.08716762,0.09127185,-0.34822735,0.05318817
0.5185977223908895,0.74859387,0.9134701,0.93451077,0.20102558,0.084615655,0.29507127,0.3628085
0.8454490777963111,0.8928426,0.9894317,0.9614257,0.28794923,0.25964516,-0.08956654,0.36225477
0.8885793623174492,0.8943041,0.97399694,0.9828205,0.22055434,0.16929059,0.16430254,0.1159853
0.5206244824979299,0.58684486,0.8876621,0.9327029,0.13150282,0.09264095,0.3497413,0.35460454
0.9081651686606746,0.875365,0.9554943,0.9791574,0.21269417,0.19705006,-0.13206737,-0.028768044
0.8419433357733429,0.92145544,0.9617653,0.968847,0.17970397,0.09181384,0.0014682589,0.14917217
0.8562856011424046,1.1504538,0.9930606,0.9859798,0.18010674,0.29269537,-0.12853381,0.10759729
0.901758199032796,0.63677305,0.96682763,0.9649976,0.19148628,0.20313995,-0.18349855,-0.46430063
0.7988026832107327,0.5828705,0.96407783,0.9485612,0.10216664,0.13759604,0.17083868,9.107316e-05
0.6623617534470138,0.6619391,0.9441451,0.9434632,0.1371133,0.06988522,0.9924223,0.92196006
0.9010450121800486,0.74461854,0.96566445,0.9675307,0.22516866,0.22392674,0.2197568,0.057803813
0.7334185496741986,0.57524604,0.9410499,0.942992,0.07881456,0.13101143,-0.023287883,0.12696482
0.857934023736095,0.86685073,0.9672135,0.97158617,0.25016883,0.14674589,0.47369483,-0.3854861
0.6401968967875871,0.5721903,0.9570173,0.9461891,0.0637324,0.08727988,-0.6481316,-0.4298983
0.8486529946119784,1.1290754,0.9768591,0.9815357,0.25178447,0.29742318,0.6411061,0.5108998
0.7923109452437809,0.6078773,0.9484104,0.9488328,0.09061086,0.08719962,-0.0529604,-0.036230557
0.9267105228420913,1.118406,0.99244004,0.98926544,0.20638336,0.31447652,0.98519063,-0.23758158
0.7159299677198708,0.7761246,0.95324767,0.9439655,0.1672872,0.12748012,-0.16216987,-0.4251537
0.8866894987579949,0.7583472,0.95998794,0.9675767,0.15055203,0.13255271,0.35183322,-0.105190784
0.8587962991851967,1.1134844,0.983796,0.9874622,0.26404184,0.1606659,-0.5561703,-0.20164616
0.409502982011928,0.58200014,0.9129527,0.9426029,0.05680334,0.08395316,0.19628459,0.23750272
0.9424164736658946,0.78535783,0.97833735,0.9866206,0.17193903,0.18014875,0.4353635,0.2142347
0.9374920604680516,0.5423978,0.9893863,0.9749965,0.08278843,0.13844255,-0.44133043,0.16400188
0.9001687206748827,0.6946782,0.97274375,0.9709077,0.1353803,0.21543784,0.3800291,0.28950933
0.8710644762579051,0.6192782,0.9771363,0.962608,0.104513794,0.14453033,-0.0069223447,0.23748758
0.8033387973551894,0.62099427,0.961693,0.9641679,0.12714288,0.11936678,-0.39411935,-0.31201702
0.3945825063300253,0.7143257,0.94132173,0.9430861,0.08931548,0.1185866,0.60368204,0.32598707
0.7999017916071663,0.7098366,0.97998995,0.9718077,0.10027432,0.13060844,1.1191152,0.9149762
0.8671131004524018,0.55830014,0.9791793,0.9697369,0.049960822,0.11104757,-0.77711886,-0.5790413
0.8403261133044533,0.72948235,0.961464,0.9516782,0.25799754,0.23410414,0.9988118,0.3606357
0.7296149184596739,0.8262479,0.9529774,0.94045264,0.120021164,0.3245851,-0.094649136,-0.4459427
0.8071273565094259,0.74014467,0.9469068,0.9650324,0.17235559,0.17649363,-0.10790983,-0.3698882
0.9424395137580549,0.7942989,0.9939668,0.9905883,0.14345899,0.16006953,0.55646455,0.044107404
0.8588984435937743,0.7058948,0.97926795,0.96555984,0.13461804,0.096855536,-0.059751254,-0.032447107
0.7541585686342746,0.8227133,0.94792277,0.95699865,0.25648776,0.15534964,1.5520579,0.8194847
0.887317917271669,0.98908365,0.98261344,0.985936,0.15558061,0.19794166,0.47840932,0.5435158
0.8450525962103849,0.68844235,0.974866,0.9656788,0.14104638,0.19880238,-0.6323254,-0.6069187
0.8590434041736166,0.7913148,0.9505929,0.95162016,0.22615725,0.1374426,0.0334116,-0.036673706
0.832997251989008,0.67373204,0.9873122,0.981596,0.06938831,0.09525266,0.04307761,-0.4391434
0.8288880515522062,0.70145494,0.9568055,0.9686896,0.13280396,0.09556531,-0.6816721,-0.3590369
0.8277590870363482,0.84063935,0.98322266,0.98068994,0.20492516,0.15074855,0.31479615,0.3928813
0.5740319921279685,0.5893252,0.9429742,0.9467088,0.0990203,0.07530567,-0.29814976,-0.33222622
0.6494837819351278,0.6731471,0.9418258,0.96097076,0.1355077,0.13274656,0.3692154,0.62847805
0.8007936351745406,0.810178,0.9751368,0.9752519,0.092785954,0.10519128,-0.76485807,-0.035218988
0.8527280189120756,0.8433795,0.9862433,0.97036386,0.15343107,0.19315171,0.64781797,0.53034025
0.8321261445045781,0.6886601,0.9498959,0.9586474,0.1738414,0.12844281,0.95117456,0.59270555
0.8777687590750363,0.8490352,0.98289424,0.97294706,0.13714428,0.22581431,-0.18651618,0.31349978
0.9579567278269112,0.8913381,0.9890905,0.98412526,0.21032424,0.2749732,0.3229042,0.17147072
0.8392415009660038,0.5509535,0.95833105,0.96270555,0.079163134,0.11157364,-0.58587575,-0.57118154
0.8157109428437714,0.79524946,0.9402475,0.9629789,0.22604048,0.15965058,0.6795234,0.644823
0.734314233256933,0.6116284,0.9519947,0.9559608,0.08876861,0.12742825,-0.77195245,-0.29163435
0.8506540266161065,0.6572016,0.94740987,0.9663543,0.1982965,0.12146569,-0.3876385,-0.024885798
0.774068184272737,0.7847695,0.93891144,0.9432994,0.22446126,0.16923794,-0.08450153,0.1275128
0.8708303313213253,0.6724229,0.9928715,0.9873117,0.09329769,0.12073522,-0.35986757,-0.19884604
0.8502446809787239,0.6251012,0.9481023,0.9550564,0.11073114,0.14814577,0.3609574,0.33037105
0.7774008376033503,0.87264,0.9447606,0.9466083,0.317252,0.19187807,0.11155399,0.33457842
0.8341561686246745,0.6280968,0.9750015,0.95596796,0.13619578,0.14010894,-0.25261903,0.09836069
0.8590517562070249,0.55555034,0.9714198,0.9547187,0.08708302,0.10364321,-0.10165148,0.18928999
0.8647051228204913,1.1258142,0.9734374,0.9775059,0.37513995,0.14145736,-0.23627569,0.23679133
0.5804972339889359,0.5563532,0.93469256,0.9362077,0.12055509,0.09640703,0.060416494,-0.1248666
0.8271470845883383,0.8010352,0.9584911,0.9687724,0.17987436,0.17126898,0.21181817,0.06512514
0.7928513314053256,0.6923989,0.98817694,0.97076154,0.099864304,0.14590937,0.46068776,-0.48328102
0.9569540998163992,0.9835471,0.9921137,0.987866,0.24379759,0.32243848,-0.44501913,-0.0782731
0.9143479773919095,0.85523117,0.9925649,0.96502906,0.2106867,0.43234217,0.20012322,0.19463347
0.905073764295057,1.4817983,0.95074147,0.96912897,1.1867905,0.45630723,-0.10373375,-0.04331426
0.7847242268969076,0.7659313,0.9579458,0.9440007,0.18063892,0.19356324,-0.6864543,-0.3698262
0.8428633074532298,0.66743433,0.92980576,0.9453987,0.16811286,0.2225044,0.175888,0.08320032
0.7489331717326868,0.8297515,0.9437437,0.9518486,0.20143205,0.13857718,0.98372924,0.64598745
0.8974011256045024,0.70117384,0.9831453,0.9738155,0.07963578,0.10574874,0.29853958,0.5539683
0.764941907767631,0.5708824,0.9485476,0.9557449,0.067150205,0.10014175,0.36230677,0.21066578
0.7973855255421021,0.7869413,0.9474702,0.94327736,0.271055,0.20763929,-0.07496423,-0.292019
0.8965479701918807,0.7649434,0.93717784,0.9714405,0.22015898,0.22111046,-0.029414628,0.06165447
0.9045928983715934,0.738164,0.98778063,0.9705292,0.13943064,0.14314651,-0.2137446,0.024112184
0.9081304165216662,0.9427753,0.9860083,0.98244804,0.13605109,0.183404,-0.55461365,-0.6161092
0.7933456373825495,0.65096176,0.9941289,0.98351306,0.04165173,0.1518232,0.5692353,0.850395
0.8575545342181368,0.7585653,0.9701984,0.9687967,0.17934291,0.14731818,-0.021781828,-0.30248126
0.6404122256489025,0.6307735,0.9315725,0.94779164,0.12765415,0.119137414,0.71854675,0.5592819
0.9016601826407306,1.107024,0.9784809,0.9844606,0.2769634,0.23837297,0.18096487,-0.17368506
0.6957749750999004,0.5496329,0.9827582,0.96329534,0.07249484,0.10563611,0.08516837,-0.013791256
0.8881455365821462,0.6637047,0.9701799,0.96770537,0.15998152,0.11774668,0.45931697,-0.09357227
0.7190988443953775,0.9180951,0.9680108,0.9629388,0.23114361,0.18705516,-0.16755463,-0.4782602
0.7374198456793827,0.64529884,0.93007636,0.94948834,0.1023316,0.08136429,0.43127188,0.1277955
0.8754073416293665,0.8248527,0.94971365,0.9607676,0.13179019,0.15048632,0.20437464,0.20247382
0.8302252409009636,0.73772746,0.9668387,0.94470876,0.2187686,0.27121577,0.2601663,-0.023663323
0.9024500738002951,0.7924552,0.96426725,0.96318686,0.23566326,0.24813256,0.23330967,0.041508652
0.8736440065760263,1.0211577,0.95002335,0.9682425,0.47810626,0.27644458,0.065996595,0.4351951
0.6638513914055656,0.76551366,0.89814043,0.94525373,0.21489303,0.169036,-0.61757207,-0.5004573
0.9250909003636014,0.8548307,0.98753333,0.98632467,0.119516484,0.13192625,0.11089913,0.32967934
0.5115897903591614,0.7490477,0.93567556,0.9465774,0.13963768,0.10232722,0.7893495,0.30549058
0.8768809475237901,0.8356075,0.964105,0.95919657,0.1704465,0.36187518,0.20517908,-0.10967676
0.8942635450541802,1.0951128,0.97893435,0.97319037,0.37436277,0.26487213,0.07267675,0.20191437
0.9196804147216588,0.5840459,0.9829368,0.9806333,0.093766674,0.10756559,-0.0901777,0.59252626
0.7022361849447397,1.0858108,0.9105914,0.9359422,0.4952436,0.13301569,-0.7758564,-0.9078519
0.682815115260461,0.8683233,0.9472154,0.9386088,0.20729296,0.16144864,0.2534932,0.45924062
0.919820383281533,0.8269427,0.9818899,0.9840505,0.17358655,0.171021,0.41671035,0.035730913
0.8812955251821006,0.8540007,0.9687306,0.97264117,0.2181105,0.17459132,-0.3913869,-0.028939573
0.7907222348889396,0.6958973,0.9382912,0.9449156,0.24511655,0.1536361,0.03289367,-0.109085396
0.9478094872379489,1.0609568,0.9853399,0.98811257,0.21113116,0.21574278,0.2835053,0.1817887
0.8689160836643347,1.027926,0.9456646,0.94939715,0.44504666,0.41764107,-0.30938092,-0.08628897
0.6758006552026208,0.60677844,0.9260197,0.9355933,0.17012933,0.08260802,-0.5249004,-0.61741656
0.6987033708134832,0.6034112,0.9198842,0.93512344,0.13512108,0.12242153,-0.10773932,-0.08196299
0.8550408601634405,0.7452219,0.9743927,0.953266,0.090924926,0.08649492,-0.24938722,-0.61228764
0.6984666338665354,0.70328546,0.95931166,0.9392773,0.13811494,0.118709415,-0.5874031,-0.11549771
0.8940486961947848,0.7023565,0.9754689,0.9654451,0.17169009,0.2528594,0.14197955,0.25894403
0.5981104244416977,0.5219558,0.9046579,0.9396722,0.076672494,0.081700884,-0.29389068,-0.08150042
0.8924046896187584,0.77978027,0.9589507,0.96851313,0.17668301,0.22319953,-0.118708126,-0.17632118
0.8536261025044101,0.6295383,0.96777856,0.9640626,0.10505795,0.15131389,-0.96451277,-0.6875055
0.5675882543530174,0.7937273,0.9471657,0.94202346,0.11651543,0.12216624,-0.3507458,-0.27507138
0.8035295501182004,0.854808,0.9827536,0.9606454,0.16825652,0.20111036,-0.6657256,0.5063038
0.8464741698966797,0.5687255,0.9644142,0.9554506,0.118035,0.11999642,-0.34885275,-0.1531412
0.9117109428437713,1.2644432,0.9535139,0.96314055,0.7460118,0.39000106,1.060654,0.16523023
0.5873239172956692,0.6495911,0.9581868,0.9447918,0.11869293,0.112728775,0.14009337,-0.28943753
0.902303289213157,0.98923486,0.96428025,0.9608851,0.28840426,0.44969362,0.5359871,0.5386793
0.6847328189312757,0.6906223,0.93825674,0.95280826,0.12590635,0.123893045,-0.9449674,-0.73144156
0.8826035304141215,0.6741757,0.98086935,0.98150164,0.124079324,0.1382017,-0.2278993,0.034264855
0.7998325753303013,1.1265697,0.9399226,0.97662205,0.41436246,0.1488761,-0.56415397,-0.17762738
0.9485990903963616,1.0072341,0.9875985,0.98701924,0.24458222,0.14319123,0.4476394,0.23376243
0.8886542426169703,0.805422,0.95875454,0.950863,0.2512376,0.42113778,-0.11316664,0.3589887
0.8944181056724227,0.6452149,0.9808095,0.97971416,0.077966966,0.118891455,0.267045,0.16883634
0.8587506990027959,0.9520093,0.9529419,0.9533956,0.3345254,0.30830488,-0.052459203,-0.08667809
0.8721355525422101,0.88990813,0.9802572,0.9596906,0.25408095,0.209918,-0.33308423,0.057335325
0.8240123840495363,0.48662764,0.9618596,0.9570029,0.063000426,0.08984998,0.09362025,-0.053891018
0.9398388633554534,1.0954939,0.9740185,0.9736133,0.40347117,0.33145484,-0.20330448,0.03758136
0.5295996543986176,0.5768318,0.94873786,0.9338725,0.05824224,0.09036477,0.5673286,0.23029572
0.8680492001968007,0.8446334,0.970687,0.95517784,0.21640067,0.2547486,0.45841438,0.53463167
0.8662658010632043,0.74514747,0.9702112,0.9762389,0.17808993,0.18142673,-0.97565484,-0.1122396
0.9482953451813808,0.84893435,0.9795389,0.9792078,0.30409992,0.35736594,-0.11372864,-0.23558632
0.755121356485426,1.0273069,0.89423597,0.95855176,0.54451233,0.21426886,-0.31112334,-0.17506656
0.8927236028944114,1.0818585,0.97284055,0.9638883,0.4907159,0.49382955,-0.7626726,-0.070223525
0.8497836871347485,0.84014285,0.9593226,0.9747209,0.2297776,0.19843121,1.1062688,0.45692262
0.8014277177108708,0.72629184,0.9491752,0.97067565,0.17135884,0.12343799,-0.23913571,-0.064822525
0.9124179856719427,0.8246013,0.9926257,0.98169863,0.11934015,0.26780432,0.073060594,0.08688532
0.5310884283537134,0.66254467,0.9358866,0.9358637,0.09646462,0.10225147,0.1796466,0.21550207
0.891617198468794,0.86321694,0.9746011,0.9753986,0.19092125,0.18383044,-0.24220316,-0.11127909
0.9043176652706612,0.9915418,0.99189556,0.9780303,0.25680402,0.28270715,-0.15404364,0.28154448
0.8947787791151164,0.9821828,0.96939975,0.95686656,0.42986393,0.5090471,-0.025906118,-0.13871689
0.9060540242160968,1.4158579,0.94679296,0.96658784,0.73253644,0.5568932,0.051629774,0.09797933
0.8303000252001008,0.5825387,0.9637613,0.962455,0.09660859,0.102382876,-0.2168599,0.20650195
0.7231867327469309,0.75818735,0.95402557,0.9663615,0.14384143,0.13854755,0.42511013,0.37207142
0.9145994983979935,0.86025476,0.97624284,0.9692932,0.21867757,0.4083399,-0.48063296,-0.10149707
0.8376239904959619,0.8629298,0.9722004,0.9650513,0.17180596,0.16028577,0.3864486,0.5904595
0.7805443701774808,0.5728201,0.97304696,0.9618863,0.06360082,0.08592327,-0.285579,-0.04342009
0.8072463969855879,1.1352466,0.96015304,0.9636169,0.4829295,0.2736086,-0.38527364,0.027336057
0.9209205476821908,0.69480926,0.98932534,0.96986926,0.12691316,0.17883243,-0.2473025,0.13083567
0.8326485785943143,0.76473415,0.9672054,0.96888435,0.20890598,0.13846725,-0.013573882,-0.0769181
0.6947181068724274,0.6867012,0.95649636,0.9487195,0.11012698,0.13105583,0.8908079,0.8046446
0.8187838191352766,0.9244155,0.93007267,0.95799226,0.3603824,0.2150247,0.066303015,0.18376955
0.7532997491989968,0.71543294,0.96401584,0.9514326,0.11434798,0.11649178,0.42543,0.4033869
0.8124205296821186,0.82175523,0.94474685,0.9635684,0.14887431,0.20977549,-0.11254516,-0.34933576
0.9000470881883528,0.6278231,0.9655315,0.9766554,0.14202082,0.1176576,-1.354474,-0.38190547
0.954002184008736,0.83454484,0.99448204,0.9879111,0.17055623,0.212758,-0.033264335,-0.33195996
0.8968019872079488,0.9600019,0.9937677,0.97704166,0.24880216,0.27269074,-0.5099883,0.1395079
0.8317943671774687,0.8420554,0.946716,0.94067353,0.32057378,0.26667616,-0.51244134,-0.47859678
0.6987750831003324,0.752498,0.9234174,0.9528241,0.17435388,0.15756531,-0.58609724,-0.44237027
0.8918799515198061,0.7019267,0.97798294,0.9754833,0.091912165,0.13766918,-0.01699705,-0.30352196
0.8368900675602702,0.6276197,0.976633,0.96009797,0.092077196,0.12021091,0.8996585,0.4220627
0.804683282733131,0.8204716,0.98283654,0.9496281,0.114196554,0.12511903,0.076888315,0.007624491
0.9553043332173328,0.6731228,0.9871606,0.9836451,0.09559099,0.17175794,0.59119356,0.12480701
0.8044215856863428,0.57301694,0.9557471,0.95760775,0.09607157,0.14142506,0.6417596,0.66976976
0.7100276721106884,0.64523697,0.943956,0.9519165,0.12861998,0.12467398,0.3818515,0.025112128
0.9051677486709946,0.7738343,0.9614635,0.97444695,0.22377044,0.27145168,1.1358621,0.4842009
0.6350360121440486,0.685913,0.8955729,0.9331675,0.14684188,0.10816631,0.15544587,0.020679455
0.9017191268765075,0.8524878,0.99028325,0.9894376,0.11338162,0.15031901,0.054434035,0.14990899
0.857935271741087,0.66186893,0.9669543,0.96685123,0.09454916,0.16718644,0.50856906,0.14805812
0.8457926631706526,0.6436347,0.9554379,0.9628159,0.13159955,0.118292674,-0.3024242,-0.3038018
0.897950823803295,0.71728045,0.9862433,0.9727013,0.15343107,0.20428695,0.64781797,0.47126254
0.8937893031572126,0.8337114,0.9681715,0.9655542,0.18225439,0.18371214,-0.54741144,-0.40657377
0.7917611510446041,0.58570564,0.95160794,0.95470506,0.081873186,0.13048737,0.11246234,-0.31050208
0.8906824427297708,0.6543457,0.97631216,0.9615669,0.13643992,0.24529597,0.38885513,-0.3576052
0.7188083472333889,0.7185221,0.982157,0.9592294,0.105514,0.14980099,-0.6631795,-0.2244733
0.9191671006684026,1.0897815,0.9909675,0.97592556,0.37294534,0.39259157,-0.6716926,-0.015933404
0.7546488425953704,0.68119526,0.9739763,0.9525611,0.20215823,0.15398252,0.15003353,-0.21197759
0.8513106692426771,0.7247672,0.9837247,0.96869755,0.13194512,0.15926436,-1.5884105,-0.5500348
0.9113038052152208,1.0337877,0.9853586,0.9872314,0.17714806,0.21913677,0.13201346,-0.3098006
0.7063830175320701,0.6688467,0.94097227,0.9458373,0.0943916,0.20459506,0.32855165,0.20116621
0.8990291961167844,1.016483,0.97893435,0.97064066,0.37436277,0.41289753,0.07267675,0.1451871
0.8112178368713474,0.55225545,0.96206045,0.95380324,0.06846166,0.13245048,-0.72708344,-0.10866631
0.734999963999856,0.76435345,0.92070353,0.9484259,0.24281667,0.19952159,-0.59531236,-0.3609234
0.9051937647750591,0.85280883,0.98155415,0.9721229,0.25008225,0.26607412,-1.0690615,-0.15224528
0.9248946755787022,0.7440965,0.98685324,0.98414475,0.17489818,0.2077013,-0.25750184,-0.17336018
0.8849745478981915,0.76744217,0.9888708,0.9816063,0.12943757,0.216643,-0.24946776,-0.4879564
0.785320773283093,0.7795309,0.9230811,0.9415293,0.17145394,0.16045143,-0.045464385,-0.19145179
0.9063711134844539,0.6907366,0.96542037,0.96524185,0.16896309,0.17591001,0.09853587,0.2260221
0.7811170124680498,0.63982713,0.97041094,0.959456,0.09918986,0.16376773,-0.26866534,-0.1159687
0.9186700106800426,0.7903564,0.9751647,0.97368354,0.2588552,0.20767961,-0.49739897,-0.22238158
0.7835454381817527,0.601735,0.95138574,0.94862187,0.07202922,0.20298359,0.46230978,0.21389036
0.8646559706238824,0.64364773,0.9686979,0.9535891,0.18171328,0.2091168,-0.051487006,-0.29914013
0.8398734714938859,0.5138567,0.95007044,0.95262796,0.08364628,0.12701602,-0.25301853,-0.17508163
0.8575090300361201,0.76005465,0.9601797,0.9583166,0.18752941,0.20840846,0.51901835,0.27431223
0.8905886503546014,1.0002282,0.98735875,0.97962904,0.26124486,0.16211224,-0.09083911,0.25957733
0.7959638558554233,0.6658632,0.94203264,0.9570743,0.21314968,0.10874699,-0.268118,-0.09796949
0.7539543758175031,0.71291476,0.95093954,0.9554702,0.13721254,0.20123361,0.031323306,0.58255845
0.6043528494113977,0.68597853,0.9345757,0.9442727,0.185606,0.15831071,-0.54526186,-0.4749921
0.929556070224281,0.58145314,0.99179053,0.9682769,0.083350874,0.18576041,0.19370101,0.17233793
0.8501662486649947,0.8103846,0.9553998,0.9768752,0.2813572,0.17367902,0.5909949,0.32673067
0.8777376549506198,0.8695952,0.9704968,0.9650152,0.26846138,0.18332197,0.30496484,-0.17220394
0.7697958791835167,0.87799406,0.91943496,0.95012945,0.2755753,0.1386521,-0.10130161,-0.07745658
0.7253037332149329,0.70165783,0.9599965,0.94643825,0.14857177,0.124316044,0.20343278,-0.03053536
0.8389145236580945,0.9549216,0.9792309,0.971903,0.20648667,0.23427106,0.566724,-0.04589478
0.8633061092244368,0.76892686,0.95483667,0.9730159,0.39172563,0.20543748,-0.16122387,-0.0916866
0.9602142728570915,0.75423354,0.984479,0.98474467,0.12179388,0.14795151,0.92720807,0.33366567
0.8926663866655464,0.7775535,0.96784765,0.96907365,0.23597346,0.14991029,-0.5249523,0.119292304
0.8184263813477588,0.72671866,0.9568166,0.95655113,0.20625623,0.15918034,0.55102545,0.06371338
0.8818180552722211,0.63376933,0.96892506,0.97328484,0.122379914,0.13755366,-0.5525561,0.016050654
0.7474751179004716,0.6019101,0.9552444,0.94300693,0.07432579,0.19970891,-0.046816885,0.01737188
0.6540281521126083,0.5655697,0.9364411,0.93908215,0.07863943,0.16372958,0.8221943,0.5816894
0.7054510458041832,0.5687669,0.9295742,0.94456923,0.11046665,0.13778053,0.14635062,0.034056015
0.9104235776943107,0.80610496,0.9887993,0.9751801,0.08687889,0.21065663,0.64894575,0.06915761
0.8819744398977596,0.5280398,0.9869042,0.9697224,0.0729029,0.11649111,0.2902937,0.35227948
0.71524548498194,0.950302,0.950018,0.9590436,0.24041988,0.13178796,-0.88327396,-0.54861563
0.9464861219444878,0.79318976,0.99413264,0.9828859,0.11321465,0.16092081,0.08442916,0.20316862
0.7722252649010595,0.6958809,0.95011294,0.9432581,0.1659824,0.2536064,-0.12123088,-0.2634518
0.7002094248376993,0.5734922,0.9590003,0.94749254,0.11124581,0.11092401,-0.27697697,-0.40087798
0.8678676634706539,0.85547704,0.9568357,0.9686174,0.2352178,0.22499637,0.44460398,0.078383245
0.8667383149532598,0.94370794,0.9889474,0.9775607,0.39336094,0.16571635,-0.8463775,-0.052692376
0.8143837375349502,0.55581546,0.9378725,0.95269245,0.120647065,0.11757134,-0.232322,-0.18185179
0.7346694346777387,0.6673844,0.9723296,0.9513765,0.11535692,0.14416356,0.2923767,0.15622212
0.8533651734606938,0.7717832,0.9604612,0.9618663,0.16916433,0.18651426,-0.58598447,0.014903423
0.9346715466861867,0.7623073,0.99020964,0.98198575,0.12756355,0.21026346,-0.3201921,-0.1714293
0.7781014484057935,0.84254265,0.96042085,0.9601661,0.21006483,0.13064252,-0.1303861,0.55442715
0.9036014064056256,0.87672013,0.98253393,0.9668653,0.2278158,0.25628436,0.34869713,0.20345193
0.8619652718610873,0.9915024,0.96241796,0.9706693,0.24122052,0.34568006,0.41707012,0.35267073
0.7359690878763514,0.6339016,0.9511423,0.9563914,0.0704122,0.12084366,0.18373214,0.12540372
0.8883304333217332,0.7527713,0.9754689,0.96899015,0.17169009,0.19083767,0.14197955,0.30340675
0.9131025644102576,1.054199,0.9797519,0.97096854,0.38362303,0.34748402,-0.72042763,0.074525245
0.8499887439549758,1.1528342,0.9867769,0.98534393,0.36608484,0.23186429,0.5673826,0.51249635
0.8816393985575943,1.0976932,0.96031415,0.96532595,0.5211458,0.5557775,0.38003546,0.22568879
0.7882230568922275,0.65385276,0.9698921,0.96101785,0.15303744,0.1824777,-0.49416727,-0.65631473
0.8915393421573687,0.94359636,0.9655597,0.9730564,0.33731735,0.3561294,-0.28902063,0.019816656
0.9539061836247344,0.7179479,0.9823278,0.97916925,0.17366292,0.23103547,-0.8608158,-0.24915302
0.9429208596834388,0.8393608,0.9880627,0.9812363,0.25740913,0.261092,-0.12547716,0.06753316
0.8112959811839248,0.6435833,0.9453697,0.963725,0.17474131,0.1256373,-0.5622127,-0.26828024
0.7360232320929283,0.82599604,0.92647964,0.95192266,0.3036488,0.19866706,-0.74639875,-0.16431992
0.7980006960027839,0.68083733,0.9639108,0.9568163,0.090459675,0.10935455,0.042205498,-0.12915699
0.8720944643778573,0.79624915,0.97499776,0.9581242,0.12826778,0.16123857,-0.23971511,0.06642833
0.7778898635594542,0.65007174,0.94555664,0.96021634,0.10203684,0.1015406,0.4167609,0.34375346
0.8715718382873532,0.8622775,0.9660745,0.9705032,0.2800388,0.308367,-1.0813339,-0.46081865
0.6758512474049896,0.6972553,0.9700869,0.9398769,0.11611093,0.15936881,0.16959524,0.18264268
0.8019445837783351,0.8477916,0.9390516,0.9387344,0.2949112,0.23753591,-0.44499266,0.15684769
0.9441522566090264,0.70668083,0.9922308,0.98793656,0.07196505,0.1408327,0.54034185,0.23187752
0.8786006024024094,0.6829248,0.9627657,0.9759983,0.12141102,0.16566776,0.6917008,0.4137018
0.8737838791355165,0.697981,0.9873764,0.96070063,0.15582652,0.21372871,0.25603148,-0.4868456
0.8216231264925058,0.6419523,0.9526872,0.9571272,0.06979181,0.16852228,0.2638005,0.11244876
0.8558050232200928,0.8057762,0.96550965,0.95929754,0.23808177,0.21590425,-0.339691,-0.24396338
0.9404224496897987,0.7958318,0.9750596,0.9809415,0.19874007,0.18539013,0.5053735,0.0637048
0.8984304417217669,0.7892907,0.97384083,0.97258574,0.17953813,0.2508937,-0.12393712,-0.01844062
0.932121296485186,0.89229125,0.9769892,0.9785197,0.20247695,0.21760572,-0.5120305,-0.423615
0.8316510386041543,1.060168,0.98418474,0.97328275,0.35456544,0.2259538,0.30997685,-0.047987178
0.9207162588650355,1.1235217,0.9806009,0.9815272,0.37178373,0.28361082,0.063434415,-0.026125044
0.9250130440521761,1.0157503,0.9841531,0.97684467,0.13993272,0.31527817,-0.4336884,0.048943333
0.8973305653222613,0.91886634,0.9901614,0.9834197,0.13311109,0.20425378,-0.3463229,-0.44528648
0.8356371665486663,1.4206108,0.94492835,0.97014135,0.9017429,0.6772797,0.13793088,0.28874123
0.9350264601058403,1.165951,0.96404004,0.9765687,0.65380853,0.57337636,0.4835098,0.2894216
0.8691246924987699,0.84674764,0.9708679,0.9570843,0.23354761,0.19238026,0.018487947,-0.07653372
0.8006179544718177,0.7765744,0.9612938,0.9538498,0.09868657,0.12543395,-0.094175205,-0.0055258023
0.8830055800223202,0.8531355,0.937994,0.9541288,0.33884132,0.44466493,0.42945352,0.17643079
0.8458599594398377,0.6061938,0.9550268,0.95605093,0.10485958,0.16328202,-0.15709591,0.064556025
0.9102173688694755,0.77935266,0.96702486,0.96330523,0.18657605,0.3320486,-0.7196253,-0.007797882
0.8622760251041003,1.1955904,0.97946066,0.9790435,0.19306633,0.31616396,0.36519682,-0.26381123
0.9165953463813856,0.82566017,0.95153344,0.9786212,0.20615005,0.19997156,0.40205947,0.21823943
0.8507647150588602,0.79363424,0.9799813,0.9564716,0.15927131,0.20691913,-0.78681767,-0.35123807
0.515562094248377,0.64905316,0.89600027,0.9340162,0.11905272,0.111240044,-0.31729665,-0.28493708
0.8558208632834532,0.49997616,0.96211004,0.95091593,0.07689996,0.10859347,-0.5723969,-0.014333088
0.7215440701762806,0.7207611,0.9605394,0.9516993,0.15888898,0.22135334,-1.0589936,-0.5535793
0.8912225408901635,0.81604373,0.96602905,0.97263396,0.21138158,0.18181202,-0.10645885,-0.266873
0.883195948783795,0.9731222,0.9781677,0.96316606,0.30817792,0.23577619,-0.03815329,0.04756843
0.8822429529718118,0.9615031,0.984614,0.96944,0.3560425,0.31313062,-0.23349419,0.015680362
0.9007431869727479,0.90774494,0.9529746,0.96743447,0.47113863,0.3211641,0.03774221,-0.26683813
0.9030980763923055,0.885783,0.9880147,0.9775128,0.08276782,0.10499007,0.42178306,0.5936443
0.7057634310537242,0.84170884,0.97408223,0.95338273,0.23583077,0.18229786,-0.53832537,-0.116456404
0.6240767043068173,0.7578305,0.90942675,0.9378905,0.21094815,0.1621912,0.45942676,0.32808635
0.8303606974427898,0.73722595,0.97911143,0.9697538,0.11082204,0.1401676,0.42646322,0.115964904
0.9232772611090443,0.7345334,0.9921547,0.9843315,0.10309609,0.14280258,-0.43104836,0.31572032
0.7478532634130536,0.60214174,0.9213733,0.9546845,0.11711706,0.1338039,-0.02310556,-0.12792556
0.7903966015864062,1.019131,0.95870566,0.95360065,0.32965776,0.1832309,0.01998641,-0.12947561
0.6877777591110364,0.75844854,0.95723414,0.9511226,0.10006425,0.1499766,-0.38783908,-0.30962306
0.9305210660842643,0.9474141,0.98925024,0.99047846,0.13355482,0.16307856,0.33081347,-0.037273686
0.7704022176088704,0.6210581,0.9622573,0.94903964,0.1438678,0.16524062,0.123578876,-0.2535063
0.8742788780982057,0.7538917,0.9628417,0.97823673,0.16424489,0.21380816,0.4496299,0.25907645
0.8518640154560618,0.8162242,0.9636865,0.95896256,0.18104754,0.23656738,-0.34599233,-0.06218393
0.8537329509318036,0.87111276,0.9321772,0.95536673,0.31826863,0.27871865,-0.3484433,-0.17729333
0.9037417589670358,0.8498243,0.9785883,0.96385396,0.26234606,0.29072738,-0.29436782,0.012952886
0.9092315409261638,0.86704624,0.98509264,0.9703339,0.23713227,0.30004913,-0.019766085,0.14817755
0.8322959691838767,0.7139336,0.9640515,0.9529214,0.17971541,0.15364295,0.17782317,0.45505533
0.5477666710666842,0.6885939,0.95000845,0.95080215,0.07709368,0.11749657,-0.119758315,-0.48836675
0.7629521078084311,0.6145048,0.91699576,0.949062,0.14753938,0.15157585,0.70774055,0.28311414
0.7071040764163056,0.64029664,0.94340694,0.9530821,0.14075643,0.09578921,1.1212045,0.6787714
0.7354498217992872,0.63481873,0.95146006,0.9534727,0.114874266,0.14748006,0.25991386,0.17332621
0.6302786171144685,0.5535611,0.9046579,0.9388847,0.076672494,0.14730366,-0.29389068,-0.07692811
0.5766492505970024,0.6238434,0.93856144,0.9445777,0.09935004,0.12268142,0.93169147,0.5852831
0.7454929979719918,0.72050416,0.9381159,0.95639926,0.12713379,0.15306053,0.7183928,0.0644753
0.9460738962955852,0.7189901,0.97690654,0.97894377,0.16028035,0.17494716,0.4528703,0.12961408
0.8697584870339481,0.60214335,0.97272736,0.9651113,0.11308772,0.1487757,-0.047280602,0.04027342
0.9062351769407078,0.7457604,0.96278477,0.97348505,0.18596132,0.16230042,0.63123184,0.20001668
0.7119857919431677,0.7142791,0.9579232,0.9452672,0.10591195,0.2172262,-0.5061032,-0.40777686
0.9382267289069156,0.9210444,0.98809415,0.98009706,0.05623876,0.21851957,-0.48003453,-0.50626254
0.8334957819831279,0.71627235,0.9494757,0.9596493,0.14398022,0.21203664,0.85066575,0.36207503
0.8874740138960555,0.53742474,0.9820535,0.97090816,0.06085025,0.12646203,0.46085697,0.39418703
0.9154940299761197,0.7318586,0.98025626,0.9746423,0.20002966,0.21412395,0.119490415,0.31021604
0.4665171300685203,0.65235364,0.89852506,0.9483308,0.12009777,0.09433643,0.94677794,0.73397565
0.8102199128796514,0.8596188,0.9508144,0.9493451,0.28955793,0.24658895,0.0695921,-0.09832848
0.8478381433525733,1.0486181,0.9891482,0.9870999,0.18470171,0.18647182,-0.4705719,-0.44339797
0.9135421501686005,0.83879083,0.9799211,0.97614837,0.16726927,0.21146709,0.38527197,0.3070416
0.8572761331045323,0.87536985,0.96367234,0.96021265,0.17434262,0.1408638,-0.61040753,-0.33558863
0.8487759711038843,0.95496273,0.97636557,0.96914166,0.25731292,0.30413204,-0.39094514,-0.44788942
0.7087977151908608,0.65702415,0.9348139,0.9483506,0.12580541,0.13114953,-0.15978861,-0.2152711
0.9463066012264049,1.0255511,0.98891956,0.98613113,0.17822291,0.18573341,-0.7127636,-0.2887307
0.7674342697370788,0.75543094,0.9629096,0.9564319,0.19555967,0.13573822,-0.003458904,0.040651023
0.7218217032868132,0.8973576,0.92147475,0.949023,0.29458204,0.18701215,-0.6758531,-0.28498003
0.7022118968475873,0.75449127,0.95686525,0.959409,0.11031153,0.13885514,-0.14719473,0.16730712
0.9055948543794174,0.94408,0.9718302,0.96700966,0.22377127,0.41311765,0.11458551,0.27237895
0.7829988119952479,0.69199085,0.9440155,0.94120705,0.13147578,0.110278115,-0.1176494,-0.11611456
0.8258399433597735,0.6151139,0.9162108,0.9480666,0.19636837,0.2043744,0.1466914,-0.070173524
0.851561518246073,0.87404436,0.970687,0.9635337,0.21640067,0.20106025,0.45841438,0.32866737
0.9300132240528962,0.8569806,0.98927903,0.9826153,0.28459352,0.16746873,-0.45328462,-0.25350538
0.8293865815463262,0.78321385,0.9673826,0.96987706,0.180825,0.17436934,-0.08651381,0.13207869
0.905441637766551,1.0220666,0.96479154,0.9769644,0.3203918,0.25804323,-1.0239183,-0.26512402
0.7200313921255684,0.6571256,0.95944417,0.9590001,0.081801616,0.116085626,0.5101865,0.14188363
0.9006481465925864,1.0625423,0.9811103,0.97158325,0.35977295,0.32499683,0.27239406,-0.12738219
0.9040660482641929,0.9118782,0.97227746,0.9615239,0.2634962,0.31762698,-0.17477733,-0.17901798
0.8957107508430033,0.6979593,0.9739889,0.97218144,0.15110895,0.12050482,-0.052290346,-0.4634044
0.8289875079500318,1.0111729,0.9408104,0.9617336,0.3300006,0.30845973,-1.3383925,-0.35584474
0.89838301753207,1.3544006,0.9940231,0.989316,0.14983493,0.21255285,0.7618062,0.4909175
0.8686757947031788,0.7018391,0.99373454,0.9697867,0.08984465,0.12416233,-0.78088844,-0.68266594
0.7970271561086243,0.5540682,0.9406823,0.9484134,0.075737886,0.12846921,0.058754086,-0.13634704
0.8072242208968835,0.7143289,0.95183975,0.9574957,0.20884624,0.180482,0.36817658,-0.3423097
0.891008652034608,0.62897116,0.973939,0.9601167,0.10386962,0.15847324,0.48181376,-0.08749973
0.748380881523526,0.70864683,0.91205424,0.9571053,0.16478528,0.1380756,-0.006905609,-0.21495786
0.8017186948747794,0.8252613,0.93301475,0.94850856,0.30673608,0.22095837,-0.12700282,0.04011079
0.8862435769743079,0.88314104,0.97205794,0.9830362,0.2272101,0.13562681,-0.3851589,-0.027299281
0.9119207036828147,0.71156555,0.9826526,0.96979886,0.12457194,0.23729913,-0.8659473,-0.27803868
0.9173467413869656,0.61901164,0.9574781,0.9627183,0.13639528,0.28712672,0.34790894,0.18092026
0.7548922995691982,0.99430096,0.97998446,0.9695661,0.19914001,0.1799892,-0.09560667,-0.19302528
0.909070548282193,1.1778439,0.97438645,0.9828738,0.30450866,0.16389872,0.73527807,0.26479852
0.9131919407677631,0.7322927,0.9896421,0.97870195,0.13567215,0.14566222,-0.9752071,-0.18811646
0.7534550778203113,0.6201878,0.9478983,0.9447939,0.110243276,0.18270327,0.80210924,0.48580915
0.8726153624614498,0.8438807,0.9694656,0.9726526,0.2254872,0.23180799,0.24785775,0.2460865
0.6599729758919035,0.6330734,0.9488165,0.9409637,0.1131653,0.10540122,0.52236885,0.2806542
0.8659180876723508,1.2485238,0.9345886,0.96644765,0.77044404,0.4464979,0.029178381,0.35866442
0.8703281533126133,0.7936327,0.97874683,0.9666438,0.24213819,0.18792145,-0.53504807,-0.47748467
0.814933723734895,0.64074,0.94497365,0.95397514,0.14925364,0.20057644,0.121969335,-0.2387708
0.8692565010260042,0.9570358,0.96052855,0.97893757,0.21189067,0.16303107,-0.4568282,-0.34103426
0.8741062484249935,0.6496258,0.96944535,0.9633247,0.14014748,0.13156424,0.23243725,-0.25551233
0.7860785043140172,0.8993583,0.9483108,0.94842947,0.33841836,0.35791615,0.3457878,0.31903183
0.9328571394285577,1.3701063,0.9794603,0.97475266,0.5152053,0.3082001,-0.026010245,0.18837464
0.8393276334543973,0.9499866,0.92134976,0.94480973,0.28466898,0.24033274,-0.905492,-0.2816246
0.7776177024708099,1.0647041,0.9833724,0.98182076,0.11403049,0.22869365,-0.30154613,0.35139784
0.8983540254161017,1.2714585,0.92369425,0.9593176,0.6305504,0.3257518,-0.041453525,0.11891126
0.9108457873831496,1.0544255,0.98506993,0.9759384,0.33756608,0.41832003,0.6114376,-0.24853581
0.7092906771627085,0.57099575,0.9539568,0.9480352,0.10587726,0.16731349,0.5504771,0.37479082
0.9028946515786063,0.72943836,0.9703986,0.97771806,0.11357056,0.14804453,1.2232481,0.50147384
0.9023399613598454,1.1908357,0.9903112,0.9894118,0.2505015,0.1575589,0.51731265,0.27414703
0.8106020904083616,0.5659499,0.9859225,0.9690986,0.09224218,0.099692345,-0.08071956,-0.13540912
0.8667604910419642,0.72612345,0.97071207,0.9691006,0.13645834,0.19434503,0.026069263,0.16141118
0.8299165036660147,0.9560022,0.9368427,0.95195615,0.41555932,0.22476515,-0.5420503,-0.08392826
0.9517512630050521,0.9634821,0.98815376,0.9772069,0.19676769,0.3873522,0.5645858,0.26708853
0.9633337093348374,0.92556876,0.9888025,0.98331326,0.25609088,0.45525485,0.99162877,-0.049264092
0.764314353257413,1.0526043,0.94917166,0.951964,0.28195578,0.35014877,0.46485212,0.34075052
0.9019583598334392,0.90910363,0.98522216,0.97752714,0.16849312,0.3332411,-0.07657863,0.37130788
0.9023587774351096,0.7461353,0.9827208,0.980569,0.113968894,0.11128756,0.32451022,-0.051882137
0.800812259249037,0.7995371,0.9156739,0.94475245,0.27070004,0.18897681,-0.06264249,-0.20819405
0.8498184392737571,0.68215376,0.9531197,0.94656515,0.18853611,0.2132215,-0.5171347,-0.3521086
0.6187969711878847,0.54052466,0.9442229,0.9396623,0.058374833,0.116374224,-0.2621245,0.04690021
0.8969553958215833,0.7754257,0.96528625,0.9700019,0.22230403,0.24854866,-0.045308813,0.21951179
0.811248748994996,0.6404965,0.9586298,0.9491715,0.081146166,0.19571151,0.16086076,0.18274935
0.8946653066612266,0.7027745,0.9727156,0.9700177,0.14615855,0.26063314,-0.11063279,-0.18312131
0.7933544694178776,0.6467058,0.972783,0.95757574,0.10864855,0.12561768,0.5380303,0.5308262
0.9030412441649766,0.7670206,0.9642855,0.97637886,0.13585691,0.15279306,-0.17845479,0.20264606
0.772247728990916,0.54776835,0.9278729,0.93954384,0.10030153,0.095507085,0.71919566,0.6461874
0.7911715166860668,0.5811215,0.9482773,0.94506747,0.10676342,0.15453364,-0.3314366,-0.231954
0.8204779379117517,1.0712813,0.9349958,0.96099013,0.46115923,0.34014803,-0.57697326,-0.4274057
0.801066756267025,0.47615588,0.9711804,0.95783293,0.07711591,0.11972123,-0.029969754,0.10794004
0.905683846735387,1.2936409,0.97725314,0.9772478,0.6485585,0.33979073,-0.4234206,-0.4112915
0.7562099048396193,0.6932105,0.94999117,0.9500159,0.17154656,0.22444074,-0.24295573,-0.09656919
0.7961737126948507,0.7711889,0.9762601,0.9740699,0.14420666,0.117592625,1.186342,0.54807395
0.814757563030252,0.6648435,0.98011523,0.9734252,0.112876914,0.15360698,0.41659638,0.35289517
0.7994632618530474,0.776266,0.9467163,0.942513,0.28581384,0.19684747,-0.47842035,-0.15338282
0.9524971859887438,0.64666396,0.9859271,0.9821306,0.08385791,0.1460996,0.068180926,0.012968721
0.8405300181200724,0.7257986,0.9725786,0.96096843,0.17504966,0.21975198,-0.22641508,-0.21076466
0.5952487489949959,0.6527307,0.90621924,0.940968,0.12619166,0.13307545,-0.58072007,-0.32583755
0.6727168348673395,0.63080144,0.91727555,0.9397903,0.10054682,0.11569405,-0.16382708,-0.21687678
0.7820591602366409,0.7624031,0.960513,0.95808893,0.19361371,0.19320539,0.6481675,0.49095082
0.8660705362821451,0.7041163,0.95044565,0.963658,0.15590166,0.17521259,1.2286392,0.43503678
0.9371863727454909,0.701083,0.98627895,0.97777313,0.09915633,0.1722527,0.44068414,0.22824718
0.953931719726879,0.75328124,0.98563737,0.9872681,0.09249606,0.17180446,0.12004425,0.11830742
0.7404021936087745,0.6708968,0.94574714,0.95322984,0.11083872,0.09624202,0.05644858,-0.06926468
0.8573729014916059,0.83219427,0.9566957,0.96847916,0.20286433,0.2106226,-0.33767655,-0.06475431
0.7312739970959884,0.77203757,0.9228411,0.9415397,0.2735768,0.15554823,-0.29019335,-0.23136185
0.8767506750027,0.66826534,0.98647964,0.97769207,0.066182695,0.14824982,-0.21591896,-0.5387156
0.8559943359773439,0.5280562,0.99207187,0.9620883,0.08960243,0.11962408,-0.27007058,0.05898663
0.9039037116148464,1.172053,0.98472255,0.982746,0.39248446,0.2662238,-0.14303552,-0.2414004
0.8274012936051744,0.67734766,0.97463876,0.9411458,0.15356594,0.26216862,0.19413012,0.32513657
0.7654880539522158,0.5325218,0.9744341,0.94666386,0.09099181,0.17999011,-0.59610987,-0.59209657
0.8056360865443462,1.0523673,0.9924739,0.986049,0.20077328,0.37376124,-0.33125257,0.2664878
0.8710938523754095,0.74718547,0.96937805,0.97589517,0.20794553,0.16507982,-0.040549863,0.46512678
0.9244476017904072,1.1914076,0.9859718,0.9796091,0.46109885,0.3180497,-0.8515485,0.006861457
0.8494650618602474,0.8107759,0.9650589,0.970759,0.23493758,0.19294259,0.34165713,0.4302704
0.7330345481381926,0.64319575,0.9513886,0.94795805,0.16651045,0.14899705,-0.23576397,0.21217006
0.843998415993664,0.733043,0.9570957,0.9727198,0.12878276,0.12155886,-0.26062223,-0.20999844
0.8947350989403958,0.53012055,0.9592044,0.9704491,0.06061247,0.101366565,0.42330098,0.18601975
0.685944439777759,0.6795562,0.92299145,0.93709075,0.14030884,0.11486805,0.83529896,0.72286326
0.8771542606170425,0.76733476,0.97306955,0.9681123,0.16653858,0.22118898,0.3399454,-0.025635067
0.8990985083940335,0.6350987,0.97285426,0.97304946,0.099543,0.10068548,-0.054738015,-0.27326435
0.9180239280957122,0.8832478,0.99141973,0.97954154,0.12802148,0.23090382,0.423018,0.41343695
0.8475689582758331,0.84266746,0.96445876,0.9636061,0.15737899,0.30143127,-0.13547161,-0.28161186
0.8866250825003301,0.66117597,0.984534,0.9634518,0.112346575,0.26056322,-1.2260936,0.09123262
0.8500982803931215,0.9536244,0.98248786,0.9783426,0.35280365,0.21710502,-0.6011844,-0.430091
0.8951692126768508,0.89625025,0.9495019,0.97217023,0.27279308,0.3193979,-0.6555685,-0.31979898
0.834252457009828,0.6680393,0.9753748,0.97542524,0.09829775,0.12802365,0.9362339,0.5467412
0.8075321901287604,0.7550702,0.95764035,0.9585494,0.19284731,0.16170044,-0.026369613,-0.28305548
0.8405521942087768,0.7324001,0.9738001,0.96340287,0.14049424,0.1825102,0.37082052,-0.072809435
0.9231787647150589,0.8369403,0.9794125,0.9788122,0.21763697,0.18047544,-0.39726183,-0.009139376
0.9299650318601275,0.9086162,0.9830944,0.97891265,0.16516241,0.33265492,0.49021736,0.121689156
0.9071495805983223,0.9314579,0.9894824,0.9594941,0.26137903,0.44305843,-0.05699601,0.17347111
0.8719625598502394,0.872891,0.9831692,0.9785988,0.22491674,0.1610347,-0.06191252,-0.30086598
0.8633705254821018,0.64430237,0.9628449,0.96743536,0.17957684,0.17741553,0.63421947,0.5417169
0.937246372985492,0.73380107,0.98468107,0.9843301,0.10974328,0.1698692,0.6515934,0.20255834
0.8111548606194424,0.72822785,0.9873458,0.98693466,0.08542096,0.11131599,0.90590626,0.53473634
0.8442313129252518,0.86122733,0.9596527,0.97214127,0.16032921,0.25281182,0.7862819,0.23589836
0.9103725054900219,0.6789639,0.9879364,0.96757144,0.09483043,0.10241423,-0.8288622,-0.7886674
0.8186448105792422,0.8675413,0.9509772,0.9536548,0.26079643,0.19241166,-0.03758661,-0.16606744
0.910241656966628,0.6662592,0.9602021,0.98249775,0.15715887,0.09894608,-0.6594783,-0.33357626
0.8905778023112093,0.85230243,0.9829142,0.9877579,0.18705915,0.14729477,-0.25222528,-0.23557033
0.8728001632006528,0.80228215,0.9862433,0.9740706,0.15343107,0.22122915,0.64781797,0.4079062
0.9068708914835658,0.8165544,0.9881413,0.9677964,0.20720989,0.31843618,-0.30600047,-0.42524666
0.8283806895227581,0.6303458,0.93739456,0.95335555,0.12075562,0.117360115,0.33109245,0.52975976
0.8492410929643718,0.8434046,0.96508235,0.9545673,0.2672549,0.28863347,-0.3221416,-0.015838953
0.8699732398929596,0.7674866,0.96369547,0.9635694,0.17175193,0.21580017,0.35515508,-0.117058165
0.8274334537338148,0.70539045,0.9385774,0.95709527,0.17789188,0.13981651,-0.67199147,-0.23912439
0.4745274981099924,0.59859043,0.9480722,0.9326117,0.06820409,0.09181745,-0.28132078,-0.5449123
0.8422333529334117,0.71537745,0.97771704,0.9651736,0.15059017,0.12461318,0.080322176,-0.15815641
0.5400492961971848,0.65736383,0.9455147,0.9387207,0.11416707,0.11963,-0.33288524,-0.092090935
0.8522576170304681,0.9391132,0.97373194,0.9620048,0.1645606,0.40929884,0.6645657,0.42626038
0.8779972399889598,0.87348145,0.9696958,0.9703384,0.22030078,0.2170449,-0.59303427,-0.21852082
0.849881031524126,0.8187568,0.9608923,0.9625559,0.23357773,0.26526353,0.5321661,0.38168228
0.7781333205332821,1.0386306,0.91518897,0.9513158,0.48299673,0.16445296,-1.3132367,-0.5133972
0.7088540674162697,0.557404,0.93715715,0.9545645,0.13206044,0.11045902,0.44613087,0.31221548
0.8685476341905367,0.73313624,0.96143204,0.9706876,0.19084369,0.16752313,-0.3079839,0.2400954
0.8705602822411289,0.6408922,0.99305904,0.9627902,0.116417766,0.23522994,-0.20997012,-0.24585463
0.881130404521618,0.9070572,0.9915877,0.9875465,0.15222768,0.19535841,-0.28310996,-0.4239561
0.9472766851067403,0.72872055,0.98997474,0.9803331,0.09557298,0.18175131,0.20883158,0.06367188
0.9328932355729422,0.91018224,0.9587464,0.9766151,0.31743643,0.3507314,1.0585387,0.06579497
0.8629950679802719,0.811593,0.9611387,0.9427748,0.32046273,0.46260804,0.66860896,-0.0871002
0.921508838035352,1.0850179,0.97726804,0.9723155,0.3583262,0.44544107,-0.6829617,-0.33090448
0.7935430141720566,0.78219104,0.9852461,0.97561526,0.15961917,0.28417298,-0.13004886,-0.5341564
0.9782245208980835,0.88054883,0.99294233,0.9886281,0.19245528,0.33770996,-0.13397205,-0.04884917
0.8853212052848211,0.9367216,0.97421664,0.96007633,0.40966362,0.5781842,-0.3419492,0.01628864
0.8843658094632378,0.73131096,0.98150104,0.9760964,0.13421577,0.11934902,-0.19266309,0.18964425
0.9175114780459122,0.74069655,0.97987926,0.9762811,0.17118235,0.17460102,-0.23344122,-0.14856827
0.9063895455581822,1.0401083,0.9554986,0.9832615,0.32370025,0.24039382,-0.14179625,-0.24951354
0.934689978759915,0.71026105,0.97154605,0.97366107,0.16829206,0.19336933,0.2212531,-0.075378574
0.9190380761523046,0.73176765,0.98978573,0.97407967,0.09097391,0.13938163,-0.18051249,-0.29350057
0.7628417073668294,0.7772636,0.97712374,0.95376384,0.19496967,0.17349045,0.06405409,-0.38284534
0.9095265501062004,0.7204486,0.9618646,0.9688045,0.15652354,0.1767708,-0.50297153,-0.09904404
0.8639756159024635,0.6773159,0.95499295,0.94920903,0.16415729,0.1836911,0.49204686,-0.19699664
0.8006705626822508,1.8559049,0.9879827,0.9871364,0.09774751,0.53762877,0.35799536,0.23881936
0.8453945495781983,0.76121026,0.9706276,0.95976114,0.21714614,0.19648121,0.92208594,-0.01846879
0.8549619478477913,0.73990655,0.96905315,0.965021,0.16012771,0.11715827,-0.18850203,-0.24240752
0.8724582098328392,0.8132894,0.9455304,0.9522211,0.25158826,0.33649406,-0.5396259,-0.13336894
0.8616530786123143,0.7918412,0.98805916,0.96939677,0.14616182,0.18564695,0.26377678,-0.3326664
0.9265485701942807,0.8066147,0.986086,0.97351885,0.11863023,0.35276836,0.25241745,0.24701194
0.8479053436213744,0.60875154,0.9672632,0.9726673,0.09488428,0.10416873,-1.0379014,-0.7086427
0.8285835383341532,0.55549824,0.9871709,0.9578924,0.077322036,0.14001755,-0.65281236,0.26753095
0.9159121116484467,1.0517452,0.9850169,0.9749163,0.34012613,0.3069777,0.3548506,0.3171877
0.9005575222300889,1.0656866,0.97893435,0.9707287,0.37436277,0.43014428,0.07267675,0.104752004
0.9412011088044352,0.8614589,0.98734564,0.97748744,0.15483534,0.22536959,-0.08213971,-0.12795177
0.7394793419173676,0.5659362,0.9436177,0.9576244,0.11044061,0.12730989,-0.16884445,-0.023721056
0.8053053652214608,0.6191652,0.966334,0.95951325,0.10202924,0.13662052,0.59154,0.43048292
0.698693194772779,1.3277448,0.92199165,0.96224695,0.8392004,0.1490385,-0.8484015,-0.14765677
0.8943346813387253,0.8032219,0.98047566,0.97973716,0.13275884,0.22588438,0.44545767,0.3831969
0.8762126888507553,0.7099313,0.9908079,0.9749814,0.10593013,0.17184657,-0.038983617,-0.10715359
0.7524825939303756,0.9358208,0.946259,0.96170425,0.2830579,0.19575849,0.60278374,0.1549568
0.8309843159372637,0.9473935,0.92915165,0.9464239,0.3996494,0.50168097,-0.08701691,-0.18232556
0.9167140988563955,0.63876456,0.98183227,0.97710514,0.08770368,0.13981421,-0.07689882,-0.00552867
0.8268014832059329,0.7511494,0.9797752,0.964752,0.10689772,0.25567743,-0.6158907,-0.025906866
0.8793579494317976,0.9526613,0.9632216,0.95961136,0.23128113,0.12692639,-0.034926157,-0.14203486
0.9114054696218785,1.0051486,0.9862337,0.9760411,0.314918,0.3615738,0.15512009,0.22421749
0.7200323521294085,0.6928147,0.9349259,0.9347149,0.15543921,0.1693837,0.51692015,0.37713167
0.8110323641294563,0.91326475,0.9813482,0.9713082,0.147081,0.23551062,0.03608586,0.4504028
0.8958710714842858,0.7603516,0.9629748,0.9604881,0.1234493,0.2828206,0.6712602,0.14270462
0.8997569750279,0.69273996,0.96980333,0.96582294,0.15285048,0.20163551,-0.40978095,-0.15821947
0.8542136248544993,0.80460894,0.9754689,0.9598866,0.17169009,0.2693247,0.14197955,0.23948379
0.8564428497713991,0.86549056,0.98457384,0.96493584,0.19553655,0.3265358,0.08695525,0.27488485
0.8897961671846687,0.99246895,0.9879233,0.98498887,0.15549539,0.34542757,0.68121314,0.49882805
0.7970199560798242,0.64385515,0.9561311,0.94983417,0.15579139,0.12852716,-0.45832235,-0.22362638
0.8962304969219876,1.0610216,0.9715567,0.968474,0.42477536,0.5148192,-0.18157655,0.048565455
0.8778271273085092,0.9632111,0.9930489,0.9848672,0.13445836,0.16862348,-0.39343807,0.21946311
0.5708645554582217,0.81011677,0.90058434,0.94006443,0.21827807,0.22146711,-0.06975541,-0.083241425
0.8520185760743043,0.59893996,0.9814164,0.96639764,0.08565901,0.11672896,-0.85167587,-0.1673815
0.7527537950151801,0.7571258,0.97086036,0.96292543,0.09630018,0.10413762,-0.1431529,-0.61720985
0.6604800499201996,0.7826472,0.9292399,0.94465613,0.14375708,0.13765438,-0.144357,-0.36562985
0.9048249312997253,1.0026711,0.9569552,0.9672145,0.43972322,0.3642401,0.2661205,0.13802865
0.9349078036312144,0.7860505,0.9831667,0.9825945,0.12198822,0.18850401,0.36913732,0.28712255
0.6460327601310405,0.53111213,0.95261097,0.9428219,0.058856357,0.11688378,-0.39229822,-0.3202689
0.9510841563366252,0.8081944,0.99194926,0.9880551,0.12747252,0.1385972,-0.30754316,0.15717648
0.904193056772227,0.7960687,0.9936062,0.9793249,0.08684459,0.15568452,-0.35691363,0.1663117
0.8128972675890703,0.6546287,0.9642316,0.95540583,0.13821483,0.119379655,0.7903193,0.07436371
0.7693623414493659,0.69696677,0.9617526,0.94913214,0.11997198,0.18952265,-0.9041906,-0.3930935
0.9318743834975339,1.1114339,0.97178286,0.97420156,0.49278408,0.5882799,-0.2251951,-0.05463282
0.9514679658718634,0.9285191,0.9916774,0.9826459,0.29302466,0.30186492,0.95299196,0.19624911
0.8332419569678279,0.57255423,0.9134213,0.9556614,0.13060519,0.15565802,0.0576351,0.028150937
0.5480386401545606,0.7622535,0.9815783,0.97815925,0.08689467,0.10265615,1.5455929,0.7495491
0.8746563306253223,0.8910234,0.98073304,0.9535848,0.11802777,0.1386218,-0.04629304,0.08583589
0.691882063528254,0.6691226,0.9393964,0.9459579,0.09736788,0.12166675,0.16246098,-0.0830883
0.8410150120600483,0.6139897,0.9574128,0.947778,0.09974876,0.1306604,-0.121300586,0.10101582
0.5656444385777544,0.78767574,0.9471259,0.94567376,0.19866021,0.11576722,0.21939893,0.010791926
0.8421570326281306,0.7575868,0.9613861,0.96040386,0.19122262,0.17910609,0.019708592,-0.19662839
0.6454942939771758,0.62919146,0.92544484,0.94041973,0.109869,0.12634695,0.14417219,-0.05644432
0.7698390793563173,0.97856385,0.95971733,0.95910215,0.32431325,0.21660212,-0.7400305,-0.27111188
0.9154484297937191,0.57594556,0.9854273,0.9824413,0.0788149,0.1137836,1.1076392,0.39416376
0.7816200544802179,0.90886265,0.97589546,0.9571005,0.22410053,0.16868612,0.45341253,0.70659256
0.8770479881919526,0.9398358,0.9711907,0.96890414,0.27255493,0.3828417,0.014093941,-0.1357117
0.6462440569762279,0.9078358,0.9265897,0.9436242,0.2670733,0.11394552,0.48901004,0.49690765
0.8171309805239221,0.7715509,0.9736316,0.9743234,0.09220331,0.15518695,0.64243335,0.59989613
0.7438661754647018,0.80543476,0.91953444,0.95369536,0.22093149,0.18652318,0.9272064,0.4945979
0.9030714842859371,1.0291092,0.9725117,0.9696415,0.45567334,0.40941116,0.50021946,0.38596773
0.9163486253945017,0.97475386,0.9859585,0.97253764,0.31577542,0.29972953,-0.112260155,0.19482857
0.8092118128472514,0.66955537,0.93608475,0.9678534,0.13319118,0.090525776,-0.23024105,-0.69983613
0.8567062748250993,0.6222148,0.97303087,0.9739885,0.1221581,0.12181472,0.1774185,-0.16787915
0.5658388393553574,0.5550779,0.9046579,0.92678714,0.076672494,0.097370826,-0.29389068,-0.084782206
0.8453080532322129,0.81919473,0.98504597,0.96866506,0.09090642,0.21979746,0.08899476,-0.55227286
0.7714310722386348,0.8216658,0.9696178,0.97382474,0.14033104,0.09715524,-0.037618075,0.1391581
0.7572210768843075,0.67752445,0.95763063,0.9604738,0.07876497,0.14393872,-0.09162816,-0.00908172
0.8760140640562561,0.86733246,0.9586418,0.9592436,0.24654956,0.25433123,-0.14415716,-0.049381755
0.7264972099888399,0.7651479,0.95965475,0.96255624,0.20150264,0.15533829,0.7976317,0.3527533
0.8973269173076692,1.3285433,0.964102,0.96292967,0.68563235,0.8284621,0.66742575,-0.12800382
0.7059336397345589,0.7168845,0.96105385,0.9577637,0.21450599,0.113841146,-0.13348149,0.42100722
0.8437321109284437,1.0222551,0.9636644,0.9651616,0.33722237,0.195447,-0.19602086,-0.6218259
0.633565094260377,0.9770071,0.921579,0.9288467,0.28015226,0.18827564,0.393179,0.008106579
0.9128026592106367,0.61933523,0.9739178,0.9713505,0.13439259,0.18398654,0.30741796,0.16403571
0.9369578918315673,1.1098053,0.9867897,0.9859754,0.4832041,0.3202795,-0.33076036,0.18361308
0.8754777099108395,0.6900639,0.95627046,0.9556167,0.18389012,0.24898195,-0.3515603,0.07294713
0.8149238356953427,0.8274196,0.956279,0.9691319,0.16621216,0.20864065,-0.5164182,-0.15143137
0.8942924411697647,0.7325124,0.9862433,0.9782183,0.15343107,0.1488945,0.64781797,0.4248379
0.7501542006168025,0.75726306,0.95684505,0.9512699,0.14644244,0.16578424,-0.010676628,-0.21599925
0.8130282121128485,0.65081185,0.93832207,0.9636958,0.15067938,0.124503925,-0.8405905,-0.6883616
0.7878959835839343,0.5831334,0.9460249,0.95338666,0.0873443,0.17226265,-0.346276,-0.17408869
0.8932281809127237,0.84988934,0.9813001,0.97815436,0.2194635,0.2573719,-0.0013582205,-0.22424789
0.8771686606746426,1.1059065,0.97893435,0.97295636,0.37436277,0.33284017,0.07267675,0.12776549
0.722811851247405,0.77718717,0.9590206,0.9706433,0.14812607,0.078842364,-0.19785163,0.19869138
0.7569497797991191,0.6059347,0.9255726,0.9623019,0.08856797,0.11121546,-0.94335467,-0.51105016
0.8621220404881619,1.0443296,0.9676736,0.9644788,0.53885525,0.3151358,0.32580623,-0.07616738
0.8608844995379982,0.8790466,0.99218154,0.99003315,0.14216083,0.20439982,0.46614286,0.06415341
0.6559899199596798,0.75802594,0.9389782,0.96520954,0.17029198,0.09182497,-0.08479101,-0.30637395
0.7238409753639015,0.6112645,0.964042,0.9544154,0.09276071,0.07533418,-0.24080545,-0.4497119
0.7864309217236868,0.64255106,0.96461827,0.9443589,0.14419074,0.1813134,0.49550152,0.106104344
0.8216430945723782,0.63501894,0.96552765,0.9524707,0.108976886,0.13466847,0.45968547,0.2877401
0.8369131076524304,0.69341695,0.944834,0.95938385,0.16897883,0.14207822,-0.26374698,-0.108448066
0.5181102324409298,0.64178485,0.94864273,0.9410562,0.076112196,0.097555004,-0.113500975,0.014417767
0.8341366805467221,0.6555995,0.9717365,0.9657135,0.14249155,0.123036765,0.08814864,0.2920096
0.8663407773631093,0.7955304,0.9754689,0.9614323,0.17169009,0.28484076,0.14197955,0.23303516
0.9259285997143988,0.7591707,0.9856868,0.9774445,0.19895092,0.14696299,0.40823177,-0.09837913
0.8687953151812607,0.7635496,0.95961815,0.9584938,0.2760883,0.27173728,-1.0601648,-0.40226308
0.8707800271201084,0.65927356,0.9626608,0.95599484,0.13312137,0.23996282,0.45017773,0.16762038
0.8889177636710546,0.8750254,0.98433626,0.97894865,0.12010043,0.17472987,-0.20326245,0.04570369
0.9416738146952587,1.083523,0.97809786,0.98332226,0.2813592,0.23039573,-0.8283656,-0.12161055
0.8941045684182737,0.74489844,0.9767914,0.9649233,0.16027877,0.18249784,-0.058059633,0.0149494065
0.7128507554030216,0.5467985,0.9372254,0.9471107,0.08578375,0.09263679,-0.8473004,-0.52896756
0.669808599234397,0.51005083,0.9046579,0.92957056,0.076672494,0.11005976,-0.29389068,-0.01956135
0.874494665978664,0.8950314,0.9917192,0.9865491,0.10760608,0.21261857,-0.06671972,-0.4993354
0.7727904191616766,0.72335285,0.9447607,0.9399005,0.18404976,0.21218008,-0.06161549,-0.20119523
0.912817635270541,1.0081991,0.9772432,0.9733563,0.20920779,0.39196804,-0.25813544,-0.09743246
0.4947818511274046,0.64562774,0.915115,0.9423335,0.107000865,0.10435737,-0.3352677,-0.32835826
0.8825691622766492,0.7834704,0.9915346,0.98386884,0.106295645,0.12707332,-0.6768131,-0.048095986
0.8248810915243661,0.6797879,0.95343673,0.96741694,0.094892465,0.108399786,0.10218119,-0.056904696
0.91887266749067,0.7635117,0.98051864,0.9780988,0.16028905,0.1935056,-0.6649216,-0.15148588
0.760568898275593,0.7082426,0.96614355,0.9530091,0.10063398,0.18677281,0.5121656,0.11278001
0.782378073512294,0.8512392,0.9310551,0.955312,0.19026591,0.16676603,0.04686378,-0.0037011174
0.712129024516098,0.5339605,0.9569176,0.9483714,0.061423093,0.11282404,-0.340188,-0.21458416
0.8134282457129828,0.9284625,0.9224769,0.95610744,0.3129729,0.2503529,1.206148,0.58116114
0.8859843759375038,0.7088232,0.98275363,0.974554,0.13526903,0.14235944,-0.5117443,0.014904631
0.8390761883047531,0.8907101,0.94834125,0.9534218,0.21549566,0.14575319,-0.7670374,-0.2432856
0.8189432757731031,0.51437294,0.981299,0.96794045,0.06531244,0.11959035,-0.4087473,-0.22059016
0.8773220692882772,0.79277945,0.9782572,0.97522146,0.22203848,0.22239798,-0.6033735,0.38422903
0.8630619049611057,1.020647,0.941286,0.9600018,0.40731388,0.4410279,-0.19893852,-0.11253971
0.9130516842067369,0.7833835,0.98530686,0.98193276,0.07629261,0.20090699,0.011212154,-0.14787866
0.8881293125172501,0.8050711,0.9551459,0.9808086,0.20522733,0.12461065,1.2533767,0.39863035
0.7983876735506941,0.6217819,0.9379884,0.96313065,0.12113217,0.12283956,-0.9061659,-0.5991741
0.8089668198672795,0.54207087,0.94884473,0.9494312,0.11714256,0.15236048,0.46663246,0.3253841
0.878123864495458,0.86777455,0.970687,0.96474564,0.21640067,0.16660593,0.45841438,0.35339174
0.9563065772263087,0.69576603,0.9831754,0.9873653,0.10158843,0.09419403,0.17301482,0.23556447
0.9101482485929944,0.82736015,0.97382903,0.98457354,0.1776434,0.15511054,-0.6048557,-0.1488982
0.8287055548222192,0.7233343,0.9609731,0.95575625,0.06838403,0.2204662,0.41997805,0.17288803
0.49923060492241966,0.747827,0.9084421,0.9355986,0.15306786,0.083536625,0.040150024,0.101363316
0.7456605186420745,0.6230042,0.96863073,0.9567769,0.09247601,0.074068375,-0.8433233,-0.700355
0.8238037752151007,0.74228495,0.96785635,0.9599261,0.120482564,0.122257836,-0.38874763,-0.47197953
0.8885409621638487,0.7092312,0.9719373,0.95471805,0.18668255,0.20569852,-0.17586853,0.049040783
0.8838427033708135,0.76938456,0.983173,0.96168256,0.239346,0.27616054,-0.48698246,0.22054209
0.9355393901575606,0.97783613,0.94883627,0.9775356,0.41824695,0.3595691,-0.101862736,0.06691481
0.7134011256045024,0.6487413,0.9216062,0.95173264,0.12627713,0.16130403,0.121884376,0.0073487503
0.897624038496154,0.83354247,0.9828966,0.96518534,0.18769716,0.24963474,0.2286907,0.20899715
0.7093612374449497,0.62717134,0.9423307,0.9423607,0.11808511,0.16212486,-0.4637064,-0.6436955
0.9224295777183107,0.9344383,0.9749323,0.98231256,0.27864406,0.18686746,-1.2172002,-0.33288106
0.8587878511514045,0.7611465,0.9705117,0.967626,0.09983188,0.11598981,-0.60528815,-0.14455661
0.8050167880671523,0.8769907,0.9637717,0.9673296,0.23864082,0.13146314,0.065527156,-0.12764934
0.9489749318997277,0.8089949,0.9828434,0.97475773,0.2534779,0.3598435,0.023567503,0.11285354
0.8353483013932055,0.8584726,0.95681465,0.9510617,0.25803244,0.2601662,-0.47668427,-0.039076667
0.8871057564230257,0.976697,0.9940233,0.9889017,0.11886235,0.18647954,0.89728445,0.30827492
0.9122519050076201,0.8922393,0.9846531,0.9805021,0.18834245,0.14865296,0.16444872,0.15186772
0.8394599978399914,0.79265016,0.97164905,0.96867853,0.21851379,0.21693417,0.76796895,0.4079365
0.7793620294481177,0.67085326,0.9191094,0.96049935,0.12436382,0.10608469,0.37968513,0.40598005
0.9560923043692174,1.2305962,0.9829669,0.98559767,0.27338755,0.317286,0.27540955,-0.22425155
0.946755019020076,0.8575399,0.98835903,0.98998785,0.13880855,0.1581742,0.009772901,0.115511194
0.8564006096024384,0.84480655,0.9505604,0.96299857,0.20800786,0.15715331,0.19925721,0.1982581
0.8756749906999628,0.97936946,0.9534195,0.9732714,0.3270573,0.21629027,0.09771232,0.22237803
0.8967047388189552,0.6868541,0.9941686,0.98267955,0.10762201,0.13120002,-0.39549923,0.22539024
0.9178127272509089,0.897732,0.9695783,0.9868556,0.07883405,0.14511767,-0.5252084,-0.37155852
0.7886384505538021,0.7291923,0.97676617,0.9719737,0.10204465,0.12093669,0.8548651,0.45163321
0.8638395833583333,0.6256076,0.9623451,0.97873956,0.09816562,0.09974559,0.5349135,0.111308224
0.8669182196728787,0.59491676,0.94466144,0.9660034,0.15485543,0.16430123,0.3320545,0.06267175
0.8338940875763502,0.67134374,0.96076924,0.96816933,0.14458327,0.123391286,0.50286937,0.50583476
0.9423452413809655,0.9508118,0.97554374,0.9744312,0.29397306,0.3282948,-0.31840518,0.09346758
0.8278462553850215,0.5875337,0.9621173,0.9664429,0.107338116,0.09219034,-0.23759341,-0.42250293
0.8384784899139596,0.546396,0.97635484,0.9498576,0.07913831,0.12932184,0.08976505,0.48281223
0.8657435589742358,0.64203775,0.9635171,0.9702985,0.09386496,0.13427363,0.12891704,0.036929645
0.7494574298297193,0.6257633,0.95434207,0.95412177,0.06985502,0.12572789,0.30716008,0.18115495
0.8721500486001944,0.82502705,0.9842872,0.96707475,0.19028309,0.17703803,-0.4211808,-0.15039656
0.7593664934659738,0.72090995,0.9447093,0.93723917,0.13003263,0.11489009,-0.45965096,0.16707553
0.469374965499862,0.67939913,0.90690553,0.9427521,0.099898815,0.08809901,0.44859305,0.49580622
0.7658936555746223,0.7286789,0.9682584,0.96458334,0.0874522,0.12219509,0.006748195,0.5428139
0.8995594062376248,0.6577822,0.965916,0.97798175,0.10737367,0.1629243,0.64693254,0.3340569
0.6116197904791619,0.58465934,0.930976,0.94822013,0.08465636,0.10376664,0.47722316,0.4146666
0.8139462637850551,0.79782075,0.99168885,0.95959944,0.15827985,0.2545992,0.30184448,0.6273495
0.8562866571466285,0.6807272,0.98028815,0.9771938,0.12604354,0.11600592,0.43260324,0.4825162
0.6565291541166164,0.52267814,0.9421584,0.9438046,0.05550973,0.08593799,0.5551608,0.5250403
0.902194808779235,1.0605317,0.9570758,0.9778795,0.40945742,0.23793992,-0.60079056,0.11826676
0.9186474505898022,0.8920496,0.98248243,0.98295194,0.15088575,0.15587077,0.1870435,-0.2764169
0.90412595250381,0.97652996,0.9812902,0.98667485,0.2244963,0.16391517,0.22756894,0.19250867
0.7960666722666891,1.4466982,0.9777081,0.98587763,0.3321412,0.3995423,-1.2351428,-0.024071775
0.8345098340393361,0.7270603,0.96718055,0.97292215,0.10556709,0.11569338,0.5162582,0.30291915
0.814690362761451,0.8052036,0.96968913,0.95996547,0.14537792,0.21028379,-0.40679315,-0.39663664
0.8933628694514778,0.75842947,0.9681938,0.97281504,0.16192394,0.18196654,0.88028294,0.60362613
0.7959440797763191,0.59047496,0.9791884,0.95484304,0.117911585,0.08500277,-0.39643058,-0.06985527
0.7931231084924341,0.77840394,0.9611645,0.94850117,0.20131755,0.105687015,-0.38545102,-0.12706429
0.7923077772311089,1.2802775,0.9605862,0.9572261,0.72068036,0.41463405,0.44858235,0.4052023
0.8808696674786698,0.7850987,0.96914816,0.9733206,0.22173162,0.16793145,-0.22164543,0.1218046
0.6897725510902043,0.67015266,0.93633145,0.95877004,0.14386791,0.10276722,0.462586,0.415975
0.8831707966831867,0.9979818,0.9637139,0.9677079,0.55650336,0.383606,-0.4597677,0.110233024
0.7812123408493634,0.74468267,0.953452,0.95660925,0.1768359,0.09589219,-0.77728784,-0.5705833
0.6043658094632378,0.70048773,0.94214463,0.94591606,0.10595991,0.09785581,0.59895027,0.5644175
0.7111960927843711,0.65802234,0.9256585,0.9485168,0.1524494,0.12681347,-0.6725227,-0.4625131
0.5852126768507073,0.82644176,0.9424377,0.95658696,0.17209208,0.111025594,1.0287932,0.5123727
0.7840807363229452,0.7840561,0.94283813,0.9547886,0.14373414,0.17002115,-0.0861544,0.03272644
0.7432122208488833,0.7421175,0.9440538,0.94587773,0.12514107,0.23462366,-0.39957744,-0.2785312
0.9004637298549194,0.83136916,0.95727,0.95747036,0.33670813,0.29183763,-0.31770045,-0.30436194
0.7342908091632366,0.64534897,0.93786865,0.9627394,0.121796764,0.115919076,0.5058009,0.32877716
0.778442441769767,0.8723005,0.95761424,0.95706767,0.24579528,0.14162318,-0.37504807,-0.04080115
0.7796033744134976,0.6641145,0.97561985,0.9712057,0.08959477,0.11112879,-0.039287545,0.03521756
0.7425627782511129,0.6924542,0.9381088,0.93904525,0.16652125,0.13550296,0.20734687,0.005994525
0.8697709670838683,0.69777733,0.98837924,0.9622906,0.11343415,0.20078538,-0.21153603,-0.32240254
0.8764609458437833,0.6580064,0.9601223,0.9605495,0.1355946,0.1936702,0.13361348,-0.047560997
0.8539835119340476,0.6885182,0.99042636,0.9735249,0.07727334,0.112080626,-0.6560074,-0.28748396
0.8783276733106932,0.84792507,0.9547577,0.9585722,0.2589797,0.23233838,0.38045442,0.2781862
0.8917425749702999,0.6644946,0.9781907,0.97235,0.10011656,0.15227075,-0.43839666,-0.29762074
0.9007278269113076,1.0074917,0.9789484,0.97314054,0.35022256,0.254772,-0.10270901,0.03592994
0.702748346993388,0.6577891,0.95679873,0.9484358,0.1647131,0.11763957,0.034487415,-0.017944554
0.8497650630602522,0.8304514,0.98452085,0.96695733,0.16406676,0.30354548,0.53648627,0.20220864
0.7944598178392712,1.0691745,0.9569155,0.969935,0.31728134,0.30646205,0.091449104,-0.020788258
0.8617424549698198,0.74009514,0.9833403,0.9724159,0.19354898,0.14153537,0.20208722,-0.3333924
0.6865779463117853,0.5821,0.95657086,0.9543372,0.07261714,0.116159305,0.5574503,0.4681492
0.8778490153960615,0.92566127,0.974894,0.98379153,0.17195,0.115075484,-0.0327783,-0.027192926
0.8174311737246949,0.8481632,0.93556064,0.95994985,0.2726494,0.20290266,0.9467715,0.040701084
0.938563114252457,0.6515649,0.968163,0.9762299,0.124074675,0.120203964,0.7691853,0.017298304
0.7359949119796478,1.0297023,0.9892396,0.9897582,0.16264968,0.18659629,0.42971954,0.5486946
0.7250337801351205,0.8189686,0.9248974,0.9524379,0.25987366,0.12123801,-0.23114143,0.14759658
0.7508339793359173,0.96903664,0.93614733,0.9526991,0.24925393,0.23253964,-0.583619,0.06732718
0.8718053801448499,0.71488106,0.9848379,0.9716201,0.12468241,0.15313819,-0.04188546,0.0069299443
0.7193973095892383,0.7139602,0.97407526,0.9848036,0.10385703,0.08042351,0.45915118,0.55117184
0.9202568970275881,0.8526465,0.9754562,0.97220135,0.21412934,0.2219117,0.19277339,0.34985468
0.7837256309025236,0.5606425,0.94890404,0.9669047,0.066234596,0.09713823,-0.3277356,-0.31948593
0.8505207780831123,0.7876449,0.96326256,0.9530657,0.2428966,0.19027221,-0.13611525,-0.11829741
0.9108603794415177,0.8320654,0.9817696,0.98473346,0.17234853,0.18016966,-0.29758278,-0.43768275
0.737628166512666,0.7614922,0.97095436,0.9582913,0.13504452,0.1267292,-0.860871,-0.7252216
0.8254774459097836,0.4973682,0.95755565,0.97630394,0.10236401,0.10151931,-1.183539,-0.650183
0.7372693170772682,0.68722713,0.9456772,0.94654584,0.10573478,0.12881956,-0.12688446,-0.110897146
0.8522428329713319,1.1441994,0.93821186,0.964652,0.54419935,0.24873967,0.9136725,0.26771888
0.9345257221028882,0.8090209,0.98957986,0.988689,0.14705539,0.12884358,-0.7928106,-0.08314492
0.7518823995295981,0.7040908,0.94410044,0.9502518,0.1493126,0.15246578,-0.5063691,-0.21166465
0.8467173388693555,0.90455514,0.9647607,0.96016264,0.29029533,0.25348058,0.1601175,-0.17819232
0.8113898695594781,0.5271824,0.9537113,0.9548422,0.0704299,0.15059233,0.17408228,0.24999884
0.8410405481621925,0.81064856,0.96727765,0.9650791,0.24551266,0.15756372,0.48691756,0.12821855
0.8289877959511838,0.8952057,0.94278324,0.9587112,0.2360583,0.1557935,-0.04073979,0.023246069
0.8824473377893511,0.74371517,0.9875813,0.9711314,0.14402609,0.25468257,-0.4101931,0.06691201
0.7214516218064871,0.6663657,0.9448404,0.96635365,0.116821736,0.09621803,-0.25712213,0.051104695
0.9350255961023844,0.8743214,0.9947749,0.9887272,0.23904319,0.26814327,0.3732025,0.24312599
0.8315279661118645,0.60547155,0.9700338,0.95035785,0.09695827,0.08562233,0.1525728,0.35269046
0.8821147924591698,0.86902845,0.95023483,0.975027,0.27820382,0.1418704,-1.0738378,-0.43931282
0.7602132168528674,0.7334857,0.93995225,0.95603603,0.16677189,0.15755719,0.3119545,0.14571781
0.824251137004548,0.616441,0.9461435,0.94367445,0.16172484,0.17297791,0.28179988,0.0878803
0.8481453445813784,0.7970899,0.91910434,0.95370454,0.23726474,0.14591853,0.25782642,0.24556045
0.825760551042204,0.6619769,0.9385592,0.93922246,0.13858756,0.13722797,0.1548238,0.095821306
0.8330413161652647,0.9342423,0.96313626,0.96235514,0.28287703,0.19806704,0.28932518,0.039304566
0.8552614690458762,1.4839271,0.9938972,0.98247725,0.12078201,0.46621677,-0.38594934,-0.34424406
0.8684884979539919,0.5770417,0.96623045,0.9555143,0.105406255,0.14156953,-0.29071617,-0.28940213
0.7565478261913048,0.72821313,0.9833172,0.9479507,0.09724887,0.10712051,0.4169648,0.19358888
0.7721319525278101,0.62376773,0.95395875,0.93925273,0.12086045,0.124836266,0.031833798,0.32291067
0.8997190548762193,0.9409378,0.97021574,0.98277056,0.23219125,0.13258207,-0.00739407,0.2007711
0.8288273793095173,0.860794,0.96648324,0.9741857,0.19325261,0.11426995,-0.20247307,-0.09455162
0.9033294373177494,0.9236042,0.96449155,0.9687998,0.1544848,0.14910893,-0.025427386,0.038820397
0.89787824751299,0.984187,0.9933332,0.99013954,0.2684281,0.18184303,-0.20978184,-0.14293739
0.8715799023196091,0.67443264,0.9588327,0.9693046,0.1670927,0.11317037,0.53688705,0.13763265
0.9103882495529982,0.9463712,0.9882872,0.9733451,0.28285772,0.29925847,-0.11241567,0.207201
0.8981437845751382,1.1109743,0.98606,0.9919621,0.18929912,0.16369207,1.8058698,0.24900629
0.815134748538994,0.7457521,0.9597348,0.94961774,0.18475093,0.23120776,-0.13595882,-0.18846433
0.9445334741338965,0.83412254,0.9873448,0.9839626,0.09258016,0.18046167,-0.6225909,0.109146126
0.7665459781839127,0.6459499,0.95387846,0.9490184,0.076083206,0.10214294,-0.5395778,-0.46511915
0.7995234540938163,0.7552907,0.95748204,0.96806866,0.13997631,0.164076,-0.3208477,-0.4354274
0.9491581006324025,0.69564545,0.98821276,0.982361,0.08428543,0.18776667,0.35060337,0.019236784
0.9391053244212977,0.92090935,0.9727863,0.98083943,0.1824169,0.34435248,0.22935343,-0.054343116
0.7879321757287028,0.6523589,0.94930774,0.95709294,0.10344049,0.15403707,-0.55186737,-0.27128127
0.785000804003216,0.7951264,0.97363585,0.94192654,0.22485746,0.23507817,-0.26185083,0.5113274
0.847432349729399,0.6736605,0.953306,0.9609234,0.1228881,0.111175485,-0.15456042,0.08655048
0.7764467857871431,0.6740597,0.96767205,0.9545408,0.14113617,0.1386398,-0.43012637,-0.32493955
0.7486834747338988,0.566193,0.9611604,0.93864423,0.0715553,0.10983104,-0.100982435,0.058341272
0.9313022212088846,0.8767469,0.95600426,0.9793415,0.29914063,0.20569777,0.23758562,0.17805299
0.7757858231432925,0.59497935,0.9618677,0.9403666,0.09292561,0.09833628,0.59334934,0.55488694
0.7388258673034692,0.6877593,0.9403121,0.95278686,0.14995562,0.14983039,-1.0689616,-0.6688598
0.8719498877995512,0.74428827,0.94981766,0.9609554,0.19375491,0.20702767,0.34517816,0.14996167
0.8431052284209135,0.8853531,0.99373376,0.97820264,0.25936404,0.14975324,0.6423515,-0.21662413
0.5716836307345229,0.81198305,0.9307225,0.9501674,0.24624775,0.12262803,0.46208578,-0.071478836
0.9005404341617366,0.7507634,0.9715012,0.96438044,0.20102035,0.24924164,0.14949943,0.24326351
0.9500221040884161,0.8949476,0.9802528,0.9855565,0.15979719,0.14331697,-0.5726147,-0.2022869
0.9525926103704415,1.1790757,0.9929318,0.9833575,0.37697542,0.4243212,0.16063562,0.14804085
0.7387941871767487,0.8126926,0.9615222,0.9440546,0.21769378,0.19772577,-0.0750558,0.13847597
0.906999147996592,0.86366177,0.9804154,0.9840751,0.134666,0.1813094,0.27255526,0.3660022
0.7766790107160428,0.6846836,0.94703186,0.9411584,0.14033364,0.13004611,-0.053177964,-0.016952338
0.9008533954135816,0.7412826,0.99109787,0.9677635,0.1687766,0.3370093,-0.75151294,0.11262003
0.9163321133284533,1.1391385,0.9933418,0.9830733,0.2654619,0.30420932,-0.49811065,-0.04211163
0.9210514922059688,0.7581299,0.98236907,0.9795165,0.14309064,0.1413914,0.35900462,0.21594444
0.8858547754191017,0.77349806,0.99383223,0.9693926,0.11060607,0.23970024,-0.83337605,0.11145485
0.7442396169584677,0.91962546,0.9338833,0.9500656,0.28292868,0.1487017,0.067956395,0.4016083
0.9165241140964563,0.7188199,0.983001,0.9727492,0.16125122,0.14741892,0.14034465,-0.21625195
0.9030326041304165,0.73424506,0.96145755,0.96177715,0.21111137,0.27440283,0.1849006,-0.13015819
0.6874959979839919,0.6664278,0.95836115,0.9624331,0.058948033,0.11418875,-0.9288956,-0.3708736
0.853756183024732,0.692675,0.9858325,0.9618276,0.11695466,0.12171261,-0.076068014,-0.69755596
0.8546149064596258,0.6056293,0.9635038,0.9589257,0.091481,0.095713936,0.01893992,-0.06817918
0.5861641366565467,0.5977064,0.95286524,0.954664,0.07046053,0.08429419,-0.23238657,-0.0003793322
0.8914774219096876,0.9774162,0.9203501,0.9585763,0.39874637,0.38302943,-0.3121474,-0.00569972
0.7457068868275473,0.676734,0.95905906,0.9542124,0.08060457,0.15568617,-0.26500356,-0.41210946
0.9088575234300937,0.76256067,0.9755854,0.9707254,0.14961995,0.2101634,0.5226056,-0.13044642
0.8596750867003468,0.70724493,0.96586555,0.9590645,0.16143739,0.20946917,0.40016028,0.37887582
0.9252893331573324,1.0954958,0.9668252,0.9648682,0.5362045,0.36715147,0.67705053,-0.039352
0.8618522794091176,0.64729697,0.956757,0.9670051,0.12107902,0.104885824,0.26334795,0.13510898
0.7196629426517706,0.75700665,0.94157976,0.9482759,0.19118635,0.20622553,0.36362728,0.23513411
0.8620871923487694,0.60550255,0.9928392,0.9708476,0.05086688,0.14469711,0.88804984,-0.3384345
0.7770798123192493,0.9414446,0.9377715,0.96171796,0.3371003,0.19615136,-0.21304564,-0.1599889
0.8084030096120383,0.65584666,0.93913895,0.96936697,0.101536855,0.09574818,0.086375125,0.20303014
0.6984200736802947,0.86717916,0.9283115,0.9631353,0.12557828,0.15784274,-0.4633003,-0.30311352
0.8369221316885266,0.7409683,0.96611273,0.9603434,0.18156716,0.21445,0.7400661,0.6354026
0.8493791415165659,1.1440017,0.97727734,0.96848124,0.4021607,0.21331859,-1.0893729,-0.596861
0.7568208214469857,0.7581438,0.9590204,0.9518445,0.20842122,0.17276014,0.28825775,0.24577779
0.9441307525230102,0.9012251,0.97123545,0.9764136,0.2100152,0.16257559,0.26585457,0.0137737105
0.7577907431629726,0.6074062,0.9388105,0.9550562,0.12133681,0.11358259,0.0008329799,0.12679012
0.8589924279697118,0.57557553,0.9856963,0.96586734,0.080799095,0.10237619,-0.14156108,0.1587194
0.9484549938199753,0.6356082,0.9870572,0.97719115,0.11735784,0.18911408,0.2902642,-0.105931774
0.8487364189456758,0.5464765,0.9734773,0.9596111,0.110547744,0.1384922,-0.32182136,-0.118846774
0.8764988659954639,0.74659103,0.97192484,0.9640132,0.14112899,0.18410419,0.014254916,0.24622203
0.7291333805335222,0.703481,0.93256426,0.9576139,0.16584583,0.20947948,-0.8976574,-0.5940359
0.8255427261709046,0.70631254,0.94305944,0.96257126,0.12466169,0.19005954,0.63103527,0.42456046
0.9022248568994276,0.78692836,0.98831654,0.9727912,0.1180889,0.14775577,0.08811223,0.545989
0.8997537110148441,1.0260823,0.9797462,0.968043,0.45822224,0.2842208,1.291481,0.056099374
0.8056462625850502,0.7840723,0.97835714,0.9685951,0.17616719,0.11504807,0.3024795,0.07577769
0.8798711674846699,0.8031363,0.9616319,0.9762421,0.14004508,0.13629627,-0.6836162,-0.46713832
0.7859192396769586,0.6972564,0.974968,0.9551668,0.1060293,0.1254113,-0.31968844,0.086872295
0.8672428929715719,0.9370751,0.99490845,0.9885534,0.136294,0.120138824,-0.26849863,-0.47896284
0.8418019272077089,0.6947404,0.97106224,0.9598938,0.10564804,0.16447112,-0.087058626,0.16306187
0.9250169800679202,0.91042405,0.99169815,0.97551566,0.1495403,0.26067346,-0.85953885,0.023906324
0.9389104436417745,0.81164336,0.9877858,0.9826192,0.11442712,0.14616725,0.4703997,-0.29707852
0.9446743066972267,0.75572807,0.9726315,0.9830279,0.13260943,0.14513801,-0.23102407,0.2771764
0.6929233796935187,0.6574003,0.96511763,0.9547538,0.04867853,0.12534599,0.31749943,0.20851554
0.7310321721286884,0.79857314,0.93774706,0.95403653,0.21497786,0.18103385,-0.46332094,-0.22553705
0.46017246468985873,0.75509626,0.90830004,0.95379424,0.1552449,0.09345315,0.5175765,0.6203381
0.5921157764631058,0.75151,0.9448729,0.96024066,0.15874158,0.07645058,-0.85933006,-0.72989935
0.7202012168048672,0.5379818,0.93095237,0.9500124,0.09119187,0.07286141,0.06190266,-0.048334904
0.7160472801891207,0.70435244,0.95098525,0.9583076,0.10100362,0.13035218,0.54618675,0.2922289
0.8544179136716545,0.6690328,0.96428645,0.96748066,0.10141661,0.21287069,0.6432272,0.26092395
0.9101432565730263,0.95566565,0.9701658,0.9746838,0.28509519,0.3177673,-0.28891927,-0.19753867
0.7142603290413161,0.8909358,0.9708101,0.98235834,0.12910065,0.17589724,-0.9416796,-0.65515083
0.8784296257185029,0.7576547,0.94171005,0.9550796,0.2354328,0.33008045,0.09719414,0.3924284
0.7137261829047316,0.6926499,0.9037098,0.9464898,0.17711313,0.11857539,0.18478128,0.13486783
0.8517125268501073,0.73027796,0.9655083,0.96555907,0.1523108,0.114643015,-0.12030745,-0.5973218
0.9136986307945232,0.79038054,0.97413445,0.96863276,0.17303906,0.33555782,0.10414054,-0.29433152
0.8936588386353544,0.93020344,0.9463813,0.9559264,0.5012187,0.55949575,0.4251801,0.110637836
0.9228039792159167,0.8645843,0.9607479,0.95538235,0.2871974,0.59566736,0.13910507,0.39230606
0.7846503066012264,0.96513724,0.94948643,0.9572237,0.31862098,0.26710755,-0.1637678,0.07233276
0.8515531662126647,0.9850366,0.9587555,0.970422,0.34636283,0.24648488,0.64662665,-0.03718816
0.8067200268801075,0.7852379,0.9493102,0.96451795,0.15857202,0.08559864,0.17127606,0.31745857
0.5648591554366217,0.66576487,0.9297651,0.9558635,0.06948073,0.09397598,-0.4179919,-0.15392213
0.9589790359161436,0.97411895,0.9835801,0.9763013,0.23934053,0.40003502,0.19983125,0.017252455
0.8190550202200809,0.936726,0.9511803,0.96197146,0.29197204,0.14833955,0.3175541,0.14450212
0.9086182904731619,0.6005553,0.9613838,0.9731977,0.114910975,0.14092845,-0.52262866,-0.35304952
0.5805691382765531,0.5097997,0.9803414,0.95398486,0.06791147,0.0680143,0.8815102,0.9366266
0.8608563714254855,0.58405584,0.97853494,0.96598864,0.095899746,0.10548638,0.22759974,0.40966755
0.6151235164940658,0.7165761,0.92764455,0.951025,0.10440232,0.12298014,0.078054294,0.03503821
0.8474878379513517,0.71080345,0.9667001,0.9664362,0.14664796,0.13521677,0.15704437,0.47159353
0.7558877275509103,0.6061796,0.95958,0.95221406,0.08437931,0.0947751,-0.5237301,-0.3358034
0.8782009528038112,0.67577296,0.97672164,0.9691708,0.15462151,0.13449803,-0.62428874,-0.085401505
0.8625369541478165,0.69436425,0.97518545,0.9548498,0.18566625,0.27643013,-0.17581972,-0.4184109
0.8813458293833175,0.88456166,0.9839153,0.95886767,0.20737924,0.310227,0.25780132,-0.0038239758
0.7210767403069612,0.56780016,0.9011565,0.9511392,0.10885458,0.1307944,0.17872639,0.087251425
0.7878961755847024,0.7035334,0.9760788,0.9585481,0.13124791,0.14225149,0.41751394,-0.12551922
0.9002486889947559,0.79527766,0.99012727,0.9738902,0.1807513,0.22564892,-0.022486674,0.26514322
0.6133582614330456,0.86459816,0.9084978,0.95131725,0.25809062,0.20428096,0.3841357,0.33906454
0.7688213792855171,0.58768326,0.9278685,0.9549279,0.059188444,0.16484177,-0.52127826,-0.367623
0.8368808515234061,0.982588,0.9553308,0.9584491,0.3524111,0.15261832,0.1313471,0.10013884
0.8791931167724669,0.8802732,0.9838341,0.9734606,0.13356979,0.092397,-0.017872809,0.0432784
0.9465315301261205,0.77986264,0.972909,0.9790955,0.09796087,0.19278687,-0.3048859,0.118863076
0.8040469921879687,0.59988827,0.95036405,0.9637898,0.0811384,0.08958039,0.7382135,0.3415094
0.7345873543494175,0.8198904,0.95270807,0.96241784,0.11763971,0.14121354,0.15085097,0.0476372
0.8046126264505058,0.6455462,0.9600077,0.9650473,0.06671743,0.14108503,-0.24832253,-0.53312904
0.6567806751227004,0.5617041,0.96427816,0.9510945,0.07965591,0.09900113,-0.016101016,0.14248013
0.9046144024576096,0.70022273,0.9913893,0.98183453,0.045720037,0.11781899,0.48745725,0.25182423
0.9139888399553597,0.6715611,0.99314237,0.9747173,0.08253266,0.18470606,-0.31475127,-0.22898939
0.8251505646022583,0.68998593,0.9614059,0.9586251,0.11703973,0.11693411,0.25700527,0.34771618
0.8384494977979912,0.7579882,0.9883953,0.9711757,0.13903199,0.16263585,-0.17833106,-0.5947771
0.8559932799731198,0.7628028,0.9632334,0.96551055,0.15107556,0.11991189,-0.3787775,0.16425355
0.7644729458917835,1.0265099,0.97246087,0.9558184,0.12204343,0.13151966,0.7229539,0.20714848
0.8272910851643407,0.6714996,0.94355863,0.95471054,0.14404795,0.13173836,-0.7842344,-0.3080644
0.7331179724718898,0.6678984,0.93786186,0.95711064,0.13862386,0.12366599,0.0011923038,0.024575155
0.8789345877383509,1.0814683,0.98470306,0.97426057,0.3238437,0.479712,0.3207567,-0.218551
0.8172349489397958,0.78774554,0.9483386,0.966128,0.17797202,0.114793554,0.9924748,0.51884836
0.911759231036924,0.7616178,0.99009514,0.97351056,0.104115345,0.15957162,-0.35795355,0.019297164
0.6527793791175165,0.5926896,0.9058162,0.9488128,0.11291985,0.11824399,-0.51242614,-0.3977018
0.8995170700682802,1.1911808,0.97774386,0.96530414,0.4693301,0.48463526,-0.07916208,0.15286842
0.8619531758127033,0.51407427,0.96909046,0.96295184,0.060805093,0.12152381,-0.88196117,-0.36129543
0.8413950775803103,1.1261005,0.98539764,0.9794152,0.2853168,0.21668857,-0.4425961,-0.5329259
0.9002321769287077,1.1089061,0.97750384,0.96817327,0.5172986,0.5271666,0.18575597,0.3340918
0.9055460861843447,0.94859946,0.96030825,0.9614423,0.35692117,0.54968005,1.0285339,0.05102454
0.7181050484201936,0.577839,0.9678636,0.948695,0.065578334,0.08881806,-0.5908929,-0.32980546
0.8058061992247968,0.6439404,0.9369986,0.9504097,0.16147353,0.20919977,-0.0052515543,0.039190758
0.8490551402205609,0.7806623,0.9798979,0.9681207,0.16242509,0.15161839,0.07586073,-0.35662144
0.8764271537086148,0.7283167,0.97362596,0.97144145,0.09822311,0.16633524,0.88265127,0.10022268
0.9008439873759494,0.76157504,0.97981054,0.9667336,0.20527783,0.18010004,-0.060199853,0.07992857
0.8168455713822855,0.6298245,0.9687888,0.9599031,0.08719821,0.1269224,-1.16456,-0.38992855
0.6710239640958564,0.7101562,0.94780874,0.9548162,0.12223965,0.103396885,0.51733816,0.38589698
0.8261437845751383,0.5372092,0.9453953,0.9572048,0.07736406,0.09055427,-0.4839866,-0.58631057
0.690317449269797,0.7463483,0.9707087,0.9561199,0.06271856,0.16582955,0.8285704,0.7614237
0.6460149040596163,0.6133004,0.9344887,0.9555009,0.08862027,0.11176781,-0.09922079,-0.19344649
0.8788210192840771,0.8656592,0.9638288,0.96065265,0.26893952,0.31917801,-0.15311831,0.1601558
0.9220849363397452,0.8440949,0.986549,0.97859645,0.18617587,0.18956211,-0.0020059021,-0.18328443
0.7221714326857308,0.7506211,0.95763695,0.94896394,0.1477638,0.104786806,-0.62793165,-0.42999977
0.8515865743462973,0.87235445,0.94159716,0.96713674,0.32708636,0.19488202,-1.035813,-0.44289935
0.7819943599774398,0.579733,0.9641921,0.95082587,0.09261917,0.11678649,0.14015366,0.4266909
0.7865598502394009,0.8318112,0.96932644,0.96414936,0.22215883,0.13230173,-0.28456968,0.12226699
0.7360363841455365,0.6220162,0.96264076,0.9603186,0.075061426,0.10846903,-0.1710165,0.1098848
0.7602397129588517,0.84547323,0.9803908,0.96715754,0.12816785,0.21069893,1.0734341,0.8113974
0.7281746246984988,0.7972746,0.972819,0.9573623,0.12568794,0.14924787,-0.2857248,-0.34335586
0.827004908019632,0.82063705,0.9420151,0.95912504,0.20630908,0.21147603,-0.449123,-0.18372208
0.8358427033708135,0.60933137,0.97616166,0.9760271,0.077556476,0.1340412,-0.5496103,-0.34599778
0.5368602594410378,0.69676006,0.9206978,0.95258987,0.11639803,0.079454824,-0.24715073,-0.23859608
0.885571574286297,0.65875673,0.97983,0.9757176,0.14700708,0.13171712,0.579461,0.16022535
0.8367625790503161,0.76581794,0.962649,0.9635041,0.18321604,0.24684174,-0.2592373,-0.19048479
0.8114588938355753,0.7713876,0.96117043,0.9538914,0.1777492,0.20479396,0.34790573,0.35862878
0.7283525134100537,0.59395,0.9646097,0.95387596,0.08106762,0.09028263,-0.4553646,-0.48249722
0.8517083028332113,0.76042145,0.9584781,0.9681693,0.17321098,0.086150706,0.71114105,0.3029066
0.578693578774315,0.52396464,0.9165022,0.9442317,0.06411229,0.1224669,-0.14303988,-0.26456922
0.8191644606578425,0.58310455,0.9183988,0.9580803,0.19283372,0.10598518,0.8100895,0.4029475
0.8675118860475441,1.2487434,0.9364717,0.954715,0.97786164,0.50800455,-0.0009981493,-0.24028511
0.8772437329749319,0.6515617,0.9802774,0.97055924,0.0862857,0.15396579,0.2635881,0.0053326334
0.8029076596306385,0.628879,0.9325398,0.9614533,0.19387881,0.09023314,-0.6903421,-0.2400115
0.8989144756579027,0.87511325,0.93131924,0.9598007,0.43736288,0.468397,0.8567936,0.20074485
0.8794794859179437,0.6819965,0.96670556,0.95954186,0.14096273,0.14302912,0.3837063,0.0532175
0.6721666566666266,0.72230864,0.93579495,0.9472845,0.14533386,0.11839913,-0.006708972,0.10523656
0.8807073308293233,0.8829429,0.96965474,0.96601045,0.24952619,0.3030884,1.029387,0.58896375
0.837448981795927,1.0590477,0.9496851,0.96239483,0.48489162,0.35212317,-0.3025103,-0.11122701
0.8918467353869414,1.0128986,0.96616656,0.97171783,0.42927372,0.27533704,-0.445766,0.13568017
0.8357389269557077,1.0883801,0.97196406,0.9813693,0.24962115,0.15234767,-1.0285766,-0.50014603
0.9156102864411457,0.59415233,0.97765106,0.97999966,0.11434924,0.12310338,-0.11532992,0.41666806
0.8886413785655143,0.5849433,0.9688777,0.9674577,0.09386129,0.1402989,-0.56547064,-0.2908792
0.818000456001824,0.52579224,0.96635276,0.9598953,0.056033615,0.0794589,0.6694428,0.26945907
0.7697371269485077,0.68526673,0.9335197,0.95855623,0.15275925,0.14315575,0.77879274,0.7310389
0.7888004992019968,0.66899204,0.9447397,0.95253336,0.16345242,0.11397862,0.395816,0.09590702
0.9264742658970636,0.62140226,0.9915958,0.9806949,0.07587557,0.16293497,-0.17094396,-0.48129678
0.807059676238705,0.8410668,0.9689417,0.9652665,0.17389072,0.16638143,-0.04727625,-0.11050534
0.890943467773871,0.87759185,0.9862433,0.97301775,0.15343107,0.11303688,0.64781797,0.46226302
0.8892284209136835,0.7922705,0.9730442,0.97054374,0.20036589,0.25785297,-1.1908495,-0.48028317
0.6075117420469682,0.4709992,0.9426626,0.94904447,0.06548529,0.077413425,0.041806523,0.014821496
0.7143474013896055,0.718476,0.9459925,0.95766747,0.12641308,0.08944953,-0.2862097,-0.3531587
0.9092052368209473,0.7251048,0.9657263,0.97063816,0.13929088,0.11175038,0.13912587,0.06540357
0.8828556274225097,0.70973855,0.97818846,0.9636258,0.11062078,0.13285382,-0.2019492,0.06826022
0.8616997347989391,0.7234952,0.9416512,0.95226794,0.20718297,0.34523448,0.22197655,-0.16505402
0.8351572606290424,0.6722263,0.9761955,0.96469235,0.09376275,0.12108741,-0.2961267,-0.25139248
0.880312289249157,0.77084106,0.9858762,0.9604056,0.12667921,0.23109384,-0.49170232,0.20845887
0.909940887763551,0.7898387,0.9932287,0.9721685,0.11064861,0.14000016,0.14008886,-0.049379434
0.765257749030996,0.72889245,0.96161467,0.95983607,0.13380581,0.11855533,-0.061125495,0.2509402
0.8895897663590655,0.52045786,0.9765214,0.9635211,0.0885458,0.10244266,-0.2953301,0.024896884
0.6993869895479581,0.5177189,0.9533449,0.9547847,0.06534192,0.089371406,-0.32513523,-0.4373484
0.8679067356269425,0.6396379,0.9822994,0.96611726,0.13258313,0.14274754,0.40058485,-0.24369228
0.9144574178296714,0.6932004,0.99035656,0.97178507,0.091155514,0.10569619,0.07019168,0.39208436
0.6712012768051072,0.65849483,0.9607606,0.9521212,0.11059832,0.1286657,0.42520535,0.41513458
0.7387036588146353,0.7247201,0.9431826,0.9508875,0.1546349,0.15680964,0.06668392,0.13245289
0.9123880335521342,0.73272157,0.976918,0.96333784,0.16941126,0.3082452,0.020717762,-0.14522058
0.8702458809835238,1.177091,0.97981983,0.97594786,0.58097064,0.35568708,0.19530381,-0.18453895
0.890316201264805,0.72232264,0.96793926,0.9684904,0.10938059,0.12327962,0.6574788,-0.04769242
0.7471489085956344,0.7582787,0.9591031,0.9631292,0.18053816,0.16496988,0.8257042,0.63574016
0.8269594998379994,0.7336826,0.93932116,0.9528821,0.27897763,0.15701003,0.07966661,-0.16163069
0.8532197328789316,0.93929994,0.95969373,0.9636424,0.32652804,0.24666223,-0.5053992,-0.21899192
0.9242104808419234,0.7928166,0.991903,0.97834855,0.14631993,0.16809657,-0.014855114,0.5226396
0.6231075804303217,0.94204414,0.9601962,0.96409386,0.11322998,0.16862944,-0.021966223,0.0019974273
0.586323497293989,0.6777947,0.9233585,0.95166934,0.14028864,0.14156446,-0.3658904,-0.1522527
0.9294665978663915,0.67779523,0.9943496,0.9789065,0.10588953,0.21529974,0.40223455,-0.5202077
0.7767623390493561,0.9808796,0.8902921,0.9476415,0.5493769,0.3397613,0.32908192,0.16979973
0.7906676106704428,0.47918802,0.9606308,0.958787,0.04841395,0.0917383,0.07194783,0.144526
0.8771342925371701,0.91817915,0.97319835,0.973031,0.35101762,0.21367759,-0.42019358,-0.1481315
0.8696277345109381,0.81255335,0.96591514,0.96508926,0.18589512,0.117526345,0.08059765,-0.08629602
0.8829448117792471,0.8659473,0.9737499,0.9842702,0.16562992,0.117282994,0.6245584,0.1338717
0.7932632690530762,0.69064796,0.9421975,0.9614221,0.15158127,0.15200572,0.25764897,0.17685382
0.7248022272089087,0.7997831,0.9383612,0.9567605,0.14815298,0.15581478,0.010552069,0.19675618
0.9385790503162013,0.7805534,0.994036,0.98607576,0.17521098,0.1927226,0.101741545,0.08282293
0.9007352189408758,0.8978532,0.97685444,0.9754086,0.17659715,0.15142655,-0.6029721,0.10413535
0.8595439501758007,1.0781213,0.9662579,0.9658368,0.47792003,0.3038368,-0.37478584,0.046642352
0.8274741578966315,0.7238336,0.92522085,0.9506465,0.22194041,0.20043714,-0.045973897,-0.05105044
0.7730772683090732,0.67051995,0.94919795,0.95819587,0.12788492,0.11869555,-0.53484553,-0.5902854
0.8037096468385874,0.9726333,0.9428963,0.9609837,0.1918718,0.13916478,0.29175434,0.168448
0.8017836871347485,0.6700922,0.97212356,0.9591674,0.102771565,0.1778339,-0.23528703,-0.08631962
0.8546990987963952,1.0207267,0.9238604,0.95334417,0.4295777,0.37594453,-0.024935812,0.0774005
0.8943415933663733,0.6609962,0.9822521,0.9692947,0.1242478,0.1504629,-0.44065163,-0.25729483
0.9175901023604094,1.0641227,0.96566534,0.9610213,0.4848505,0.54663897,-0.82018703,-0.20151652
0.8205780663122652,0.65382636,0.93002576,0.9637467,0.11833171,0.12162183,-0.026832981,-0.29481527
0.7727038268153072,0.73847437,0.95689964,0.9601559,0.085115,0.107622795,0.090678334,-0.14797387
0.8091900207600831,0.78794,0.98160386,0.95944,0.1428553,0.11638143,0.036140688,0.3429107
0.8024961059844239,0.5475889,0.93159467,0.9543998,0.09405597,0.14979115,0.23409027,0.13681217
0.7723850095400381,0.78614974,0.94222254,0.96262515,0.20228782,0.11775059,-0.6099145,-0.34318024
0.8056727586910346,0.7547931,0.98274744,0.9762263,0.08162526,0.12916258,0.65466803,0.3860505
0.9569714758859035,0.5701282,0.98480046,0.9770915,0.059229027,0.117321506,-0.29579005,-0.21220541
0.8206342265369062,0.64345473,0.9440176,0.9628904,0.12897137,0.13044395,0.047222145,0.0356075
0.9285088980355921,0.9099082,0.9816969,0.96995145,0.2061654,0.22541438,0.22744778,0.072450094
0.8825459301837207,0.88416016,0.9789355,0.9824961,0.1557823,0.1682858,0.1975525,0.4571812
0.8771501326005304,0.8799885,0.9798761,0.9713426,0.19259655,0.21123205,-0.57557344,0.25471833
0.8190056760227041,0.6669584,0.9363103,0.96307456,0.08607078,0.15948494,-0.47758478,-0.15430793
0.8477040308161232,0.779603,0.95957893,0.960535,0.13263887,0.11605654,-0.19108428,0.30907094
0.848315457261829,0.6664466,0.9553153,0.955659,0.13101868,0.21904455,0.51942617,0.18998253
0.7688277153108612,0.86530447,0.91622645,0.9576078,0.18293695,0.2921716,-0.7159339,-0.57718354
0.9222254809019236,0.9775213,0.98109,0.9683775,0.31267002,0.27584073,0.12799424,0.3118879
0.9234059016236065,0.71855474,0.98703897,0.97473395,0.10707648,0.19077364,0.2858647,-0.2009843
0.5170404041616167,0.7552118,0.9311933,0.9508074,0.11220347,0.0848331,0.3789291,0.26414356
0.853946263785055,0.54518133,0.9738822,0.9624778,0.05415789,0.11140766,-0.052215233,-0.05869789
0.7502743930975723,0.74625635,0.9442612,0.94978607,0.1583963,0.20044264,0.33943462,-0.0020988588
0.8207613310453242,0.72699285,0.9505343,0.9481408,0.18636245,0.14469323,-0.75612396,-0.35763308
0.8700698162792649,1.019581,0.9924918,0.98069876,0.18334161,0.13832834,0.5794916,0.5200915
0.7346908427633709,0.7747497,0.9453571,0.9594485,0.2202326,0.14661421,-0.20128329,-0.2769444
0.9438906555626222,0.7800483,0.9865545,0.9776293,0.165957,0.19187894,0.2101037,-0.23501115
0.9108330193320772,0.8084523,0.97104657,0.96120566,0.21647364,0.34908602,-0.265892,-0.09051597
0.9392792036595156,0.918879,0.9917654,0.97737366,0.3271793,0.33476242,-0.9892467,0.07396361
0.874688106752427,1.2527001,0.9913879,0.97863525,0.42453906,0.4469087,0.37650526,-0.2799191
0.6542210168840675,0.6250653,0.92467546,0.9482731,0.13105136,0.114635855,0.20847283,0.15605934
0.8859431917727671,0.7023614,0.98585874,0.96531284,0.15059976,0.23351322,0.115084045,0.027400063
0.874313225252901,0.85536957,0.98526347,0.972085,0.20706412,0.149215,0.25509506,0.62818795
0.8636733106932427,1.0647043,0.96609765,0.96390504,0.22504285,0.5175661,0.38127375,0.16103785
0.9182190968763874,0.6981821,0.9874229,0.97875965,0.08567548,0.12950428,-0.34476674,0.068589285
0.9040534722138887,0.7753684,0.97957546,0.97799027,0.1603646,0.17040366,-0.2860026,-0.39245453
0.6718262393049572,0.61920154,0.9378775,0.96030915,0.11246597,0.09169524,0.0057001747,-0.23325554
0.8364611378445512,0.7077037,0.9613319,0.9637524,0.18049979,0.18427286,0.10513089,0.041763756
0.9352357409429638,0.8100935,0.9795049,0.9779538,0.26235256,0.21149369,-0.8030778,-0.0568428
0.7947309229236915,0.80538225,0.94707423,0.9512979,0.2083878,0.2378987,0.7067861,0.4609765
0.7967187068748275,0.9127285,0.99352616,0.97006965,0.20656821,0.23191494,0.2880127,0.87559587
0.765377461509846,0.7823213,0.95218337,0.96832633,0.13158292,0.16993852,-0.70578796,-0.49070743
0.7631991167964671,0.5680162,0.9575005,0.95468044,0.09179977,0.08179995,-0.08604521,0.10213619
0.7173825495301981,0.58117634,0.9741125,0.951148,0.14062937,0.1223147,-0.7243585,-0.18571037
0.8882773451093804,0.7662449,0.977463,0.96044135,0.25015652,0.2684759,0.17847511,-0.19457407
0.9478658394633578,0.7212048,0.9773669,0.98010576,0.2372427,0.21129368,-0.47944617,0.035879783
0.9367419869679479,0.5464599,0.99034834,0.9714721,0.11600733,0.17597477,-1.3582156,-0.032125313
0.7409593798375194,0.8859682,0.94707644,0.95258045,0.19340909,0.15897068,-0.012370005,0.06796056
0.8045045300181201,0.57864994,0.9636687,0.9493974,0.10768667,0.139641,-0.5597751,0.17386016
0.7066208104832419,0.70529586,0.95878106,0.97034186,0.1783187,0.12762745,0.8664555,0.5246527
0.6868883155532621,0.8567976,0.90875447,0.95798564,0.2200924,0.16815647,0.13849871,0.043323014
0.834326397329423,0.69479704,0.9699577,0.958309,0.1251591,0.1490862,-0.0077637453,0.19421707
0.8375337501350005,0.8539111,0.9565156,0.96886796,0.18884191,0.1955955,0.047142457,0.117145136
0.841256741026964,0.93290746,0.9799977,0.97331387,0.17105351,0.18503405,0.023742206,-0.36599478
0.779062988251953,0.6931272,0.94267446,0.95861953,0.082038574,0.18625663,-0.5167503,-0.36645746
0.8544365377461509,0.6842283,0.9724478,0.96442354,0.11995412,0.12417954,-0.7646397,-0.365623
0.919876351505406,0.81797236,0.9824654,0.9808134,0.21071157,0.1738411,-0.020613164,0.089472905
0.912622466489866,0.76717734,0.9862433,0.9743616,0.15343107,0.15549716,0.64781797,0.5085981
0.6692784851139404,0.8293844,0.9702686,0.95489615,0.10585164,0.09189817,-0.023391983,0.46563774
0.8959187836751346,0.9286279,0.9793546,0.975184,0.18886913,0.16094677,-0.2364192,-0.32304683
0.9594424297697189,0.7447126,0.9844393,0.98567486,0.0915756,0.14456083,0.016939718,0.24747667
0.5327247548990196,0.61000794,0.94923055,0.94627005,0.06810453,0.09125918,-0.1806753,-0.052257027
0.8874303337213348,0.7354984,0.97236836,0.9744478,0.1657219,0.18085752,0.18285634,-0.2298412
0.9400242400969602,1.002073,0.96999,0.9824399,0.28942907,0.2600912,0.0870766,-0.033200465
0.8351571646286584,0.69984484,0.96340805,0.9625704,0.16481318,0.16164546,-0.20643665,-0.42777827
0.879698846795387,1.0303507,0.9726793,0.966698,0.23015535,0.48512405,-0.32190204,-0.32665256
0.7671164124656498,0.72456545,0.9252725,0.9588961,0.15066686,0.09906572,-1.1877166,-0.5519678
0.9102715130860523,1.0118346,0.97893435,0.964828,0.37436277,0.6241958,0.07267675,0.17516668
0.8558079992319969,0.7582366,0.9883507,0.9836071,0.103008576,0.13877824,0.2749501,0.2221696
0.8583450973803894,0.6881458,0.95120007,0.96463794,0.18413585,0.17820236,0.8504828,0.6073436
0.8075355501422005,0.6069927,0.9812087,0.96049505,0.05809886,0.11440729,-0.14001669,-0.5053892
0.9314024456097825,1.1767924,0.98438627,0.979952,0.3138797,0.2878772,-0.08258618,-0.18129279
0.7816570146280584,0.750944,0.97025365,0.9627664,0.1061996,0.16859569,-0.062717035,0.27862662
0.8849919239676959,0.74266917,0.9759481,0.97781,0.14748833,0.21895573,-0.6972656,-0.28384724
0.9058000072000287,0.79778296,0.9748471,0.9709062,0.1883319,0.18398781,0.3931098,0.10706395
0.7915711662846651,0.8328091,0.9515797,0.9584977,0.18719281,0.172685,0.40026078,0.23083305
0.8996969747878991,0.6388835,0.9820434,0.96968037,0.11725204,0.21705458,0.07397041,-0.3343735
0.8468222672890691,0.75775856,0.9616744,0.9633328,0.1627866,0.22701088,-0.52152294,-0.24940507
0.8613573014292056,0.859414,0.9640228,0.9656487,0.24800375,0.2715287,0.046568617,-0.25823793
0.8955636782547128,0.95591336,0.97043043,0.9781119,0.26449242,0.1584133,-0.41734722,0.2898857
0.8985485221940887,0.87855375,0.95530313,0.9697918,0.35335243,0.24284527,-0.05239701,-0.3096558
0.7819919599678399,0.8905444,0.96145856,0.96221757,0.14839508,0.14317048,-0.8996861,-0.42589748
0.8836501266005063,0.92165136,0.9659578,0.96722674,0.26084542,0.23530267,-0.15320756,-0.25658822
0.9306532586130345,0.75198257,0.97388685,0.9824379,0.11678684,0.16024357,1.5132515,0.4717763
0.8602993771975087,0.6069975,0.96705323,0.9626336,0.06603152,0.15293336,0.23060083,0.2127891
0.8004565778263113,0.68746156,0.96060526,0.95791113,0.095565416,0.17023957,0.046975426,0.3210625
0.856495745982984,0.6133501,0.9274797,0.96452534,0.13690746,0.13194086,-0.085669644,-0.30480504
0.9327031548126193,0.8210296,0.991942,0.9802935,0.14166082,0.1442535,0.47573736,0.0895303
0.8671884607538428,0.6774986,0.9602195,0.9610291,0.09396032,0.13629273,0.17841204,-0.2869406
0.8462236088944356,0.5384359,0.9912486,0.96753347,0.052590474,0.109243676,0.3004019,0.25427073
0.8937743270973083,1.0082319,0.9855728,0.97093636,0.27511424,0.37401202,-0.009372194,0.13615775
0.8711006684026735,0.9011787,0.96005845,0.96793497,0.26693603,0.20770226,0.54682326,0.33853716
0.8878968955875824,0.7351249,0.96739763,0.96915567,0.18437096,0.1809763,-0.15118569,0.22560094
0.8030694202776811,0.827934,0.93968225,0.9531906,0.19164203,0.1426683,0.42868465,0.17865464
0.8626711626846507,0.6644671,0.9738339,0.9654955,0.105719104,0.11395455,-0.06566768,0.37600255
0.8641779847119387,0.7625561,0.9754689,0.97143924,0.17169009,0.20781077,0.14197955,0.26728916
0.5577245988983955,0.6151502,0.9360403,0.94293606,0.08877691,0.10172197,0.40725234,0.3597229
0.503507038028152,0.5702601,0.88817376,0.9502692,0.061581735,0.10697784,0.46287417,0.47276604
0.8941661046644186,0.6104135,0.9890367,0.9638754,0.090360455,0.14216222,-0.8273982,0.24484804
0.8323036492145968,0.69152683,0.9509184,0.95796597,0.13308421,0.20427446,0.094631255,0.11248392
0.8527858111432445,0.7982183,0.956986,0.95887274,0.1933414,0.2466413,-0.043871343,-0.09809475
0.8440186720746884,0.9140611,0.9849647,0.972752,0.18866427,0.17072889,-0.2853639,0.6335991
0.7888018432073728,0.6398939,0.96176773,0.95210415,0.20276967,0.14732486,-0.18361907,-0.24947621
0.8707782991131964,0.7575031,0.9535895,0.9638202,0.17075957,0.18257798,0.051001955,-0.04837894
0.7539849999399997,0.9229067,0.9564056,0.9625139,0.2860287,0.20927264,0.34469122,0.030891439
0.890126600506402,0.6568557,0.9709985,0.965562,0.11513195,0.23629214,-0.740394,-0.69565076
0.8713483493933976,1.1456106,0.9660952,0.96045935,0.54653126,0.33180842,-0.012748124,-0.023145027
0.6307387469549878,0.5569737,0.9046579,0.950235,0.076672494,0.13817933,-0.29389068,-0.1427459
0.8100580562322249,0.74174,0.9696025,0.9650402,0.12403043,0.15218695,-0.7410032,-0.8997972
0.8163930255721022,0.8463354,0.94618404,0.9665745,0.20957221,0.19249025,-0.17202447,-0.077923216
0.8999918879675519,1.0443143,0.98186177,0.9831364,0.295735,0.27542242,-0.06293824,-0.3441949
0.8470832923331693,0.849272,0.9859171,0.9871327,0.080082744,0.1337203,0.5593592,0.75268215
0.8697930471721885,0.7119721,0.9401934,0.96335185,0.13713293,0.21927279,0.5284439,0.30070296
0.7720414241656967,0.700937,0.9599493,0.96151465,0.1400583,0.16911912,-0.25904146,-0.33425733
0.9322523370093481,0.8587806,0.97809756,0.98162043,0.19026956,0.19863556,0.4241016,-0.12400156
0.8479066876267505,0.80907506,0.98300385,0.9676246,0.09406766,0.1409719,0.40344805,0.51105267
0.8975536702146808,1.3206924,0.98371893,0.9888378,0.22548744,0.255104,0.42077222,0.21205284
0.8202228648914595,0.7265992,0.96322024,0.96818,0.1027699,0.11209058,0.7871799,0.3307185
0.8025103140412562,0.82110894,0.94801414,0.96055204,0.18061228,0.16981617,0.05545089,0.16292024
0.9084754419017677,0.8927558,0.96308744,0.9741011,0.32510808,0.27014422,-0.67135763,-0.23421596
0.9098660074640298,0.7472039,0.98380715,0.97441703,0.13167003,0.17172469,-0.91018385,-0.4395587
0.8484309457237829,0.8186064,0.9657547,0.97144824,0.100919195,0.16476227,-0.17670098,0.12908527
0.8251353965415862,0.70823777,0.9637684,0.96654665,0.12488668,0.10309199,0.33004618,0.41233972
0.7889056196224785,0.61891645,0.93878543,0.9642096,0.12806098,0.14111127,-0.6478901,-0.114154376
0.8484281617126467,0.84625745,0.9763589,0.9661467,0.20055805,0.17636669,0.65022814,0.11047373
0.7643650414601658,0.66129476,0.9827587,0.9651778,0.07430118,0.12428376,-0.47048095,-1.067339
0.7880923043692174,0.9243886,0.9263988,0.9499186,0.36640444,0.1733542,-0.016308501,-0.28353828
0.9094614618458472,1.0285276,0.99467206,0.9835919,0.22056247,0.28923377,-0.13948272,0.46921843
0.6973643574574298,0.659187,0.9446613,0.9568071,0.105035126,0.13604438,-0.08827133,0.02344464
0.9225816423265693,0.6031325,0.9770218,0.97716045,0.12792909,0.16302384,0.10663209,0.10991395
0.9154940299761197,0.8142466,0.9681119,0.98036784,0.2304652,0.15452245,1.0106081,0.29473358
0.8999207516830068,0.95258445,0.9721844,0.96851814,0.3780751,0.21339904,0.09439809,0.03702247
0.8860695282781131,0.7460369,0.9600094,0.97772014,0.16065529,0.18129158,0.5422447,0.18847309
0.8470518042072167,1.0962403,0.98292166,0.97666955,0.2851854,0.12361246,0.08890216,0.010540045
0.9609302437209748,0.7677962,0.9903892,0.9878475,0.12073264,0.13772891,0.17202137,-0.015662447
0.8319327997311988,0.69850045,0.9832448,0.9663865,0.10591144,0.112215064,0.08881898,-0.224012
0.6382757371029484,0.6373807,0.9356666,0.9552288,0.10307638,0.0944168,0.25525165,0.27895492
0.900063696254785,0.55570346,0.96952623,0.96820587,0.09743787,0.15800138,-0.18885931,-0.023931298
0.8189785079140317,0.92179215,0.9596348,0.954057,0.27774218,0.2857147,0.57823914,-0.15563142
0.9047330589322355,1.0684915,0.9738174,0.9788967,0.2794074,0.2694369,-0.72720385,-0.105018705
0.8779167916671666,0.6565567,0.9704051,0.97002,0.10314257,0.1492828,-0.079440475,-0.3562962
0.8012962931851727,0.78584343,0.958393,0.96850806,0.18736458,0.13368705,0.35185695,0.2611012
0.9009012996051984,0.79009664,0.9857181,0.9736578,0.10763526,0.19875374,-0.87698704,-0.40787464
0.8261702806811226,0.73652434,0.98392165,0.9665766,0.15883352,0.13210756,0.7048292,0.5577561
0.8703946815787262,0.60251456,0.9821387,0.96394104,0.1202019,0.15056223,0.4240705,0.15502262
0.9310190200760804,0.5788539,0.99024516,0.9698165,0.05799443,0.13008602,-0.08771369,-0.34399697
0.7604340177360709,0.8243081,0.95626634,0.952285,0.18097338,0.16791528,0.3535268,0.23373817
0.9235231180924723,0.99327,0.9793066,0.969563,0.20063144,0.52317864,0.3599656,0.23981775
0.7626716906867628,0.7723275,0.9603627,0.9586581,0.15627952,0.1377018,-0.28506416,-0.660527
0.7694851259405037,0.6432518,0.91062605,0.9597256,0.16507679,0.1414823,0.3763224,0.32007563
0.8776226464905861,0.84063286,0.9509266,0.95978886,0.22045267,0.32195178,1.0614078,0.79830986
0.8781432565730262,0.67305666,0.9688577,0.9651071,0.11630621,0.17233849,0.020753205,0.07999733
0.9252244368977476,0.75908273,0.9729576,0.97601795,0.22043143,0.18838127,-0.6198019,-0.19434315
0.8756853587414348,0.7877496,0.9487539,0.96392477,0.2855041,0.25197846,0.5610095,0.23352066
0.8959851199404797,0.9561964,0.971203,0.9668681,0.22602107,0.20024993,0.5271802,-0.3293077
0.6102969051876207,0.657399,0.9168183,0.9522536,0.08554705,0.11507064,-0.0394539,-0.026794981
0.8419489997959991,0.72250265,0.94924957,0.9493089,0.19604449,0.21701545,-0.036586873,0.3176154
0.8818110472441889,1.2426065,0.98998696,0.9734909,0.3083698,0.31712273,0.48886445,0.34507048
0.9232946593377095,0.9298595,0.9700018,0.97546315,0.31325024,0.26032957,0.46832982,0.33461598
0.8671810687242749,1.181196,0.99067205,0.98817414,0.15716591,0.15934515,0.7709315,0.6089757
0.803816879267517,0.96995723,0.98085374,0.97144866,0.24484217,0.19079699,-0.18588558,0.017356873
0.9019313837255347,0.69014806,0.9837237,0.961361,0.20963615,0.19623153,0.115038946,-0.18822688
0.9485947703790814,0.68215096,0.9877608,0.9822336,0.09770048,0.114912406,-0.18032114,-0.21157204
0.8437947991791968,1.1335565,0.9737409,0.9613135,0.53361803,0.44350037,-0.8494054,-0.52310723
0.9150583802335209,0.6132305,0.98797226,0.9789887,0.08275136,0.12312154,-0.94550806,-0.06677738
0.7903037692150768,0.68333924,0.93544847,0.95871973,0.15895335,0.13076288,-0.43825692,-0.064541325
0.8851747086988347,0.8663034,0.9805016,0.9760015,0.16201313,0.201998,-0.71934426,-0.39301297
0.821692150768603,0.6002068,0.97062474,0.96591693,0.08351887,0.10122429,-0.2633276,-0.07943019
0.8346476905907623,1.0536033,0.98665804,0.9820396,0.11784439,0.28667855,1.3402258,0.45797884
0.9148087792351169,1.1762943,0.9811196,0.96947706,0.46534154,0.53299284,-0.71106124,0.06788457
0.8796955827823311,0.74318963,0.97808206,0.9694087,0.14974758,0.2302815,-0.8655493,-0.2897297
0.7662170808683235,0.7484772,0.9656969,0.9604111,0.14514524,0.17221616,-0.27795726,-0.16097046
0.8226504266017064,0.6400192,0.9658099,0.9719761,0.10011097,0.10320877,0.6416803,-0.12411064
0.8325189780759122,0.8739383,0.9859422,0.9741864,0.123087645,0.15939917,-0.5840586,-0.57760984
0.6889307237228949,0.6593383,0.9618969,0.9492724,0.10695439,0.110522285,0.033241645,-0.079508156
0.7466474025896103,0.9946057,0.9323232,0.96611613,0.32801676,0.18027638,0.10530823,0.041986298
0.7893388693554775,0.8097249,0.9724157,0.96255606,0.16600414,0.18231604,-0.26918763,-0.06774335
0.8987278509114035,1.0720261,0.98544705,0.9758033,0.34881184,0.2759634,0.27060014,0.5542687
0.7846294745178981,0.56103694,0.9617193,0.9526554,0.070848495,0.1219197,-0.2225908,0.037818987
0.875000108000432,0.8532488,0.98473567,0.98227304,0.13372076,0.18129243,0.1724025,-0.51990503
0.8080528962115848,1.0096955,0.9413419,0.9707023,0.4326263,0.26334605,0.6300174,0.31701034
0.5549250357001428,0.7394817,0.9103389,0.9512134,0.16273832,0.11478397,0.6741356,0.5644401
0.7731704846819387,0.8041351,0.95976037,0.963189,0.26282045,0.14175189,-0.16926792,0.3384246
0.7238377113508454,0.6339146,0.89708686,0.9526264,0.16299841,0.1123774,-0.34642544,-0.27912295
0.9121999687998751,1.0060245,0.967686,0.9683169,0.33539012,0.4216832,0.768594,-0.05018078
0.8198635354541417,0.9614426,0.9287227,0.95157087,0.47972417,0.37234834,-0.091243476,-0.07937179
0.7967063228252912,0.61589444,0.95934266,0.9631302,0.09424256,0.11843877,-0.4613129,-0.3602029
0.8869995799983199,0.9323762,0.9597397,0.96704406,0.34535494,0.24997154,-0.06004199,-0.31808385
0.8013081012324049,0.7379319,0.97131014,0.95853496,0.10601621,0.10893859,-0.6761091,-0.006528205
0.6698970155880624,0.7181757,0.9598134,0.9537426,0.09750108,0.124145135,1.349522,0.7433137
0.8456308065232261,0.6423465,0.9660863,0.97674644,0.09456137,0.12585904,-0.621639,-0.39008424
0.8097809031236125,0.7430142,0.966877,0.96027386,0.15534179,0.15085462,0.3557801,0.19748028
0.8356440785763144,0.71554816,0.98683363,0.96079177,0.097181045,0.20040162,0.13311575,-0.5898516
0.896184608738435,0.6235744,0.95859206,0.9698904,0.12230544,0.1439143,0.3439367,0.56323797
0.7490793803175213,0.7188318,0.9259345,0.9554515,0.15943526,0.17764758,-0.21118513,-0.019861236
0.8062479929919719,0.72482604,0.9665694,0.95445544,0.16781998,0.17382407,0.17901722,0.28089643
0.8657762951051803,0.5379815,0.9591641,0.95853394,0.10347907,0.13157167,-0.41038454,-0.3080757
0.8834288457153828,0.8159115,0.9634866,0.9584439,0.17247596,0.35388118,0.049580805,-0.15834391
0.6033890055560222,0.57939786,0.9394954,0.94605887,0.07743815,0.09682071,0.21795268,-0.20962553
0.7322077928311712,0.8984943,0.94448954,0.9712123,0.21891439,0.09373809,-0.676435,-0.5138826
0.8990095160380641,0.4724815,0.97406363,0.9714143,0.046516348,0.14224268,-0.9065328,-0.30028242
0.8368691394765578,0.88770205,0.95233667,0.960168,0.32881597,0.16108197,-0.015615647,0.06867772
0.8280749282997132,1.7655109,0.98757315,0.98641205,0.24911419,0.55436283,0.004831476,-0.33872622
0.9309802359209437,0.748458,0.9718494,0.9781243,0.13851413,0.16408926,-0.8872094,-0.0694289
0.500817299269197,0.6763957,0.8995941,0.9543259,0.11061861,0.0907962,-0.53588825,-0.21296795
0.948437041748167,0.96277237,0.98438114,0.97362375,0.3757517,0.401829,0.42088956,0.24962933
0.8692639890559563,0.8403642,0.970687,0.96241754,0.21640067,0.2232234,0.45841438,0.35072914
0.869563126252505,0.9687499,0.9630123,0.96765625,0.43021357,0.24947372,-0.61215097,-0.13221832
0.863879711518846,0.8663524,0.9752324,0.95847404,0.28656295,0.22825898,-0.014662146,0.08910992
0.88113789255157,1.1843581,0.9927279,0.9845987,0.2514303,0.288471,0.03267117,0.29924312
0.77037869751479,0.80707157,0.9513422,0.9581591,0.23220015,0.17582373,-0.110448144,-0.15319853
0.8751692606770427,1.0486395,0.9571341,0.97079563,0.31044164,0.17439555,-0.26996306,-0.107546665
0.7857052548210194,0.89372164,0.9647975,0.9794403,0.23323189,0.14256172,-0.24392514,-0.43790272
0.8378109032436128,0.6809032,0.9716272,0.96660596,0.085175835,0.16109449,-0.36481097,-0.15353993
0.904310369241477,0.8778685,0.9940751,0.98302716,0.18124607,0.29873022,-0.194788,-0.24921162
0.6801530246120985,0.7740437,0.96487623,0.9579096,0.0976596,0.10386274,0.8319272,0.7209136
0.9100961203844816,0.5705747,0.9678923,0.9654182,0.117253326,0.1474772,-0.20142055,-0.113701895
0.8385448261793047,0.7440832,0.9737637,0.9669057,0.11008356,0.12568359,-0.936155,-0.10815093
0.8294055896223586,0.72352356,0.9322834,0.9522027,0.25562868,0.20258851,-0.14685823,-0.16650882
0.9051779247116988,0.8942331,0.95770293,0.9795221,0.23252593,0.13255216,-0.6401268,-0.39371556
0.8797944631778526,0.68081653,0.97569543,0.9767558,0.13148557,0.1553064,-0.10849959,0.08343189
0.9315987663950654,1.0277643,0.97147334,0.9683445,0.37979248,0.36193123,0.047373872,0.14939038
0.7793214212856852,0.6570578,0.9592716,0.94394916,0.12597768,0.13305786,0.35434145,0.02917856
0.6288353473413894,0.6949093,0.9389673,0.9460658,0.15815279,0.101650454,-0.0762958,-0.16677853
0.6666125544502177,0.7307968,0.93976045,0.94512445,0.18823037,0.13294894,-0.54652977,-0.28460047
0.9250117000468001,0.69531757,0.9704087,0.9710209,0.17003219,0.23925973,0.3508957,0.2571201
0.7699343117372469,0.6225222,0.92288154,0.94488657,0.09826448,0.14219531,-0.16250153,-0.0528286
0.6309044436177744,0.7448172,0.9371067,0.94172555,0.1392817,0.10933404,0.6167104,0.40400627
0.9188988755955023,0.7103823,0.9856804,0.9821078,0.0803395,0.16848548,-0.7261322,-0.22804637
0.8400924483697934,0.46904382,0.95884466,0.95613813,0.060298588,0.103063546,0.049336974,-0.0034543816
0.8674311497245989,0.8237776,0.9399559,0.9610907,0.27116242,0.30713943,0.5899543,0.4083597
0.8514636938547753,1.001914,0.99459696,0.98632973,0.084530406,0.19637597,-0.36310652,-0.12351462
0.9634507338029351,0.885309,0.9931346,0.98892754,0.10372653,0.20295537,0.74086183,-0.15994413
0.6966485785943143,0.55283827,0.9292752,0.9464766,0.074891716,0.1209245,-0.115162365,-0.2882571
0.8592870531482125,0.99235284,0.9587838,0.9643229,0.39004862,0.2884925,-0.4522135,0.34714612
0.9392016128064511,0.8684042,0.97312003,0.9836154,0.23595333,0.16825135,-0.31087714,0.123965144
0.8940525362101447,0.7453087,0.97482085,0.9624455,0.11873238,0.13092028,0.19723237,0.22909783
0.9026277705110821,0.6835788,0.99221796,0.97761416,0.13043487,0.14127305,0.7703126,0.29154706
0.8582382489529957,0.9218753,0.9862433,0.97299045,0.15343107,0.26148763,0.64781797,0.4632366
0.8733441973767895,0.8505529,0.9853934,0.9832267,0.13628994,0.19532664,-0.17343532,-0.23636782
0.7778889995559981,0.9702634,0.9300064,0.93996817,0.35638133,0.16461697,-0.6087836,-0.5743649
0.9296983427933712,1.0320994,0.9791455,0.9810411,0.24417669,0.20624432,0.048840206,0.022598092
0.8995797583190331,1.1414363,0.9603938,0.9660779,0.38060716,0.68492264,-0.14603384,-0.4202195
0.8677982551930208,0.8368373,0.9739197,0.96755886,0.25268608,0.20499425,0.23456067,-0.06496069
0.8978938955755822,0.6264481,0.9867198,0.97158366,0.09847126,0.18217382,0.5122947,0.23699284
0.7938467593870375,0.6469551,0.917619,0.93889874,0.1692757,0.19912547,0.3390365,0.09245742
0.9280553922215687,0.71185005,0.9888794,0.97651553,0.10788975,0.230079,-0.6581112,0.028659547
0.9312021888087552,0.7742256,0.9857315,0.97792107,0.15454854,0.24383323,-0.46379465,-0.1585997
0.9395604622418489,0.7868894,0.96684945,0.9792933,0.195284,0.24609007,-1.4050767,-0.43029886
0.7719411997647991,0.88792384,0.9566575,0.9603501,0.20021625,0.21269284,0.7320913,0.42327023
0.9514695018780075,0.8965903,0.98444426,0.98682594,0.25908062,0.19964078,0.19806483,-0.26010674
0.6298801195204781,0.63205194,0.9549438,0.93961245,0.07815563,0.114754856,-0.5220671,-0.17514735
0.7395368461473845,0.7439249,0.948973,0.9512965,0.12830369,0.16207634,0.41876677,0.11009837
0.6762204648818595,0.5791037,0.9439637,0.9256415,0.085893996,0.118579276,0.7827749,0.6953395
0.8929542918171671,0.9465022,0.9847413,0.97106856,0.11340452,0.25578436,0.22307602,-0.12615533
0.630494425977704,0.6695437,0.9372752,0.9335766,0.16989683,0.09363215,-0.30449826,-0.26501372
0.9170866763467054,0.90045357,0.97421306,0.9769207,0.23133749,0.34933364,0.2643919,0.2424102
0.8449494917979672,0.65838367,0.98272574,0.9523623,0.16681722,0.19536631,-0.20947987,-0.46493325
0.942191736766947,0.9842405,0.979407,0.9797371,0.2228076,0.33640456,-0.4186305,-0.04014579
0.8920933603734414,0.7432003,0.9750036,0.9627396,0.15191524,0.2446254,-0.14446947,0.041723214
0.9176031584126335,0.790111,0.97809654,0.97454864,0.14359502,0.26289755,0.22529852,0.13427812
0.9203929295717181,0.8610762,0.9944579,0.9888381,0.12572706,0.15555438,0.6677945,-0.18066967
0.9091625166500665,0.5812919,0.9943856,0.9737427,0.06887827,0.11106011,0.9316355,-0.3726828
0.8829992439969759,0.94549453,0.9678687,0.9699961,0.25103045,0.28454718,-0.13503288,-0.13287802
0.6804170256681026,0.72836137,0.92169386,0.93255436,0.20766997,0.14932418,-0.2394103,0.124478646
0.7227063468253873,0.63386756,0.9589023,0.93560416,0.1532668,0.14284809,-0.08061073,0.015459531
0.9161657446629787,0.6615897,0.98383945,0.9699158,0.08864579,0.13169633,0.09810327,0.1193416
0.9450789483157932,1.1148043,0.98379904,0.98077923,0.1713366,0.22636624,0.475783,0.34097084
0.7703911775647102,0.77296686,0.9024202,0.9455899,0.17301938,0.23806535,0.68382424,0.31781784
0.9439152316609266,0.7164497,0.98456883,0.9777577,0.13038479,0.15797573,-0.26556766,0.2292959
0.930942507770031,0.7562335,0.99495196,0.9866957,0.14775275,0.14185335,-0.020233205,0.15467887
0.8937743270973083,0.50921607,0.9770032,0.9649451,0.08357117,0.13409138,0.52334017,0.15028085
0.37984011136044543,0.5564232,0.9169129,0.9260867,0.066723,0.067748904,-0.15636024,-0.057682205
0.8390982683930736,0.6970074,0.98152983,0.96275944,0.08756424,0.13062643,-0.4993342,0.082412295
0.900376369505478,0.76461816,0.9849232,0.9763749,0.20386845,0.28594452,-1.8918077,-0.3030862
0.9157696470785882,0.63334,0.97521317,0.9652456,0.14987506,0.18267544,-0.29027966,-0.20590486
0.8463361213444852,0.6759041,0.9668586,0.96092343,0.14738955,0.12030195,0.25502855,-0.06299484
0.8870967323869295,0.5973805,0.98648405,0.9699178,0.068204544,0.09584115,-0.09910026,-0.15167043
0.9043809295237181,1.0265796,0.97893435,0.97038275,0.37436277,0.3811597,0.07267675,0.2159948
0.9353469093876375,0.8636443,0.9940142,0.97636074,0.25845644,0.3690238,-0.52142334,-0.16759242
0.9268752595010379,0.77573216,0.98345464,0.9848578,0.10299142,0.124270506,-0.18069874,-0.013927325
0.8778611114444457,0.9385808,0.97589433,0.9655603,0.37005574,0.5250335,-1.1599925,-0.13372384
0.8647886431545726,0.76376355,0.977153,0.97497463,0.13567302,0.15544087,-0.13066451,-0.14118055
0.868378289513158,1.2123091,0.9649978,0.9738554,0.34497863,0.27549148,0.20493302,0.42680895
0.9260513842055368,1.2810785,0.9692317,0.9645069,0.6035759,0.51156485,0.37178287,0.22406033
0.8922903531614125,0.74507475,0.992999,0.9750368,0.15944561,0.29922214,-0.5908984,0.1381937
0.703623390493562,0.6437906,0.9523106,0.9466914,0.09680858,0.12706673,-0.03037239,0.3148139
0.7049290917163668,0.5209422,0.9039992,0.9324328,0.09297137,0.12885769,0.37196472,0.29546535
0.8704585218340872,0.7411084,0.95166254,0.97008514,0.15047029,0.2532368,0.9587384,0.64335483
0.8620160560642243,0.8731501,0.92781043,0.95119476,0.39187527,0.3772858,-0.18524612,-0.2591496
0.8819466957867831,0.7967434,0.96205306,0.97480685,0.15289104,0.17650273,-0.0791695,0.08767966
0.8906989547958191,0.5776768,0.9626769,0.97068745,0.1515929,0.1479488,-0.25794393,0.24947357
0.8119852639410556,0.7510692,0.97531503,0.97279143,0.1272429,0.11636285,-0.6749438,-0.37202647
0.8938942315769262,1.0987048,0.9758003,0.9763703,0.42292687,0.3598338,0.51407915,-0.03520806
0.8239645758583034,1.2390954,0.9776204,0.9430911,0.5992304,0.37950483,0.16382983,-0.04207054
0.7466776427105708,0.59816575,0.97206646,0.9683949,0.10776362,0.090620585,-0.10985298,-0.42041335
0.8447165948663794,0.7692777,0.939506,0.9731484,0.16753109,0.15645993,0.49869242,0.41126338
0.7756631346525387,0.6806731,0.9349587,0.95065486,0.13382882,0.12353617,0.6629155,0.63462126
0.8818961035844143,0.62263495,0.9913697,0.9721817,0.08311257,0.116937734,-0.50283676,0.05344275
0.8648670754683019,1.0151917,0.9417413,0.9463571,0.31777728,0.45086154,-0.6817008,-0.057371
0.8282193128772514,0.8735561,0.9719219,0.968224,0.17234099,0.1677018,0.11741525,-0.59693545
0.9115541742166968,0.71558154,0.98539644,0.97997904,0.11640075,0.1769874,-0.23687509,0.13400982
0.914054408217633,0.8119104,0.9898307,0.9710843,0.2379791,0.40111867,-0.7381737,0.07479446
0.8547839631358525,0.7896882,0.9754689,0.96104443,0.17169009,0.34003216,0.14197955,0.3135169
0.8339443917775672,0.67941463,0.9799923,0.97354645,0.084789306,0.09952436,0.9024717,0.19649449
0.625692582770331,0.6005632,0.94424295,0.9403233,0.06432073,0.102981605,-0.25827387,-0.06672431
0.8709102036408146,0.5368203,0.97517097,0.96710503,0.11373508,0.10714251,0.1371175,0.13267335
0.7778907275629102,0.9173843,0.94021094,0.9625465,0.25852752,0.15400016,0.4970747,0.24548088
0.9477541910167641,0.8284546,0.9937353,0.98736274,0.11737015,0.20789891,0.39911982,0.15962559
0.8638495673982696,0.84070104,0.94271713,0.959653,0.21772495,0.27652454,0.24543957,0.15974686
0.6512348289393157,0.54125655,0.9046579,0.9373285,0.076672494,0.1402828,-0.29389068,-0.112854145
0.8531948687794751,0.7082297,0.97657084,0.96901214,0.11439695,0.11578236,0.18831797,-0.4169499
0.9112149088596354,0.63944894,0.9875562,0.97093785,0.1362477,0.15900962,0.5288342,0.6904766
0.8632977571910286,0.7123851,0.97968036,0.9625099,0.13710177,0.14742601,-0.31083038,-0.26184657
0.9281907527630109,0.9197575,0.9650646,0.9831276,0.31606832,0.198875,0.89848405,0.04264264
0.7481493285973143,0.6678514,0.96264315,0.9422076,0.08469984,0.104411304,-0.13606146,-0.31535602
0.6565356821427285,0.62552166,0.90208435,0.94696623,0.113627695,0.09522684,-0.23156647,-0.10879775
0.9431362845451381,0.82089025,0.9813724,0.982773,0.1663791,0.20224838,-0.12629376,-0.12336947
0.7872985731942926,0.7276002,0.97881275,0.9705236,0.0744705,0.119939685,0.017355165,-0.318691
0.7111231324925299,0.64683676,0.9795694,0.95043814,0.071750425,0.12342229,0.19917473,0.31297907
0.7444005136020544,0.6890539,0.93366367,0.9608554,0.10443109,0.13126525,0.4252599,0.14506984
0.7749967959871839,0.7638654,0.9542133,0.95443213,0.11674538,0.20588547,0.11678581,0.34346586
0.8486676826707306,0.98003846,0.953834,0.96432316,0.31258622,0.187394,0.13717555,-0.023003547
0.94312505250021,0.7806132,0.98724085,0.98559225,0.14558944,0.14226131,0.068961255,0.12971303
0.7881227364909459,0.78182966,0.9314841,0.9402808,0.21247734,0.17146453,-0.34975743,-0.5702291
0.7649480517922072,0.6691116,0.9817155,0.95297307,0.08523239,0.13550425,0.19240394,0.021857975
0.8257181188724754,0.64807904,0.9659579,0.95793194,0.08935737,0.13624626,0.09746776,-0.16185845
0.5029253717014869,0.5965787,0.9292982,0.9358227,0.08061718,0.08287479,-0.35105428,-0.20413521
0.7274215016860067,0.8249151,0.97039163,0.9636019,0.2228073,0.1300238,0.3353965,0.19845045
0.6529911559646239,0.6140253,0.94690573,0.9497592,0.1106441,0.115667075,0.96580815,0.8920266
0.9369027876111504,0.7406691,0.9780811,0.98180765,0.18242334,0.19801824,-0.7793634,-0.12745507
0.7914572138288554,0.6405973,0.9613883,0.96420234,0.12650585,0.089014925,-0.19401455,-0.08075819
0.9014013656054624,0.95345354,0.954825,0.9715952,0.28598124,0.24524422,-0.05457539,0.12860121
0.9183582974331898,0.9142232,0.9607508,0.9788218,0.34045678,0.30715114,1.3279091,0.36954919
0.682432073728295,0.57502925,0.93066156,0.93909246,0.091287784,0.107167944,0.35065934,0.46446437
0.8925060660242641,0.82570386,0.98870075,0.97164065,0.15885855,0.17402613,0.47763795,0.2932221
0.7613725174900698,1.1277097,0.9243602,0.95841485,0.41286594,0.29445502,0.97799534,0.62315685
0.8276074064296256,0.57027256,0.94752836,0.9468323,0.13034585,0.1265394,0.024783302,-0.14704533
0.8951694046776187,1.0172601,0.9464841,0.9404129,0.8192773,1.0197302,0.094929256,0.30876368
0.7718570074280295,0.5192923,0.97693986,0.9329575,0.0448567,0.08899503,0.18905403,-0.40893763
0.9166530426121704,0.7949386,0.9702742,0.9728393,0.13379328,0.19363362,0.2643943,0.08025788
0.8860997683990737,0.7107453,0.97709835,0.96373767,0.15530728,0.20250602,0.14165384,0.23604606
0.7091756687026748,0.5818139,0.94686574,0.94722927,0.08296974,0.10984239,0.0688774,0.16662003
0.9305549542198169,0.6023319,0.9790837,0.97528046,0.11374253,0.16812155,-0.12041586,-0.010951098
0.923567182268729,0.75728846,0.96542674,0.96226484,0.27822667,0.41247022,0.2576957,0.27296597
0.9523516494065976,0.6051565,0.9893444,0.980513,0.0931149,0.16579685,0.26803818,-0.20066734
0.7954408457633829,0.7043268,0.97197884,0.95146465,0.14622752,0.1914445,0.43080676,0.2675457
0.8725245460981843,0.7005141,0.97658235,0.9586468,0.14557599,0.21567594,-0.60584253,-0.20720097
0.9062918171672686,0.8457532,0.98706704,0.9805229,0.120727725,0.13602255,0.1650573,0.26262403
0.48328378913515657,0.97611517,0.9415248,0.95472044,0.24011679,0.16628492,-0.9335851,-0.8244104
0.8927399229596917,0.7573708,0.9865831,0.9655565,0.11099667,0.21569453,-0.055142954,0.33689174
0.8028951795807183,0.66848236,0.94501454,0.9464585,0.1532855,0.1276702,-0.103432715,-0.055145748
0.7698473353893416,0.74860466,0.94105613,0.95167345,0.15354906,0.14378715,-0.30836493,-0.3077577
0.8984254497017988,0.81374794,0.9602128,0.969754,0.21346948,0.19599101,-0.19174969,0.19939706
0.8845921783687133,0.6401163,0.98830205,0.96708804,0.088381246,0.13040441,0.124030724,-0.63890564
0.9570813003252013,1.0835886,0.9863178,0.98526645,0.2006593,0.31835464,-0.40407827,0.03628262
0.7289774759099036,0.83096087,0.9788565,0.97217256,0.218858,0.15736397,0.010893093,0.5327184
0.8198509594038376,0.76717776,0.9730297,0.98002905,0.1319898,0.13632308,-0.17061229,0.23343
0.7339237996951987,0.7729437,0.9613544,0.95390594,0.16173255,0.19236612,0.93862826,0.7496055
0.8499788559154235,0.7435247,0.9419041,0.951161,0.23856111,0.17696446,0.28215772,0.11195478
0.9028216912867653,1.0252061,0.9555379,0.9706613,0.2571208,0.4471761,-0.94531256,-0.4348161
0.8056688226752908,0.5878334,0.9612909,0.94207215,0.09884861,0.14028499,0.5776365,0.3548588
0.5702378649514598,0.8305249,0.91828114,0.94604987,0.18672381,0.13770753,0.32271335,0.18972985
0.8145397381589526,0.63153875,0.9436557,0.95912546,0.12140164,0.14713049,-0.6813736,-0.5246485
0.8696285025140099,0.87061715,0.96780884,0.952581,0.24060489,0.18646723,-0.9844635,-0.19380456
0.9416540386161545,0.6706337,0.9881502,0.9696508,0.14845061,0.2451198,-0.66499686,-0.22890045
0.9030693722774891,0.95189786,0.97208345,0.9776961,0.25222042,0.16000837,0.33372062,0.3356
0.8112961731846927,0.6633688,0.9589834,0.9654177,0.10887571,0.14598362,0.3304078,0.3393702
0.7914345577382308,0.60857147,0.9796948,0.9606697,0.1077952,0.094467804,0.9184116,0.74968594
0.8956577586310344,0.80963266,0.99441016,0.96969634,0.13274877,0.21312372,-0.3128761,-0.029593892
0.7989955479821919,0.909377,0.9703819,0.96069974,0.12442542,0.11212478,-0.66839874,-0.41892996
0.7661744566978267,0.49873295,0.9888251,0.96800333,0.032666232,0.10508379,-0.5770114,-0.73237294
0.5207728990915963,0.8195166,0.9421431,0.95020705,0.18160805,0.11246417,0.59792525,0.3586202
0.8415983103932416,0.63665235,0.96831536,0.9752361,0.0780844,0.12553373,-0.114803694,0.15995969
0.7974949659798639,0.6053941,0.981765,0.95228434,0.07909508,0.12534109,-0.4265205,-0.20890921
0.8631868767475069,0.9057875,0.9623923,0.96211284,0.31835347,0.2600324,0.44511223,0.526835
0.9236443665774664,1.1383964,0.9676898,0.97704136,0.32226315,0.38038483,0.0014699022,0.02299408
0.8917395989583958,1.0598154,0.9542841,0.981395,0.5249222,0.24486369,0.16771181,-0.1917419
0.7404067056268225,0.9628151,0.9365886,0.93686795,0.280072,0.1726182,-0.37250355,-0.113271736
0.7210751083004331,0.6155796,0.963017,0.957658,0.03924572,0.120085284,0.19681482,-0.016012846
0.8607171708686835,0.6985946,0.971071,0.95818204,0.11718899,0.1379418,-0.59101427,0.056482032
0.8441010404041616,0.72985446,0.9547486,0.968603,0.13789372,0.12485912,0.108095415,-0.23523848
0.8588325873303493,0.77303004,0.970687,0.961203,0.21640067,0.2636962,0.45841438,0.4064196
0.7917160308641235,0.8450554,0.9606756,0.95798075,0.20445372,0.22059867,-0.123093165,0.10382125
0.6147868431473725,0.6209126,0.93344516,0.93683416,0.11040946,0.11249358,-0.58344984,-0.32851925
0.9076772947091788,0.64960563,0.97739583,0.96944255,0.09307001,0.21582071,-0.24354151,0.004207643
0.908683954735819,1.2069263,0.9818239,0.9827044,0.2536151,0.32178363,0.13587765,-0.028465522
0.8624550658202631,0.8296005,0.9547854,0.96108073,0.30512798,0.31511295,-0.82466936,-0.17884547
0.9043790095160379,1.0021818,0.98394513,0.9817203,0.06740267,0.23990795,-0.13045736,-0.21634601
0.9492953811815248,0.74147415,0.99029803,0.9731392,0.13348816,0.2941003,0.35128114,-0.27340266
0.8113269893079571,1.0670369,0.93228924,0.9676209,0.30695114,0.12540278,0.99685824,0.7971223
0.6984538658154632,0.67037874,0.916475,0.9491071,0.12928933,0.12977238,0.14821129,0.048022043
0.879569630278521,0.8309113,0.94318074,0.96975577,0.32673338,0.195414,0.7514143,0.2586377
0.8844511750315286,1.1409484,0.9828974,0.9855918,0.1748021,0.30623043,1.041188,0.24252386
0.6992297409189636,0.6277567,0.89985347,0.9395419,0.1545858,0.13802668,0.37653658,0.084337644
0.6393430847165731,0.67241657,0.9311522,0.9585251,0.09813917,0.08654398,-0.1460541,-0.4562469
0.8801917127668512,0.83491266,0.9613545,0.9639771,0.27052477,0.22945328,-0.3046855,-0.120057255
0.5268449233796936,0.6530306,0.95827836,0.9279464,0.1310843,0.109701656,-0.6390055,-0.34952772
0.9463692894771578,0.89698637,0.97584754,0.97798884,0.21882488,0.19973661,-0.3748885,-0.22967717
0.8219682478729915,1.0148487,0.9567494,0.9697333,0.33437517,0.24292965,0.8205346,0.3843907
0.7353515174060695,0.81503916,0.9401296,0.96704894,0.1543832,0.12256993,-0.15715337,-0.27229148
0.8390350041400165,0.54046565,0.97550154,0.94932574,0.08454179,0.11334487,0.024027448,-0.29835376
0.7067579950319801,0.58075047,0.9797978,0.94624805,0.08530798,0.09951237,-0.10275251,-0.41249326
0.8297808551234204,0.7129745,0.988656,0.9601442,0.13875455,0.1223421,0.6740269,0.086828955
0.776379969519878,0.6895519,0.93471795,0.94106436,0.17314477,0.15366913,0.5348682,-0.06117473
0.9372516530066121,0.71036965,0.9914627,0.9873742,0.05371171,0.1361647,-0.1029283,-0.16834244
0.7613858615434461,0.7427239,0.95603365,0.96277606,0.112525195,0.09969045,-0.65914506,-0.50630075
0.8116295825183301,0.76910055,0.93756247,0.95521426,0.18208648,0.20070976,-0.20163459,-0.2176933
0.8019945999783998,0.6628507,0.9281348,0.95327306,0.22980028,0.18328735,-0.7422389,-0.72839695
0.9340774003096012,0.78170687,0.98714995,0.98518634,0.085913,0.16766837,0.456338,0.0061037648
0.9729499717998872,1.0721881,0.9889198,0.9911224,0.23383802,0.19217768,1.0107647,0.28353658
0.8904671138684555,0.6784437,0.98194957,0.96733916,0.1372402,0.1152004,-0.2258812,-0.29062244
0.8785281221124883,0.984448,0.97578365,0.9787298,0.3300509,0.18376285,0.3635574,0.17847271
0.7600353281413125,0.74640673,0.9642827,0.95892817,0.12924002,0.1323689,-0.70441896,-0.59621
0.7613331573326292,0.73972297,0.956573,0.9411213,0.12810844,0.12227117,0.14083831,0.2216282
0.8485130260521041,0.7771867,0.9383107,0.9473667,0.28008232,0.19872572,0.5127123,0.1875209
0.7995018540074159,0.59826756,0.961837,0.9618043,0.08776867,0.14488426,-0.5646534,-0.26759553
0.8520054240216961,0.6019788,0.9550093,0.96515185,0.10757525,0.11197442,-0.029546333,-0.16524485
0.7785492901971608,0.69320345,0.95932037,0.95089144,0.17458081,0.13409403,0.1693131,0.38496172
0.737818343273373,0.8701113,0.9578188,0.9628872,0.28828377,0.20295444,0.28915,0.19979645
0.8640764163056652,0.5913069,0.99212205,0.96822065,0.081095144,0.12014371,0.06260687,0.12821116
0.8479280957123827,0.88920295,0.9537697,0.96371424,0.2649899,0.22002074,-0.3380445,-0.57369256
0.8466750027000107,0.6756706,0.9609006,0.96707195,0.20378211,0.20835795,0.48691177,0.102442004
0.78137899751599,0.552062,0.9596912,0.9458713,0.10638002,0.15051293,-0.3795878,-0.35007367
0.8640389761559046,0.90278906,0.9922425,0.97917485,0.1459491,0.21526732,-0.61578923,-0.27969196
0.856256513026052,0.86745876,0.9862433,0.97272396,0.15343107,0.20369516,0.64781797,0.38846773
0.9202102408409634,0.68535167,0.97622645,0.9736483,0.15944114,0.16941889,-0.49448368,-0.01529917
0.8257371269485078,0.6705009,0.95433396,0.96360654,0.16788599,0.16168638,-0.3999964,-0.021983664
0.8576333505334021,0.62218434,0.9729438,0.9676856,0.10591306,0.11088259,-0.1716463,-0.18752785
0.93074455497822,0.83408064,0.9933398,0.9860476,0.09310161,0.108889945,0.34130284,0.39517844
0.8372088848355393,0.7308923,0.99191296,0.97941154,0.10004402,0.16175064,0.5959334,0.42935416
0.5586652106608426,0.7543664,0.9040797,0.94659495,0.14499447,0.17664966,0.4291185,0.036649883
0.7799093276373105,0.7619592,0.9252492,0.9418047,0.16434184,0.1798107,0.4645962,0.15565775
0.825002148008592,0.7756717,0.9518925,0.95379573,0.28303638,0.17791419,-0.33888954,-0.39884603
0.9139218316873267,0.9805104,0.97893435,0.9660106,0.37436277,0.39865974,0.07267675,0.30941433
0.9182766971067883,1.0918907,0.9814642,0.9806619,0.24915302,0.38345656,-1.0988843,-0.1445679
0.7121186564746259,0.6792724,0.9354372,0.9502796,0.10621021,0.16899207,0.9181671,0.68005973
0.875761871047484,0.6971604,0.9872047,0.97375786,0.07804867,0.16727653,0.47921476,0.39518026
0.8152037728150912,0.61816823,0.9815848,0.9569046,0.10764912,0.1356811,0.0816263,-0.00060262205
0.8508044592178369,0.8464228,0.9647206,0.9732554,0.20247628,0.13272959,0.0740133,0.3006092
0.7025089220356882,0.57610327,0.94915915,0.94378227,0.06692507,0.11797066,-0.1458385,-0.11572465
0.8262596570386281,0.92627895,0.947943,0.9551883,0.2871758,0.22307006,0.63643205,0.2888628
0.8119239196956788,0.8184649,0.98391896,0.9603023,0.17785428,0.27110365,0.58178765,0.5195995
0.7763844815379262,0.7168708,0.99093634,0.98157704,0.08363209,0.1484842,-0.50761724,0.18792313
0.8405913623654494,0.8570741,0.9718544,0.97470117,0.20471391,0.2313177,0.99706763,0.7218327
0.6490368041472165,0.5258202,0.93944174,0.93568367,0.07778549,0.11210855,0.49624693,0.2678816
0.45057741830967324,0.56010276,0.91427284,0.93432045,0.07027674,0.0970089,0.70841736,0.7591105
0.6918649754599018,0.6273201,0.9579006,0.94468683,0.09924145,0.14409861,0.88623863,0.47231376
0.8357621590486362,0.65846246,0.9715081,0.9554354,0.13293865,0.11848119,-0.22428021,0.008753048
0.6269510518042072,0.44547966,0.93386686,0.9334736,0.053250182,0.08909032,0.40157846,0.49860257
0.9097194148776595,1.1973253,0.9906461,0.9811441,0.33619472,0.40874666,0.08820995,0.20055367
0.8491970287881151,0.95341164,0.9682286,0.96402836,0.22333226,0.21137626,0.19369297,-0.21888259
0.8353636614546458,0.8978275,0.9445614,0.95457816,0.31900096,0.31923872,0.060788397,0.05136907
0.9086479545918185,1.1348662,0.97104543,0.9771352,0.49603358,0.32432923,0.14627062,-0.35150588
0.8425925863703454,0.7073833,0.95722884,0.9651651,0.09562837,0.1905185,-0.96797454,-0.34124765
0.8822296089184356,0.7647155,0.9607028,0.9575287,0.27699316,0.26524296,0.15798578,-0.04935441
0.9336308065232262,0.5962525,0.9911621,0.98274225,0.07751285,0.11470193,-0.8392803,-0.008633626
0.8275237900951604,0.9434094,0.9573404,0.98012173,0.11659851,0.1398039,1.166272,0.80662626
0.9328652994611977,0.8594997,0.99359876,0.9847277,0.20213374,0.21018769,0.7840676,0.122460745
0.8458893355573421,0.89924324,0.9694749,0.96815336,0.2841623,0.18103755,-0.4082037,0.06925438
0.8591348925395702,0.8411515,0.9754689,0.9660231,0.17169009,0.19295174,0.14197955,0.25077215
0.9271502046008184,0.85225165,0.9898505,0.9820266,0.101363234,0.14073414,0.4939101,-0.075497575
0.8877132468529872,0.55770844,0.9830343,0.9673451,0.0796118,0.16153783,0.08343682,-0.0705446
0.9229325237300949,0.8368038,0.9680528,0.97714734,0.22434695,0.19252907,1.0345105,0.20407176
0.8454143256573027,0.66384757,0.9791725,0.9583956,0.09693113,0.15791239,-0.89358026,0.19816114
0.901628886515546,0.55535173,0.96436256,0.95932984,0.12020126,0.23587383,-0.17739327,-0.22688499
0.8395993903975615,0.79302233,0.982831,0.95756435,0.22176662,0.26864594,0.13414326,-0.024209835
0.8310331801327207,0.94928414,0.9761163,0.96394783,0.27429733,0.17214192,-0.8136502,-0.20128353
0.697813351253405,0.7631619,0.9606305,0.9596529,0.12734616,0.18031795,-0.45215213,-0.48330277
0.7477591830367322,0.9556866,0.96229947,0.9504571,0.19557452,0.1203904,-1.360012,-0.50996387
0.7940394321577285,0.5421153,0.9630033,0.94846404,0.06618607,0.13435489,0.10510523,-0.1690813
0.9343025212100847,0.78504115,0.9882494,0.98289716,0.11575931,0.21549103,-0.58629453,0.25270185
0.8985297061188244,0.8885155,0.9800717,0.9695954,0.2524837,0.38378412,0.10763465,-0.37197706
0.8681268645074581,0.8456262,0.9656954,0.97513837,0.19485976,0.16421074,-0.6656382,-0.6834961
0.6913401413605654,0.6318449,0.955438,0.93667644,0.10808635,0.13521798,0.18403235,0.12618718
0.7806184824739298,0.6122417,0.970118,0.949464,0.10314288,0.13814116,1.0179799,0.50594956
0.8328277153108612,0.87745047,0.95248896,0.96142095,0.21195155,0.2186677,-0.21192989,-0.2045976
0.9395654542618169,0.8139866,0.9774167,0.98473275,0.1386328,0.16485094,0.19036546,0.06916997
0.9169842439369755,0.72746,0.9918586,0.9810619,0.1211612,0.21751161,-0.5056423,-0.65674394
0.8776801507206028,0.64531,0.97209984,0.9693256,0.10440222,0.13979697,0.52813005,0.3006979
0.8930814923259695,0.7982963,0.95188314,0.9520628,0.32823285,0.43389857,-0.40106907,-0.07086348
0.8124480817923272,0.73623884,0.9342636,0.9409046,0.16464804,0.1450687,0.083054595,0.09207976
0.9207167388669555,1.092049,0.9731745,0.9850042,0.2870221,0.2336709,0.3405034,0.41332477
0.8815312061248245,0.84140277,0.9587209,0.97255415,0.20155726,0.15562078,0.3543543,0.016192086
0.8452180048720196,0.7204597,0.91854066,0.95771194,0.16092892,0.18220502,-0.032792974,-0.097009495
0.712629954519818,0.799102,0.93679327,0.95840764,0.17097928,0.12680589,-0.23135842,-0.24859615
0.9373328693314773,0.7019887,0.9937045,0.98372763,0.082015745,0.14662085,-0.21981743,0.31773865
0.9467002988011953,0.7683573,0.9808203,0.9780777,0.15109044,0.17608556,0.13913131,0.46552864
0.9203308173232692,1.1872185,0.9885119,0.97670346,0.39609462,0.48070887,-0.6717365,0.07351323
0.8732921651686606,0.67451966,0.97260916,0.9734124,0.11968102,0.15366147,0.09691111,0.13961565
0.7813256213024852,0.70401233,0.9445911,0.9595036,0.1450361,0.14377257,-0.5958399,-0.4684253
0.9285941463765855,0.94077915,0.9701893,0.97541034,0.22589386,0.29671943,0.38931113,0.1184858
0.7105478021912087,0.7362006,0.9800998,0.9742334,0.08329563,0.083208635,0.2880263,0.43119797
0.8264176736706946,0.7071343,0.9666886,0.95978874,0.10622127,0.15818007,-0.043637227,0.0049284385
0.9050299881199524,0.8594099,0.9923854,0.9794521,0.23172104,0.19653548,0.475076,0.14528641
0.6761510566042264,0.85383093,0.9517061,0.9474364,0.17839651,0.18324885,-0.2091581,-0.6848173
0.8583525854103417,0.76362234,0.9667916,0.962752,0.1460202,0.18294737,-0.7864009,-0.22518373
0.8515492301969207,0.97059786,0.9696946,0.96283466,0.4410861,0.37017548,0.03313773,-0.26144257
0.8513436933747734,0.6134757,0.9472804,0.9551377,0.12510686,0.15592897,0.5320879,0.19628732
0.7124017616070463,0.68063116,0.97248435,0.9574369,0.12544125,0.117829025,0.08754354,0.13463856
0.8806184344737379,0.69033915,0.9791077,0.9648656,0.13645265,0.23528063,0.80147105,0.33285767
0.7472737090948363,0.62651336,0.9423985,0.94732547,0.13942918,0.15735637,0.26269406,-0.11129209
0.8355781263125053,0.7989149,0.9851108,0.96714336,0.18320845,0.23762232,-0.46836194,0.043920603
0.8976129024516099,0.8624893,0.96136415,0.9777564,0.2634379,0.17684583,0.07501493,-0.5778892
0.9439975999903999,0.85135347,0.98771554,0.98555195,0.19870692,0.21691716,0.03534576,0.14626741
0.801818823275293,1.0875858,0.97118574,0.96006066,0.26686293,0.25155815,0.768957,0.326184
0.7928005472021887,0.9717162,0.9708638,0.95376384,0.22194155,0.31134722,-0.7582804,-0.5405638
0.8226079944319776,0.66888857,0.9463084,0.9580145,0.22329813,0.15090854,0.26694283,0.18207896
0.9529593318373273,0.91744053,0.9826352,0.98239076,0.24785061,0.25700915,0.3795867,0.21919496
0.9205235860943443,0.80116165,0.98500586,0.9763981,0.2484405,0.1944878,0.2680691,0.08670185
0.7989841239364958,0.7010719,0.9696738,0.96040374,0.15581195,0.1405179,0.21436608,0.36471474
0.8210222600890403,0.5988987,0.97107476,0.9694103,0.05713137,0.10758608,-0.23549767,-0.57155067
0.867129036516146,0.6914975,0.97529286,0.9595946,0.16968319,0.1751282,-0.37929866,-0.59879166
0.7676317425269701,0.72417426,0.9554738,0.9681257,0.12652291,0.16040327,-0.18818702,-0.087401345
0.8802971211884847,0.6816278,0.9793227,0.9700701,0.1074144,0.13421907,-0.24834347,-0.2883152
0.7836007344029375,1.0654826,0.96485084,0.966471,0.28220156,0.23796394,0.9489394,0.6866834
0.6055364381457525,0.9007622,0.9548642,0.95362514,0.19757695,0.16099443,-0.17039108,-0.4184727
0.8522708650834603,0.759019,0.98512155,0.96959275,0.15340248,0.12982106,0.25225013,0.19076106
0.6352289729158916,0.66629696,0.93334126,0.9479064,0.17126673,0.10404451,-0.37463722,-0.11204737
0.8977689990759963,0.6267864,0.97985214,0.97510123,0.1185106,0.15233798,0.10014033,0.43000033
0.9072598850395401,0.78591275,0.98095304,0.9790369,0.16006657,0.18286337,-0.17267579,-0.15762919
0.8611770127080509,0.81280875,0.96796316,0.97304857,0.17415394,0.21377414,1.0172212,0.49466
0.6740383761535046,0.7116943,0.9599787,0.96404374,0.09329571,0.1397323,-1.1092567,-0.81085235
0.5865934503738015,0.5398462,0.9046579,0.9376365,0.076672494,0.114313476,-0.29389068,-0.074014835
0.8746349225396901,0.6039857,0.9784575,0.97925866,0.123035,0.12795259,-1.0664929,-0.5625397
0.8430061560246239,0.62829757,0.96741337,0.9644953,0.05984426,0.08794554,-0.31806982,-0.06831895
0.7918920955683821,0.64128405,0.94430476,0.9606298,0.1062488,0.09788208,0.72292244,0.19930984
0.8653166452665809,0.96473825,0.97273475,0.96804434,0.23538643,0.2948352,-0.18765646,-0.4199366
0.9061242004968019,0.9263338,0.96250725,0.97923285,0.19955194,0.22221772,0.53254557,0.04020697
0.7660456241824967,0.7505397,0.93908024,0.95363057,0.18382755,0.15422642,-0.047200006,-0.059995085
0.7300185040740163,0.84235805,0.9398871,0.94742507,0.2655177,0.21696796,-0.26320282,-0.044208184
0.8947814671258683,0.8643089,0.97081244,0.9765097,0.22158103,0.21859376,1.2237792,0.011602224
0.5941351445405781,0.55820477,0.93650734,0.9414487,0.049213085,0.1228948,-0.1315337,-0.019997654
0.8004261457045827,0.71535814,0.97287494,0.96276104,0.07850928,0.14596853,-0.08793932,-0.13299988
0.7613550454201816,0.8401013,0.9782119,0.959658,0.13103627,0.25042918,-0.21566015,-0.31287208
0.8154715178860714,0.7140156,0.98481107,0.9674496,0.1756542,0.11095261,1.0158818,0.5152833
0.6646295705182821,0.54572093,0.92947143,0.9321499,0.07764465,0.08801776,-0.35163835,-0.28168476
0.93063684254737,0.6705948,0.98213035,0.9688039,0.17000306,0.29192278,0.17411672,0.2843786
0.835941199764799,0.77242976,0.97914463,0.9672205,0.1806017,0.19080687,-0.23232166,-0.21392061
0.8510940923763696,0.8944569,0.97710323,0.9621378,0.28793094,0.20687492,0.09023791,-0.011601731
0.8458398953595814,0.77438927,0.9758159,0.969535,0.1710762,0.13595362,-0.3119165,0.16963175
0.9418551594206376,1.0601436,0.9807023,0.98457783,0.39436415,0.26988348,-0.6757391,-0.1948192
0.9214906939627758,1.1053321,0.9654629,0.98502296,0.34017304,0.20665003,-0.11459923,0.12866841
0.7326271225084899,0.7121559,0.93908626,0.9654623,0.100221686,0.09980982,-0.4515424,-0.41543454
0.8311395485581943,0.5591731,0.9753108,0.96736383,0.08116698,0.13203864,0.25468114,0.44928154
0.9345581702326808,0.7538317,0.9753351,0.98143107,0.17422256,0.17007034,-0.8313097,-0.12673844
0.7497759591038363,0.67191446,0.9445992,0.9622004,0.0935066,0.13047685,-0.5291277,-0.58551604
0.9553037572150287,0.8451639,0.9766502,0.9872235,0.19269006,0.14021112,-0.4732336,-0.07701978
0.8887840351361406,0.78672796,0.92780274,0.97222966,0.19124115,0.21214882,0.7197514,0.34453246
0.807435229740919,0.6748235,0.9801274,0.9587061,0.092756934,0.12256087,-0.3522087,0.19110382
0.9335145500582,1.0946583,0.994433,0.98470986,0.40274692,0.26517153,-0.43443778,0.0038852957
0.8991489085956345,0.9142472,0.9730121,0.9652542,0.36361057,0.3129432,0.57403225,0.28873432
0.7979083436333746,0.7648519,0.9347274,0.9447857,0.23867895,0.3293821,-0.17004387,0.17876136
0.7804915699662798,0.61879855,0.96716565,0.9568269,0.09169477,0.17303175,-0.8516255,-0.43145052
0.9197087348349393,0.77314943,0.9856013,0.9873712,0.071856424,0.14575621,-1.7759372,-0.47251225
0.9386023784095137,0.7469996,0.98771495,0.9864202,0.12734175,0.15972096,-0.4138749,-0.05817724
0.9263266173064693,0.6285741,0.98122084,0.9791574,0.078274906,0.16746284,0.037050318,0.074891046
0.9215394621578485,0.6975843,0.9804673,0.9778096,0.07983056,0.17365699,0.1284318,-0.038014896
0.5679503678014711,0.8570736,0.94087535,0.9418566,0.24588992,0.12300968,0.4575185,0.16899683
0.7447301789207157,0.85046625,0.9105397,0.9365622,0.41878247,0.22618492,-0.061037432,-0.27961054
0.6507924591698366,0.45034233,0.92520803,0.93777895,0.043912794,0.105828375,0.07402871,0.05333604
0.8730193320773282,0.8455238,0.9627526,0.97248834,0.12630567,0.16915491,0.16253941,0.017702049
0.7252001488005951,0.6384083,0.9266968,0.9423997,0.12980823,0.12575743,-0.13105103,-0.42308202
0.778071016284065,1.0733703,0.95956224,0.96900856,0.25870335,0.17215858,0.9349081,0.67706823
0.7854979899919599,0.81163675,0.9831929,0.96701556,0.14659466,0.12817912,0.31067696,-0.42331728
0.87250333001332,0.67864597,0.96498185,0.9553076,0.13890277,0.20237972,-0.57987183,-0.18333298
0.7765766743066972,0.6868639,0.9445719,0.95235854,0.14261457,0.13471434,0.126935,0.09225842
0.8579934479737918,0.78386843,0.96861154,0.9686479,0.24133956,0.1750361,-0.07814482,-0.021534031
0.8184792099168395,0.5816728,0.9636212,0.95861894,0.09849847,0.17276044,-0.6400085,-0.37537098
0.83562862251449,0.6880218,0.9891147,0.96005654,0.09176297,0.20087932,-0.5665805,-0.7010756
0.8405156180624722,0.7375686,0.95108783,0.96009994,0.15767662,0.19838652,0.45939144,0.2814654
0.8258025032100129,0.6226674,0.9619349,0.95354915,0.1758948,0.15263727,0.2070776,0.3915181
0.8382339769359077,0.85785776,0.970687,0.9646548,0.21640067,0.2321255,0.45841438,0.35870615
0.8338756555026219,0.7176716,0.984725,0.9608057,0.12935334,0.17748705,0.30692303,0.3090263
0.8593737414949659,0.85342795,0.98418415,0.95195055,0.29370505,0.26898453,-0.022290902,0.4179033
0.9133899895599581,1.0474738,0.97330016,0.96206415,0.4376644,0.44229266,0.78309566,0.049970504
0.9353334693338773,0.65035856,0.980342,0.97522455,0.17939107,0.24132612,-0.23854809,0.13964292
0.9320421921687686,0.8564155,0.9927528,0.982944,0.15221761,0.19835755,0.69717294,0.22358827
0.652755763023052,0.72690237,0.9409199,0.95018977,0.12904051,0.13377088,-0.7451101,-0.66534597
0.7447991071964287,0.9166132,0.9072251,0.9481201,0.2802477,0.15800016,0.0005818271,0.0040959283
0.8971404845619382,0.9268356,0.9757001,0.97769207,0.25252625,0.1806727,-0.059197232,0.2540171
0.8944030336121345,1.1155542,0.99453515,0.98478496,0.15425347,0.21028627,0.22221418,0.38775685
0.632812931251725,0.88721,0.92673075,0.9451304,0.24248795,0.12961352,-0.15545005,0.27920634
0.8245547862191449,0.8598539,0.9563353,0.9588574,0.22322431,0.22604814,-0.37853792,0.041551113
0.7660364081456326,0.7025548,0.8936209,0.9599754,0.15345958,0.12548378,0.91773516,0.6115391
0.8367379069516278,0.6761439,0.9873826,0.9749103,0.13005544,0.14218135,-1.1735939,-0.30645216
0.9209616358465433,0.9358877,0.97202384,0.9716109,0.25283164,0.35215467,-0.08546088,0.20849803
0.9304716258865033,0.7244988,0.9810749,0.98571974,0.10130493,0.1524,0.798888,-0.013638436
0.9027590030360121,0.88290256,0.97280073,0.97297865,0.29723635,0.31955323,-0.047922667,-0.15738966
0.8009305317221268,0.8392757,0.9125398,0.9499681,0.39909762,0.20028351,-0.5776943,-0.251024
0.8376836748391078,0.6807192,0.97657853,0.9655103,0.1041068,0.13425684,-0.25712574,-0.3619853
0.7849795879183518,0.6702017,0.9633752,0.95683825,0.099854074,0.11623034,0.5297141,0.42274106
0.8912556610226441,0.97084814,0.98240614,0.9672115,0.27858227,0.31527779,-0.20810546,-0.14351472
0.5889113796455185,0.5829965,0.94489086,0.93248147,0.08422426,0.12547001,0.41901806,0.058337092
0.8253879735518941,0.6758404,0.97676617,0.96561396,0.10204465,0.14596076,0.8548651,0.5950006
0.605745718982876,0.5855414,0.9089509,0.94051385,0.110870145,0.111534044,-0.6621766,-0.5595215
0.7395603662414649,0.7138317,0.92618847,0.9590636,0.12876683,0.12394101,0.46196035,0.2701968
0.9069358837435348,0.8499511,0.99232465,0.98090285,0.1416369,0.22322504,-0.22596408,-0.03308248
0.8433349573398293,0.6422346,0.97326344,0.96851337,0.11112388,0.18114796,-0.48199594,-0.12119173
0.9016492385969546,0.62911135,0.95522755,0.96328396,0.13905612,0.14789845,0.38160637,0.35166436
0.8882024648098592,0.9794512,0.9789484,0.9710164,0.35022256,0.34733883,-0.10270901,0.1643246
0.8141507446029783,0.69074285,0.9595645,0.96335226,0.10617721,0.12479406,-0.3102993,-0.26317483
0.9112754851019403,1.1028571,0.9892015,0.98936737,0.20854399,0.22635838,0.88730806,0.33166602
0.9311381565526262,0.7092067,0.985026,0.9783313,0.08062435,0.15446764,-0.63883543,-0.100569
0.8581195924783699,0.6391842,0.9592626,0.9619467,0.12542121,0.118163995,-0.2516075,-0.2274208
0.9059088716354866,0.70539236,0.99218225,0.9814405,0.07044846,0.12888551,-0.007165453,0.03221045
0.9115061740246961,0.8331927,0.98813355,0.9797637,0.14572583,0.20665063,0.27883175,-0.26861066
0.8518920475681903,1.0175968,0.97795844,0.97197855,0.21700947,0.22983086,-0.25306877,-0.19665201
0.8009700838803355,0.7280192,0.95005095,0.96402043,0.13444087,0.16855665,0.2672256,0.14872849
0.7719956319825279,1.0845793,0.938497,0.97214335,0.35916084,0.15446669,-0.51601094,-0.49527624
0.9269198036792146,0.70564544,0.98215705,0.97596455,0.119744375,0.14320746,0.39478797,-0.009566811
0.7332019728078912,0.7598848,0.9571266,0.9487192,0.15837461,0.16434433,0.26549634,-0.40069264
0.7522573770295081,0.7648816,0.94882154,0.9572033,0.23033287,0.14348258,0.3466474,0.3199519
0.8064522818091272,0.54235476,0.978237,0.95552695,0.061353188,0.15221822,0.1635655,0.31140545
0.8800864003456014,0.63740325,0.9708674,0.97323173,0.0984506,0.11504329,-0.27822393,-0.24335277
0.85538175752703,0.86751837,0.9900205,0.9738682,0.22360624,0.23462321,0.1384478,-0.0887853
